Item Name,Quantity/Volume,Price (BDT),Link
Potato Regular (± 50 gm),1 kg,26,https://chaldal.com/fresh-vegetable
Red Tomato ± 25 gm,500 gm,99,https://chaldal.com/fresh-vegetable
Coriander Leaves (Dhonia Pata) ± 10 gm,100 gm,19,https://chaldal.com/fresh-vegetable
Roshun (Garlic Imported) ± 25 gm,500 gm,75,https://chaldal.com/fresh-vegetable
Kacha Morich (Green Chilli) ±12 gm,250 gm,45,https://chaldal.com/fresh-vegetable
Lal Alu (Red Potato Cardinal) ± 50 gm,1 kg,25,https://chaldal.com/fresh-vegetable
Deshi Shosha (Local Cucumber) ± 25 gm,500 gm,39,https://chaldal.com/fresh-vegetable
Lal Shak (Red Spinach),1 bundle,19,https://chaldal.com/fresh-vegetable
Ada (Imported Ginger) ± 25 gm,500 gm,89,https://chaldal.com/fresh-vegetable
Lomba Lebu (Long Lemon),4 pcs,25,https://chaldal.com/fresh-vegetable
Misti Kumra Fali (Sweet Pumpkin Slice) ± 40 gm,1 kg,45,https://chaldal.com/fresh-vegetable
Deshi Roshun (Garlic Local) ±25 gm,500 gm,59,https://chaldal.com/fresh-vegetable
Kacha Morich (Green Chilli) ± 12 gm,100 gm,12,https://chaldal.com/fresh-vegetable
Misti Alu (Sweet Potato) ± 25 gm,500 gm,39,https://chaldal.com/fresh-vegetable
Kacha Pepe (Green Papaya) ± 70 gm,1.4 kg,59,https://chaldal.com/fresh-vegetable
Deshi Ada (Local Ginger) ± 25 gm,500 gm,75,https://chaldal.com/fresh-vegetable
Kolmi Shak (Water Spinach),1 bundle,19,https://chaldal.com/fresh-vegetable
Palong Shak (Palong Spinach),1 bundle,29,https://chaldal.com/fresh-vegetable
Shosha (Cucumber) ± 25 gm,500 gm,35,https://chaldal.com/fresh-vegetable
Chichinga (Snake Gourd) ± 25 gm,500 gm,29,https://chaldal.com/fresh-vegetable
Gol Lebu (Round Lemon),4 pcs,29,https://chaldal.com/fresh-vegetable
Lau (Bottle Gourd),each,65,https://chaldal.com/fresh-vegetable
Fulkopi (Cauliflower),each,75,https://chaldal.com/fresh-vegetable
Green Capsicum ± 15 gm,300 gm,89,https://chaldal.com/fresh-vegetable
Beetroot ±25 gm,500 gm,45,https://chaldal.com/fresh-vegetable
Badhakopi (Cabbage),each,65,https://chaldal.com/fresh-vegetable
Uchche (Local Bitter Gourd) ± 25 gm,500 gm,39,https://chaldal.com/fresh-vegetable
Korola (Bitter Gourd) ± 25 gm,500 gm,39,https://chaldal.com/fresh-vegetable
Pui Shak (Pui Spinach),1 bundle,39,https://chaldal.com/fresh-vegetable
Kochur Mukhi (Taro Roots) ± 25 gm,500 gm,45,https://chaldal.com/fresh-vegetable
Kacha Kola (Banana Green),4 pcs,55,https://chaldal.com/fresh-vegetable
Lomba Kalo Begun (Long Brinjal Black) ± 25 gm,500 gm,45,https://chaldal.com/fresh-vegetable
Sobuj Gol Begun (Round Brinjals Green) ±35 gm,700 gm,59,https://chaldal.com/fresh-vegetable
Jali Kumra (Water Pumpkin),each,59,https://chaldal.com/fresh-vegetable
Data Shak (Data Spinach),1 bundle,19,https://chaldal.com/fresh-vegetable
Dhundhul (Sponge Gourd) ±20 gm,500 gm,35,https://chaldal.com/fresh-vegetable
Pudina Pata (Mint Leaves) ± 10 gm,100 gm,29,https://chaldal.com/fresh-vegetable
Kochur Loti (Stolon Of Taro) ± 25 gm,500 gm,39,https://chaldal.com/fresh-vegetable
Thankuni Pata (Pennywort Leaves),1 bundle,9,https://chaldal.com/fresh-vegetable
Lal Alu (Red Potato) ± 25 gm,500 gm,29,https://chaldal.com/fresh-vegetable
Ada (Imported Ginger) ± 25 gm,250 gm,49,https://chaldal.com/fresh-vegetable
Kalo Gol Begun (Round Brinjals Black) ±35 gm,800 gm,75,https://chaldal.com/fresh-vegetable
Roshun (Garlic Imported) ± 25 gm,250 gm,39,https://chaldal.com/fresh-vegetable
Mula (Radish) ± 25 gm,500 gm,35,https://chaldal.com/fresh-vegetable
Bombay Chilli,5 pcs,29,https://chaldal.com/fresh-vegetable
Lettuce Leaves ± 10 gm,100 gm,39,https://chaldal.com/fresh-vegetable
Lau Shak (Sweet Bitter Melon Leaves),1 bundle,45,https://chaldal.com/fresh-vegetable
Kacha Holud (Raw Turmeric) ± 12 gm,250 gm,45,https://chaldal.com/fresh-vegetable
Deshi Roshun (Garlic Local) ±25 gm,250 gm,35,https://chaldal.com/fresh-vegetable
Potato Regular (± 25 gm),600 gm,16,https://chaldal.com/fresh-vegetable
Golden Grain Dried Chillies (Shukna Morich),100 gm,70,https://chaldal.com/spices
Golden Grain Poppy Seed (Posto Dana),50 gm,195,https://chaldal.com/spices
Golden Grain Black Pepper (Gol Morich) Whole,100 gm,195,https://chaldal.com/spices
Golden Grain Mustard Seed (Red),100 gm,35,https://chaldal.com/spices
Golden Grain Cumin (Jira),100 gm,120,https://chaldal.com/spices
Golden Grain Cardamom (Elachi) Whole,50 gm,350,https://chaldal.com/spices
Golden Grain Bay Leaf (Tejpata),100 gm,55,https://chaldal.com/spices
Golden Grain Clove (Lobongo),50 gm,145,https://chaldal.com/spices
Golden Grain Mix Spice (Pach Foron),100 gm,60,https://chaldal.com/spices
Golden Grain Black Cumin (Kalo Jira),100 gm,100,https://chaldal.com/spices
Golden Grain Coriander (Dhonia),100 gm,45,https://chaldal.com/spices
Cinnamon (Daruchini) Whole,100 gm,59,https://chaldal.com/spices
Radhuni Chilli (Morich) Powder,100 gm,75,https://chaldal.com/spices
Radhuni Cumin (Jira) Powder,100 gm,160,https://chaldal.com/spices
Radhuni Coriander (Dhonia) Powder,100 gm,60,https://chaldal.com/spices
Fenugreek (Methi) Seed,100 gm,25,https://chaldal.com/spices
Radhuni Turmeric (Holud) Powder,50 gm,40,https://chaldal.com/spices
Radhuni Garam Masala,15 gm,40,https://chaldal.com/spices
Mustard Seed (Yellow),100 gm,25,https://chaldal.com/spices
Fresh Chilli Powder,200 gm,125,https://chaldal.com/spices
Ramisa Tokma,100 gm,60,https://chaldal.com/spices
Betel Nut (Shupari),250 gm,169,https://chaldal.com/spices
Mustard Seed (Red),100 gm,25,https://chaldal.com/spices
Walnuts (Akhrot),100 gm,179,https://chaldal.com/spices
Cumin (Jira),100 gm,79,https://chaldal.com/spices
Radhuni Turmeric (Holud) Powder,200 gm,145,https://chaldal.com/spices
Radhuni Chilli (Morich) Powder,200 gm,140,https://chaldal.com/spices
Dried Chillies (Shukna Morich),100 gm,45,https://chaldal.com/spices
Cardamom (Elachi) Whole,25 gm,139,https://chaldal.com/spices
Radhuni Turmeric (Holud) Powder,100 gm,75,https://chaldal.com/spices
Radhuni Garam Masala,40 gm,95,https://chaldal.com/spices
Clove (Lobongo),50 gm,79,https://chaldal.com/spices
Radhuni Coriander (Dhonia) Powder,200 gm,110,https://chaldal.com/spices
Bay Leaf (Tejpata),100 gm,29,https://chaldal.com/spices
Cardamom (Elachi) Whole,50 gm,269,https://chaldal.com/spices
Radhuni Cumin (Jira) Powder,50 gm,85,https://chaldal.com/spices
Black Pepper (Gol Morich) Whole,50 gm,75,https://chaldal.com/spices
Chia Seed,100 gm,59,https://chaldal.com/spices
Radhuni Panch Phoran,50 gm,30,https://chaldal.com/spices
Radhuni Turmeric (Holud) Powder,500 gm,335,https://chaldal.com/spices
Radhuni Cumin (Jira) Powder,200 gm,310,https://chaldal.com/spices
Black Cumin (Kalo Jira),100 gm,49,https://chaldal.com/spices
Alu Bukhara,100 gm,119,https://chaldal.com/spices
Radhuni Chilli (Morich) Powder,500 gm,345,https://chaldal.com/spices
Fennel (Mouri),100 gm,45,https://chaldal.com/spices
Radhuni Coriander (Dhonia) Powder,500 gm,240,https://chaldal.com/spices
Radhuni Chilli (Morich) Powder,50 gm,38,https://chaldal.com/spices
Coriander (Dhonia),100 gm,35,https://chaldal.com/spices
Black Cardamom (Kalo Elachi) Whole,50 gm,199,https://chaldal.com/spices
Green Cardamom (Sobuj Elachi) Whole,50 gm,299,https://chaldal.com/spices
Miniket Rice Premium (Boiled) ± 50 gm,5 kg,439,https://chaldal.com/rices
Athash Rice (Boiled) ± 50 gm,5 kg,329,https://chaldal.com/rices
Amon Rice,1 kg,75,https://chaldal.com/rices
Nazirshail Rice Premium (Half Boiled) ± 50 gm,5 kg,449,https://chaldal.com/rices
Chinigura Rice Premium,1 kg,149,https://chaldal.com/rices
Chashi Aromatic Chinigura Rice,1 kg,190,https://chaldal.com/rices
ACI Pure Nazirshail Rice,5 kg,495,https://chaldal.com/rices
Chashi Aromatic Chinigura Rice,2 kg,370,https://chaldal.com/rices
Paijam Rice (Boiled),1 kg,65,https://chaldal.com/rices
Pran Chinigura Aromatic Rice,1 kg,190,https://chaldal.com/rices
Nazirshail Rice Standard (Half Boiled) ± 50 gm,5 kg,399,https://chaldal.com/rices
Miniket Rice Standard (Boiled) ± 50 gm,5 kg,389,https://chaldal.com/rices
Fresh Chinigura Rice,1 kg,175,https://chaldal.com/rices
Atop Rice,1 kg,55,https://chaldal.com/rices
Pran Chinigura Aromatic Rice,2 kg,370,https://chaldal.com/rices
ACI Pure Miniket Rice Premium,10 kg,950,https://chaldal.com/rices
Zirashail Rice (Boiled) ± 50 gm,5 kg,339,https://chaldal.com/rices
Katari Atop Rice ± 50 gm,5 kg,459,https://chaldal.com/rices
Rupchanda Chinigura Premium Aromatic Rice,1 kg,175,https://chaldal.com/rices
Banglamoti Rice (Boiled),1 kg,99,https://chaldal.com/rices
Katarivog Rice,1 kg,129,https://chaldal.com/rices
ACI Pure Premium Miniket Rice,5 kg,480,https://chaldal.com/rices
Extra Long Grain Bashmati Rice,1 kg,259,https://chaldal.com/rices
Athash Rice (Boiled)  ± 200 gm,25 kg,1599,https://chaldal.com/rices
Huski Rice (Half Boiled),5 kg,329,https://chaldal.com/rices
ACI Aroma Chinigura Rice,2 kg,345,https://chaldal.com/rices
Atop Rice ± 200 gm,25 kg,1399,https://chaldal.com/rices
Paijam Rice (Boiled) ± 200 gm,25 kg,1599,https://chaldal.com/rices
Aarong Natural Chinigura Rice,5 kg,761,https://chaldal.com/rices
Royal Umbrella Thai Glutinous Sticky Rice,1 kg,500,https://chaldal.com/rices
Royal Umbrella Pure Thai Hom Mali Rice,5 kg,1500,https://chaldal.com/rices
ACI Aroma Premium Basmati Rice,1 kg,480,https://chaldal.com/rices
Pran Metro Basmati Rice,1 kg,420,https://chaldal.com/rices
Rupchanda Jirashail Rice,5 kg,480,https://chaldal.com/rices
Fortune Biryani Special Basmati Rice,1 kg,400,https://chaldal.com/rices
Mehran Basmati Kernel Rice,1 kg,595,https://chaldal.com/rices
Chashi Aromatic Chinigura Rice,5 kg,910,https://chaldal.com/rices
Golden Grain Premium Mug Dal,500 gm,100,https://chaldal.com/dal-or-lentil
Fresh Premium Moshur Dal,1 kg,175,https://chaldal.com/dal-or-lentil
Mashkolai Dal Peeled,500 gm,95,https://chaldal.com/dal-or-lentil
Moshur Dal (Imported),250 gm,29,https://chaldal.com/dal-or-lentil
Mix Dal,250 gm,39,https://chaldal.com/dal-or-lentil
Mug Dal,500 gm,89,https://chaldal.com/dal-or-lentil
Moshur Dal (Imported),1 kg,109,https://chaldal.com/dal-or-lentil
Moshur Dal (Deshi),1 kg,159,https://chaldal.com/dal-or-lentil
Boot Dal,500 gm,59,https://chaldal.com/dal-or-lentil
Teer Red Lentil (Moshur) Dal,1 kg,130,https://chaldal.com/dal-or-lentil
Chola Boot (Chick Peas),1 kg,109,https://chaldal.com/dal-or-lentil
Dubli Boot,500 gm,39,https://chaldal.com/dal-or-lentil
Moshur Dal (Imported),500 gm,55,https://chaldal.com/dal-or-lentil
Pran Moshur Dal (Deshi),1 kg,185,https://chaldal.com/dal-or-lentil
Khosha Chara Chola Boot (Peeled Chick Pea),500 gm,65,https://chaldal.com/dal-or-lentil
Mug Dal,250 gm,45,https://chaldal.com/dal-or-lentil
White Chick Peas (Kabuli Boot),500 gm,129,https://chaldal.com/dal-or-lentil
Mixed Dal,500 gm,75,https://chaldal.com/dal-or-lentil
Anchor Boot Dal,500 gm,39,https://chaldal.com/dal-or-lentil
Kangaroo Lentil (Moshur Dal),1 kg,179,https://chaldal.com/dal-or-lentil
Pran Mug Dal,500 gm,100,https://chaldal.com/dal-or-lentil
Pran Moshur Dal (Deshi),500 gm,95,https://chaldal.com/dal-or-lentil
Kheshari Dal,500 gm,59,https://chaldal.com/dal-or-lentil
Split Pea (Motor Dal),500 gm,79,https://chaldal.com/dal-or-lentil
Aarong Natural Moshur Dal,1 kg,185,https://chaldal.com/dal-or-lentil
Ahmed Chicken Masala,100 gm,79,https://chaldal.com/ready-mix
Nestle Maggi Shaad-e Magic Seasoning Mix Sachet,4 gm,5,https://chaldal.com/ready-mix
Radhuni Biryani Masala,40 gm,60,https://chaldal.com/ready-mix
Radhuni Roast Masala,35 gm,65,https://chaldal.com/ready-mix
Radhuni Chicken Masala,20 gm,20,https://chaldal.com/ready-mix
Radhuni Tehari Masala,40 gm,60,https://chaldal.com/ready-mix
Radhuni Beef Masala,25 gm,25,https://chaldal.com/ready-mix
Radhuni Kachchi Biryani Masala,40 gm,70,https://chaldal.com/ready-mix
Fresh Biryani Masala,40 gm,60,https://chaldal.com/ready-mix
Ahmed Chotpoti Masala,50 gm,50,https://chaldal.com/ready-mix
Fresh Firni Mix,150 gm,70,https://chaldal.com/ready-mix
Fresh Haleem Mix,200 gm,70,https://chaldal.com/ready-mix
Shan Chicken Tikka Masala Mix,50 gm,117,https://chaldal.com/ready-mix
Radhuni Kabab Masala,50 gm,120,https://chaldal.com/ready-mix
Ahmed Meat Masala,100 gm,95,https://chaldal.com/ready-mix
Nestle Maggi Shaad-e Magic Seasoning Mix 4 gm,12 pcs,60,https://chaldal.com/ready-mix
Radhuni Chotpoti Masala,50 gm,50,https://chaldal.com/ready-mix
Radhuni Haleem Mix,200 gm,80,https://chaldal.com/ready-mix
Radhuni Firni Mix,150 gm,70,https://chaldal.com/ready-mix
Radhuni Falooda Mix (Mango Flavor),250 gm,120,https://chaldal.com/ready-mix
Radhuni Kala Bhuna Masala,80 gm,100,https://chaldal.com/ready-mix
Shan Chaat Masala,100 gm,138,https://chaldal.com/ready-mix
Radhuni Falooda Mix (Vanilla Flavor),250 gm,120,https://chaldal.com/ready-mix
ACI Pure Kabab Masala,50 gm,100,https://chaldal.com/ready-mix
Farmer's Gold Khichuri Mix,500 gm,150,https://chaldal.com/ready-mix
Teer Haleem Mix,200 gm,70,https://chaldal.com/ready-mix
Fresh Roast Masala,35 gm,65,https://chaldal.com/ready-mix
Nestle Maggi Shaad-e Magic Seasoning Mix Sachet,25 gm,30,https://chaldal.com/ready-mix
Radhuni Bbq Masala,50 gm,80,https://chaldal.com/ready-mix
Radhuni Chicken Masala,100 gm,95,https://chaldal.com/ready-mix
Ahmed Firni Mix,150 gm,70,https://chaldal.com/ready-mix
Ahmed Haleem Mix,200 gm,70,https://chaldal.com/ready-mix
Radhuni Beef Curry Masala,100 gm,90,https://chaldal.com/ready-mix
Radhuni Chicken Tandoori Masala,50 gm,80,https://chaldal.com/ready-mix
Radhuni Hyderabadi Biryani Masala,45 gm,90,https://chaldal.com/ready-mix
Pran Firni Mix,150 gm,70,https://chaldal.com/ready-mix
Pran Haleem Mix,200 gm,70,https://chaldal.com/ready-mix
Pran Tehari Masala,40 gm,55,https://chaldal.com/ready-mix
Shan Pilau Biryani,50 gm,115,https://chaldal.com/ready-mix
Pran Chotpoti Masala,45 gm,45,https://chaldal.com/ready-mix
Shan Shami Kabab,50 gm,117,https://chaldal.com/ready-mix
Sajeeb Ready Mix Pancake,500 gm,225,https://chaldal.com/ready-mix
Shan Chicken Masala,50 gm,122,https://chaldal.com/ready-mix
Shan Karachi Beef Biryani,60 gm,125,https://chaldal.com/ready-mix
Shan Malay Spice Mix for Memoni Mutton Biryani,60 gm,115,https://chaldal.com/ready-mix
Shan Tikka Bbq,50 gm,115,https://chaldal.com/ready-mix
Shan Korma Curry Mix,50 gm,115,https://chaldal.com/ready-mix
Sajeeb Ready Mix Bhuna Khichuri,500 gm,150,https://chaldal.com/ready-mix
Radhuni Khichuri Mix,500 gm,160,https://chaldal.com/ready-mix
Radhuni Fish Curry Masala,100 gm,80,https://chaldal.com/ready-mix
Foodela Ghee,400 gm,785,https://chaldal.com/ghee
Foodela Ghee,200 gm,390,https://chaldal.com/ghee
Foodela Ghee,100 gm,215,https://chaldal.com/ghee
Aarong Dairy Pure Ghee,200 gm,390,https://chaldal.com/ghee
Pran Premium Ghee,100 gm,190,https://chaldal.com/ghee
Aarong Dairy Pure Ghee,450 gm,825,https://chaldal.com/ghee
Radhuni Premium Ghee,200 gm,415,https://chaldal.com/ghee
Radhuni Premium Ghee,100 gm,230,https://chaldal.com/ghee
Ultra Ghee,900 gm,1450,https://chaldal.com/ghee
Meena sweets Ghee,500 gm,1075,https://chaldal.com/ghee
Pran Premium Ghee,200 gm,350,https://chaldal.com/ghee
Pran Premium Ghee,400 gm,760,https://chaldal.com/ghee
Aarong Dairy Pure Ghee,900 gm,1735,https://chaldal.com/ghee
Ching's Green Chilli Sauce,680 gm,350,https://chaldal.com/cooking-sauces
Ching's Green Chilli Sauce,190 gm,150,https://chaldal.com/cooking-sauces
Ching's Chilli Sauce,680 gm,350,https://chaldal.com/cooking-sauces
Saad Sweet Chilli Sauce,340 gm,150,https://chaldal.com/cooking-sauces
Maekrua Oyster Sauce,600 ml,639,https://chaldal.com/cooking-sauces
Kikkoman Premium Soy Sauce,600 ml,679,https://chaldal.com/cooking-sauces
Sajeeb Soya Sauce,300 ml,100,https://chaldal.com/cooking-sauces
Best's Tomato Puree,400 gm,174,https://chaldal.com/cooking-sauces
Kikkoman Soy Sauce,1 ltr,1499,https://chaldal.com/cooking-sauces
Ruchi Sweet Chili Sauce,200 gm,90,https://chaldal.com/cooking-sauces
Ruchi BBQ Sauce,200 gm,150,https://chaldal.com/cooking-sauces
Blossoms Dark Soya Sauce,500 ml,429,https://chaldal.com/cooking-sauces
Chef Le Dark Soya Sauce,500 ml,310,https://chaldal.com/cooking-sauces
Chef Le Dark Soya Sauce,250 ml,174,https://chaldal.com/cooking-sauces
Chef Le Light Soya Sauce,500 ml,294,https://chaldal.com/cooking-sauces
American Garden Pizza Sauce Classic,397 ml,670,https://chaldal.com/cooking-sauces
Ahmed Garlic Sauce,340 gm,140,https://chaldal.com/cooking-sauces
Nando's Garlic Sauce,250 gm,550,https://chaldal.com/cooking-sauces
Umami BBQ Sauce,300 ml,275,https://chaldal.com/cooking-sauces
American Garden BBQ Sauce Original,510 gm,639,https://chaldal.com/cooking-sauces
Remia Garlic Sauce,250 ml,299,https://chaldal.com/cooking-sauces
Bachun Oyster Sauce,350 ml,450,https://chaldal.com/cooking-sauces
Life Oyster Flavoured Sauce,510 gm,382,https://chaldal.com/cooking-sauces
Best's Chilli & Garlic Sauce,320 gm,210,https://chaldal.com/cooking-sauces
Suree Premium Oyster Sauce,295 ml,435,https://chaldal.com/cooking-sauces
Starship Full Cream Milk Powder,500 gm,375,https://chaldal.com/powder-milk
Starship Full Cream Milk Powder,1 kg,770,https://chaldal.com/powder-milk
Marks Full Cream Milk Powder Poly,500 gm,480,https://chaldal.com/powder-milk
Dano Daily Pushti Milk Powder,500 gm,400,https://chaldal.com/powder-milk
Marks Full Cream Milk Powder Poly,1 kg,950,https://chaldal.com/powder-milk
Dano Daily Pushti Milk Powder,1 kg,770,https://chaldal.com/powder-milk
Dano Power Full Cream Milk Powder,500 gm,480,https://chaldal.com/powder-milk
Dano Delight Full Cream Milk Powder,500 gm,480,https://chaldal.com/powder-milk
Fresh Instant Full Cream Milk Powder,500 gm,480,https://chaldal.com/powder-milk
Dano Power Full Cream Milk Powder,1 kg,950,https://chaldal.com/powder-milk
Nestle Nido Family Choice Milk Powder Pouch,500 gm,490,https://chaldal.com/powder-milk
Fresh Instant Full Cream Milk Powder,1 kg,950,https://chaldal.com/powder-milk
Nestle Nido Fortigrow Full Cream Milk Powder Tin,1 kg,1400,https://chaldal.com/powder-milk
AMA Full Cream Milk Powder,500 gm,440,https://chaldal.com/powder-milk
Farm Fresh Full Cream Milk Powder,500 gm,475,https://chaldal.com/powder-milk
Fresh Dessert Milk Powder,1 kg,750,https://chaldal.com/powder-milk
Goalini Full Cream Milk Powder,1 kg,910,https://chaldal.com/powder-milk
Marks Milk Powder Tin,1 kg,1300,https://chaldal.com/powder-milk
Cowhead Instant Milk Powder,1.8 kg,3700,https://chaldal.com/powder-milk
Fresh Insta Milk Powder,500 gm,480,https://chaldal.com/powder-milk
Pran Full Cream Milk Powder,1 kg,840,https://chaldal.com/powder-milk
Marks Young Star (16-40 years),400 gm,425,https://chaldal.com/powder-milk
Shape Up Non Fat High Protein Milk Powder,400 gm,490,https://chaldal.com/powder-milk
Nestle Nido Fortigrow Full Cream Milk Powder Tin,2.5 kg,3400,https://chaldal.com/powder-milk
Aarong Dairy Austagram Cheese,200 gm,190,https://chaldal.com/cheeses
Aarong Dairy Paneer,200 gm,200,https://chaldal.com/cheeses
Mozzarella Cheese,250 gm,270,https://chaldal.com/cheeses
Puck Cheese Triangles 240 gm,16 pcs,605,https://chaldal.com/cheeses
Puck Cheese Triangles 120 gm,8 pcs,305,https://chaldal.com/cheeses
Lactima Slice Cheese (12 Slice),200 gm,510,https://chaldal.com/cheeses
Eru Slice Cheese Cheddar Herb (8 Slice),150 gm,790,https://chaldal.com/cheeses
American Garden Popcorn Cheese,273 gm,400,https://chaldal.com/cheeses
Aarong Dairy Cheese Spread Garlic,180 gm,300,https://chaldal.com/cheeses
Aarong Dairy Cheese Spread Pizza,180 gm,260,https://chaldal.com/cheeses
Aarong Dairy Cheese Spread Classic,180 gm,290,https://chaldal.com/cheeses
Almarai spreadable Cream Cheese,500 gm,1290,https://chaldal.com/cheeses
Kraft Processed Cheddar Cheese Tin,190 gm,470,https://chaldal.com/cheeses
Almarai Spreadable Cream Cheese,200 gm,619,https://chaldal.com/cheeses
Starship Condensed Milk,400 gm,105,https://chaldal.com/condensed-milk-cream
No 1. Condensed Milk,400 gm,105,https://chaldal.com/condensed-milk-cream
Goalini Plus Condensed Milk,400 gm,105,https://chaldal.com/condensed-milk-cream
Danish Condensed Filled Milk,397 gm,105,https://chaldal.com/condensed-milk-cream
Nestle Coffee Mate Coffee Creamer Box,450 gm,380,https://chaldal.com/condensed-milk-cream
Vivo Ambient Whip Topping with Vegetable Fat,1100 gm,736,https://chaldal.com/condensed-milk-cream
Grand'Or UHT Cooking Cream,1000 gm,1550,https://chaldal.com/condensed-milk-cream
Nestle Coffee Mate Creamer,1 kg,850,https://chaldal.com/condensed-milk-cream
Nestle Coffee Mate Coffee Creamer Jar,400 gm,400,https://chaldal.com/condensed-milk-cream
Bread Pit White Bread,500 gm,110,https://chaldal.com/breads
White Bread,500 gm,70,https://chaldal.com/breads
Bread Pit Burger Bun,4 pcs,90,https://chaldal.com/breads
Bread Pit Milk Bread,300 gm,120,https://chaldal.com/breads
Bread Pit Multigrain Bread,300 gm,149,https://chaldal.com/breads
Quaker Oats Poly,450 gm,350,https://chaldal.com/cereals
Nestle Koko Krunch Chocolate Cereal Box,300 gm,450,https://chaldal.com/cereals
Kellogg's Chocos Chocolate Breakfast Cereal,385 gm,490,https://chaldal.com/cereals
Nestle Munch Breakfast Cereal Box,300 gm,400,https://chaldal.com/cereals
Nestle Munch Breakfast Cereal Pouch,120 gm,170,https://chaldal.com/cereals
Kellogg's Chocos Chocolate Breakfast Cereal,127 gm,170,https://chaldal.com/cereals
Kellogg's Oats Cereal,400 gm,360,https://chaldal.com/cereals
Kellogg's Corn Flakes Original Cereal,1.1 kg,1250,https://chaldal.com/cereals
Kellogg's Chocos Chocolate Breakfast Cereal,700 gm,899,https://chaldal.com/cereals
Kellogg's Chocos Chocolate Breakfast Cereal,1.1 kg,1350,https://chaldal.com/cereals
Kellogg's Chocos Crunchy Bites Chocolate Cereal,375 gm,530,https://chaldal.com/cereals
Kellogg's Oats Cereal (Free Container),400 gm,360,https://chaldal.com/cereals
Nestle Koko Krunch Cereal Pouch,70 gm,125,https://chaldal.com/cereals
Nestle Koko Krunch Cereal,150 gm,250,https://chaldal.com/cereals
Quaker Oats Jar,450 gm,380,https://chaldal.com/cereals
Virginia White Oats,400 gm,500,https://chaldal.com/cereals
Vitalia Fit & Active Muesli,650 gm,1539,https://chaldal.com/cereals
Nestle Koko Krunch,500 gm,910,https://chaldal.com/cereals
Vitalia Chocolate Muesli,1 kg,945,https://chaldal.com/cereals
Vitalia Breakfast Muesli,1 kg,1859,https://chaldal.com/cereals
Vitalia Fruit Muesli,1 kg,1939,https://chaldal.com/cereals
Kellogg's Chocos Chocolate Breakfast Cereal,250 gm,370,https://chaldal.com/cereals
Quaker White Oats,500 gm,599,https://chaldal.com/cereals
Kellogg's Chocos Chocolate Cereal,375 gm,529,https://chaldal.com/cereals
Hershey's Chocolate Syrup,623 gm,1029,https://chaldal.com/spreads-syrups
Milk Vita Butter,200 gm,270,https://chaldal.com/spreads-syrups
American Garden Strawberry Pie Filling,595 gm,1360,https://chaldal.com/spreads-syrups
American Garden Blueberry Pie Filling,595 gm,1360,https://chaldal.com/spreads-syrups
Aarong Dairy Cream Cheese Spread,180 gm,500,https://chaldal.com/spreads-syrups
Naples Mayonnaise,475 ml,275,https://chaldal.com/spreads-syrups
Naples Mayonnaise,170 ml,140,https://chaldal.com/spreads-syrups
Nucella+ Chocolate Bread Spread Cocoa & Almond,230 gm,380,https://chaldal.com/spreads-syrups
American Garden Pancake Syrup Original,710 ml,1215,https://chaldal.com/spreads-syrups
Nocilla Two Flavor Cocoa Spread,190 gm,750,https://chaldal.com/spreads-syrups
Herman Garlic Mayonnaise,500 gm,520,https://chaldal.com/spreads-syrups
American Garden Real Mayonnaise,473 ml,965,https://chaldal.com/spreads-syrups
Nutella Hazelnut Cocoa Spread,750 gm,2200,https://chaldal.com/spreads-syrups
Almarai spreadable Cream Cheese,500 gm,1290,https://chaldal.com/spreads-syrups
Almarai Spreadable Cream Cheese,200 gm,619,https://chaldal.com/spreads-syrups
Lurpak Butter Unsalted,200 gm,880,https://chaldal.com/spreads-syrups
Nutella Hazelnut Cocoa Spread,350 gm,1150,https://chaldal.com/spreads-syrups
Ruchi Orange Jam,500 gm,220,https://chaldal.com/spreads-syrups
Lurpak Salted Spreadable Butter,250 gm,990,https://chaldal.com/spreads-syrups
Crown Peanut Butter Smooth & Creamy,510 gm,850,https://chaldal.com/spreads-syrups
Crown Peanut Butter Chunky,510 gm,750,https://chaldal.com/spreads-syrups
Alfa Mayonnaise,473 ml,335,https://chaldal.com/spreads-syrups
Mother's Smile Profom Milk Jar,400 gm,630,https://chaldal.com/energy-boosters
Standard Horlicks Health And Nutrition Drink Jar,250 gm,280,https://chaldal.com/energy-boosters
Complan Chocolate Pack,350 gm,405,https://chaldal.com/energy-boosters
Mother's Horlicks Health and Nutrition Drink BIB,350 gm,620,https://chaldal.com/energy-boosters
Horlicks Chocolate Flavour Jar,500 gm,550,https://chaldal.com/energy-boosters
Junior Horlicks Health And Nutrition Drink Container Stage-2,500 gm,550,https://chaldal.com/energy-boosters
Standard Horlicks Health And Nutrition Drink Jar,500 gm,500,https://chaldal.com/energy-boosters
Maltova Health And Nutrition Drink BIB,400 gm,550,https://chaldal.com/energy-boosters
Ovaltine Power 10 Chocolate Drink Jar,400 gm,1000,https://chaldal.com/energy-boosters
Boost Chocolate Jar,400 gm,550,https://chaldal.com/energy-boosters
Women's Plus Horlicks Health And Nutrition Drink Jar,400 gm,600,https://chaldal.com/energy-boosters
Horlicks Lite Health And Nutrition Drink Jar,400 gm,650,https://chaldal.com/energy-boosters
Dabur Chyawanprash Awaleha,500 gm,600,https://chaldal.com/energy-boosters
Cocola Chocolate Wafer Roll Jar,170 gm,70,https://chaldal.com/wafers
Nestle KitKat 2 Finger Chocolate Covered Wafer Bar (Dubai),17.7 gm,60,https://chaldal.com/wafers
Nestle KitKat Chunky Milk Chocolate Wafer Bar,40 gm,120,https://chaldal.com/wafers
Nestle KitKat 2 Finger Chocolate Wafer (India),19 gm,50,https://chaldal.com/wafers
Nestle KitKat 4 Finger Chocolate Wafer (India),36.5 gm,80,https://chaldal.com/wafers
Erko Mallow World Mmas,180 gm,395,https://chaldal.com/halal-marshmallows
Erko Mallow World Blue & White Mallow,100 gm,209,https://chaldal.com/halal-marshmallows
Erko Marshmallow Plus Stick 2 pcs,40 gm,109,https://chaldal.com/halal-marshmallows
Erko Mallow Plus Twist Mallow,180 gm,395,https://chaldal.com/halal-marshmallows
Alpenliebe Juzt Jelly Chutney,170 pcs,340,https://chaldal.com/halal-marshmallows
Olympic Lexus Vegetable Crackers Biscuits,216 gm,100,https://chaldal.com/cookies-2
Fresh Fantasy Chocolate Filled Cookies Biscuit,175 gm,150,https://chaldal.com/cookies-2
Haque Mr. Cookie Butter Coconut Biscuit,175 gm,50,https://chaldal.com/cookies-2
Haque La Kokonat Cookies Biscuit,100 gm,30,https://chaldal.com/cookies-2
Kishwan Ovaltine Biscuit,250 gm,70,https://chaldal.com/cookies-2
Ifad Nutri Bite Vegetable Crackers Biscuit,180 gm,100,https://chaldal.com/cookies-2
Haque Mr. Cookie Butter Coconut Biscuit,35 gm,10,https://chaldal.com/cookies-2
Danish Lexus Vegetable Cracker Biscuit,180 gm,100,https://chaldal.com/cookies-2
Fresh Butter Cookies Biscuit Jar,750 gm,200,https://chaldal.com/cookies-2
Kishwan Horlicks Biscuit,250 gm,70,https://chaldal.com/cookies-2
Dekko Kheer Cookies Biscuit Family Pack,265 gm,70,https://chaldal.com/cookies-2
All Time Roma Chocolate Cookies,150 gm,150,https://chaldal.com/cookies-2
Kishwan Magica Choco Filled Cookies,180 gm,150,https://chaldal.com/cookies-2
Kishwan Butter Cookies Biscuit,200 gm,60,https://chaldal.com/cookies-2
Dekko Bhalobasa Chocolate Milk Cookies,88 gm,50,https://chaldal.com/cookies-2
Dekko Chocomalt Chocolate Cookies Biscuit,235 gm,70,https://chaldal.com/cookies-2
Dekko Honey & Kalo Zeera Biscuit,150 gm,50,https://chaldal.com/cookies-2
Meena Sweets Butter Shortbread cookies,250 gm,340,https://chaldal.com/cookies-2
Bakeman's Coconut Craze Cookies Biscuit,185 gm,60,https://chaldal.com/cookies-2
Bakeman's Bahtar Butter Cookies,185 gm,50,https://chaldal.com/cookies-2
Dan Cake Danish Butter Cookies,150 gm,170,https://chaldal.com/cookies-2
Dan Cake Oats Cookies,150 gm,170,https://chaldal.com/cookies-2
Bakeman's Ovaltine Cookies Biscuit,250 gm,60,https://chaldal.com/cookies-2
Munchy's Oat Krunch Nutty Chocolate Cookies,208 gm,550,https://chaldal.com/cookies-2
Iko Sugar Free Oat Bran Crackers,220 gm,730,https://chaldal.com/cookies-2
Olympic Hilux Vegetable Crackers Biscuits,216 gm,100,https://chaldal.com/cookies-2
Olympic Hello Cookies Biscuits,165 gm,50,https://chaldal.com/cookies-2
Olympic Biscotti Cookies Biscuit,160 gm,50,https://chaldal.com/cookies-2
Dekko Pick Star Cookies Biscuit,175 gm,60,https://chaldal.com/cookies-2
Weetabix Original Biscuit,215 gm,725,https://chaldal.com/cookies-2
Iko Sugar Free Pumpkin Cookies,178 gm,610,https://chaldal.com/cookies-2
Fit Masala Biscuit,60 gm,20,https://chaldal.com/cookies-2
Goldmark Original Fruit Cookies,200 gm,60,https://chaldal.com/cookies-2
Goldmark Butter Cookies,210 gm,60,https://chaldal.com/cookies-2
Ifad Eggy Stix Bar-B-Q Chips,16 gm,10,https://chaldal.com/chips-pretzels
Bombay Sweets Potato Crackers,28 gm,20,https://chaldal.com/chips-pretzels
Kurkure Naughty Tomato Chips,70 gm,50,https://chaldal.com/chips-pretzels
Sun Chips Tomato Tango,35 gm,30,https://chaldal.com/chips-pretzels
Cheese Puff,14 gm,10,https://chaldal.com/chips-pretzels
Bombay Sweets Mr. Twist,22 gm,25,https://chaldal.com/chips-pretzels
Bombay Sweets Ring Chips,25 gm,20,https://chaldal.com/chips-pretzels
Sun Chips Mix Masala,20 gm,20,https://chaldal.com/chips-pretzels
Kurkure American Style Cream & Onion Chips,25 gm,20,https://chaldal.com/chips-pretzels
Pran Potato Cracker,15 gm,10,https://chaldal.com/chips-pretzels
Sun Chips Tomato Tango,20 gm,20,https://chaldal.com/chips-pretzels
Bombay Sweets Cheese Ball Cheezee Corn Snacks,10 gm,10,https://chaldal.com/chips-pretzels
Bombay Sweets Alooz Spanish Tomato Flavor,20 gm,20,https://chaldal.com/chips-pretzels
Bombay Sweets Nachoz Chutney & Lime,30 gm,20,https://chaldal.com/chips-pretzels
Kurkure Chilli Chatka Chips,25 gm,20,https://chaldal.com/chips-pretzels
Pringles Saucy BBQ Potato Chips,134 gm,350,https://chaldal.com/chips-pretzels
Kurkure Masala Munch Chips,70 gm,50,https://chaldal.com/chips-pretzels
Mister Potato Hot & Spicy Crisps,100 gm,310,https://chaldal.com/chips-pretzels
Mister Potato BBQ Crisps,100 gm,275,https://chaldal.com/chips-pretzels
Pringles Cheddar Cheese Potato Chips,158 gm,510,https://chaldal.com/chips-pretzels
Sun Chips Tomato Tango,75 gm,60,https://chaldal.com/chips-pretzels
Sun Chips Mix Masala,75 gm,60,https://chaldal.com/chips-pretzels
Pringles Potato Chips Sour Cream & Onion,158 gm,439,https://chaldal.com/chips-pretzels
Ramisa Fried Nut (White) Jar,200 gm,160,https://chaldal.com/popcorn-nuts
Royal Gardens Salted Cashews,100 gm,435,https://chaldal.com/popcorn-nuts
Almonds (Kath Badam),100 gm,139,https://chaldal.com/popcorn-nuts
Walnuts (Akhrot),100 gm,179,https://chaldal.com/popcorn-nuts
Peanut Peeled (Vaja Cheena Badam),100 gm,35,https://chaldal.com/popcorn-nuts
Pran Badam Bhaja 18 gm,4 pcs,40,https://chaldal.com/popcorn-nuts
Royal Gardens Masala Cashews,150 gm,695,https://chaldal.com/popcorn-nuts
Fresh Garden Love Plum,200 gm,345,https://chaldal.com/popcorn-nuts
Golden Garden Roasted Peanut Kernels,500 gm,350,https://chaldal.com/popcorn-nuts
Victoria Chick Peas,400 gm,119,https://chaldal.com/popcorn-nuts
Blue Diamond Almonds Bold Habanero BBQ,170 gm,850,https://chaldal.com/popcorn-nuts
Blue Diamond Almonds Honey Roasted,170 gm,850,https://chaldal.com/popcorn-nuts
Blue Diamond Almonds Bold Wasabi & Soy Sauce,170 gm,850,https://chaldal.com/popcorn-nuts
Thai Park Roseberry Plum,200 gm,260,https://chaldal.com/popcorn-nuts
Fit Food Honey Roasted Almond,125 gm,260,https://chaldal.com/popcorn-nuts
Noi Party Snack,128 gm,350,https://chaldal.com/popcorn-nuts
Noi Salted Peanuts,110 gm,352,https://chaldal.com/popcorn-nuts
Noi Cuttlefish Coated Green Peas,128 gm,318,https://chaldal.com/popcorn-nuts
Nut Candy Salted Cashew Nuts (Kaju Badam),140 gm,989,https://chaldal.com/popcorn-nuts
Nut Candy Salted Peanuts,150 gm,490,https://chaldal.com/popcorn-nuts
Nut Candy Wasabi Coated Green Peas,180 gm,550,https://chaldal.com/popcorn-nuts
Tong Garden Salted Almonds,35 gm,239,https://chaldal.com/popcorn-nuts
Tong Garden Japanese Rice Cracker Mixed Coated Peanut,150 gm,675,https://chaldal.com/popcorn-nuts
Crunchos Assorted Mix Nuts Tin,350 gm,1619,https://chaldal.com/popcorn-nuts
Tong Garden Salted Pistachio (Pesta Badam),130 gm,995,https://chaldal.com/popcorn-nuts
Tong Garden Salted Almonds,140 gm,995,https://chaldal.com/popcorn-nuts
Tong Garden Salted Peanuts Can,150 gm,695,https://chaldal.com/popcorn-nuts
Tong Garden Salted Cocktail Nuts,160 gm,995,https://chaldal.com/popcorn-nuts
Tong Garden Salted Cashew Nuts Can,150 gm,995,https://chaldal.com/popcorn-nuts
Royal Gardens Garlic Roasted Cashews,150 gm,695,https://chaldal.com/popcorn-nuts
Royal Gardens Salted Cashews,150 gm,695,https://chaldal.com/popcorn-nuts
Royal Gardens Premium Nuts,100 gm,350,https://chaldal.com/popcorn-nuts
Olympic First Choice Salted Biscuits,80 gm,20,https://chaldal.com/salted-biscuits
Bangas Grand Choice Salted Biscuit,70 gm,20,https://chaldal.com/salted-biscuits
Olympic Tip Crispy Salted Biscuits,60 gm,15,https://chaldal.com/salted-biscuits
Fresh Healthy Choice Salted Biscuit,80 gm,20,https://chaldal.com/salted-biscuits
Funtastic Nimok Halal Salted Biscuit,200 gm,50,https://chaldal.com/salted-biscuits
Olympic Saltes Biscuit,200 gm,60,https://chaldal.com/salted-biscuits
Wonder Muffin Cake 16 gm,6 pcs,60,https://chaldal.com/cakes
Olympic Dry Cake Biscuit,290 gm,150,https://chaldal.com/cakes
Ispahani Bakery Fresh Dry Cake,300 gm,150,https://chaldal.com/cakes
Olympic Chocolate Soft Cake,40 gm,20,https://chaldal.com/cakes
Dan Cake Vanilla Layer Cake 12 pack,324 gm,300,https://chaldal.com/cakes
Dan Cake Fruit Cake Sliced,300 gm,180,https://chaldal.com/cakes
Dan Cake Marble Dry Cake,280 gm,200,https://chaldal.com/cakes
Dan Cake Dry Cake,300 gm,200,https://chaldal.com/cakes
Dan Cake Marble cake,300 gm,200,https://chaldal.com/cakes
Kishwan Dry Cake,300 gm,150,https://chaldal.com/cakes
Olympic Ghee Soft Cake,40 gm,20,https://chaldal.com/cakes
Dan Cake Chocolate Pound Cake,220 gm,130,https://chaldal.com/cakes
Tata Tea Premium,400 gm,149,https://chaldal.com/beverages-tea
Dilmah Ceylon Moroccan Mint Green Tea,40 gm,549,https://chaldal.com/beverages-tea
Ispahani Mirzapore Best Leaf Tea,500 gm,270,https://chaldal.com/beverages-tea
Seylon Family Blend Black Tea,400 gm,225,https://chaldal.com/beverages-tea
Dilmah Premium Ceylon Tea 50 gm,25 pcs,480,https://chaldal.com/beverages-tea
Kazi & Kazi Organic Moringa Herbal Infusion Tea 25 pcs,37.5 gm,290,https://chaldal.com/beverages-tea
Kazi & Kazi Organic Lemongrass Pyramid Herbal Infusion Tea 20 pcs,30 gm,210,https://chaldal.com/beverages-tea
Seylon Family Blend Black Tea,200 gm,120,https://chaldal.com/beverages-tea
Dilmah Ceylon Green Tea With Cardamom,40 gm,715,https://chaldal.com/beverages-tea
Fresh Premium Tea Bag,100 gm,95,https://chaldal.com/beverages-tea
Lipton Green Tea Bag Honey and Lemon,25 pcs,170,https://chaldal.com/beverages-tea
Tetley Green Tea Bag Pure and Original 25 pcs,32.5 gm,140,https://chaldal.com/beverages-tea
Seylon Instant Milk Tea 3 in 1,15 gm,10,https://chaldal.com/beverages-tea
Ispahani Mirzapore Tea Bag,50 pcs,100,https://chaldal.com/beverages-tea
Ispahani Mirzapore Best Leaf Tea,400 gm,230,https://chaldal.com/beverages-tea
Ispahani Mirzapore Best Leaf Tea,200 gm,116,https://chaldal.com/beverages-tea
Brooke Bond Taaza Black Tea,400 gm,250,https://chaldal.com/beverages-tea
Seylon Gold Tea,500 gm,240,https://chaldal.com/beverages-tea
Brooke Bond Taaza Black Tea,200 gm,130,https://chaldal.com/beverages-tea
Kazi & Kazi Organic Green Tea 40 pcs,60 gm,215,https://chaldal.com/beverages-tea
Brooke Bond Taaza Tea,500 gm,250,https://chaldal.com/beverages-tea
Dilmah Geen Tea with Jasmine 40 gm,20 pcs,595,https://chaldal.com/beverages-tea
Dilmah Green Tea with Camomile 30 gm,20 pcs,630,https://chaldal.com/beverages-tea
Dilmah Darjeeling Tea 50 gm,25 pcs,790,https://chaldal.com/beverages-tea
Seylon Instant Milk Tea 3 in 1 Stick Pouch,25 pcs,250,https://chaldal.com/beverages-tea
Kazi & Kazi Organic Orthodox Pyramid Black Tea 20 pcs,40 gm,190,https://chaldal.com/beverages-tea
Kazi & Kazi Organic Luxury Black Tea,400 gm,345,https://chaldal.com/beverages-tea
Kazi & Kazi Organic Luxury Black Tea,200 gm,180,https://chaldal.com/beverages-tea
Kazi & Kazi Organic Chamomile Herbal Infusion Tea 25 pcs,37.5 gm,490,https://chaldal.com/beverages-tea
Kazi & Kazi Organic Sleepy Tea 25 pcs,37.5 gm,490,https://chaldal.com/beverages-tea
Kazi & Kazi Organic Orthodox Pyramid Oolong Tea 20 pcs,40 gm,210,https://chaldal.com/beverages-tea
Kazi & Kazi Organic Orthodox Pyramid Green Tea 20 pcs,30 gm,210,https://chaldal.com/beverages-tea
Revival Lemon Green Tea,45 gm,160,https://chaldal.com/beverages-tea
Yummy Black Tea,500 gm,400,https://chaldal.com/beverages-tea
ZealCafe Instant Masala Tea (Red Tea),1 kg,360,https://chaldal.com/beverages-tea
Kd Herbal Tea,100 gm,620,https://chaldal.com/beverages-tea
Halda Valley Red Robe Oolong Tea,45 gm,245,https://chaldal.com/beverages-tea
Revival Karak Masala Tea,200 gm,220,https://chaldal.com/beverages-tea
Dr. H&H Slimming Tea Bags 30 pcs,60 gm,400,https://chaldal.com/beverages-tea
Kericho Gold Round Tea Bag 50 pcs,100 gm,329,https://chaldal.com/beverages-tea
ACME Tea Premium Gold,200 gm,110,https://chaldal.com/beverages-tea
Dilmah Ginger & Honey Black Tea,30 gm,405,https://chaldal.com/beverages-tea
Kazi & Kazi Organic Tea Turmeric Infusion 40 pcs,60 gm,295,https://chaldal.com/beverages-tea
Halda Valley Golden Eyebrow Black Tea,50 gm,500,https://chaldal.com/beverages-tea
Dilmah Ceylon Green Tea With Ceylon Cinnamon,40 gm,715,https://chaldal.com/beverages-tea
Ispahani Blender's Choice Premium Green Tea Bag 70 gm,50 pcs,205,https://chaldal.com/beverages-tea
Kazi & Kazi Organic Green Mint Tea 25 pcs,37.5 gm,295,https://chaldal.com/beverages-tea
Paragon Hajinagar PD Tea,500 gm,225,https://chaldal.com/beverages-tea
Paragon Hajinagar BOP Tea,500 gm,220,https://chaldal.com/beverages-tea
Kazi & Kazi Organic Green Lemongrass Tea 40 pcs,60 gm,220,https://chaldal.com/beverages-tea
Sprite,250 ml,23,https://chaldal.com/soft-drinks
Coca-Cola,1 ltr,79,https://chaldal.com/soft-drinks
Coca-Cola,400 ml,38,https://chaldal.com/soft-drinks
RC Q Lemon Pet,250 ml,25,https://chaldal.com/soft-drinks
Fanta Orange Flavored,1 ltr,79,https://chaldal.com/soft-drinks
Rooh Afza (Free Ispaghol Bhusi 20 gm),750 ml,550,https://chaldal.com/soft-drinks
Fanta Orange Flavored,400 ml,38,https://chaldal.com/soft-drinks
Fanta Orange Flavored,250 ml,23,https://chaldal.com/soft-drinks
Fresh Mojito,250 ml,25,https://chaldal.com/soft-drinks
Rooh Afza,300 ml,300,https://chaldal.com/soft-drinks
Rooh Afza,750 ml,550,https://chaldal.com/soft-drinks
Sprite Can,250 ml,65,https://chaldal.com/soft-drinks
Sprite,1 ltr,79,https://chaldal.com/soft-drinks
Fanta Can Orange Flavored,250 ml,65,https://chaldal.com/soft-drinks
Coca-Cola Zero Sugar,250 ml,20,https://chaldal.com/soft-drinks
Mojo Pet,250 ml,20,https://chaldal.com/soft-drinks
Coca-Cola,1.75 ltr,140,https://chaldal.com/soft-drinks
Mojo Soft Drink,2 ltr,110,https://chaldal.com/soft-drinks
Mojo Pet,1 ltr,60,https://chaldal.com/soft-drinks
Sprite,1.75 ltr,140,https://chaldal.com/soft-drinks
Mountain Dew,500 ml,50,https://chaldal.com/soft-drinks
Maxx Cola,2 ltr,100,https://chaldal.com/soft-drinks
Maxx Cola,500 ml,35,https://chaldal.com/soft-drinks
Fresh Cola,500 ml,40,https://chaldal.com/soft-drinks
Clemon Mojito Can,250 ml,50,https://chaldal.com/soft-drinks
Sunquick Orange Fruit Drink,250 ml,40,https://chaldal.com/soft-drinks
Sunquick Mango Fruit Drink,250 ml,35,https://chaldal.com/soft-drinks
RC Cola,250 ml,20,https://chaldal.com/soft-drinks
Fresh Googly,250 ml,20,https://chaldal.com/soft-drinks
Pepsi,1.75 ltr,150,https://chaldal.com/soft-drinks
Houston Soft Drink Can,250 ml,40,https://chaldal.com/soft-drinks
RC Q Orange Pet,250 ml,20,https://chaldal.com/soft-drinks
Fresh Cola,1 ltr,60,https://chaldal.com/soft-drinks
Pran Up,500 ml,35,https://chaldal.com/soft-drinks
Fresh Cola,250 ml,20,https://chaldal.com/soft-drinks
Speed Can,250 ml,50,https://chaldal.com/soft-drinks
Clemon Can,250 ml,40,https://chaldal.com/soft-drinks
Mojo Can,250 ml,40,https://chaldal.com/soft-drinks
Dolphin Nata De Coco Lychee Drink,350 ml,280,https://chaldal.com/soft-drinks
Basil Seed Drink (Mixed Fruit),290 ml,270,https://chaldal.com/soft-drinks
Basil Seed Drink (White Grape),290 ml,270,https://chaldal.com/soft-drinks
Basil Seed Drink (Lychee),290 ml,270,https://chaldal.com/soft-drinks
Pepsi Can (Imported),330 ml,300,https://chaldal.com/soft-drinks
7 Up Can,250 ml,70,https://chaldal.com/soft-drinks
Sprite Can (Imported),320 ml,349,https://chaldal.com/soft-drinks
Pepsi Can,250 ml,70,https://chaldal.com/soft-drinks
Mountain Dew Can,250 ml,70,https://chaldal.com/soft-drinks
Mirinda Can,250 ml,70,https://chaldal.com/soft-drinks
Pepsi,1 ltr,80,https://chaldal.com/soft-drinks
7 Up,500 ml,50,https://chaldal.com/soft-drinks
SMC Plus Lemon Electrolyte Drink 250 ml (Combo Pack),6 pcs,270,https://chaldal.com/juice
Bruvana Sports+ Electrolyte Beverage (Mango Flavor),250 ml,40,https://chaldal.com/juice
Malee Lychee Juice,1 ltr,630,https://chaldal.com/juice
SMC Plus Orange Electrolyte Drink 250 ml (Combo Pack),6 pcs,270,https://chaldal.com/juice
Pran Drinko Litchi Juice,250 ml,30,https://chaldal.com/juice
Pran Frooto Mango Fruit Drink,250 ml,25,https://chaldal.com/juice
Pran Frooto Mango Fruit Drink,500 ml,45,https://chaldal.com/juice
Frutika Mango Juice,1 ltr,90,https://chaldal.com/juice
Sunquick Orange Fruit Drink,1 ltr,140,https://chaldal.com/juice
Sunquick Mango Fruit Drink,1 ltr,120,https://chaldal.com/juice
Malee 100% Pomegranate & Mixed Fruit Juice,1 ltr,630,https://chaldal.com/juice
Malee 100% Pineapple Juice,1 ltr,630,https://chaldal.com/juice
Mr. Shammi Strawberry Juice,250 ml,190,https://chaldal.com/juice
Bruvana Sports+ Electrolyte Beverage (Pineapple Flavor),250 ml,40,https://chaldal.com/juice
Pran Pomegranate Fruit Drinks,200 ml,25,https://chaldal.com/juice
Sunquick Apple-Drink Concentrate,300 ml,375,https://chaldal.com/juice
Sunquick Pink Guava & Strawberry-Drink Concentrate,300 ml,495,https://chaldal.com/juice
Sunquick Fruit Cocktail-Drink Concentrate,300 ml,450,https://chaldal.com/juice
Frutika Mango Drinks,250 ml,30,https://chaldal.com/juice
Latina 100 % Juice (Mango),1 ltr,200,https://chaldal.com/juice
Nutrilife Guava Juice,160 ml,45,https://chaldal.com/juice
Nutrilife Orange Juice,160 ml,45,https://chaldal.com/juice
Nutrilife Apple Juice,160 ml,45,https://chaldal.com/juice
Fontana Mango Juice,1 ltr,550,https://chaldal.com/juice
Pran Drinko Mango Juice,250 ml,30,https://chaldal.com/juice
Nestle Fruita Vitals Chaunsa Mango Juice,1 ltr,354,https://chaldal.com/juice
Nestle Fruita Vitals Apple Juice,1 ltr,354,https://chaldal.com/juice
Cyprina Mango Nectar,1 ltr,560,https://chaldal.com/juice
Aaram Juice Orange,1 ltr,415,https://chaldal.com/juice
Aaram Juice Apple,1 ltr,415,https://chaldal.com/juice
Aaram Juice Mango,1 ltr,415,https://chaldal.com/juice
Nutrilife Orange Juice,1 ltr,295,https://chaldal.com/juice
Nutrilife Guava Juice,1 ltr,295,https://chaldal.com/juice
Pran Drinko Pineapple Juice,250 ml,30,https://chaldal.com/juice
Shezan Mango Fruit Drink,500 ml,45,https://chaldal.com/juice
Ribena Blackcurrant Juice,850 ml,1075,https://chaldal.com/juice
Sunquick Blackcurrant Juice,700 ml,750,https://chaldal.com/juice
Shezan Mango Fruit Drinks,1 ltr,85,https://chaldal.com/juice
Nutrilife Pomegranate Juice,1 ltr,350,https://chaldal.com/juice
Nutrilife Apple Juice,1 ltr,295,https://chaldal.com/juice
Sunquick Orange-Drink Concentrate,700 ml,890,https://chaldal.com/juice
Frutika Mango Juice,500 ml,55,https://chaldal.com/juice
Latina 100 % Juice (Orange),1 ltr,285,https://chaldal.com/juice
Latina 100 % Juice (Apple),1 ltr,285,https://chaldal.com/juice
Cyprina Grape Juice,1 ltr,560,https://chaldal.com/juice
Sammi Orange Juice Can,240 ml,180,https://chaldal.com/juice
Masafi Orange Juice,2 ltr,1120,https://chaldal.com/juice
Sammi Strawberry Juice Can,250 ml,190,https://chaldal.com/juice
Fontana Grape Juice,1 ltr,639,https://chaldal.com/juice
Fontana Apple Juice,1 ltr,475,https://chaldal.com/juice
Ion Alkaline Drinking Water,650 ml,65,https://chaldal.com/water
Ion Alkaline Drinking Water,330 ml,35,https://chaldal.com/water
Aquafina Drinking Water,1 ltr,30,https://chaldal.com/water
Mum Drinking Water,500 ml,20,https://chaldal.com/water
Super Fresh Drinking Water,500 ml,20,https://chaldal.com/water
Mum Drinking Water,5 ltr,100,https://chaldal.com/water
Mum Drinking Water,2 ltr,45,https://chaldal.com/water
Aquafina Drinking Water,500 ml,20,https://chaldal.com/water
Pureit Classic Germ Kill Kit,1500 ltr,800,https://chaldal.com/water
Mum Drinking Water,330 ml,15,https://chaldal.com/water
Muskan Drinking Water,500 ml,20,https://chaldal.com/water
Muskan Drinking Water,2 ltr,40,https://chaldal.com/water
Kinley Drinking Water,500 ml,20,https://chaldal.com/water
Perrier Mineral Water,750 ml,550,https://chaldal.com/water
Mum Drinking Water,1.5 ltr,35,https://chaldal.com/water
Evian Natural Mineral Water,500 ml,289,https://chaldal.com/water
Goalini Plus Condensed Milk,400 gm,105,https://chaldal.com/baking-ingredients
Foster Clark's Corn Flour,400 gm,360,https://chaldal.com/baking-ingredients
Hershey's Chocolate Syrup,623 gm,1029,https://chaldal.com/baking-ingredients
Baking Soda,100 gm,25,https://chaldal.com/baking-ingredients
Anchor Yeast,35 gm,60,https://chaldal.com/baking-ingredients
Sugar Candy (Tal Misri),200 gm,39,https://chaldal.com/baking-ingredients
Chocolate Chips Dark,250 gm,439,https://chaldal.com/baking-ingredients
Chocolate Chips White,250 gm,429,https://chaldal.com/baking-ingredients
Silver Edible Paper (Tobok),25 gm,549,https://chaldal.com/baking-ingredients
Golden Edible Paper (Tobok),25 gm,549,https://chaldal.com/baking-ingredients
Sweet Ball Golden,150 gm,520,https://chaldal.com/baking-ingredients
Sweet Ball White,150 gm,375,https://chaldal.com/baking-ingredients
Saad Monosodium Glutamate,50 gm,25,https://chaldal.com/baking-ingredients
Vivo Ambient Whip Topping with Vegetable Fat,1100 gm,736,https://chaldal.com/baking-ingredients
Foster Clark's Culinary Essence Rose,28 ml,140,https://chaldal.com/baking-ingredients
Bread Crumbs Loose,200 gm,45,https://chaldal.com/baking-ingredients
Hershey's Strawberry Syrup,623 gm,939,https://chaldal.com/baking-ingredients
Sis White Sugar Cube,454 gm,500,https://chaldal.com/baking-ingredients
Foster Clark's Food Colour (Red),28 ml,140,https://chaldal.com/baking-ingredients
Silicon Spatula,2 pcs,219,https://chaldal.com/baking-tools
Silicone Chocolate Mould,each,269,https://chaldal.com/baking-tools
Lacy's Baking & Cooking Paper 10 m,each,649,https://chaldal.com/baking-tools
Wooden Silicone Spatula,each,379,https://chaldal.com/baking-tools
"Transparent Disposable Piping Bags (8.5""x12.5"")",100 pcs,719,https://chaldal.com/baking-tools
Cake Muffin Tin,each,379,https://chaldal.com/baking-tools
Heart Shaped Cake Pan,each,299,https://chaldal.com/baking-tools
Round Cake Pan,each,409,https://chaldal.com/baking-tools
Russian Flower Nozzle Set,7 pcs,480,https://chaldal.com/baking-tools
Cake Decoration Nozzle Set,12 pcs,179,https://chaldal.com/baking-tools
Pizza Cutter,each,250,https://chaldal.com/baking-tools
Small Whisk,each,159,https://chaldal.com/baking-tools
Boutique Straw,4 pcs,400,https://chaldal.com/baking-tools
Orange Medium Measurement Mug,each,359,https://chaldal.com/baking-tools
Cake Decoration Nozzle Set,24 pcs,355,https://chaldal.com/baking-tools
Silicone Lace,each,379,https://chaldal.com/baking-tools
Jhatpot Deshi Paratha 650 gm,10 pcs,170,https://chaldal.com/frozen-parathas-roti
Jhatpot Low Fat Paratha 1200 gm,20 pcs,250,https://chaldal.com/frozen-parathas-roti
Golden Harvest Premium Deshi Paratha 20 pcs,1300 gm,320,https://chaldal.com/frozen-parathas-roti
Kazi Farms Kitchen Plain Paratha Family 1300 gm,20 pcs,320,https://chaldal.com/frozen-parathas-roti
Golden Harvest Mega Deshi Paratha 1600 gm,20 pcs,380,https://chaldal.com/frozen-parathas-roti
Jhatpot Paratha Low Fat 600 gm,10 pcs,130,https://chaldal.com/frozen-parathas-roti
Kazi Farms Kitchen Plain Paratha 10 pcs,650 gm,170,https://chaldal.com/frozen-parathas-roti
Quality Plain Paratha 600 gm,10 pcs,155,https://chaldal.com/frozen-parathas-roti
Jhatpot Deshi Paratha Family Pack 1300 gm,20 pcs,320,https://chaldal.com/frozen-parathas-roti
Country Natural Beef Sausage,300 gm,465,https://chaldal.com/beef-snacks
Quality Canadian Beef Bacon,200 gm,320,https://chaldal.com/beef-snacks
Quality Beef Italian Sausage,280 gm,370,https://chaldal.com/beef-snacks
Quality Beef Burger Patty,240 gm,330,https://chaldal.com/beef-snacks
Golden Harvest Frozen Tehari,400 gm,300,https://chaldal.com/beef-snacks
Welcome Light Meat Tuna In Sunflower Oil (Flake),170 gm,190,https://chaldal.com/fish-cans
King Bell Tuna Salad Vegetables,170 gm,320,https://chaldal.com/fish-cans
King Bell Tuna Salad In Tomato Sauce,170 gm,310,https://chaldal.com/fish-cans
Nautilus Lite Sandwich Tuna In Spring Water,165 gm,429,https://chaldal.com/fish-cans
Nautilus Sandwich Tuna In Soybean Oil,165 gm,319,https://chaldal.com/fish-cans
Nautilus Lite Tuna Chunk Soybean Oil,165 gm,319,https://chaldal.com/fish-cans
Blossoms Green Olives Pitted,340 gm,209,https://chaldal.com/canned-fruits
Blossoms Black Olives Pitted,330 gm,349,https://chaldal.com/canned-fruits
Borges Black Whole Olives,350 gm,335,https://chaldal.com/canned-fruits
Borges Green Whole Olives,350 gm,225,https://chaldal.com/canned-fruits
Borges Black Pitted Olives,340 gm,225,https://chaldal.com/canned-fruits
Hosen Pitted Black Olives,345 gm,355,https://chaldal.com/canned-fruits
Hosen Whole Green Olives,350 gm,355,https://chaldal.com/canned-fruits
Hosen Pitted Green Olives,345 gm,355,https://chaldal.com/canned-fruits
Figaro Pitted Black Olive,340 gm,395,https://chaldal.com/canned-fruits
Hosen Fiesta Fruit Cocktail,836 gm,1100,https://chaldal.com/canned-fruits
Figaro Green Olives,340 gm,359,https://chaldal.com/canned-fruits
Hosen Lychee,565 gm,680,https://chaldal.com/canned-fruits
Roja Crumbly Crumbly Shrimp Tempura,224 gm,495,https://chaldal.com/fish-snacks
OceanRia Lobster Ball,500 gm,830,https://chaldal.com/fish-snacks
OceanRia Imitation Crab Stick,500 gm,800,https://chaldal.com/fish-snacks
OceanRia Fish Sandwich,500 gm,850,https://chaldal.com/fish-snacks
OceanRia Crab Nugget,500 gm,800,https://chaldal.com/fish-snacks
OceanRia Vegie Fish Ball,500 gm,800,https://chaldal.com/fish-snacks
OceanRia Fried Fish Ball,500 gm,499,https://chaldal.com/fish-snacks
Roja Shrimp Samosa 19-21 pcs,240 gm,240,https://chaldal.com/fish-snacks
Roja Cheezy Cheezy Fish Kieves,240 gm,320,https://chaldal.com/fish-snacks
Roja Peri Peri Fish Nugget,240 gm,235,https://chaldal.com/fish-snacks
Roja Peri Peri Fish Stick,240 gm,265,https://chaldal.com/fish-snacks
Roja Kids Shrimp Nuggets,240 gm,245,https://chaldal.com/fish-snacks
Wheel Washing Laundry Bar,125 gm,30,https://chaldal.com/laundry
Wheel Washing Powder 2 in 1 Clean & Fresh,1 kg,155,https://chaldal.com/laundry
Wheel Washing Powder 2 in 1 Clean & Fresh,500 gm,80,https://chaldal.com/laundry
Rin Advanced Detergent Powder,500 gm,100,https://chaldal.com/laundry
Tibet 570 Laundry Soap,125 gm,27,https://chaldal.com/laundry
Tibet Rose & Lemon Detergent Powder,500 gm,70,https://chaldal.com/laundry
Surf Excel Matic Liquid Detergent Top Load,1 ltr,400,https://chaldal.com/laundry
Ujjal Synthetic Laundry Detergent Powder,500 gm,70,https://chaldal.com/laundry
Tibet Ball Soap,125 gm,26,https://chaldal.com/laundry
Ujjal Synthetic Laundry Detergent Powder,1 kg,140,https://chaldal.com/laundry
Redy Synthetic Detergent Powder,1 kg,185,https://chaldal.com/laundry
Redy Synthetic Detergent Powder,200 gm,40,https://chaldal.com/laundry
Nirala Ball Laundry Soap,125 gm,26,https://chaldal.com/laundry
Mine Synthetic Detergent Powder,500 gm,90,https://chaldal.com/laundry
Jet Classic Detergent Powder Poly Pack,200 gm,60,https://chaldal.com/laundry
Surf Excel Matic Liquid Detergent Top Load,500 ml,210,https://chaldal.com/laundry
ACI Supreme Antibacterial Detergent Powder,1 kg,180,https://chaldal.com/laundry
ACI Supreme Antibacterial Detergent Powder,500 gm,90,https://chaldal.com/laundry
ACI Smart Detergent Powder,500 gm,75,https://chaldal.com/laundry
Rin Advanced Detergent Powder,1 kg,195,https://chaldal.com/laundry
Wheel Washing Powder 2 in 1 Clean & Fresh,2 kg,280,https://chaldal.com/laundry
Chaka Advanced Ball Soap,125 gm,26,https://chaldal.com/laundry
Surf Excel Washing Powder,500 gm,120,https://chaldal.com/laundry
Surf Excel Washing Powder,1 kg,235,https://chaldal.com/laundry
Rin Advanced Detergent Powder,2 kg,370,https://chaldal.com/laundry
Rin Washing Liquid,800 ml,220,https://chaldal.com/laundry
Chaka All-In-1 Washing Powder,1 kg,145,https://chaldal.com/laundry
Jet Aroma+ Detergent Powder Paper Pack,1 kg,320,https://chaldal.com/laundry
Jet Classic Detergent Powder Paper Pack,1 kg,300,https://chaldal.com/laundry
Fast Wash Detergent Powder,1 kg,180,https://chaldal.com/laundry
Tibet Laundry Soap Blue,125 gm,27,https://chaldal.com/laundry
ACI Smart Detergent Powder,1 kg,145,https://chaldal.com/laundry
Jet Classic Detergent Powder Paper Pack,500 gm,150,https://chaldal.com/laundry
Chaka All-In-1 Washing Powder,500 gm,75,https://chaldal.com/laundry
Fast Wash Detergent Powder,500 gm,90,https://chaldal.com/laundry
Jet Improved Formula Liquid Detergent,1000 ml,600,https://chaldal.com/laundry
Nirala White Detergent Powder,200 gm,40,https://chaldal.com/laundry
Nirala White Detergent Powder,500 gm,90,https://chaldal.com/laundry
Godrej Fab Liquid Detergent Pouch,1 ltr,250,https://chaldal.com/laundry
Finis Fin Power White Washing Powder,500 gm,90,https://chaldal.com/laundry
Shuvro Fabric Brightener,100 ml,35,https://chaldal.com/laundry
Rok Shuvro Detergent Laundry Wash,1 kg,190,https://chaldal.com/laundry
Vanish All in One Liquid Detergent Booster,400 ml,250,https://chaldal.com/laundry
Chaka Super White Premium Detergent Powder,1 kg,180,https://chaldal.com/laundry
Ariel Matic Detergent Washing Powder Front Load,1 kg,300,https://chaldal.com/laundry
Ujala,100 ml,40,https://chaldal.com/laundry
Cocorex Bleach Colours Floral Fresh,1 ltr,750,https://chaldal.com/laundry
Comfort Fabric Conditioner Kiss Of Flowers,2 ltr,1176,https://chaldal.com/laundry
Comfort Fabric Conditioner Touch Of Love,2 ltr,1100,https://chaldal.com/laundry
Jet Baby Liquid Detergent,1000 ml,600,https://chaldal.com/laundry
Harpic Liquid Toilet Cleaner Original,1 ltr,235,https://chaldal.com/toilet-cleaning
Rok Disinfectant Bleaching Powder,500 gm,65,https://chaldal.com/toilet-cleaning
Harpic Liquid Toilet Cleaner Original,250 ml,70,https://chaldal.com/toilet-cleaning
Finis Stable Bleaching Powder,500 gm,65,https://chaldal.com/toilet-cleaning
Finis Perfume Finyle Toilet & Floor Cleaner,1 ltr,165,https://chaldal.com/toilet-cleaning
Harpic Flushmatic Marine In-Cistern Toilet Cleaner Block 50 gm,each,165,https://chaldal.com/toilet-cleaning
Harpic All-In-One Toilet & Bathroom Cleaning Powder,400 gm,105,https://chaldal.com/toilet-cleaning
Harpic All-In-One Toilet & Bathroom Cleaning Powder,200 gm,60,https://chaldal.com/toilet-cleaning
Harpic Liquid Toilet Cleaner Original,500 ml,135,https://chaldal.com/toilet-cleaning
Harpic Liquid Toilet Cleaner Power Plus Original,750 ml,180,https://chaldal.com/toilet-cleaning
Harpic Liquid Toilet Cleaner Original,750 ml,180,https://chaldal.com/toilet-cleaning
Harpic All-in-1 Toilet & Bathroom Cleaning Powder,1 kg,210,https://chaldal.com/toilet-cleaning
Finis Phenyle Extra Strong Toilet & Floor Cleaner,3 ltr,185,https://chaldal.com/toilet-cleaning
Domex Toilet Cleaning Liquid Ocean Fresh,500 ml,130,https://chaldal.com/toilet-cleaning
Harpic Bathroom Cleaning Liquid Rose,500 ml,140,https://chaldal.com/toilet-cleaning
ACI Shinex Tiles & Ceramic Cleaner,1 ltr,170,https://chaldal.com/toilet-cleaning
Harpic Drain Xpert Powder 50 gm,20 pcs,1000,https://chaldal.com/toilet-cleaning
Harpic Flushmatic Citrus In-Cistern Toilet Cleaner Blocks 50 gm,2 pcs,310,https://chaldal.com/toilet-cleaning
Harpic Flushmatic Lavender In-Cistern Toilet Cleaner Blocks 50 gm,3 pcs,450,https://chaldal.com/toilet-cleaning
Harpic Flushmatic Lavender In-Cistern Toilet Cleaner Blocks 50 gm,2 pcs,310,https://chaldal.com/toilet-cleaning
Harpic Flushmatic Lavender In-Cistern Toilet Cleaner Block 50 gm,each,165,https://chaldal.com/toilet-cleaning
Harpic Flushmatic Citrus In-Cistern Toilet Cleaner Blocks 50 gm,3 pcs,465,https://chaldal.com/toilet-cleaning
Harpic Flushmatic Marine In-Cistern Toilet Cleaner Blocks 50 gm,3 pcs,465,https://chaldal.com/toilet-cleaning
Unik Xtreme Toilet Cleaner,500 ml,130,https://chaldal.com/toilet-cleaning
RokSol Tiles & Bathroom Cleaner,500 ml,99,https://chaldal.com/toilet-cleaning
Magiclean Toilet Cleaner Forest Fresh,650 ml,550,https://chaldal.com/toilet-cleaning
Magiclean Bathroom Cleaner Yellow,500 ml,580,https://chaldal.com/toilet-cleaning
Goodmaid Furniture Polish,400 ml,750,https://chaldal.com/toilet-cleaning
Harpic Flushmatic Marine In-Cistern Toilet Cleaner Blocks 50 gm,2 pcs,330,https://chaldal.com/toilet-cleaning
Pledge Furniture Polish,330 gm,739,https://chaldal.com/toilet-cleaning
Unik Power Toilet Cleaner,500 ml,120,https://chaldal.com/toilet-cleaning
Swift Liquid Toilet Cleaner,500 ml,115,https://chaldal.com/toilet-cleaning
Kelly's Leather Care,500 ml,190,https://chaldal.com/toilet-cleaning
Clorox Original,2 ltr,759,https://chaldal.com/toilet-cleaning
Fresh Hand Towel (250X1 Ply),each,100,https://chaldal.com/paper-products
Fresh Perfumed Facial Tissue (150 X 2) ply Box,each,100,https://chaldal.com/paper-products
Bashundhara Kitchen Towel Rolls,2 pcs,160,https://chaldal.com/paper-products
"Fresh Paper Napkins 13"" Perfumed (100X1 Ply)",each,75,https://chaldal.com/paper-products
Bashundhara Kitchen Towel Rolls,each,85,https://chaldal.com/paper-products
Fresh kitchen Towel Roll,each,85,https://chaldal.com/paper-products
Partex Cleen Toilet Tissue,4 pcs,95,https://chaldal.com/paper-products
Bashundhara Toilet Tissue White Extra Savings Pack,4 pcs,100,https://chaldal.com/paper-products
"Bashundhara Paper Napkins 13"" Unscented",100 pcs,75,https://chaldal.com/paper-products
Fresh Toilet Tissue (Family Value Pack),4 pcs,100,https://chaldal.com/paper-products
Bashundhara Facial Tissue Perfumed (120 X 2) ply,each,85,https://chaldal.com/paper-products
Fay Toilet Tissue White 180 Sheet,each,30,https://chaldal.com/paper-products
Fresh hand towel 250 Sheet,each,110,https://chaldal.com/paper-products
Fresh hand towel 200 Sheet,each,95,https://chaldal.com/paper-products
Bashundhara Hand Towel White (200 X 1) ply Box,each,100,https://chaldal.com/paper-products
Partex Cleen Toilet Tissue,2 pcs,46,https://chaldal.com/paper-products
Bashundhara Gold Toilet Tissue,each,38,https://chaldal.com/paper-products
Partex Cleen Toilet Tissue,12 pcs,285,https://chaldal.com/paper-products
Partex Cleen Toilet Tissue,each,28,https://chaldal.com/paper-products
Comode Long Handle Clean Brush,each,179,https://chaldal.com/cleaning-accessories
Rok Dishwashing Steel Scourer,each,35,https://chaldal.com/cleaning-accessories
ACI Wonder Stainless Steel Scrubber,each,25,https://chaldal.com/cleaning-accessories
Dishwashing Stainless Steel Scrubber,4 pcs,150,https://chaldal.com/cleaning-accessories
Dish Washing Scrubbing Pad,each,30,https://chaldal.com/cleaning-accessories
"Trash Bag Black - 20"" x 30""",12 pcs,283,https://chaldal.com/cleaning-accessories
Flower Broom (Ful Jharu) Large,each,159,https://chaldal.com/cleaning-accessories
RFL China Bed Jharu (Lime Green),each,109,https://chaldal.com/cleaning-accessories
RFL Magic Clean Bucket With Mop (Green),each,2000,https://chaldal.com/cleaning-accessories
RFL Dust Pan Small (Red),each,40,https://chaldal.com/cleaning-accessories
RFL Flat Floor Mop,each,270,https://chaldal.com/cleaning-accessories
RFL Supreme Floor Mop,each,220,https://chaldal.com/cleaning-accessories
RFL Elegant Floor Mop,each,290,https://chaldal.com/cleaning-accessories
RFL Long Handle Floor Brush,each,230,https://chaldal.com/cleaning-accessories
RFL Super Premium Floor Mop,each,315,https://chaldal.com/cleaning-accessories
RFL Toilet Brush Economy 51 cm,each,65,https://chaldal.com/cleaning-accessories
RFL Glass Cleaner Wiper,each,65,https://chaldal.com/cleaning-accessories
Scotch-Brite Floor Cotton Mop,each,990,https://chaldal.com/cleaning-accessories
Planet Large Sweeping Broom,each,75,https://chaldal.com/cleaning-accessories
Npoly Dust Pan (Red) 8 x 6 inch,each,60,https://chaldal.com/cleaning-accessories
Plastic Dust Pan,each,106,https://chaldal.com/cleaning-accessories
Magic Fiber Twist Floor Steel Mop (China),each,399,https://chaldal.com/cleaning-accessories
SS Long Handle Cotton Mop China,each,540,https://chaldal.com/cleaning-accessories
Cloth Pin 4 Color,16 pcs,119,https://chaldal.com/cleaning-accessories
Sponge Mop Pva Refill 11 inch (Yellow),each,235,https://chaldal.com/cleaning-accessories
Lacy's Chefwrap 45 cm X 300 mtr,each,1159,https://chaldal.com/cleaning-accessories
"Plastic Red Broom (62"") Handle Jhul Jharu (China)",each,249,https://chaldal.com/cleaning-accessories
Flower Broom (Ful Jharu) Medium,each,125,https://chaldal.com/cleaning-accessories
"Floor Hand Brush 6"" Local",each,200,https://chaldal.com/cleaning-accessories
"Comod Pump Local 17"" (Red)",each,145,https://chaldal.com/cleaning-accessories
"Comode Handle Box Brush 23""",each,244,https://chaldal.com/cleaning-accessories
"Big Broom 31"" (Shola)",each,145,https://chaldal.com/cleaning-accessories
Basin Curve Clean Brush,each,119,https://chaldal.com/cleaning-accessories
"Trash Bag White - 20"" x 30""",10 pcs,230,https://chaldal.com/cleaning-accessories
Disposable Vinyl Gloves Pack (L),each,770,https://chaldal.com/cleaning-accessories
"Plastic Floor Trapper Mat Red 23""x15"" (China)",each,249,https://chaldal.com/cleaning-accessories
"Trash Bag Black (18"" x 24"")",10 pcs,230,https://chaldal.com/trash-bags
"Trash Bag Black - 20"" x 30""",12 pcs,283,https://chaldal.com/trash-bags
"Trash Bag Black (32"" x 42"")",10 pcs,299,https://chaldal.com/trash-bags
"Trash Bag White (18"" x 24"")",10 pcs,242,https://chaldal.com/trash-bags
"Transparent Disposable Piping Bags (8.5""x12.5"")",100 pcs,719,https://chaldal.com/trash-bags
Disposable Shoe Cover 25 pairs,,609,https://chaldal.com/trash-bags
Disposable Head Cover,100 pcs,489,https://chaldal.com/trash-bags
Net Bag,150 pcs,289,https://chaldal.com/trash-bags
"Trash Bag White - 20"" x 30""",10 pcs,230,https://chaldal.com/trash-bags
Disposable Vinyl Gloves Pack (L),each,770,https://chaldal.com/trash-bags
Fresh Hand Towel (250X1 Ply),each,100,https://chaldal.com/kitchen-accessories
Bashundhara Kitchen Towel Rolls,2 pcs,160,https://chaldal.com/kitchen-accessories
"Fresh Paper Napkins 13"" Perfumed (100X1 Ply)",each,75,https://chaldal.com/kitchen-accessories
Bashundhara Kitchen Towel Rolls,each,85,https://chaldal.com/kitchen-accessories
Fresh kitchen Towel Roll,each,85,https://chaldal.com/kitchen-accessories
RFL Stainless Steel Net Spoon 33 cm,each,105,https://chaldal.com/kitchen-accessories
RFL Vegetable Washing Net 37 cm (Red),each,115,https://chaldal.com/kitchen-accessories
Npoly Vegetable Washing Net (Red) 36 cm,each,70,https://chaldal.com/kitchen-accessories
RFL Plastic Dala Big (Red),each,240,https://chaldal.com/kitchen-accessories
"Bashundhara Paper Napkins 13"" Unscented",100 pcs,75,https://chaldal.com/kitchen-accessories
Rok Dishwashing Steel Scourer,each,35,https://chaldal.com/kitchen-accessories
Match Box,12 pcs,35,https://chaldal.com/kitchen-accessories
Dishwashing Stainless Steel Scrubber,4 pcs,150,https://chaldal.com/kitchen-accessories
Partex Cleen Kitchen Towel Roll,each,85,https://chaldal.com/kitchen-accessories
Partex Cleen Kitchen Towel Roll,2 pcs,160,https://chaldal.com/kitchen-accessories
Dish Washing Scrubbing Pad,each,30,https://chaldal.com/kitchen-accessories
Diamond Plastic Stretch Wrap 200 sq ft,each,289,https://chaldal.com/kitchen-accessories
BBQ Portable machine 17 inch,each,1489,https://chaldal.com/kitchen-accessories
BBQ Grill Tin Maker With 5 Stick Silver,each,599,https://chaldal.com/kitchen-accessories
BBQ Net Holder Clip Silver,each,929,https://chaldal.com/kitchen-accessories
Blossoms Quality Wax Paper (10 m X 30 cm),each,429,https://chaldal.com/kitchen-accessories
Spoon Stand Round,each,269,https://chaldal.com/kitchen-accessories
Stainless Steel Roncfa Knife,each,215,https://chaldal.com/kitchen-accessories
Stainless Steel Vegetable Peeler,each,269,https://chaldal.com/kitchen-accessories
BBQ Brush (Red),each,119,https://chaldal.com/kitchen-accessories
RFL Super Hero Tiffin Box,each,100,https://chaldal.com/kitchen-accessories
RFL Winner Tiffin Box Rectangular,each,150,https://chaldal.com/kitchen-accessories
RFL Modern Pen Holder Light Blue,each,65,https://chaldal.com/kitchen-accessories
RFL Two Color Magic Stool Medium Exclusive,each,375,https://chaldal.com/kitchen-accessories
RFL Two Color Magic Stool High Exclusive,each,475,https://chaldal.com/kitchen-accessories
RFL Dispo knife Trans Set,50 pcs,160,https://chaldal.com/kitchen-accessories
RFL English Dish Rack Red,each,670,https://chaldal.com/kitchen-accessories
RFL Deluxe Bowl Red 8 ltr,each,140,https://chaldal.com/kitchen-accessories
RFL Smart Kitchen Rack Mini Two Color,each,480,https://chaldal.com/kitchen-accessories
RFL Deluxe Bowl Red 3 ltr,each,80,https://chaldal.com/kitchen-accessories
RFL Caino Stool Medium Eagle Brown,each,300,https://chaldal.com/kitchen-accessories
RFL Chef Chopping Board,each,350,https://chaldal.com/kitchen-accessories
RFL Hefty Chopping Board (Lime Green),each,125,https://chaldal.com/kitchen-accessories
RFL Salad Cutting Board (Orange),each,275,https://chaldal.com/kitchen-accessories
RFL Oval Washing Net Sm Blue 32 cm,each,75,https://chaldal.com/kitchen-accessories
RFL Flower Cloth Clip Set,12 pcs,150,https://chaldal.com/kitchen-accessories
RFL Rice Washing Net Cyan Blue 40 cm,each,160,https://chaldal.com/kitchen-accessories
RFL Rice Washing Net Red 40 cm,each,160,https://chaldal.com/kitchen-accessories
RFL Apple Jug Trans 2.5 ltr,each,200,https://chaldal.com/kitchen-accessories
RFL Roman Wall Rack (Light Blue),each,330,https://chaldal.com/kitchen-accessories
RFL Rtg Spice Tray (Red),each,150,https://chaldal.com/kitchen-accessories
RFL Cherry Container Trans Set,3 pcs,310,https://chaldal.com/kitchen-accessories
RFL Family Basket,each,520,https://chaldal.com/kitchen-accessories
RFL Glass Stand Red,each,130,https://chaldal.com/kitchen-accessories
RFL Popular Chopping Board White 34 cm,each,260,https://chaldal.com/kitchen-accessories
Transtec Ceiling Rose,each,45,https://chaldal.com/electric-multiplug
Transtec 3 Pin Travel Adapter (13 AMP),each,130,https://chaldal.com/electric-multiplug
Transtec 3 Pin Plug (16 AMP),each,90,https://chaldal.com/electric-multiplug
Transtec 3 Pin Plug (13 AMP),each,80,https://chaldal.com/electric-multiplug
Transtec E27 Batten (Screw) Holder,each,40,https://chaldal.com/electric-multiplug
Many 3 Socket Power Converter Multi Plug (3 Pin),each,489,https://chaldal.com/electric-multiplug
RFL Click 3 Socket Multiplug (2 Pin),each,660,https://chaldal.com/electric-multiplug
RFL Click 4 Socket Multiplug (2 Pin),each,850,https://chaldal.com/electric-multiplug
RFL English Dish Rack Red,each,670,https://chaldal.com/rack-organizer
RFL Smart Kitchen Rack Mini Two Color,each,480,https://chaldal.com/rack-organizer
RFL Flower Cloth Clip Set,12 pcs,150,https://chaldal.com/rack-organizer
RFL Heavy Rehal Red,each,200,https://chaldal.com/rack-organizer
RFL Roman Wall Rack (Light Blue),each,330,https://chaldal.com/rack-organizer
RFL Wall Hanger 10 Hooks (SM Blue),each,120,https://chaldal.com/rack-organizer
RFL Standard Mini Rack (Red & White),each,220,https://chaldal.com/rack-organizer
RFL Mini Rack (SM Blue),each,260,https://chaldal.com/rack-organizer
RFL Shoe Rack 4 Step (Red),each,550,https://chaldal.com/rack-organizer
Npoly Round Cloth Hanger (Red),each,200,https://chaldal.com/rack-organizer
"Steel Wire (22""x6"") Wall 6 Hook Hanger (China)",each,299,https://chaldal.com/rack-organizer
RFL Smart Dish Rack With Tray (Red),each,190,https://chaldal.com/rack-organizer
Shankar Umbrella With Box Black Colour (10 Spoke),each,449,https://chaldal.com/fashion-lifestyle
Fabric Lagbe Ehram (Er-1),each,1075,https://chaldal.com/fashion-lifestyle
Fabric Lagbe Gents Panjabi M (GP-1),each,860,https://chaldal.com/fashion-lifestyle
Fabric Lagbe Gents Panjabi S (GP-1),each,860,https://chaldal.com/fashion-lifestyle
Fabric Lagbe Lungi Tangai (T-4),each,650,https://chaldal.com/fashion-lifestyle
Fabric Lagbe Lungi Furti (F-7),each,470,https://chaldal.com/fashion-lifestyle
Fabric Lagbe Lungi Tangai (T-7),each,650,https://chaldal.com/fashion-lifestyle
Fabric Lagbe Lungi Tangai (T-6),each,650,https://chaldal.com/fashion-lifestyle
Fabric Lagbe Lungi Tangai (T-5),each,650,https://chaldal.com/fashion-lifestyle
Fabric Lagbe Lungi Aram (A-8),each,500,https://chaldal.com/fashion-lifestyle
Fabric Lagbe Lungi Aram (A-7),each,500,https://chaldal.com/fashion-lifestyle
Fabric Lagbe Lungi Aram (A-6),each,500,https://chaldal.com/fashion-lifestyle
Fabric Lagbe Lungi Furti (F-6),each,470,https://chaldal.com/fashion-lifestyle
Fabric Lagbe Lungi Furti (F-5),each,470,https://chaldal.com/fashion-lifestyle
Fabric Lagbe Lungi Furti (F-4),each,470,https://chaldal.com/fashion-lifestyle
Fabric Lagbe Lungi Furti (F-3),each,470,https://chaldal.com/fashion-lifestyle
Fabric Lagbe Lungi Furti (F-2),each,470,https://chaldal.com/fashion-lifestyle
Fabric Lagbe Lungi Furti (F-1),each,470,https://chaldal.com/fashion-lifestyle
Fabric Lagbe Lungi Mokka (M-2),each,950,https://chaldal.com/fashion-lifestyle
Fabric Lagbe Handwork Cushion Cover (HCC-01),each,275,https://chaldal.com/fashion-lifestyle
Fabric Lagbe Aplic Cushion Cover (ACC-04),each,275,https://chaldal.com/fashion-lifestyle
Fabric Lagbe Kurush Cushion Cover (KCC-03),each,645,https://chaldal.com/fashion-lifestyle
Fabric Lagbe Kurush Cushion Cover (KCC-02),each,645,https://chaldal.com/fashion-lifestyle
Savlon Travel Pouch,each,450,https://chaldal.com/fashion-lifestyle
Fabric Lagbe Cotton Lungi (JL-01),each,850,https://chaldal.com/fashion-lifestyle
LT3 Livingtex Men's Boxer XL 3 pcs,each,490,https://chaldal.com/fashion-lifestyle
LT1 Livingtex Men's Boxer M 3 pcs,each,650,https://chaldal.com/fashion-lifestyle
Moon Umbrella Blue Color,each,550,https://chaldal.com/fashion-lifestyle
Men's Black Sock 1 Pair,,120,https://chaldal.com/fashion-lifestyle
"Farlin Baby Comfortable Cot Sheet (24""X36"")",each,558,https://chaldal.com/fashion-lifestyle
Raincoat (Black),each,669,https://chaldal.com/fashion-lifestyle
Kinder Comfy Fit Pants Diaper L (8-15 kg),5 pcs,129,https://chaldal.com/medium-2
Kinder Comfy Fit Pants Diaper M (6-12 kg),5 pcs,129,https://chaldal.com/medium-2
Savlon Twinkle Baby Pant Diaper L 8-15 kg,34 pcs,819,https://chaldal.com/medium-2
Good Care Baby Diaper 3 M Midi (4-9 kg),40 pcs,1170,https://chaldal.com/medium-2
Avonee Baby Diaper Pants S (4-8 kg),5 pcs,119,https://chaldal.com/medium-2
Comfort Baby Diaper Pant L (9-14 kg),5 pcs,119,https://chaldal.com/medium-2
Comfort Baby Diaper Pant XL (12-17 kg),32 pcs,649,https://chaldal.com/medium-2
Comfort Baby Diaper Pant L (9-14 kg),36 pcs,759,https://chaldal.com/medium-2
Comfort Baby Diaper Pant M (7-12 kg),40 pcs,639,https://chaldal.com/medium-2
Comfort Baby Diaper Pant S (3-8 kg),42 pcs,699,https://chaldal.com/medium-2
NeoCare Premium Baby Diaper Belt L (7-18 kg),50 pcs,1339,https://chaldal.com/medium-2
Fresh Happy Nappy Pant Diaper M (7- 12 kg),40 pcs,839,https://chaldal.com/medium-2
Fresh Happy Nappy Pant Diaper M (7-12 kg),5 pcs,119,https://chaldal.com/medium-2
Savlon Twinkle Baby Pant Diaper XL 12-20 kg,32 pcs,789,https://chaldal.com/medium-2
Savlon Twinkle Baby Pant Diaper L 8-15 kg,48 pcs,1029,https://chaldal.com/medium-2
Savlon Twinkle Baby Pant Diaper M 6-12 kg,40 pcs,869,https://chaldal.com/medium-2
Savlon Twinkle Baby Pant Diaper S 8 kg,42 pcs,829,https://chaldal.com/medium-2
Avonee Maxi 4 Baby Diaper Pants L 9-14 kg,34 pcs,749,https://chaldal.com/medium-2
Molfix Baby Diaper Pants Super Pack Juni 12-17 kg,68 pcs,3340,https://chaldal.com/medium-2
Kidstar Baby Diaper Belt L (9-18 kg),56 pcs,929,https://chaldal.com/medium-2
Kidstar Baby Diaper Belt XL (12-25 kg),50 pcs,979,https://chaldal.com/medium-2
Bashundhara Diapant Baby Diaper L 9-14 kg,34 pcs,699,https://chaldal.com/medium-2
Savlon Twinkle Baby Belt Diaper XL 11-25 Kg,32 pcs,929,https://chaldal.com/medium-2
Savlon Twinkle Baby Belt Diaper M 6-11 kg,40 pcs,959,https://chaldal.com/medium-2
Supermom Baby Diaper Belt S (3- 8 kg),5 pcs,139,https://chaldal.com/medium-2
Nannys Baby Love Diaper Belt 3 Midi 4-9 kg  (Free Wipes 72 pcs),25 pcs,749,https://chaldal.com/medium-2
Kinder Comfy Fit Pants Diaper XL (12-20 kg),4 pcs,129,https://chaldal.com/medium-2
Supermom Baby Diaper Belt L (9-14 kg),40 pcs,1179,https://chaldal.com/medium-2
Savlon Twinkle Baby Pant Diaper S 8 kg,60 pcs,1089,https://chaldal.com/medium-2
Savlon Twinkle Baby Belt Diaper (L 7-18 kg),36 pcs,919,https://chaldal.com/medium-2
Smart Care Ultra Thin Baby Pant Diaper XL (12-17 kg),46 pcs,1629,https://chaldal.com/extra-large-15-kg-diapers
Fresh Happy Nappy Pant Diaper XL (12 -17 kg),32 pcs,699,https://chaldal.com/extra-large-15-kg-diapers
Fresh Happy Nappy Pant Diaper XXL (12-25 kg),24 pcs,719,https://chaldal.com/extra-large-15-kg-diapers
Comfort Baby Diaper Pant XXXL (20-30 kg),24 pcs,829,https://chaldal.com/extra-large-15-kg-diapers
Savlon Twinkle Baby Pant Diaper XXL 14-25 kg,24 pcs,749,https://chaldal.com/extra-large-15-kg-diapers
Fresh Happy Nappy Pant Diaper XXL (12-25 kg),4 pcs,119,https://chaldal.com/extra-large-15-kg-diapers
Nannys Baby Love Diaper Belt 4 Maxi 8-18 kg (Free Wipes 72 pcs),25 pcs,925,https://chaldal.com/extra-large-15-kg-diapers
Comfort Baby Diaper Pant XXL (16-25 kg),26 pcs,829,https://chaldal.com/extra-large-15-kg-diapers
Comfort Baby Diaper Pant XL (12-17 kg),32 pcs,649,https://chaldal.com/extra-large-15-kg-diapers
Fresh Happy Nappy Pant Diaper XL (12 -17 kg),4 pcs,119,https://chaldal.com/extra-large-15-kg-diapers
Savlon Twinkle Baby Pant Diaper XL 12-20 kg,32 pcs,789,https://chaldal.com/extra-large-15-kg-diapers
Molfix Baby Diaper Pants Super Pack Extra Large 15+ kg,58 pcs,3480,https://chaldal.com/extra-large-15-kg-diapers
Molfix Baby Diaper Pants Super Pack Juni 12-17 kg,68 pcs,3340,https://chaldal.com/extra-large-15-kg-diapers
Pampers Baby Dry 8 Jumbo Plus Belt 17+ kg,52 pcs,4499,https://chaldal.com/extra-large-15-kg-diapers
Kidstar Baby Diaper Belt L (9-18 kg),56 pcs,929,https://chaldal.com/extra-large-15-kg-diapers
Kidstar Baby Diaper Belt XL (12-25 kg),50 pcs,979,https://chaldal.com/extra-large-15-kg-diapers
Savlon Twinkle Baby Belt Diaper XL 11-25 Kg,32 pcs,929,https://chaldal.com/extra-large-15-kg-diapers
Smart Care Ultra Thin Baby Pant Diaper XXL (15-25 kg),42 pcs,1629,https://chaldal.com/extra-large-15-kg-diapers
Kinder Comfy Fit Pants Diaper XL (12-20 kg),4 pcs,129,https://chaldal.com/extra-large-15-kg-diapers
Huggies Dry Pants Baby Diaper Pant XL (12-17 kg),40 pcs,2019,https://chaldal.com/extra-large-15-kg-diapers
Kinder Comfy Fit Pants Diaper M (6-12 kg),5 pcs,129,https://chaldal.com/small-2
Good Care Baby Diaper 3 M Midi (4-9 kg),40 pcs,1170,https://chaldal.com/small-2
Avonee Baby Diaper Pants S (4-8 kg),5 pcs,119,https://chaldal.com/small-2
Comfort Baby Diaper Pant M (7-12 kg),40 pcs,639,https://chaldal.com/small-2
Comfort Baby Diaper Pant S (3-8 kg),42 pcs,699,https://chaldal.com/small-2
NeoCare Premium Baby Diaper Belt L (7-18 kg),50 pcs,1339,https://chaldal.com/small-2
NeoCare Premium Baby Diaper Belt S (3-6 kg),50 pcs,939,https://chaldal.com/small-2
Fresh Happy Nappy Pant Diaper S (4-8 kg),42 pcs,779,https://chaldal.com/small-2
Fresh Happy Nappy Pant Diaper S (4-8 kg),5 pcs,119,https://chaldal.com/small-2
Savlon Twinkle Baby Pant Diaper M 6-12 kg,40 pcs,869,https://chaldal.com/small-2
Savlon Twinkle Baby Pant Diaper S 8 kg,42 pcs,829,https://chaldal.com/small-2
Kidz Baby Diaper Belt New Born (0-4 kg),25 pcs,799,https://chaldal.com/small-2
Supermom Baby Diaper Belt S (3- 8 kg),5 pcs,139,https://chaldal.com/small-2
Kinder Comfy Fit Pants Diaper S (3-8 kg),42 pcs,799,https://chaldal.com/small-2
SMC Smile Baby Diaper Belt S (3-6 kg),5 pcs,89,https://chaldal.com/small-2
Savlon Twinkle Baby Pant Diaper S 8 kg,60 pcs,1089,https://chaldal.com/small-2
Smart Care Ultra Thin Baby Diaper Belt New Born (2-5 kg),25 pcs,850,https://chaldal.com/newborn-2
Avonee Baby Diaper Pants S (4-8 kg),5 pcs,119,https://chaldal.com/newborn-2
Comfort Baby Diaper Pant S (3-8 kg),42 pcs,699,https://chaldal.com/newborn-2
NeoCare Premium Baby Diaper Belt S (3-6 kg),50 pcs,939,https://chaldal.com/newborn-2
Kidz Baby Diaper Belt New Born (0-4 kg),25 pcs,799,https://chaldal.com/newborn-2
Supermom Baby Diaper Belt S (3- 8 kg),5 pcs,139,https://chaldal.com/newborn-2
Kinder Comfy Fit Pants Diaper S (3-8 kg),42 pcs,799,https://chaldal.com/newborn-2
SMC Smile Baby Diaper Belt S (3-6 kg),5 pcs,89,https://chaldal.com/newborn-2
Farlin Glass Feeding Bottle S 120 cc,each,772,https://chaldal.com/feeders
Twinkle PP Baby Feeder,120 ml,150,https://chaldal.com/feeders
Smartcare Spoon Food Feeder,180 ml,530,https://chaldal.com/feeders
SmartCare PP Bottle Feeder L (6+ Months),240 ml,290,https://chaldal.com/feeders
Lion Nipple (S),each,40,https://chaldal.com/feeders
Smartcare Borosilicate Blue Glass Bottle M (3+ Month),120 ml,500,https://chaldal.com/feeders
Smartcare Borosilicate Pink Glass Bottle S (0+ Months),60 ml,460,https://chaldal.com/feeders
Smartcare Spoon Food Feeder,120 ml,430,https://chaldal.com/feeders
Angel Orthodontic Silicone Pacifier (P2A-S) 6M+,each,257,https://chaldal.com/feeders
Farlin Glass Feeding Bottle S 60 cc,each,772,https://chaldal.com/feeders
Angel Silicon Nipple (3-6 Months) M,each,55,https://chaldal.com/feeders
Angel Silicon Nipple (0-3 Months),each,55,https://chaldal.com/feeders
Farlin Milk Powder Container Mixed Color 4 layer,,345,https://chaldal.com/feeders
Farlin Standard Neck Feeding Bottle M 200 cc,each,659,https://chaldal.com/feeders
Angel Baby Feeding Bottle & Nipple Cleanser,300 ml,365,https://chaldal.com/feeders
Angel Drinking Cup (6M+) (DCA-06),200 ml,329,https://chaldal.com/feeders
Pur Baby New Born Feeder S,70 ml,350,https://chaldal.com/feeders
Meril Milk & Beli Soap Bar,100 gm,60,https://chaldal.com/womens-soaps
Radiant Raxoll Antibacterial Soap (Moisture),100 gm,75,https://chaldal.com/womens-soaps
Radiant Raxoll Antibacterial Soap (Moisture),75 gm,60,https://chaldal.com/womens-soaps
Radiant Raxoll Antibacterial Soap (Sport),100 gm,75,https://chaldal.com/womens-soaps
Dettol Soap Neem with Pure Neem Oil Shower Bar,125 gm,89,https://chaldal.com/womens-soaps
Dettol Soap Neem with Pure Neem Oil Shower Bar,75 gm,65,https://chaldal.com/womens-soaps
Dettol Original Germ Defence Soap,100 gm,80,https://chaldal.com/womens-soaps
ACI Savlon Soap Fresh 125 gm,3 pcs,225,https://chaldal.com/womens-soaps
"Dettol Soap Summer Pack (Cool, Fresh & Original) 75 gm",3 pcs,195,https://chaldal.com/womens-soaps
Dettol Soap Fresh Bathing Bar Soap With Odour Protection,125 gm,95,https://chaldal.com/womens-soaps
Dettol Soap Fresh Bathing Bar Soap With Odour Protection,75 gm,65,https://chaldal.com/womens-soaps
Pears Transparent Soap With Lemon Flower Extracts,125 gm,345,https://chaldal.com/womens-soaps
Dettol Soap Bathing Bar Original Germ Defence 125 gm (Combo Pack),2 pcs,190,https://chaldal.com/womens-soaps
ACI Neem Original (Olive & Aloe Vera) Soap,75 gm,45,https://chaldal.com/womens-soaps
ACI Savlon Mild Antiseptic Soap,125 gm,80,https://chaldal.com/womens-soaps
ACI Savlon Mild Antiseptic Soap,100 gm,70,https://chaldal.com/womens-soaps
Lifebuoy Soap Bar Care,150 gm,80,https://chaldal.com/womens-soaps
Lux Soap Bar Bright Glow,150 gm,90,https://chaldal.com/womens-soaps
Lux Soap Bar Flawless Glow,90 gm,60,https://chaldal.com/womens-soaps
Lux Soap Bar Flawless Glow,150 gm,90,https://chaldal.com/womens-soaps
Sandalina Sandal & Moisturiser Soap,100 gm,60,https://chaldal.com/womens-soaps
Sandalina Sandal & Rose Soap,150 gm,90,https://chaldal.com/womens-soaps
Meril Milk & Beli Soap Bar,150 gm,90,https://chaldal.com/womens-soaps
Lux Soap Bar Flawless Glow,25 gm,15,https://chaldal.com/womens-soaps
Lux Soap Bar Bright Glow,90 gm,60,https://chaldal.com/womens-soaps
Dettol Bathing Soap Bar Skincare,27 gm,15,https://chaldal.com/womens-soaps
Lifebuoy Soap Bar Mild Care 100 gm,2 pcs,94,https://chaldal.com/womens-soaps
Lux Soap Bar Flawless Glow 90 gm,2 pcs,110,https://chaldal.com/womens-soaps
Akij Health + Original Soap,100 gm,60,https://chaldal.com/womens-soaps
Lux Jasmine Soap Bar Bright Glow,75 gm,50,https://chaldal.com/womens-soaps
Dettol Soap Original Germ Defence Bathing Bar,50 gm,40,https://chaldal.com/womens-soaps
Dettol Fresh Soap 125 gm (25 gm Extra),150 gm,90,https://chaldal.com/womens-soaps
Dettol Cool Soap 125 gm (25 gm Extra),150 gm,90,https://chaldal.com/womens-soaps
Dettol Skincare With Moisturizers Soap,100 gm,75,https://chaldal.com/womens-soaps
Dettol Aloe Vera Shower Bar,100 gm,80,https://chaldal.com/womens-soaps
ACI Savlon Soap Fresh 100 gm,3 pcs,210,https://chaldal.com/womens-soaps
ACI Savlon Soap Mild 100 gm,3 pcs,210,https://chaldal.com/womens-soaps
ACI Savlon Soap Mild 125 gm,3 pcs,225,https://chaldal.com/womens-soaps
Boroplus Neem Antibacterial Moisturising Soap 100 gm,3 pcs,210,https://chaldal.com/womens-soaps
Meril Milk & Kiwi Soap Bar,150 gm,80,https://chaldal.com/womens-soaps
Himalaya Neem & Turmeric Soap,75 gm,50,https://chaldal.com/womens-soaps
Godrej No.1 Jasmine Soap,75 gm,40,https://chaldal.com/womens-soaps
Godrej No.1 Lime Soap,75 gm,40,https://chaldal.com/womens-soaps
Ribana Saffron Goat's Milk Soap,110 gm,950,https://chaldal.com/womens-soaps
Dr Davey Black Soap,100 gm,189,https://chaldal.com/womens-soaps
Godrej No.1 Sandal Soap,100 gm,55,https://chaldal.com/womens-soaps
Himalaya Neem & Turmeric Soap 125 gm (Buy 3 Get 1 Free),4 pcs,240,https://chaldal.com/womens-soaps
Lux Soap Bar Velvet Glow,75 gm,50,https://chaldal.com/womens-soaps
Lux Soap Bar Soft Glow,150 gm,90,https://chaldal.com/womens-soaps
Dettol Bathing Soap Bar Skincare 125 gm (Combo Pack),4 pcs,380,https://chaldal.com/womens-soaps
Nihar Naturals Shanti Badam Amla Hair Oil,175 ml,175,https://chaldal.com/hair-care
Gondhraj Perfume Hair Oil,350 ml,320,https://chaldal.com/hair-care
Well's Almond Oil,70 ml,299,https://chaldal.com/hair-care
Parachute Advansed Beliphool Coconut Hair Oil,300 ml,310,https://chaldal.com/hair-care
Well's Castor Oil,70 ml,500,https://chaldal.com/hair-care
Parachute Coconut Oil (Extra 15 ml),175 ml,200,https://chaldal.com/hair-care
Parachute Coconut Oil,95 ml,110,https://chaldal.com/hair-care
Jui Coconut Oil,200 ml,200,https://chaldal.com/hair-care
Parachute Coconut Oil,500 ml,450,https://chaldal.com/hair-care
Ujjwala Care Anti Hairfall Herbal Shampoo,200 ml,320,https://chaldal.com/hair-care
Ujjwala Care Anti Hairfall Herbal Hair Oil,100 ml,200,https://chaldal.com/hair-care
Ujjwala Care Anti Hairfall Herbal Shampoo,350 ml,480,https://chaldal.com/hair-care
Natura Grow Hair Oil,200 ml,230,https://chaldal.com/hair-care
Dove Shampoo Intense Repair,450 ml,580,https://chaldal.com/hair-care
Parachute Naturale Shampoo Advanced Hair Fall Control,320 ml,265,https://chaldal.com/hair-care
Farmer's Gold Sweet Pumpkin Seed Oil,30 ml,450,https://chaldal.com/hair-care
Parachute Advansed Onion Enriched Coconut Hair Growth Oil,200 ml,215,https://chaldal.com/hair-care
B. Tech Expert Pure Herbal Hair Care Oil (Gold),200 ml,210,https://chaldal.com/hair-care
Farmer's Gold Onion Oil,30 ml,250,https://chaldal.com/hair-care
Farmer's Gold Neem Oil,100 ml,255,https://chaldal.com/hair-care
Dabur Amla Hair Oil (Extra 50 ml ),400 ml,440,https://chaldal.com/hair-care
Himalaya Anti Hair Fall Shampoo,180 ml,270,https://chaldal.com/hair-care
Sesa Herbal Hair Oil,100 ml,250,https://chaldal.com/hair-care
Ceylon Organic Extra Virgin Coconut Oil,200 ml,600,https://chaldal.com/hair-care
Agrilife Extra Virgin Coconut Oil,450 ml,1089,https://chaldal.com/hair-care
Dabur Amla Hair Oil,300 ml,290,https://chaldal.com/hair-care
Indulekha Bringha Ayurvedic Hair Oil,50 ml,549,https://chaldal.com/hair-care
My Organic BD Shikakai Powder,100 gm,85,https://chaldal.com/hair-care
Herbal Essences White Strawberry & Sweet Mint Shampoo,400 ml,1800,https://chaldal.com/hair-care
Dabur Amla Hair Oil,100 ml,110,https://chaldal.com/hair-care
Kumarika Spilt & Control Hair Oil,200 ml,200,https://chaldal.com/hair-care
Kumarika Anti Dandruff Control Hair Oil,200 ml,240,https://chaldal.com/hair-care
Parachute Advansed Coconut Hair Oil,275 ml,210,https://chaldal.com/hair-care
Emami 7 Oils In One Non Sticky Hair Oil,300 ml,380,https://chaldal.com/hair-care
Bigen Hair Color & Conditioner (Light Brown),80 gm,750,https://chaldal.com/hair-care
Bigen Hair Color & Conditioner (Natural Brown),80 gm,700,https://chaldal.com/hair-care
Bigen Hair Color & Conditioner (Dark Brown),80 gm,700,https://chaldal.com/hair-care
Bigen Hair Color & Conditioner (Natural Black),80 gm,700,https://chaldal.com/hair-care
Jui Coconut Oil Can,350 ml,340,https://chaldal.com/hair-care
Ceylon Organic Extra Virgin Coconut Oil,500 ml,1590,https://chaldal.com/hair-care
Naturel Organic Extra Virgin Coconut Oil,500 ml,1525,https://chaldal.com/hair-care
Disposable Head Cover,100 pcs,489,https://chaldal.com/hair-care
Dabur Vatika Enriched Coconut Hair Oil,150 ml,210,https://chaldal.com/hair-care
Dabur Methi Amla Hair Oil,200 ml,170,https://chaldal.com/hair-care
Parachute Advansed Beliphool Coconut Hair Oil,400 ml,410,https://chaldal.com/hair-care
Parachute Advansed Beliphool Coconut Hair Oil,200 ml,220,https://chaldal.com/hair-care
Bajaj Cool Almond Drops,95 ml,150,https://chaldal.com/hair-care
Sesa Herbal Hair Oil,200 ml,490,https://chaldal.com/hair-care
Emami 7 Oils In One Pumpkin Plus Hair Oil,200 ml,280,https://chaldal.com/hair-care
Clear Shampoo Anti Hairfall Anti Dandruff,330 ml,400,https://chaldal.com/hair-care
Nivea Express Hydration Body Lotion,380 ml,1250,https://chaldal.com/female-moisturizer
Nivea Soft Light Moisturiser Cream,50 ml,425,https://chaldal.com/female-moisturizer
Enchanteur Perfumed Body Lotion Charming Satin Smooth,500 ml,1700,https://chaldal.com/female-moisturizer
Dove Nourishing Radiance Body Care Lotion,250 ml,380,https://chaldal.com/female-moisturizer
Ponds Super Light Gel,49 gm,230,https://chaldal.com/female-moisturizer
Nature Republic Soothing & Moisture Aloe Vera Gel,300 ml,849,https://chaldal.com/female-moisturizer
Olay Moisturising Cream,50 gm,280,https://chaldal.com/female-moisturizer
Vaseline Intensive Care Cocoa Radiant Lotion,200 ml,425,https://chaldal.com/female-moisturizer
Vaseline Intensive Care Advance Strength Lotion,400 ml,825,https://chaldal.com/female-moisturizer
Nivea Soft Light Moisturiser Cream,200 ml,830,https://chaldal.com/female-moisturizer
Parachute SkinPure Skin Lotion Natural Moisture,200 ml,250,https://chaldal.com/female-moisturizer
Parachute SkinPure Skin Lotion Natural White,200 ml,260,https://chaldal.com/female-moisturizer
Parachute SkinPure Skin Lotion Natural Moisture,300 ml,340,https://chaldal.com/female-moisturizer
Parachute SkinPure Skin Lotion Natural White,100 ml,160,https://chaldal.com/female-moisturizer
Parachute SkinPure Skin Lotion Natural Moisture,100 ml,150,https://chaldal.com/female-moisturizer
Parachute SkinPure Aloe Vera Gel,100 ml,205,https://chaldal.com/female-moisturizer
Parachute SkinPure Aloe Vera Gel,50 ml,120,https://chaldal.com/female-moisturizer
Creme 21 Vitamin E Moisturizing Soft Cream,150 ml,605,https://chaldal.com/female-moisturizer
Boots Cocoa Butter Body Lotion,390 ml,1550,https://chaldal.com/female-moisturizer
Dove Nourishing Body Care Intensive Body Lotion,400 ml,715,https://chaldal.com/female-moisturizer
Koelcia Grape Soothing Gel,300 gm,1100,https://chaldal.com/female-moisturizer
Eunyul Tomato Soothing Gel,300 gm,1400,https://chaldal.com/female-moisturizer
Enchanteur Perfumed Body Lotion Gorgeous Satin Smooth,500 ml,1500,https://chaldal.com/female-moisturizer
Boroplus Moisturising Lotion Aloe Vera & Milk,300 ml,390,https://chaldal.com/female-moisturizer
O'uyuey Aloe Vera Soothing Moisturizing Gel,250 ml,440,https://chaldal.com/female-moisturizer
Enchanteur Perfumed Body Lotion Romantic Satin Smooth,500 ml,1150,https://chaldal.com/female-moisturizer
Revive Moisturizing Lotion,200 ml,260,https://chaldal.com/female-moisturizer
Vaseline Lotion Deep Restore,400 ml,850,https://chaldal.com/female-moisturizer
Vaseline Lotion Healthy Bright,100 ml,190,https://chaldal.com/female-moisturizer
Vaseline Lotion Healthy Bright,200 ml,300,https://chaldal.com/female-moisturizer
Vaseline Lotion Healthy Bright,300 ml,420,https://chaldal.com/female-moisturizer
Nivea Intensive Moisture Body Milk Lotion,250 ml,725,https://chaldal.com/female-moisturizer
Tibet Pomade,50 ml,70,https://chaldal.com/female-moisturizer
Johnson's 24 Hour Moisture Soft Cream,200 ml,849,https://chaldal.com/female-moisturizer
Care:Nel Anti-Melasma Cica Cream,40 ml,1373,https://chaldal.com/female-moisturizer
Simple Kind to Skin Hydrating Light Moisturiser,125 ml,887,https://chaldal.com/female-moisturizer
Enchanteur Perfumed Body Lotion Enticing Satin Smooth,250 ml,900,https://chaldal.com/female-moisturizer
Nivea Soft Light Moisturiser Cream,100 ml,800,https://chaldal.com/female-moisturizer
Dabur Gulabari Premium Rose Water,60 ml,45,https://chaldal.com/face-wash-scrub
Himalaya Natural Glow Saffron Face Wash,100 ml,225,https://chaldal.com/face-wash-scrub
Himalaya Pollution Detox Charcoal Face Wash,100 ml,225,https://chaldal.com/face-wash-scrub
Himalaya Purifying Neem Pack,50 ml,130,https://chaldal.com/face-wash-scrub
Earth Beauty & You Neem Face Wash,100 ml,180,https://chaldal.com/face-wash-scrub
Pond's Face Wash Bright Beauty,50 gm,120,https://chaldal.com/face-wash-scrub
Pierre Cardin Cleansing Gel,150 ml,1380,https://chaldal.com/face-wash-scrub
Clariss Face Wash Papaya Blemish Reduction,100 ml,345,https://chaldal.com/face-wash-scrub
Olay Face Wash Total Effects 7 in 1 Exfoliating Cleanser,100 gm,425,https://chaldal.com/face-wash-scrub
Clean & Clear Foaming Face Wash,150 ml,430,https://chaldal.com/face-wash-scrub
Neutrogena Spot Controlling Facial Wash,200 ml,1440,https://chaldal.com/face-wash-scrub
YC Lemon & Honey Whitening Facial Scrub,175 ml,795,https://chaldal.com/face-wash-scrub
YC Acne Facial Gel,250 ml,750,https://chaldal.com/face-wash-scrub
YC Neem Extract Whitening Face Wash,100 ml,650,https://chaldal.com/face-wash-scrub
Himalaya Aloevera Moisturizing Face Wash,100 ml,225,https://chaldal.com/face-wash-scrub
Himalaya Fairness Kesar Face Wash,100 ml,225,https://chaldal.com/face-wash-scrub
Boroplus Neem Face Wash,50 ml,130,https://chaldal.com/face-wash-scrub
Biore Womens Acne Care Face Wash,100 gm,700,https://chaldal.com/face-wash-scrub
Dove Face Wash Beauty Serum Sensitive,130 gm,330,https://chaldal.com/face-wash-scrub
Biore Bright and Oil Clear Face Wash,100 gm,850,https://chaldal.com/face-wash-scrub
L'Oréal Paris Pure Clay Detox Face Wash,150 ml,900,https://chaldal.com/face-wash-scrub
Johnson's Daily Essential Face Care For Normal Skin,150 ml,900,https://chaldal.com/face-wash-scrub
Neutrogena Spot Stress Control Daily Scrub,150 ml,1150,https://chaldal.com/face-wash-scrub
Neutrogena Pore & Shine Daily Scrub,150 ml,815,https://chaldal.com/face-wash-scrub
Johnson's Daily Essential Face Care,150 ml,800,https://chaldal.com/face-wash-scrub
Himalaya Oil Clear Face Wash Blueberry,100 ml,199,https://chaldal.com/face-wash-scrub
Himalaya Oil Clear Face Wash Strawberry,100 ml,199,https://chaldal.com/face-wash-scrub
Beauty Formulas Tea Tree Facial Wash,150 ml,850,https://chaldal.com/face-wash-scrub
Glow & Lovely Instaglow Facewash with Multivitamins,50 gm,85,https://chaldal.com/face-wash-scrub
Clean & Clear Morning Energy Face Wash Lemon,50 ml,247,https://chaldal.com/face-wash-scrub
Garnier Bright Complete Vitamin C Face Wash,100 gm,415,https://chaldal.com/face-wash-scrub
Dabur Gulabari Premium Rose Water,120 ml,100,https://chaldal.com/face-wash-scrub
Clean & Clear Blackhead Daily Scrub Oil Free,150 ml,920,https://chaldal.com/face-wash-scrub
Clean & Clear Morning Energy Face Wash Berry,50 ml,247,https://chaldal.com/face-wash-scrub
Garnier Pure Active Neem Face Wash,100 gm,390,https://chaldal.com/face-wash-scrub
Pond's Face Wash Bright Beauty,100 gm,210,https://chaldal.com/face-wash-scrub
Pond's Pure Detox Face Wash,100 gm,220,https://chaldal.com/face-wash-scrub
Pond's Nourishing Facial Scrub,100 gm,165,https://chaldal.com/face-wash-scrub
Pond's Face Wash Daily,50 gm,85,https://chaldal.com/face-wash-scrub
Himalaya Natural Glow Rose Face Wash,100 ml,225,https://chaldal.com/face-wash-scrub
Nature’s Secret Clay Face Pack,50 gm,120,https://chaldal.com/face-wash-scrub
Himalaya Oil Clear Lemon Face Wash,50 ml,140,https://chaldal.com/face-wash-scrub
Garnier Skin Active Micellar Cleansing Water,125 ml,549,https://chaldal.com/face-wash-scrub
Go Fresh pocket Perfume Red Hot Fragrance,17 ml,130,https://chaldal.com/womens-perfume
Go Fresh Pocket Perfume Miracle Fragrance,17 ml,130,https://chaldal.com/womens-perfume
Go Fresh Pocket Perfume player Fragrance,17 ml,130,https://chaldal.com/womens-perfume
Go Fresh Pocket Perfume Wild Game Fragrance,17 ml,130,https://chaldal.com/womens-perfume
Go Fresh Pocket Perfume Secret Fragrance,17 ml,130,https://chaldal.com/womens-perfume
Layer'r Wottagirl Secret Crush Body Spray,135 ml,595,https://chaldal.com/womens-perfume
Layer'r Shot Red Stallion Body Spray,135 ml,595,https://chaldal.com/womens-perfume
Layer'r Shot Power Play Body Spray,135 ml,595,https://chaldal.com/womens-perfume
Colour Me Women's Body Spray Pink,150 ml,775,https://chaldal.com/womens-perfume
Lafz Premium Body Spray Dariush,120 ml,390,https://chaldal.com/womens-perfume
Fa Roll On Aqua Auatic Fresh,50 ml,289,https://chaldal.com/womens-perfume
Fa Roll On Sport,50 ml,279,https://chaldal.com/womens-perfume
Fa Roll On Caribbean Lemon,50 ml,299,https://chaldal.com/womens-perfume
CA Active Women Body Spray,200 ml,680,https://chaldal.com/womens-perfume
Lafz Ibadet Body Spray,90 ml,300,https://chaldal.com/womens-perfume
Lafz Gul Wissal Body Spray,100 ml,294,https://chaldal.com/womens-perfume
Enchanteur Pocket Perfume Romantic,18 ml,350,https://chaldal.com/womens-perfume
Enchanteur Pocket Perfume Charming,18 ml,300,https://chaldal.com/womens-perfume
Enchanteur Perfumed Deo Roll On Alluring,50 ml,500,https://chaldal.com/womens-perfume
Royal Mirage Sport Perfume,120 ml,1750,https://chaldal.com/womens-perfume
Royal Mirage Sport Body Spray,150 ml,620,https://chaldal.com/womens-perfume
Eternal Love Xlouis Women Body Spray,200 ml,780,https://chaldal.com/womens-perfume
Layer'r Wottagirl Pure Paradise Body Spray,135 ml,545,https://chaldal.com/womens-perfume
Layer'r Wottagirl Pink Angel Body Spray,135 ml,595,https://chaldal.com/womens-perfume
Ossum Body Spray Teaser,120 ml,550,https://chaldal.com/womens-perfume
Ossum Body Spray Desire,120 ml,550,https://chaldal.com/womens-perfume
Ossum Body Spray Cherish,120 ml,550,https://chaldal.com/womens-perfume
Ossum Body Spray Appeal,120 ml,550,https://chaldal.com/womens-perfume
Ossum Body Mist Pleasere,115 ml,580,https://chaldal.com/womens-perfume
Ossum Body Mist Blossom,115 ml,670,https://chaldal.com/womens-perfume
Enchanteur Perfumed Deo Spary Gorgeous,150 ml,400,https://chaldal.com/womens-perfume
Enchanteur Perfumed Deo Spary Charming,150 ml,400,https://chaldal.com/womens-perfume
Colour Me Perfume Volt,50 ml,625,https://chaldal.com/womens-perfume
Ossum Perfumed Body Mist Delight,115 ml,750,https://chaldal.com/womens-perfume
Ossum Perfumed Body Mist Romance,115 ml,750,https://chaldal.com/womens-perfume
Fogg Scent Women (I Am Queen),100 ml,900,https://chaldal.com/womens-perfume
Layer'r Wattagirl Fresh Citrus Body Spray,135 ml,699,https://chaldal.com/womens-perfume
Enchanteur Perfumed Deo Spary Romantic,150 ml,450,https://chaldal.com/womens-perfume
Enchanteur Perfumed Deo Roll On Romantic,50 ml,319,https://chaldal.com/womens-perfume
Ujjwala Care Gloss Hair Serum,100 ml,490,https://chaldal.com/serum-oil-toners
Angelina Hyaluronic Booster,60 ml,160,https://chaldal.com/serum-oil-toners
Lafz Luminous Skin Face Serum Alpha Arbutin,30 ml,1399,https://chaldal.com/serum-oil-toners
Garnier Skin Naturals Light Complete Serum Mask,each,135,https://chaldal.com/serum-oil-toners
Garnier Bright Complete Serum Cream UV,45 gm,310,https://chaldal.com/serum-oil-toners
Dove Face Wash Beauty Serum Sensitive,130 gm,330,https://chaldal.com/serum-oil-toners
Beauty Formulas Tea Tree Nose Pore Strips,6 pcs,220,https://chaldal.com/serum-oil-toners
White Tone Face Powder,50 gm,300,https://chaldal.com/serum-oil-toners
The Dermalix Acne Treatment Serum,30ml,890,https://chaldal.com/serum-oil-toners
The Dermalix Brightening Serum,30 ml,890,https://chaldal.com/serum-oil-toners
Radiant Raxoll Antibacterial Soap (Moisture),100 gm,75,https://chaldal.com/mens-soaps
Radiant Raxoll Antibacterial Soap (Moisture),75 gm,60,https://chaldal.com/mens-soaps
Radiant Raxoll Antibacterial Soap (Sport),100 gm,75,https://chaldal.com/mens-soaps
Dettol Soap Neem with Pure Neem Oil Shower Bar,125 gm,89,https://chaldal.com/mens-soaps
Dettol Soap Neem with Pure Neem Oil Shower Bar,75 gm,65,https://chaldal.com/mens-soaps
Dettol Original Germ Defence Soap,100 gm,80,https://chaldal.com/mens-soaps
ACI Savlon Soap Fresh 125 gm,3 pcs,225,https://chaldal.com/mens-soaps
Dettol Soap Fresh Bathing Bar Soap With Odour Protection,125 gm,95,https://chaldal.com/mens-soaps
Dettol Soap Fresh Bathing Bar Soap With Odour Protection,75 gm,65,https://chaldal.com/mens-soaps
Dettol Soap Bathing Bar Original Germ Defence 125 gm (Combo Pack),2 pcs,190,https://chaldal.com/mens-soaps
ACI Savlon Men Soap,100 gm,70,https://chaldal.com/mens-soaps
Lifebuoy Soap Bar Total,150 gm,80,https://chaldal.com/mens-soaps
Dettol Bathing Soap Bar Skincare,125 gm,95,https://chaldal.com/mens-soaps
Dettol Skincare Bodywash,250 ml,225,https://chaldal.com/mens-soaps
Lifebuoy Soap Bar Lemon Fresh,90 gm,55,https://chaldal.com/mens-soaps
ACI Savlon Fresh Antiseptic Soap,125 gm,80,https://chaldal.com/mens-soaps
Dettol Bathing Soap Bar Skincare,27 gm,15,https://chaldal.com/mens-soaps
Lifebuoy Soap Bar Mild Care 100 gm,2 pcs,94,https://chaldal.com/mens-soaps
Akij Health + Original Soap,100 gm,60,https://chaldal.com/mens-soaps
Lux Jasmine Soap Bar Bright Glow,75 gm,50,https://chaldal.com/mens-soaps
Dettol Soap Original Germ Defence Bathing Bar,50 gm,40,https://chaldal.com/mens-soaps
Dettol Fresh Soap 125 gm (25 gm Extra),150 gm,90,https://chaldal.com/mens-soaps
Dettol Cool Soap 125 gm (25 gm Extra),150 gm,90,https://chaldal.com/mens-soaps
Dettol Skincare With Moisturizers Soap,100 gm,75,https://chaldal.com/mens-soaps
Dettol Aloe Vera Shower Bar,100 gm,80,https://chaldal.com/mens-soaps
ACI Savlon Soap Fresh 100 gm,3 pcs,210,https://chaldal.com/mens-soaps
ACI Savlon Soap Mild 100 gm,3 pcs,210,https://chaldal.com/mens-soaps
ACI Savlon Soap Mild 125 gm,3 pcs,225,https://chaldal.com/mens-soaps
Irish Spring Original Body Wash,532 ml,1360,https://chaldal.com/mens-soaps
Irish Spring Aloe Soap,104.8 gm,270,https://chaldal.com/mens-soaps
Dr Davey Black Soap,100 gm,189,https://chaldal.com/mens-soaps
Lifebuoy Mild Care Antibacterial Body Wash,300 ml,450,https://chaldal.com/mens-soaps
Godrej No.1 Sandal Soap,100 gm,55,https://chaldal.com/mens-soaps
Himalaya Neem & Turmeric Soap 125 gm (Buy 3 Get 1 Free),4 pcs,240,https://chaldal.com/mens-soaps
Dettol Original Bodywash,250 ml,200,https://chaldal.com/mens-soaps
Dettol Fresh Antibacterial Bodywash Citrus & Orange Blossom,250 ml,350,https://chaldal.com/mens-soaps
Studio X Clean & Fresh Soap For Men,75 gm,60,https://chaldal.com/mens-soaps
Dettol Bathing Soap Bar Skincare 125 gm (Combo Pack),4 pcs,380,https://chaldal.com/mens-soaps
Dettol Soap Bathing Bar Original Germ Defence 125 gm (Combo Pack),4 pcs,380,https://chaldal.com/mens-soaps
Studio X Clean & Fresh Soap for Men,125 gm,90,https://chaldal.com/mens-soaps
Nivea Fresh Natural Body Spray,150 ml,525,https://chaldal.com/mens-soaps
Wild Stone Forest Spice Soap,125 gm,188,https://chaldal.com/mens-soaps
ACI Septex Deep Clean Antiseptic Bar,100 gm,55,https://chaldal.com/mens-soaps
ACI Septex Antiseptic Bar,100 gm,50,https://chaldal.com/mens-soaps
Cute Lemon Soap,125 gm,60,https://chaldal.com/mens-soaps
Dettol Soap Bathing Bar Aloe Vera,75 gm,65,https://chaldal.com/mens-soaps
ACI Neem Original Pure Neem Soap,100 gm,55,https://chaldal.com/mens-soaps
"Dettol Soap Bathing Bar Family Pack (Cool, Skincare & Original) 75 gm",3 pcs,195,https://chaldal.com/mens-soaps
Dettol Soap Bathing Bar Original Germ Defence 75 gm (Combo Pack),3 pcs,195,https://chaldal.com/mens-soaps
Camay Romantic Beauty Soap,170 gm,350,https://chaldal.com/mens-soaps
Head & Shoulders Smooth & Silky Anti Dandruff Shampoo,1 ltr,2799,https://chaldal.com/shampoo
Clear Men Shampoo Deep Cleanse,170 ml,270,https://chaldal.com/shampoo
Clear Shampoo Men Cool Sport Menthol Anti Dandruff,330 ml,500,https://chaldal.com/shampoo
Ujjwala Care Hair Protect Men Shampoo + Conditioner,200 ml,320,https://chaldal.com/shampoo
Clear Men Shampoo Deep Cleanse,330 ml,500,https://chaldal.com/shampoo
Herbal Essences White Strawberry & Sweet Mint Conditioner,400 ml,775,https://chaldal.com/shampoo
Herbal Essences Strength Whipped Cocoa Butter Conditioner,400 ml,775,https://chaldal.com/shampoo
Head & Shoulders Cool Menthol Anti Dandruff Shampoo,1 ltr,1800,https://chaldal.com/shampoo
Head & Shoulders Smooth & Silky Anti Dandruff Shampoo,340 ml,990,https://chaldal.com/shampoo
Head & Shoulders 2 in 1 Cool Menthol Anti Dandruff Shampoo + Conditioner,340 ml,1200,https://chaldal.com/shampoo
Head & Shoulders 2 in 1 Smooth & Silky Shampoo + Conditioner,180 ml,650,https://chaldal.com/shampoo
Head & Shoulders Cool Menthol Anti Dandruff Shampoo,180 ml,530,https://chaldal.com/shampoo
Head & Shoulders Silky Black Anti Dandruff Shampoo,340 ml,990,https://chaldal.com/shampoo
Sunsilk Lively Clean & Fresh Shampoo,300 ml,725,https://chaldal.com/shampoo
Clear Shampoo Complete Active Care Anti Dandruff,330 ml,400,https://chaldal.com/shampoo
Dove Shampoo Oxygen Moisture,330 ml,470,https://chaldal.com/shampoo
Dove Shampoo Intense Repair,170 ml,200,https://chaldal.com/shampoo
Dove Shampoo Intense Repair,330 ml,440,https://chaldal.com/shampoo
Dove Shampoo Nourishing Oil Care,170 ml,200,https://chaldal.com/shampoo
Dove Shampoo Nourishing Oil Care,330 ml,470,https://chaldal.com/shampoo
Sunsilk Shampoo Lusciously Thick & Long,330 ml,350,https://chaldal.com/shampoo
Clear Shampoo Men Cool Sport Menthol Anti Dandruff,170 ml,270,https://chaldal.com/shampoo
Clear Shampoo Complete Active Care Anti Dandruff,170 ml,240,https://chaldal.com/shampoo
Kool 2 In 1 After Shave Gel Cream,50 gm,140,https://chaldal.com/shaving-needs
Gillette Blue 2 Disposable Razor,each,55,https://chaldal.com/shaving-needs
Gillette Guard Cartridges Single Cartridge,each,30,https://chaldal.com/shaving-needs
Gillette Mach3 Turbo Men's Shaving Razor,each,665,https://chaldal.com/shaving-needs
Gillette Proglide Men's Grooming Razor With Flexible Technology,each,1090,https://chaldal.com/shaving-needs
Nivea Men Cool Kick Shaving Gel,200 ml,375,https://chaldal.com/shaving-needs
Kool After Shave Lotion,50 ml,200,https://chaldal.com/shaving-needs
Nivea Men Sensitive After Shave Lotion,100 ml,1250,https://chaldal.com/shaving-needs
Nivea Men Sensitive After Shave Lotion,100 ml,550,https://chaldal.com/shaving-needs
Kool Ultra Glide Shaving Foam,200 ml,350,https://chaldal.com/shaving-needs
Kool After Shave Lotion,100 ml,300,https://chaldal.com/shaving-needs
Gillette Mach3 New Blade Razor,each,655,https://chaldal.com/shaving-needs
Gillette Fusion Manual Razor,each,1090,https://chaldal.com/shaving-needs
Kool Frosty Shaving Cream,50 gm,55,https://chaldal.com/shaving-needs
Gillette Blue 2 Disposable Razor,each,55,https://chaldal.com/razors-blades
Gillette Guard Cartridges Single Cartridge,each,30,https://chaldal.com/razors-blades
Gillette Mach3 Turbo Men's Shaving Razor,each,665,https://chaldal.com/razors-blades
Gillette Proglide Men's Grooming Razor With Flexible Technology,each,1090,https://chaldal.com/razors-blades
Gillette Mach3 New Blade Razor,each,655,https://chaldal.com/razors-blades
Gillette Fusion Manual Razor,each,1090,https://chaldal.com/razors-blades
Red King Men's Cooling Oil,100 ml,139,https://chaldal.com/mens-hair-care
Godrej Expert Shampoo Black Hair Color (Bowl Free),,50,https://chaldal.com/mens-hair-care
Ujjwala Care Gloss Hair Serum,100 ml,490,https://chaldal.com/mens-hair-care
Ujjwala Care Anti Hairfall Men Hair Oil,100 ml,200,https://chaldal.com/mens-hair-care
Beardo Mustache & Beard Extra Strong Wax,50 gm,1099,https://chaldal.com/mens-hair-care
Red King Men's Cooling Oil,200 ml,280,https://chaldal.com/mens-hair-care
Bigen Hair Color & Conditioner (Light Brown),80 gm,750,https://chaldal.com/mens-hair-care
Bigen Hair Color & Conditioner (Natural Brown),80 gm,700,https://chaldal.com/mens-hair-care
Bigen Hair Color & Conditioner (Dark Brown),80 gm,700,https://chaldal.com/mens-hair-care
Bigen Hair Color & Conditioner (Natural Black),80 gm,700,https://chaldal.com/mens-hair-care
Livon Hair Serum,18 ml,140,https://chaldal.com/mens-hair-care
Parachute Advansed Aloe Vera Hair Oil 250 ml,2 pcs,640,https://chaldal.com/mens-hair-care
Livon Hair Serum,50 ml,300,https://chaldal.com/mens-hair-care
Gatsby Water Gloss Soft,150 gm,519,https://chaldal.com/mens-hair-care
Gatsby Hair Spray,250 ml,699,https://chaldal.com/mens-hair-care
Enchanteur Perfumed Body Lotion Charming Satin Smooth,500 ml,1700,https://chaldal.com/lotion-cream
Emami Fair And Handsome Fairness Cream,30 gm,200,https://chaldal.com/lotion-cream
Lafz Aqua Sunscreen,100 ml,750,https://chaldal.com/lotion-cream
Parachute SkinPure Aloe Vera Gel,100 ml,205,https://chaldal.com/lotion-cream
Parachute SkinPure Aloe Vera Gel,50 ml,120,https://chaldal.com/lotion-cream
Eunyul Tomato Soothing Gel,300 gm,1400,https://chaldal.com/lotion-cream
Garnier Body Bright Complete Serum Milk UV,400 ml,1480,https://chaldal.com/lotion-cream
Emami Fair And Handsome Fairness Cream,60 gm,350,https://chaldal.com/lotion-cream
Tibet Pomade,50 ml,70,https://chaldal.com/lotion-cream
Care:Nel Anti-Melasma Cica Cream,40 ml,1373,https://chaldal.com/lotion-cream
Simple Kind to Skin Hydrating Light Moisturiser,125 ml,887,https://chaldal.com/lotion-cream
Comely Shower Gel (Sunshine Garden),350 ml,300,https://chaldal.com/mens-shower-gels
The Dermalix Rose Soothing Shower Gel,250 ml,350,https://chaldal.com/mens-shower-gels
Dettol Skincare Bodywash,250 ml,225,https://chaldal.com/mens-shower-gels
Lux Body Wash French Rose & Almond Oil,245 ml,220,https://chaldal.com/mens-shower-gels
Dettol Aloe Vera Bodywash,250 ml,225,https://chaldal.com/mens-shower-gels
Dettol Cool Bodywash,250 ml,225,https://chaldal.com/mens-shower-gels
Dettol Skincare Bodywash Refill,170 ml,125,https://chaldal.com/mens-shower-gels
Dettol Lasting Fresh Bodywash Refill,170 ml,125,https://chaldal.com/mens-shower-gels
Dettol Original Bodywash,250 ml,200,https://chaldal.com/mens-shower-gels
Dettol Fresh Antibacterial Bodywash Citrus & Orange Blossom,250 ml,350,https://chaldal.com/mens-shower-gels
Nivea Men Shower Gel Power Fresh,250 ml,700,https://chaldal.com/mens-shower-gels
Nivea Men Pure Impact Shower Gel,250 ml,650,https://chaldal.com/mens-shower-gels
Biore Mens Hygienic Energy Shower Gel,250 ml,750,https://chaldal.com/mens-shower-gels
Biore Mens Cool Energy Shower Gel,250 ml,750,https://chaldal.com/mens-shower-gels
St. Ives Fresh Skin Apricot Body Wash,400 ml,850,https://chaldal.com/mens-shower-gels
Fiama Gel Bar Soap Patchouli & Macadamia,125 gm,245,https://chaldal.com/mens-shower-gels
Nivea Men Shower Gel Active Clean,250 ml,650,https://chaldal.com/mens-shower-gels
Nivea Men Energy Shower Gel,250 ml,650,https://chaldal.com/mens-shower-gels
Nivea Men Cool Kick Shower Gel,250 ml,650,https://chaldal.com/mens-shower-gels
Palmolive Aroma Alluring Love Body Wash For Women&Men,250 ml,650,https://chaldal.com/mens-shower-gels
Palmolive Aroma Sweet Delight Body Wash,250 ml,650,https://chaldal.com/mens-shower-gels
Germnil Hand Sanitizer With Dispenser,250 ml,220,https://chaldal.com/hand-sanitizer
D-Care Instant Hand Sanitizer,5 ltr,2525,https://chaldal.com/hand-sanitizer
Savlon Instant Hand Sanitizer,200 ml,200,https://chaldal.com/hand-sanitizer
Savlon Hand Sanitizer,50 ml,80,https://chaldal.com/hand-sanitizer
Savlon Hand Rub,250 ml,130,https://chaldal.com/hand-sanitizer
Sepnil Instant Hand Sanitizer,40 ml,80,https://chaldal.com/hand-sanitizer
Sepnil Instant Hand Sanitizer,200 ml,250,https://chaldal.com/hand-sanitizer
Sensodyne Complete Protection Toothbrush (Buy 2 Get 1 Free),3 pcs,349,https://chaldal.com/toothbrushes
Sensodyne Sensitivity & Gum Toothbrush,each,169,https://chaldal.com/toothbrushes
Sensodyne Gentle Care (Buy 1 Get 1 Free),2 pcs,229,https://chaldal.com/toothbrushes
Sensodyne Expert Brush (Buy 2 Get 1 Free),3 pcs,329,https://chaldal.com/toothbrushes
Parodontax Toothbrush,each,179,https://chaldal.com/toothbrushes
ProDentalB Dynamite Toothbrush,each,219,https://chaldal.com/toothbrushes
Sensodyne Sensitivity & Gum Toothbrush (Buy 2 Get 1 Free),3 pcs,400,https://chaldal.com/toothbrushes
Sensodyne Expert Brush,each,210,https://chaldal.com/toothbrushes
Sensodyne Daily Care Toothbrush,each,70,https://chaldal.com/toothbrushes
Sensodyne Sensitive Toothbrush (Ultra Soft),each,110,https://chaldal.com/toothbrushes
Sensodyne Multicare Toothbrush,each,140,https://chaldal.com/toothbrushes
Sensodyne Deep Clean Toothbrush (Buy 2 Get 1 Free),3 pcs,280,https://chaldal.com/toothbrushes
Colgate 360 Whole Mouth Clean Toothbrush,each,212,https://chaldal.com/toothbrushes
Oral-B Crisscross Toothbrush,each,180,https://chaldal.com/toothbrushes
Trisa Toothbrush Pearl White Soft (Assorted colour),each,290,https://chaldal.com/toothbrushes
Trisa Toothbrush Pearl White Medium (Assorted colour),each,290,https://chaldal.com/toothbrushes
Trisa Toothbrush Perfect White Medium (Assorted colour),each,500,https://chaldal.com/toothbrushes
Trisa Tooth Brush Focus Pro Clean Soft (Assorted colour),each,200,https://chaldal.com/toothbrushes
Trisa Tooth Brush Focus Pro Clean Medium (Assorted colour),each,290,https://chaldal.com/toothbrushes
Trisa Junior Toothbrush 6+ Years (Assorted colour),each,370,https://chaldal.com/toothbrushes
Dr West Toothbrush Hard,each,169,https://chaldal.com/toothbrushes
Colgate Gentle Sensitive 4 pcs Promo Toothbrush,each,318,https://chaldal.com/toothbrushes
Colgate Gentle Sensitive Toothbrush,each,105,https://chaldal.com/toothbrushes
ProDentalB Rice Husk Toothbrush,2 pcs,495,https://chaldal.com/toothbrushes
Colgate Charcoal Gold 360 Toothbrush,each,212,https://chaldal.com/toothbrushes
Sensodyne Toothbrush Family Pack (Buy 2 Get 1 Free),3 pcs,220,https://chaldal.com/toothbrushes
ProDentalB Flexible Toothbrush,each,120,https://chaldal.com/toothbrushes
Sensodyne Complete Protection Toothbrush,each,179,https://chaldal.com/toothbrushes
Dr West Tooth Brush Soft,each,189,https://chaldal.com/toothbrushes
Colgate Slim Fit Charcoal Soft Toothbrush,each,160,https://chaldal.com/toothbrushes
La Espanola Extra Virgin Olive Oil,500 ml,1350,https://chaldal.com/body-hair-oil
Ujjwala Care Anti Hairfall Herbal Hair Oil,100 ml,200,https://chaldal.com/body-hair-oil
Ujjwala Care Skin Lightening Body Oil,200 ml,380,https://chaldal.com/body-hair-oil
Ujjwala Care Skin Lightening Body Oil,100 ml,200,https://chaldal.com/body-hair-oil
Maya All Natural Moroccan Argan Oil,30 ml,850,https://chaldal.com/body-hair-oil
Maya All Natural Spanish Rosehip Seed Oil,30 ml,850,https://chaldal.com/body-hair-oil
Maya True Herbs Marula Oil,30 ml,850,https://chaldal.com/body-hair-oil
Kd Natures Aid Rose Oil,50 ml,280,https://chaldal.com/body-hair-oil
Olio Orolio Massage Oil,250 ml,480,https://chaldal.com/body-hair-oil
Ambassador Spanish Olive Oil,250 ml,780,https://chaldal.com/body-hair-oil
Oillina Natural Skin Care Olive Oil,100 ml,220,https://chaldal.com/body-hair-oil
Nivea Men Oil Control Moisturizer,50 ml,850,https://chaldal.com/body-hair-oil
Parachute SkinPure Beauty Olive Oil,200 ml,320,https://chaldal.com/body-hair-oil
Olitalia Italian Olive Oil,100 ml,475,https://chaldal.com/body-hair-oil
Parachute Advansed Aloe Vera Hair Oil 250 ml,2 pcs,640,https://chaldal.com/body-hair-oil
Livon Hair Serum,50 ml,300,https://chaldal.com/body-hair-oil
Bio Oil Specialist Skincare Oil,60 ml,650,https://chaldal.com/body-hair-oil
Meril Olive Oil Tin Jar,150 ml,450,https://chaldal.com/body-hair-oil
Himani Navaratna Cool Ayurvedic Hair Oil,200 ml,280,https://chaldal.com/body-hair-oil
Ujjwala Care Anti Hairfall Herbal Hair Oil,200 ml,380,https://chaldal.com/body-hair-oil
Maya True Herbs Cooling Coconut Hair Oil,200 ml,250,https://chaldal.com/body-hair-oil
Vaseline Lip Therapy Original,4.8 gm,225,https://chaldal.com/lipsticks-lip-balm
Vaseline Lip Therapy Rosy Lips,20 gm,350,https://chaldal.com/lipsticks-lip-balm
Meril Lip Balm Lemon,4.8 gm,50,https://chaldal.com/lipsticks-lip-balm
Vaseline Lip Therapy Original,20 gm,259,https://chaldal.com/lipsticks-lip-balm
Vaseline Lip Therapy Aloe Vera,20 gm,309,https://chaldal.com/lipsticks-lip-balm
Lilac Lip Balm Rose,30 gm,200,https://chaldal.com/lipsticks-lip-balm
Lipsilk Lip Balm Strawberry,7 gm,210,https://chaldal.com/lipsticks-lip-balm
Nivea Soft Rose Lip Care,4.8 gm,500,https://chaldal.com/lipsticks-lip-balm
Meril Lip Balm Strawberry,4.8 gm,50,https://chaldal.com/lipsticks-lip-balm
Glow & Lovely Face Cream Blemish Balm,40 gm,240,https://chaldal.com/lipsticks-lip-balm
Vaseline Lip Therapy Rose & Almond Oil,20 gm,350,https://chaldal.com/lipsticks-lip-balm
Keya Lipgel Tube,6 gm,18,https://chaldal.com/lipsticks-lip-balm
Meril Lipgel,each,50,https://chaldal.com/lipsticks-lip-balm
Ice Cool Prickly Heat Powder,100 gm,65,https://chaldal.com/talcom-powder
Dermicool Prickly Heat Powder Regular,150 gm,546,https://chaldal.com/talcom-powder
White Tone Face Powder,50 gm,300,https://chaldal.com/talcom-powder
Cuticura Talcum Powder All Purpose,250 gm,650,https://chaldal.com/talcom-powder
Enchanteur Perfumed Talc Powder Romantic,125 gm,399,https://chaldal.com/talcom-powder
Revive Active Sun Block Powder,200 gm,105,https://chaldal.com/talcom-powder
Johnson's Baby Powder,300 gm,750,https://chaldal.com/talcom-powder
Tibet Luxuary Sun Protect Talcum Powder,200 gm,105,https://chaldal.com/talcom-powder
Tibet Prickly Heat Powder,100 gm,60,https://chaldal.com/talcom-powder
Pond's Talcum Powder Sandal,100 gm,375,https://chaldal.com/talcom-powder
Deli Calculator 12 Digits (Black),each,700,https://chaldal.com/calculators
Citiplus Scientific Electronic Calculator (Sx-991 Es) Plus,each,1229,https://chaldal.com/calculators
Citiplus Scientific Electronic Calculator (Sx-991 Ms),each,729,https://chaldal.com/calculators
Casio Hand Held Calculator 8 Digit (HL-4A),25 gm,190,https://chaldal.com/calculators
Casio Scientific Calculator (FX 991ES Plus),each,1339,https://chaldal.com/calculators
Deli (M198) Basic Calculator 12 Digit,each,689,https://chaldal.com/calculators
Casio Calculator 12 Digit (MJ-120 D),each,780,https://chaldal.com/calculators
Kangaro Stapler Pin No.10 Small 1000 staples,,39,https://chaldal.com/stapler-punch
Deli Stapler Machine (Green),each,90,https://chaldal.com/stapler-punch
Deli Stapler Machine (Blue),each,90,https://chaldal.com/stapler-punch
Kangaro Punch Machine (Light Yellow Green),each,179,https://chaldal.com/stapler-punch
Kangaro Pin Remover (Red),each,109,https://chaldal.com/stapler-punch
Kangaro Pin Remover (Black),each,149,https://chaldal.com/stapler-punch
Deli Stapler Machine (White),each,80,https://chaldal.com/stapler-punch
Deli Pin Remover,each,79,https://chaldal.com/stapler-punch
Deli Stapler Machine,each,215,https://chaldal.com/stapler-punch
Kangaro Stapler Machine Medium,each,189,https://chaldal.com/stapler-punch
Kangaro Punch Machine,each,169,https://chaldal.com/stapler-punch
Kangaro Pin Remover,each,99,https://chaldal.com/stapler-punch
Mouse Pad,each,119,https://chaldal.com/organizing-accessories
Deli Colored Push Pins,100 pcs,99,https://chaldal.com/organizing-accessories
RFL Good Luck Sponge Damper,each,25,https://chaldal.com/organizing-accessories
RFL Good Luck Multiple Organizer,each,220,https://chaldal.com/organizing-accessories
Rubber Bands,100 gm,119,https://chaldal.com/organizing-accessories
Deli Office Pin 1 box,50 gm,40,https://chaldal.com/organizing-accessories
Deli Colored Paper Clips,100 pcs,69,https://chaldal.com/organizing-accessories
A4 Tech Optical USB Mouse,each,595,https://chaldal.com/organizing-accessories
"Binder Clip (1"")",12 pcs,90,https://chaldal.com/organizing-accessories
Board Duster,each,59,https://chaldal.com/organizing-accessories
ID Card Holder (T-014H),each,29,https://chaldal.com/organizing-accessories
Binding Needle,each,49,https://chaldal.com/organizing-accessories
Deli Clip Box,each,70,https://chaldal.com/organizing-accessories
ID Card Holder (T-014V),each,29,https://chaldal.com/organizing-accessories
Pin Holder,each,89,https://chaldal.com/organizing-accessories
Artline Stamp Pad 106×67 mm,each,99,https://chaldal.com/organizing-accessories
"Binder Clip (2"")",12 pcs,159,https://chaldal.com/organizing-accessories
Deli Fingertip Moistener,each,150,https://chaldal.com/organizing-accessories
Deli Anti Cutter (Blue),each,159,https://chaldal.com/cutting-2
Deli Scissors (Pink),each,60,https://chaldal.com/cutting-2
Deli Anti Cutter (E2091),each,180,https://chaldal.com/cutting-2
Deli Stainless Steel Multi Purpose Scissors 7 Inch,each,100,https://chaldal.com/cutting-2
Deli Stainless Steel Scissors 7.5 inch,each,199,https://chaldal.com/cutting-2
Deli Anti Cutter (E2041),each,129,https://chaldal.com/cutting-2
Deli Cutter (E2056),each,198,https://chaldal.com/cutting-2
Deli Anti Cutter Knife Blade Small,10 pcs,45,https://chaldal.com/cutting-2
Deli Stainless Steel Scissors 8 1/4 inch,each,199,https://chaldal.com/cutting-2
Deli Correction Pen Cover Up (White) 8 ml,each,49,https://chaldal.com/pens
Matador i-teen Aroma Ball Pen Black Ink,6 pcs,73,https://chaldal.com/pens
Deli Correction Pen 7 ml,each,80,https://chaldal.com/pens
Econo Soft Grip Ball Pen,10 pcs,100,https://chaldal.com/pens
Linc Glycer Ball Pen Red,6 pcs,159,https://chaldal.com/pens
Matador I-Teen Pen,6 pcs,70,https://chaldal.com/pens
Red Leaf 707 Permanent Marker (Red),each,79,https://chaldal.com/highlighters
Red Leaf 707 Permanent Marker (Blue),each,79,https://chaldal.com/highlighters
Red Leaf White Board Marker Pen 737 (Black),each,139,https://chaldal.com/highlighters
Faber Castell Highlighter Marker (Nion Red),each,79,https://chaldal.com/highlighters
Deli Liquid Highlighter Chisel Tip (Yellow),each,35,https://chaldal.com/highlighters
Red Leaf 707 Permanent Marker (Black),each,109,https://chaldal.com/highlighters
Red Leaf 303 Flourescent Highlighter (Pink),each,59,https://chaldal.com/highlighters
Red Leaf 303 Flourescent Highlighter (Blue),each,59,https://chaldal.com/highlighters
Red Leaf 303 Flourescent Highlighter (Orange),each,59,https://chaldal.com/highlighters
Red Leaf 303 Flourescent Highlighter (Green),each,59,https://chaldal.com/highlighters
Faber Castell Highlighter Marker (Green),each,45,https://chaldal.com/highlighters
Faber Castell Highlighter Marker (Blue),each,45,https://chaldal.com/highlighters
Faber Castell Highlighter Marker (Yellow),each,45,https://chaldal.com/highlighters
Red Leaf White Board Marker Pen (Black),each,139,https://chaldal.com/highlighters
Horse Refill Ink For Stamp Pad 30 cc (Violet),each,71,https://chaldal.com/printer-ink
Horse Stamp Pad (UN-Ink),each,179,https://chaldal.com/printer-ink
Printex Laser Toner Cartridge (48A),each,2459,https://chaldal.com/printer-ink
Printex Laser Toner Cartridge (85A),each,999,https://chaldal.com/printer-ink
Printex Laser Toner Cartridge (79A),each,1209,https://chaldal.com/printer-ink
Visa Laser Toner Cartridge (48A),each,1999,https://chaldal.com/printer-ink
Visa Laser Toner Cartridge (79A),each,839,https://chaldal.com/printer-ink
Visa Laser Toner Cartridge (285A - P1102),each,929,https://chaldal.com/printer-ink
Faber Castell Pencil 7420 HB,12 pcs,125,https://chaldal.com/pencils
Faber Castell Pencil HB (Gold Faber),12 pcs,320,https://chaldal.com/pencils
Faber Castell Red Matt Pencil HB,12 pcs,156,https://chaldal.com/pencils
Fresh Campus 4B Pencil 66 gm,12 pcs,120,https://chaldal.com/pencils
Fresh Campus 2B Pencil 68 gm,12 pcs,120,https://chaldal.com/pencils
Faber Castell HB pencil (with Eraser),12 pcs,249,https://chaldal.com/pencils
Deli Whiteboard Eraser (Grey),each,50,https://chaldal.com/erasers-correction-fluid
RFL Good Luck Duster Blue,each,35,https://chaldal.com/erasers-correction-fluid
RFL Good Luck Duster Red,each,30,https://chaldal.com/erasers-correction-fluid
Deli Correction Pen Quick Drying 8 ml,each,55,https://chaldal.com/erasers-correction-fluid
Pencil Sharpner (94529),each,19,https://chaldal.com/erasers-correction-fluid
University khata 300 Pages,each,169,https://chaldal.com/notebook-diary
RFL Good Luck Kids Arabic Book,each,30,https://chaldal.com/notebook-diary
Register Book 150 pages,,90,https://chaldal.com/notebook-diary
Register Book 300 Page,each,179,https://chaldal.com/notebook-diary
University khata 300 Pages,each,169,https://chaldal.com/school-supplies
Pencil Bag (Yellow),each,40,https://chaldal.com/school-supplies
Pencil Box (Red),each,114,https://chaldal.com/school-supplies
Pencil Box (Pink),each,114,https://chaldal.com/school-supplies
Pencil Box (Purple),each,114,https://chaldal.com/school-supplies
Pencil Box (Blue),each,114,https://chaldal.com/school-supplies
Matador i-teen Aroma Ball Pen Black Ink,6 pcs,73,https://chaldal.com/school-supplies
Deli Compass Set,each,400,https://chaldal.com/school-supplies
Casio Scientific Calculator (FX 991ES Plus),each,1339,https://chaldal.com/school-supplies
Faber Castell HB pencil (with Eraser),12 pcs,249,https://chaldal.com/school-supplies
LCD Writing Tablet 8.5 Inches,each,299,https://chaldal.com/school-supplies
Petslife Lorikeet Diet Bird Food,250 gm,599,https://chaldal.com/bird-food
Petslife Fruit Mix Pellets For Parrots,150 gm,350,https://chaldal.com/bird-food
Gold Wings Premium Budgies Mix,1 kg,529,https://chaldal.com/bird-food
SmartHeart Rabbit Food Veggies & Cereals,200 gm,99,https://chaldal.com/bird-food
Varsele Laga Nutri A19 Bird Food,800 gm,1799,https://chaldal.com/bird-food
Versele Laga Rabbit Food Crock Complete (Carrot),50 gm,359,https://chaldal.com/bird-food
Singapore Math Book 1B,each,450,https://chaldal.com/toys-sports
Deer Football (Size 5),each,909,https://chaldal.com/toys-sports
Bear Hug Me Soft Toy,each,1375,https://chaldal.com/toys-sports
Hello Kitty Big Love soft Toy,each,1090,https://chaldal.com/toys-sports
Taddy Bear Galice Soft Toy,each,870,https://chaldal.com/toys-sports
Pooh Bear Size M,each,990,https://chaldal.com/toys-sports
Birthday Celebration Balloon,20 pcs,150,https://chaldal.com/toys-sports
Golden Wings Badminton Shuttlecock,12 pcs,500,https://chaldal.com/toys-sports
Happy Anniversary Foil (Golden) 16 Letters,,195,https://chaldal.com/toys-sports
LCD Writing Tablet 8.5 Inches,each,299,https://chaldal.com/toys-sports
Golden Wing G10 Badminton Shuttlecock,6 pcs,399,https://chaldal.com/toys-sports
Pierre Cardin Natural Look Foundation,30 ml,1250,https://chaldal.com/beauty
Lipsilk Lip Balm Strawberry,7 gm,210,https://chaldal.com/beauty
Zayn & Myza Breathable Nail Enamel Strawberry Jelly,6 ml,390,https://chaldal.com/beauty
Zayn & Myza Breathable Nail Enamel Red Velvet,6 ml,390,https://chaldal.com/beauty
Zayn & Myza Breathable Nail Enamel Pink Popsicle,6 ml,390,https://chaldal.com/beauty
Zayn & Myza Breathable Nail Enamel Mauve Cheesecake,6 ml,390,https://chaldal.com/beauty
Lafz Lip Color Valley Of Roses,5.5 ml,990,https://chaldal.com/beauty
Ligion Face Magic Gold,50 gm,200,https://chaldal.com/beauty
Ligion Ladies Uptan,70 gm,70,https://chaldal.com/beauty
Woman's World Uptan,150 gm,100,https://chaldal.com/beauty
Mobil Delvac MX 15W-40,5 ltr,2900,https://chaldal.com/vehicle-essentials
Alex Car Wash,500 ml,345,https://chaldal.com/vehicle-essentials
Petronas Mach 5 Plus 20w-50 (API SJ),4 ltr,1480,https://chaldal.com/vehicle-essentials
Super V Multi Grade Engine Oil 20W-50,1 ltr,689,https://chaldal.com/vehicle-essentials
Godrej Aer Cool Surf Blue Click Gel AC Vent Car Freshener,each,399,https://chaldal.com/vehicle-essentials
Alex Car Shampoo & Wax,500 ml,495,https://chaldal.com/vehicle-essentials
Mobil Super Moto 10W-30,1 ltr,625,https://chaldal.com/vehicle-essentials
Mobil Super Moto 20W-40,1 ltr,625,https://chaldal.com/vehicle-essentials
"Forged Steel Wrench (300 mm X 12"")",each,449,https://chaldal.com/vehicle-essentials
Golden Grain White Sesame Seed (Til),100 gm,85,https://chaldal.com/keto-food
Golden Grain Chia Seed,100 gm,95,https://chaldal.com/keto-food
Lomba Lebu (Long Lemon),4 pcs,25,https://chaldal.com/keto-food
Aarong Dairy Sour Curd,500 gm,120,https://chaldal.com/keto-food
Duck Eggs (Hasher Dim),6 pcs,115,https://chaldal.com/keto-food
Quail Eggs,20 pcs,89,https://chaldal.com/keto-food
Aarong Dairy Austagram Cheese,200 gm,190,https://chaldal.com/keto-food
Bengal Meat Beef Keema ± 50 gm,1 kg,1050,https://chaldal.com/keto-food
Best's Mushroom Choice Whole Tin,425 gm,182,https://chaldal.com/keto-food
Koral Fish After Cutting ± 50 gm,1 kg,1039,https://chaldal.com/keto-food
Walnuts (Akhrot),100 gm,179,https://chaldal.com/keto-food
Peanut Peeled (Vaja Cheena Badam),100 gm,35,https://chaldal.com/keto-food
Cashew Nut (Kaju Badam),100 gm,179,https://chaldal.com/keto-food
Brooke Bond Taaza Black Tea,400 gm,250,https://chaldal.com/keto-food
Chia Seed,100 gm,59,https://chaldal.com/keto-food
Nestle Nescafe Classic Instant Coffee Jar,45 gm,275,https://chaldal.com/keto-food
Kazi & Kazi Organic Green Tea 40 pcs,60 gm,215,https://chaldal.com/keto-food
White Sesame Seed (Til),100 gm,45,https://chaldal.com/keto-food
Mozzarella Cheese,250 gm,270,https://chaldal.com/keto-food
Clariss Olive Oil Pomace Glass Bottle,250 ml,495,https://chaldal.com/keto-food
Luglio Pomace Olive Oil,500 ml,475,https://chaldal.com/keto-food
Amul Dark Chocolate Minis Gable Pouch,100 gm,469,https://chaldal.com/keto-food
Vivo Ambient Whip Topping with Vegetable Fat,1100 gm,736,https://chaldal.com/keto-food
Saffola Honey,500 gm,430,https://chaldal.com/keto-food
Grand'Or UHT Cooking Cream,1000 gm,1550,https://chaldal.com/keto-food
Lactima Slice Cheese (12 Slice),200 gm,510,https://chaldal.com/keto-food
Eru Slice Cheese Cheddar Herb (8 Slice),150 gm,790,https://chaldal.com/keto-food
Ispahani Blender's Choice Premium Green Tea Bag 70 gm,50 pcs,205,https://chaldal.com/keto-food
Ceylon Organic Extra Virgin Coconut Oil,500 ml,1590,https://chaldal.com/keto-food
Hibiscus Premium Whole Baby Corn In Brine,425 gm,360,https://chaldal.com/keto-food
Welcome Light Meat Tuna In Sunflower Oil (Flake),170 gm,190,https://chaldal.com/keto-food
BPM White Till,200 gm,90,https://chaldal.com/keto-food
Nut Candy Wasabi Coated Green Peas,180 gm,550,https://chaldal.com/keto-food
Lipton Green Tea Bag Honey and Lemon,50 pcs,150,https://chaldal.com/keto-food
Aarong Dairy Cheese Spread Garlic,180 gm,300,https://chaldal.com/keto-food
Aarong Dairy Cheese Spread Classic,180 gm,290,https://chaldal.com/keto-food
Hosen Mushroom Choice Whole Can,425 gm,350,https://chaldal.com/keto-food
Hosen Green Peas Choice Whole Can,397 gm,200,https://chaldal.com/keto-food
Ispahani Blender's Choice Premium Green Tea 35 gm,25 pcs,110,https://chaldal.com/keto-food
Almarai Spreadable Cream Cheese,200 gm,619,https://chaldal.com/keto-food
Twinings Green Tea & Lemon 25 Tea bags,each,850,https://chaldal.com/keto-food
Figaro Pitted Black Olive,340 gm,395,https://chaldal.com/keto-food
Tong Garden Salted Peanuts Can,150 gm,695,https://chaldal.com/keto-food
Nautilus Lite Tuna Chunk Soybean Oil,165 gm,319,https://chaldal.com/keto-food
Hibiscus Mushrooms Choice Whole Can,425 gm,229,https://chaldal.com/keto-food
Aarong Dairy Pure Ghee,900 gm,1735,https://chaldal.com/keto-food
Farmer's Gold Amlaki Powder,100 gm,120,https://chaldal.com/keto-food
Dettol Fresh Liquid Handwash Refill,170 ml,80,https://chaldal.com/handwash-handrub
Dettol Fresh Liquid Handwash Pump,200 ml,110,https://chaldal.com/handwash-handrub
Dettol Handwash Original Liquid Refill,170 ml,80,https://chaldal.com/handwash-handrub
Dettol Handwash Original Liquid Pump,200 ml,110,https://chaldal.com/handwash-handrub
ACI Savlon Ocean Blue Antiseptic Handwash Refill,170 ml,80,https://chaldal.com/handwash-handrub
Dettol Handwash Skincare Liquid Refill,170 ml,80,https://chaldal.com/handwash-handrub
Dettol Handwash Re-Energize Liquid Refill,750 ml,270,https://chaldal.com/handwash-handrub
Savlon Instant Hand Sanitizer,200 ml,200,https://chaldal.com/handwash-handrub
Savlon Hand Sanitizer,50 ml,80,https://chaldal.com/handwash-handrub
Dettol Handwash Re-Energize Liquid,5 ltr,1400,https://chaldal.com/handwash-handrub
Hexisol Hand Rub,50 ml,55,https://chaldal.com/handwash-handrub
Hexisol Hand Rub,250 ml,140,https://chaldal.com/handwash-handrub
Sepnil Instant Hand Sanitizer,40 ml,80,https://chaldal.com/handwash-handrub
Dettol Handwash Aloe Vera Liquid Pump,200 ml,110,https://chaldal.com/handwash-handrub
Dettol Handwash Aloe Vera Liquid Refill,170 ml,80,https://chaldal.com/handwash-handrub
Sepnil Instant Hand Sanitizer,200 ml,250,https://chaldal.com/handwash-handrub
Dettol Handwash Cool Liquid Refill,170 ml,80,https://chaldal.com/handwash-handrub
Dettol Handwash Cool Liquid Pump,200 ml,110,https://chaldal.com/handwash-handrub
Dettol Handwash Skincare Liquid Pump,200 ml,110,https://chaldal.com/handwash-handrub
Lifebuoy Handwash Total Pump,200 ml,120,https://chaldal.com/handwash-handrub
Sepnil Face Mask (Black Colour),50 pcs,320,https://chaldal.com/face-masks-safety
Savlon Face Mask 1 Box,50 pcs,320,https://chaldal.com/face-masks-safety
Mop Cap,100 pcs,280,https://chaldal.com/face-masks-safety
Home Crafts Mr. & Mrs. Couple Mask Black & White (4 Ply),2 pcs,250,https://chaldal.com/face-masks-safety
Germnil Surgical Face Mask,50 pcs,500,https://chaldal.com/face-masks-safety
Sepnil Face Mask 1 Box,50 pcs,320,https://chaldal.com/face-masks-safety
Protective Safety Goggles,each,199,https://chaldal.com/face-masks-safety
Colgate Plax Peppermint Mouth Wash,750 ml,1160,https://chaldal.com/mouthwashes
Colgate Plax Peppermint Mouth Wash,500 ml,585,https://chaldal.com/mouthwashes
Colgate Plax Herbal Salt Mouth Wash,500 ml,1260,https://chaldal.com/mouthwashes
Colgate Plax Freshmint Mouth Wash,750 ml,815,https://chaldal.com/mouthwashes
Colgate Plax Freshmint Mouth Wash,250 ml,540,https://chaldal.com/mouthwashes
Zandu Balm Ultra Power,8 ml,210,https://chaldal.com/mouthwashes
Ring Guard Fast Relief Balm,12 gm,180,https://chaldal.com/mouthwashes
Thai Adult Pant Diaper M Waist Size 27-45 Inch,10 pcs,679,https://chaldal.com/adult-diapers
SmartCare Adult Diaper M 60-110 cm,10 pcs,920,https://chaldal.com/adult-diapers
Thai Adult Pant Diaper L Waist Size 30-55 Inch,10 pcs,739,https://chaldal.com/adult-diapers
Aspire Adult Diaper Belt M 76- 116 cm,8 pcs,719,https://chaldal.com/adult-diapers
Glory Adult Diaper Large (110-150 cm),8 pcs,839,https://chaldal.com/adult-diapers
SmartCare Disposable Underpads XL (60 X 90 cm),10 pcs,649,https://chaldal.com/adult-diapers
Aspire Premium Adult Wet Towel,80 pcs,400,https://chaldal.com/adult-diapers
