Item Name,Quantity/Volume,Price (BDT),Link
Broiler Whole Chicken Leg Skin On (± 50 gm),1 kg,489,https://chaldal.com/chicken-poultry
Broiler Chicken Skin On ± 50 gm,1 kg,289,https://chaldal.com/chicken-poultry
Broiler Chicken Skin Off ± 50 gm,1 kg,319,https://chaldal.com/chicken-poultry
Broiler Chicken Skin Off ± 50 gm,1.4 kg,439,https://chaldal.com/chicken-poultry
Broiler Chicken Breast Boneless ± 50 gm,1 kg,599,https://chaldal.com/chicken-poultry
Broiler Chicken Thigh Boneless ± 50 gm,1 kg,449,https://chaldal.com/chicken-poultry
Broiler Chicken Drumsticks ± 50 gm (9-12 pcs),1 kg,499,https://chaldal.com/chicken-poultry
Broiler Chicken Breast Boneless ± 25 gm,500 gm,299,https://chaldal.com/chicken-poultry
Chicken Liver (Kolija) ± 25 gm,500 gm,199,https://chaldal.com/chicken-poultry
Bengal Meat Chicken Thigh Keema ± 50 gm,1 kg,635,https://chaldal.com/chicken-poultry
Bengal Meat Whole Chicken Curry Cut ± 50 gm,1 kg,465,https://chaldal.com/chicken-poultry
Broiler Chicken Drumsticks ± 25 gm (6-8 pcs),500 gm,249,https://chaldal.com/chicken-poultry
Broiler Chicken Thigh Boneless ± 25 gm,500 gm,199,https://chaldal.com/chicken-poultry
Broiler Chicken Skin On ± 50 gm,1.4 kg,399,https://chaldal.com/chicken-poultry
Chaldal Premium Broiler Chicken Wings ± 50 gm,500 gm,219,https://chaldal.com/chicken-poultry
Chicken Liver Gizzard Mix,1 kg,239,https://chaldal.com/chicken-poultry
Chicken Keema (Net Weight ± 50 gm),1 kg,679,https://chaldal.com/chicken-poultry
Broiler Chicken Wings (± 50 gm),1 kg,459,https://chaldal.com/chicken-poultry
Broiler Chicken Breast With Bone (± 50 gm),1 kg,499,https://chaldal.com/chicken-poultry
Live Cock Chicken (Processed) ± 25 gm,500 gm,299,https://chaldal.com/chicken-poultry
Beijing Duck Meat (Net Weight ± 50 gm),1500 gm,999,https://chaldal.com/chicken-poultry
Chaldal Premium Broiler Chicken Wings ± 50 gm,500 gm,219,https://chaldal.com/premium-perishables
Telapiya Fish Processed ±50 gm,1 kg,319,https://chaldal.com/frozen-fish
Deshi Sarputi Fish ±30 gm,500 gm,179,https://chaldal.com/frozen-fish
Shol Fish Processed ±50 gm,1 kg,849,https://chaldal.com/frozen-fish
Boal Fish After Cutting  ±50 gm,1 kg,869,https://chaldal.com/frozen-fish
Pabda Fish ±30 gm,500 gm,199,https://chaldal.com/frozen-fish
Pangas Fish After Cutting ±50 gm,1 kg,279,https://chaldal.com/frozen-fish
Kaski Fish ±15 gm,250 gm,149,https://chaldal.com/frozen-fish
Rui Fish After Cutting ±50 gm,1 kg,439,https://chaldal.com/frozen-fish
Gura Chingri (Shrimp) ±15 gm,250 gm,249,https://chaldal.com/frozen-fish
Koi Fish Processed ±50 gm,1 kg,369,https://chaldal.com/frozen-fish
Shing Fish Processed ±30 gm,500 gm,299,https://chaldal.com/frozen-fish
Mix Fish (Deshi) ± 30 gm,500 gm,269,https://chaldal.com/frozen-fish
PQS Chapila Fish Processed,250 gm,165,https://chaldal.com/frozen-fish
Mola Fish Deshi ±15 gm,250 gm,169,https://chaldal.com/frozen-fish
Ayer Fish After Cutting ±30 gm,500 gm,479,https://chaldal.com/frozen-fish
Magur Fish Processed ±30 gm,500 gm,399,https://chaldal.com/frozen-fish
Silver Carp Fish After Cutting ±50 gm,1 kg,289,https://chaldal.com/frozen-fish
Tengra Fish Deshi ±20 gm,400 gm,279,https://chaldal.com/frozen-fish
Catla Fish After Cutting ±70 gm,1.5 kg,689,https://chaldal.com/frozen-fish
Puti Fish ±15 gm,250 gm,149,https://chaldal.com/frozen-fish
Tatkini Fish ±30 gm,500 gm,159,https://chaldal.com/frozen-fish
Globe Pangus Fish Sliced ± 50 gm,1 kg,370,https://chaldal.com/frozen-fish
Globe Koi Fish Processed ± 50 gm,1 kg,520,https://chaldal.com/frozen-fish
Globe Telapia Fish Processed ± 50 gm,1 kg,375,https://chaldal.com/frozen-fish
Mrigel Fish After Cutting ± 50 gm,1 kg,369,https://chaldal.com/frozen-fish
Globe Pabda Fish Whole ±30 gm,500 gm,370,https://chaldal.com/frozen-fish
Globe Deshi Mola Fish Processed (Headless) ±15 gm,250 gm,240,https://chaldal.com/frozen-fish
Globe Deshi Puti Fish Processed ±15 gm,250 gm,145,https://chaldal.com/frozen-fish
Globe White Fish Fillet (3-4 pcs) ±50 gm,1 kg,585,https://chaldal.com/frozen-fish
PQS Halda Hawor Puti Block Fish Processed,250 gm,195,https://chaldal.com/frozen-fish
PQS Halda Hawor Pabda Block Fish Processed,250 gm,260,https://chaldal.com/frozen-fish
PQS Halda Hawor Shing Block Fish Processed,250 gm,240,https://chaldal.com/frozen-fish
PQS Halda Hawor Mola Block Fish Processed,250 gm,285,https://chaldal.com/frozen-fish
PQS Halda Hawor Kaski Block Fish Processed,250 gm,238,https://chaldal.com/frozen-fish
Grass Carp Fish After Cutting ±50 gm,1 kg,369,https://chaldal.com/frozen-fish
PQS Chikra Baim Fish Processed,250 gm,285,https://chaldal.com/frozen-fish
PQS Chela Pata Fish Processed,250 gm,350,https://chaldal.com/frozen-fish
PQS Bata Fish Processed,250 gm,190,https://chaldal.com/frozen-fish
PQS Rohu Fish Processed,250 gm,235,https://chaldal.com/frozen-fish
PQS Rani Fish Processed,250 gm,405,https://chaldal.com/frozen-fish
PQS Mix Fish Processed,250 gm,210,https://chaldal.com/frozen-fish
PQS Baila Fish Processed,250 gm,190,https://chaldal.com/frozen-fish
PQS Taposhi Fish Processed,250 gm,300,https://chaldal.com/frozen-fish
PQS Tengra Fish Processed,250 gm,275,https://chaldal.com/frozen-fish
Gulsha Fish Medium ±30 gm,500 gm,389,https://chaldal.com/frozen-fish
Rupchanda Fish Medium ±30 gm,500 gm,729,https://chaldal.com/frozen-fish
Koral Fish After Cutting ± 50 gm,1 kg,1039,https://chaldal.com/frozen-fish
Carfu Fish After Cutting ±50 gm,1 kg,469,https://chaldal.com/frozen-fish
Baila Fish Medium ±30 gm,500 gm,359,https://chaldal.com/frozen-fish
Whole Hilsha Fish (Asto Ilish) ±50 gm,1.1 kg,3199,https://chaldal.com/frozen-fish
Whole Deshi Chicken Skin Off ± 25 gm,500 gm,639,https://chaldal.com/meat-new
Broiler Whole Chicken Leg Skin On (± 50 gm),1 kg,489,https://chaldal.com/meat-new
Broiler Chicken Skin On ± 50 gm,1 kg,289,https://chaldal.com/meat-new
Broiler Chicken Skin Off ± 50 gm,1 kg,319,https://chaldal.com/meat-new
Cock Chicken Skin Off ± 25 gm,500 gm,329,https://chaldal.com/meat-new
Beef Bone In ± 50 gm,1 kg,799,https://chaldal.com/meat-new
Beef Boneless ± 25 gm,500 gm,619,https://chaldal.com/meat-new
Roast Chicken ± 10 gm,275 gm,189,https://chaldal.com/meat-new
Beef Liver (Kolija),500 gm,429,https://chaldal.com/meat-new
Broiler Chicken Breast Boneless ± 50 gm,1 kg,599,https://chaldal.com/meat-new
Broiler Chicken Thigh Boneless ± 50 gm,1 kg,449,https://chaldal.com/meat-new
Beef Ribs (Shinar Mangsho),1 kg,799,https://chaldal.com/meat-new
Broiler Chicken Drumsticks ± 50 gm (9-12 pcs),1 kg,499,https://chaldal.com/meat-new
Broiler Chicken Breast Boneless ± 25 gm,500 gm,299,https://chaldal.com/meat-new
Bengal Meat Beef Keema ± 50 gm,1 kg,1050,https://chaldal.com/meat-new
Chicken Liver (Kolija) ± 25 gm,500 gm,199,https://chaldal.com/meat-new
Beef Bone In (Net Weight ± 25 gm),500 gm,409,https://chaldal.com/meat-new
Bengal Meat Beef Head Meat,1 kg,550,https://chaldal.com/meat-new
Bengal Meat Chicken Thigh Keema ± 50 gm,1 kg,635,https://chaldal.com/meat-new
Beef Head Meat Regular,1 kg,499,https://chaldal.com/meat-new
Beef Brain (Mogoz),each,519,https://chaldal.com/meat-new
Bengal Meat Whole Chicken Curry Cut ± 50 gm,1 kg,465,https://chaldal.com/meat-new
Beef Bone In ± 20 gm,250 gm,209,https://chaldal.com/meat-new
Broiler Chicken Breast With Bone ± 25 gm,500 gm,235,https://chaldal.com/meat-new
Mutton Paya,5 pcs,199,https://chaldal.com/meat-new
Broiler Chicken Drumsticks ± 25 gm (6-8 pcs),500 gm,249,https://chaldal.com/meat-new
Broiler Chicken Thigh Boneless ± 25 gm,500 gm,199,https://chaldal.com/meat-new
Quail Meat,2 pcs,169,https://chaldal.com/meat-new
Mutton Head Meat Regular (Net Weight ± 50 gm),1 kg,639,https://chaldal.com/meat-new
Halim Meat (Beef) ± 20 gm,300 gm,249,https://chaldal.com/meat-new
Chaldal Premium Broiler Chicken Wings ± 50 gm,500 gm,219,https://chaldal.com/meat-new
Whole Layer Chicken Skin Off (Net Weight ± 50 gm),1330 gm,859,https://chaldal.com/meat-new
Chicken Liver Gizzard Mix,1 kg,239,https://chaldal.com/meat-new
Beef Keema,500 gm,639,https://chaldal.com/meat-new
Chicken Keema (Net Weight ± 50 gm),1 kg,679,https://chaldal.com/meat-new
Broiler Chicken Wings (± 50 gm),1 kg,459,https://chaldal.com/meat-new
Broiler Chicken Breast With Bone (± 50 gm),1 kg,499,https://chaldal.com/meat-new
Mutton Brain (Mogoz),2 pcs,259,https://chaldal.com/meat-new
Beef Paya ± 100 gm,2 kg,1099,https://chaldal.com/meat-new
Mutton Paya,10 pcs,399,https://chaldal.com/meat-new
Mutton Bone in (Khashi) ± 50 gm,1 kg,1199,https://chaldal.com/meat-new
Pigeon Meat,each,189,https://chaldal.com/meat-new
Quail Meat,4 pcs,299,https://chaldal.com/meat-new
Bengal Meat Beef Paya,2 kg,1120,https://chaldal.com/meat-new
Live Cock Chicken (Processed) ± 25 gm,500 gm,299,https://chaldal.com/meat-new
Whole Deshi Duck Skin On (Net Weight ± 50 gm),900 gm,789,https://chaldal.com/meat-new
Beef Tripe (Vuri),1 kg,499,https://chaldal.com/meat-new
Cow Lungs ± 25 gm,500 gm,249,https://chaldal.com/meat-new
Deshi Duck With Skin After Cutting (Net Weight ± 50 gm),1 kg,899,https://chaldal.com/meat-new
Beijing Duck Meat After Cutting (Net Weight ± 50 gm),1 kg,799,https://chaldal.com/meat-new
Golden Grain Dried Chillies (Shukna Morich),100 gm,70,https://chaldal.com/spices
Golden Grain Poppy Seed (Posto Dana),50 gm,195,https://chaldal.com/spices
Golden Grain Black Pepper (Gol Morich) Whole,100 gm,195,https://chaldal.com/spices
Golden Grain Mustard Seed (Red),100 gm,35,https://chaldal.com/spices
Golden Grain Cumin (Jira),100 gm,120,https://chaldal.com/spices
Golden Grain Cardamom (Elachi) Whole,50 gm,350,https://chaldal.com/spices
Golden Grain Bay Leaf (Tejpata),100 gm,55,https://chaldal.com/spices
Golden Grain Mix Spice (Pach Foron),100 gm,60,https://chaldal.com/spices
Golden Grain Black Cumin (Kalo Jira),100 gm,100,https://chaldal.com/spices
Golden Grain Clove (Lobongo),50 gm,145,https://chaldal.com/spices
Golden Grain Coriander (Dhonia),100 gm,45,https://chaldal.com/spices
Cinnamon (Daruchini) Whole,100 gm,59,https://chaldal.com/spices
Radhuni Chilli (Morich) Powder,100 gm,75,https://chaldal.com/spices
Radhuni Cumin (Jira) Powder,100 gm,160,https://chaldal.com/spices
Radhuni Coriander (Dhonia) Powder,100 gm,60,https://chaldal.com/spices
Fenugreek (Methi) Seed,100 gm,25,https://chaldal.com/spices
Radhuni Turmeric (Holud) Powder,50 gm,40,https://chaldal.com/spices
Radhuni Garam Masala,15 gm,40,https://chaldal.com/spices
Mustard Seed (Yellow),100 gm,25,https://chaldal.com/spices
Fresh Chilli Powder,200 gm,125,https://chaldal.com/spices
Ramisa Tokma,100 gm,60,https://chaldal.com/spices
Betel Nut (Shupari),250 gm,169,https://chaldal.com/spices
Mustard Seed (Red),100 gm,25,https://chaldal.com/spices
Walnuts (Akhrot),100 gm,179,https://chaldal.com/spices
Cumin (Jira),100 gm,79,https://chaldal.com/spices
Radhuni Turmeric (Holud) Powder,200 gm,145,https://chaldal.com/spices
Radhuni Chilli (Morich) Powder,200 gm,140,https://chaldal.com/spices
Dried Chillies (Shukna Morich),100 gm,45,https://chaldal.com/spices
Cardamom (Elachi) Whole,25 gm,139,https://chaldal.com/spices
Radhuni Turmeric (Holud) Powder,100 gm,75,https://chaldal.com/spices
Radhuni Garam Masala,40 gm,95,https://chaldal.com/spices
Clove (Lobongo),50 gm,79,https://chaldal.com/spices
Radhuni Coriander (Dhonia) Powder,200 gm,110,https://chaldal.com/spices
Bay Leaf (Tejpata),100 gm,29,https://chaldal.com/spices
Radhuni Cumin (Jira) Powder,50 gm,85,https://chaldal.com/spices
Cardamom (Elachi) Whole,50 gm,269,https://chaldal.com/spices
Black Pepper (Gol Morich) Whole,50 gm,75,https://chaldal.com/spices
Chia Seed,100 gm,59,https://chaldal.com/spices
Radhuni Panch Phoran,50 gm,30,https://chaldal.com/spices
Radhuni Turmeric (Holud) Powder,500 gm,335,https://chaldal.com/spices
Radhuni Cumin (Jira) Powder,200 gm,310,https://chaldal.com/spices
Black Cumin (Kalo Jira),100 gm,49,https://chaldal.com/spices
Alu Bukhara,100 gm,119,https://chaldal.com/spices
Fennel (Mouri),100 gm,45,https://chaldal.com/spices
Radhuni Chilli (Morich) Powder,500 gm,345,https://chaldal.com/spices
Radhuni Coriander (Dhonia) Powder,500 gm,240,https://chaldal.com/spices
Radhuni Chilli (Morich) Powder,50 gm,38,https://chaldal.com/spices
Coriander (Dhonia),100 gm,35,https://chaldal.com/spices
Black Cardamom (Kalo Elachi) Whole,50 gm,199,https://chaldal.com/spices
Green Cardamom (Sobuj Elachi) Whole,50 gm,299,https://chaldal.com/spices
ACI Pure Salt,1 kg,42,https://chaldal.com/salt-sugar
Fresh Super Premium (Vacuum) Salt,1 kg,42,https://chaldal.com/salt-sugar
AJI-NO-MOTO Monosodium Glutamate,200 gm,95,https://chaldal.com/salt-sugar
Fresh Refined Sugar,1 kg,110,https://chaldal.com/salt-sugar
Teer Sugar,1 kg,110,https://chaldal.com/salt-sugar
ACI Pure Salt,500 gm,22,https://chaldal.com/salt-sugar
Starship Refined Sugar,1 kg,110,https://chaldal.com/salt-sugar
Rock Salt (Bit Lobon),100 gm,55,https://chaldal.com/salt-sugar
Sugar Candy (Tal Misri),200 gm,39,https://chaldal.com/salt-sugar
AJI-NO-MOTO Monosodium Glutamate,100 gm,50,https://chaldal.com/salt-sugar
Saad Bit Salt,100 gm,50,https://chaldal.com/salt-sugar
ACI Sprinkle Salt & Pepper Mix,100 gm,125,https://chaldal.com/salt-sugar
AJI-NO-MOTO Monosodium Glutamate,40 gm,20,https://chaldal.com/salt-sugar
Pran Iodized Salt,1 kg,42,https://chaldal.com/salt-sugar
Sis White Icing Sugar,500 gm,359,https://chaldal.com/salt-sugar
Sis Brown Sugar,800 gm,759,https://chaldal.com/salt-sugar
Sis White Sugar Cube,454 gm,500,https://chaldal.com/salt-sugar
Chickpea Flour (Boot Beshon),500 gm,69,https://chaldal.com/miscellaneous
Sagudana,200 gm,45,https://chaldal.com/miscellaneous
Foster Clark's Corn Flour,400 gm,360,https://chaldal.com/miscellaneous
Tamarind peeled (Tetul),200 gm,55,https://chaldal.com/miscellaneous
Pumpkin Seed,100 gm,99,https://chaldal.com/miscellaneous
Nutmeg (Jayfal) Whole,5 pcs,49,https://chaldal.com/miscellaneous
Fit Food Italian Seasoning,80 gm,250,https://chaldal.com/miscellaneous
Fit Food Cajun Seasoning,80 gm,250,https://chaldal.com/miscellaneous
Barilla Pasta Sauce Jar Napoletana,400 gm,599,https://chaldal.com/miscellaneous
Barilla Pasta Sauce Jar Arrabbiata,400 gm,599,https://chaldal.com/miscellaneous
Barilla Pasta Sauce Jar Basilico,400 gm,599,https://chaldal.com/miscellaneous
Kidney Bean,500 gm,129,https://chaldal.com/miscellaneous
Remia Dijon Mustard,370 gm,520,https://chaldal.com/miscellaneous
BBQ Coal Bag,1 kg,149,https://chaldal.com/miscellaneous
Bread Crumbs Loose,200 gm,45,https://chaldal.com/miscellaneous
Uncle Barn's Tempura Flour,500 gm,275,https://chaldal.com/miscellaneous
Rahul Pure Mustard Oil,1 ltr,355,https://chaldal.com/oil
Farmer's Gold Flaxseed Oil,100 ml,165,https://chaldal.com/oil
La Espanola Extra Virgin Olive Oil,500 ml,1350,https://chaldal.com/oil
Teer Fortified Soyabean Oil,2 ltr,398,https://chaldal.com/oil
Fresh Fortified Soyabean Oil,5 ltr,975,https://chaldal.com/oil
Teer Fortified Soyabean Oil,1 ltr,199,https://chaldal.com/oil
Fresh Fortified Soyabean Oil,2 ltr,398,https://chaldal.com/oil
Radhuni Pure Mustard Oil,500 ml,200,https://chaldal.com/oil
Radhuni Pure Mustard Oil,1 ltr,380,https://chaldal.com/oil
ACI Nutrilife Rice Bran Oil,5 ltr,1160,https://chaldal.com/oil
Pusti Fortified Soyabean Oil,1 ltr,199,https://chaldal.com/oil
Fortune Fortified Rice Bran Oil,5 ltr,1210,https://chaldal.com/oil
Fresh Mustard Oil,500 ml,180,https://chaldal.com/oil
Fresh Mustard Oil,1 ltr,330,https://chaldal.com/oil
Fresh Rice Bran Oil,5 ltr,1080,https://chaldal.com/oil
King's Sunflower Oil Pet,5 ltr,2100,https://chaldal.com/oil
Orkide Sunflower Oil,5 ltr,2100,https://chaldal.com/oil
Ecorganic Fortified Sunflower Oil Pet,5 ltr,2125,https://chaldal.com/oil
Foodela Mustard Oil,1 ltr,360,https://chaldal.com/oil
Foodela Mustard Oil,500 ml,180,https://chaldal.com/oil
Radhuni Pure Mustard Oil,2 ltr,750,https://chaldal.com/oil
Starship Fortified Soyabean Oil,2 ltr,398,https://chaldal.com/oil
Farmer's Gold Peanut oil,100 ml,345,https://chaldal.com/oil
Olio Orolio Olive Oil,3 ltr,4100,https://chaldal.com/oil
Olio Orolio Extra Virgin Olive Oil,5 ltr,10800,https://chaldal.com/oil
Olitalia Italian Pomace Olive Oil,250 ml,750,https://chaldal.com/oil
Sunshine Mustard Oil,1 ltr,360,https://chaldal.com/oil
Olio Orolio Olive Oil,1 ltr,1565,https://chaldal.com/oil
Olio Orolio Olive Oil,750 ml,1190,https://chaldal.com/oil
Olio Orolio Olive Oil,500 ml,900,https://chaldal.com/oil
Olio Orolio Extra Virgin Olive Oil,1 ltr,2300,https://chaldal.com/oil
Olio Orolio Extra Virgin Olive Oil,500 ml,1195,https://chaldal.com/oil
Clariss Olive Oil Pomace Glass Bottle,250 ml,495,https://chaldal.com/oil
Ceylon Organic Extra Virgin Coconut Oil,200 ml,600,https://chaldal.com/oil
Luglio Extra Virgin Olive Oil,1 ltr,1950,https://chaldal.com/oil
Golden Drop Sunflower Oil,5 ltr,2150,https://chaldal.com/oil
Ceylon Organic Extra Virgin Coconut Oil,500 ml,1590,https://chaldal.com/oil
Naturel Organic Extra Virgin Coconut Oil,500 ml,1525,https://chaldal.com/oil
Orkide Extra Virgin Olive Oil,500 ml,675,https://chaldal.com/oil
Pran Mustard Oil,1 ltr,340,https://chaldal.com/oil
Saffola Active Plus Edible Oil,5 ltr,2000,https://chaldal.com/oil
YO WE Fragrance Sesame Oil,630 ml,1045,https://chaldal.com/oil
Pran Mustard Oil,500 ml,170,https://chaldal.com/oil
Ambassador Spanish Olive Oil Can,150 ml,550,https://chaldal.com/oil
Olio Orolio Olive Oil,5 ltr,6855,https://chaldal.com/oil
Olio Orolio Extra Virgin Olive Oil,750 ml,1770,https://chaldal.com/oil
Aroma Mustard Oil,1 ltr,340,https://chaldal.com/oil
Ligion Black Seed Oil,75 ml,225,https://chaldal.com/oil
Tiara Food Color (Green),28 ml,90,https://chaldal.com/colors-flavours
Bragg Organic Apple Cider Vinegar,946 ml,1499,https://chaldal.com/colors-flavours
Hershey's Chocolate Syrup,623 gm,1029,https://chaldal.com/colors-flavours
Kikkoman Premium Soy Sauce,600 ml,679,https://chaldal.com/colors-flavours
Pran Synthetic Vinegar,650 ml,55,https://chaldal.com/colors-flavours
Kewra Jal (Screwpine Water),200 ml,29,https://chaldal.com/colors-flavours
Ahmed White Vinegar,500 ml,70,https://chaldal.com/colors-flavours
Radhuni Kasundi,285 ml,65,https://chaldal.com/colors-flavours
Foster Clark's Culinary Essence Vanilla,28 ml,140,https://chaldal.com/colors-flavours
Tiara Food Color (Red),28 ml,90,https://chaldal.com/colors-flavours
Foster Clark's Culinary Essence Orange,28 ml,160,https://chaldal.com/colors-flavours
Foster Clark's Food Color Orange,28 ml,140,https://chaldal.com/colors-flavours
American Garden Pizza Sauce Classic,397 ml,670,https://chaldal.com/colors-flavours
Hosen Gherkins Original Flavour Jar,680 gm,529,https://chaldal.com/colors-flavours
Foster Clark's Culinary Essence Rose,28 ml,140,https://chaldal.com/colors-flavours
Maggi Seasoning Sauce,680 ml,439,https://chaldal.com/colors-flavours
Saporito Red Grape Vinegar,500 ml,619,https://chaldal.com/colors-flavours
French's Classic Yellow Mustard,255 gm,460,https://chaldal.com/colors-flavours
Ahmed White Vinegar,325 ml,58,https://chaldal.com/colors-flavours
Foster Clark's Culinary Essence Strawberry,28 ml,140,https://chaldal.com/colors-flavours
Hershey's Strawberry Syrup,623 gm,939,https://chaldal.com/colors-flavours
Foster Clark's Food Colour (Red),28 ml,140,https://chaldal.com/colors-flavours
Chia Seed,100 gm,59,https://chaldal.com/premium-ingredients
Farmer's Gold Raw Turmeric powder,100 gm,140,https://chaldal.com/premium-ingredients
Farmer's Gold Protein Powder,200 gm,450,https://chaldal.com/premium-ingredients
Ligion Black Seed With Sesame Seed,100 gm,130,https://chaldal.com/premium-ingredients
Saffron (Jafran),1 gm,299,https://chaldal.com/premium-ingredients
Ching's Green Chilli Sauce,680 gm,350,https://chaldal.com/cooking-sauces
Ching's Green Chilli Sauce,190 gm,150,https://chaldal.com/cooking-sauces
Ching's Chilli Sauce,680 gm,350,https://chaldal.com/cooking-sauces
Saad Sweet Chilli Sauce,340 gm,150,https://chaldal.com/cooking-sauces
Maekrua Oyster Sauce,600 ml,639,https://chaldal.com/cooking-sauces
Kikkoman Premium Soy Sauce,600 ml,679,https://chaldal.com/cooking-sauces
Sajeeb Soya Sauce,300 ml,100,https://chaldal.com/cooking-sauces
Best's Tomato Puree,400 gm,174,https://chaldal.com/cooking-sauces
Kikkoman Soy Sauce,1 ltr,1499,https://chaldal.com/cooking-sauces
Ruchi Sweet Chili Sauce,200 gm,90,https://chaldal.com/cooking-sauces
Ruchi BBQ Sauce,200 gm,150,https://chaldal.com/cooking-sauces
Blossoms Dark Soya Sauce,500 ml,429,https://chaldal.com/cooking-sauces
Chef Le Dark Soya Sauce,500 ml,310,https://chaldal.com/cooking-sauces
Chef Le Dark Soya Sauce,250 ml,174,https://chaldal.com/cooking-sauces
Chef Le Light Soya Sauce,500 ml,294,https://chaldal.com/cooking-sauces
American Garden Pizza Sauce Classic,397 ml,670,https://chaldal.com/cooking-sauces
Ahmed Garlic Sauce,340 gm,140,https://chaldal.com/cooking-sauces
Nando's Garlic Sauce,250 gm,550,https://chaldal.com/cooking-sauces
Umami BBQ Sauce,300 ml,275,https://chaldal.com/cooking-sauces
American Garden BBQ Sauce Original,510 gm,639,https://chaldal.com/cooking-sauces
Remia Garlic Sauce,250 ml,299,https://chaldal.com/cooking-sauces
Bachun Oyster Sauce,350 ml,450,https://chaldal.com/cooking-sauces
Life Oyster Flavoured Sauce,510 gm,382,https://chaldal.com/cooking-sauces
Best's Chilli & Garlic Sauce,320 gm,210,https://chaldal.com/cooking-sauces
Suree Premium Oyster Sauce,295 ml,435,https://chaldal.com/cooking-sauces
Ching's Red Chilli Sauce,200 gm,160,https://chaldal.com/other-sauces
Ching's Green Chilli Sauce,680 gm,350,https://chaldal.com/other-sauces
Ching's Green Chilli Sauce,190 gm,150,https://chaldal.com/other-sauces
Ching's Chilli Sauce,680 gm,350,https://chaldal.com/other-sauces
Saad Sweet Chilli Sauce,340 gm,150,https://chaldal.com/other-sauces
Ruchi Sweet Chilli Sauce,350 gm,130,https://chaldal.com/other-sauces
Ahmed Hot Chilli Sauce,340 gm,129,https://chaldal.com/other-sauces
Ahmed Green Chilli Sauce,340 gm,115,https://chaldal.com/other-sauces
Pran Chilli Sauce,340 gm,150,https://chaldal.com/other-sauces
Nando's Peri Peri Hot Sauce,250 gm,549,https://chaldal.com/other-sauces
Teo Tak Seng Silver Pomfret Fish Sauce 750 cc,,495,https://chaldal.com/other-sauces
Ahmed Sweet Chilli Sauce,340 gm,140,https://chaldal.com/other-sauces
Ruchi Sweet Chili Sauce,200 gm,90,https://chaldal.com/other-sauces
Ruchi BBQ Sauce,200 gm,150,https://chaldal.com/other-sauces
Pran Green Chilli Sauce,340 gm,130,https://chaldal.com/other-sauces
Kishwan Hot Chilli Sauce,340 gm,120,https://chaldal.com/other-sauces
Mr. Hung Sweet Chilli Sauce,700 ml,500,https://chaldal.com/other-sauces
Sriracha Hot Chilli Sauce,482 gm,1200,https://chaldal.com/other-sauces
ACME Sweet Chilli Sauce,340 gm,120,https://chaldal.com/other-sauces
Barilla Pasta Sauce Jar Napoletana,400 gm,599,https://chaldal.com/other-sauces
Barilla Pasta Sauce Jar Arrabbiata,400 gm,599,https://chaldal.com/other-sauces
Barilla Pasta Sauce Jar Basilico,400 gm,599,https://chaldal.com/other-sauces
Ahmed Tamarind Sauce,340 gm,130,https://chaldal.com/other-sauces
Ahmed Garlic Sauce,340 gm,140,https://chaldal.com/other-sauces
Ahmed Chilli Sauce,340 gm,150,https://chaldal.com/other-sauces
Nando's Peri Peri Mild Sauce,250 gm,579,https://chaldal.com/other-sauces
Ruchi Red Chilli Sauce,360 gm,150,https://chaldal.com/other-sauces
Nando's Pepper Sauce X-mild,250 gm,550,https://chaldal.com/other-sauces
Nando's Extra Extra Hot Peri Peri Sauce,250 gm,550,https://chaldal.com/other-sauces
Nando's Peri Peri Wild Herb Sauce,250 gm,549,https://chaldal.com/other-sauces
Nando's Garlic Sauce,250 gm,550,https://chaldal.com/other-sauces
Umami BBQ Sauce,300 ml,275,https://chaldal.com/other-sauces
King Bell Chilli Sauce,300 ml,190,https://chaldal.com/other-sauces
Life Oriental Barbecue Sauce,250 gm,223,https://chaldal.com/other-sauces
American Garden BBQ Sauce Original,510 gm,639,https://chaldal.com/other-sauces
Suree Sweet Chilli Sauce,295 ml,375,https://chaldal.com/other-sauces
Remia Garlic Sauce,250 ml,299,https://chaldal.com/other-sauces
Best's Chilli & Garlic Sauce,320 gm,210,https://chaldal.com/other-sauces
Chicken Eggs (Layer),12 pcs,129,https://chaldal.com/eggs
Chicken Eggs Layer (White),12 pcs,119,https://chaldal.com/eggs
Chicken Eggs (Deshi),6 pcs,109,https://chaldal.com/eggs
Chicken Eggs (Layer),6 pcs,65,https://chaldal.com/eggs
Duck Eggs (Hasher Dim),6 pcs,115,https://chaldal.com/eggs
Quail Eggs,20 pcs,89,https://chaldal.com/eggs
Chicken Eggs Layer (White),6 pcs,65,https://chaldal.com/eggs
Paragon Omega 3+ Eggs,12 pcs,265,https://chaldal.com/eggs
Starship Full Cream Milk Powder,500 gm,375,https://chaldal.com/powder-milk
Starship Full Cream Milk Powder,1 kg,770,https://chaldal.com/powder-milk
Marks Full Cream Milk Powder Poly,500 gm,480,https://chaldal.com/powder-milk
Dano Daily Pushti Milk Powder,500 gm,400,https://chaldal.com/powder-milk
Marks Full Cream Milk Powder Poly,1 kg,950,https://chaldal.com/powder-milk
Dano Daily Pushti Milk Powder,1 kg,770,https://chaldal.com/powder-milk
Dano Power Full Cream Milk Powder,500 gm,480,https://chaldal.com/powder-milk
Dano Delight Full Cream Milk Powder,500 gm,480,https://chaldal.com/powder-milk
Fresh Instant Full Cream Milk Powder,500 gm,480,https://chaldal.com/powder-milk
Dano Power Full Cream Milk Powder,1 kg,950,https://chaldal.com/powder-milk
Nestle Nido Family Choice Milk Powder Pouch,500 gm,490,https://chaldal.com/powder-milk
Fresh Instant Full Cream Milk Powder,1 kg,950,https://chaldal.com/powder-milk
Nestle Nido Fortigrow Full Cream Milk Powder Tin,1 kg,1400,https://chaldal.com/powder-milk
AMA Full Cream Milk Powder,500 gm,440,https://chaldal.com/powder-milk
Farm Fresh Full Cream Milk Powder,500 gm,475,https://chaldal.com/powder-milk
Fresh Dessert Milk Powder,1 kg,750,https://chaldal.com/powder-milk
Goalini Full Cream Milk Powder,1 kg,910,https://chaldal.com/powder-milk
Marks Milk Powder Tin,1 kg,1300,https://chaldal.com/powder-milk
Cowhead Instant Milk Powder,1.8 kg,3700,https://chaldal.com/powder-milk
Fresh Insta Milk Powder,500 gm,480,https://chaldal.com/powder-milk
Pran Full Cream Milk Powder,1 kg,840,https://chaldal.com/powder-milk
Marks Young Star (16-40 years),400 gm,425,https://chaldal.com/powder-milk
Shape Up Non Fat High Protein Milk Powder,400 gm,490,https://chaldal.com/powder-milk
Nestle Nido Fortigrow Full Cream Milk Powder Tin,2.5 kg,3400,https://chaldal.com/powder-milk
Aarong Dairy Sour Curd,500 gm,120,https://chaldal.com/yogurt
Aarong Dairy Low Fat Yogurt (Sour),500 gm,110,https://chaldal.com/yogurt
Aarong Dairy Sweetened Yogurt,500 gm,150,https://chaldal.com/yogurt
Pran Sour Curd,500 ml,120,https://chaldal.com/yogurt
Shokti+ Mishti Doi,75 gm,25,https://chaldal.com/yogurt
Pran Drinking Yogurt,200 ml,30,https://chaldal.com/yogurt
Pran Sweetened Yogurt,100 gm,30,https://chaldal.com/yogurt
Aarong Dairy Pantoa,600 gm,210,https://chaldal.com/yogurt
Aarong Dairy Roshogolla,600 gm,200,https://chaldal.com/yogurt
Aarong Dairy Roshogolla (20±2 pcs),1 kg,350,https://chaldal.com/yogurt
Aarong Dairy Austagram Cheese,200 gm,190,https://chaldal.com/cheeses
Aarong Dairy Paneer,200 gm,200,https://chaldal.com/cheeses
Mozzarella Cheese,250 gm,270,https://chaldal.com/cheeses
Puck Cheese Triangles 240 gm,16 pcs,605,https://chaldal.com/cheeses
Puck Cheese Triangles 120 gm,8 pcs,305,https://chaldal.com/cheeses
Lactima Slice Cheese (12 Slice),200 gm,510,https://chaldal.com/cheeses
Eru Slice Cheese Cheddar Herb (8 Slice),150 gm,790,https://chaldal.com/cheeses
American Garden Popcorn Cheese,273 gm,400,https://chaldal.com/cheeses
Aarong Dairy Cheese Spread Garlic,180 gm,300,https://chaldal.com/cheeses
Aarong Dairy Cheese Spread Pizza,180 gm,260,https://chaldal.com/cheeses
Aarong Dairy Cheese Spread Classic,180 gm,290,https://chaldal.com/cheeses
Almarai spreadable Cream Cheese,500 gm,1290,https://chaldal.com/cheeses
Kraft Processed Cheddar Cheese Tin,190 gm,470,https://chaldal.com/cheeses
Almarai Spreadable Cream Cheese,200 gm,619,https://chaldal.com/cheeses
Starship Condensed Milk,400 gm,105,https://chaldal.com/condensed-milk-cream
No 1. Condensed Milk,400 gm,105,https://chaldal.com/condensed-milk-cream
Goalini Plus Condensed Milk,400 gm,105,https://chaldal.com/condensed-milk-cream
Danish Condensed Filled Milk,397 gm,105,https://chaldal.com/condensed-milk-cream
Nestle Coffee Mate Coffee Creamer Box,450 gm,380,https://chaldal.com/condensed-milk-cream
Vivo Ambient Whip Topping with Vegetable Fat,1100 gm,736,https://chaldal.com/condensed-milk-cream
Grand'Or UHT Cooking Cream,1000 gm,1550,https://chaldal.com/condensed-milk-cream
Nestle Coffee Mate Creamer,1 kg,850,https://chaldal.com/condensed-milk-cream
Nestle Coffee Mate Coffee Creamer Jar,400 gm,400,https://chaldal.com/condensed-milk-cream
Aarong Dairy Butter,200 gm,270,https://chaldal.com/butter-sour-cream
Milk Vita Butter,200 gm,270,https://chaldal.com/butter-sour-cream
Vivo Ambient Whip Topping with Vegetable Fat,1100 gm,736,https://chaldal.com/butter-sour-cream
Pran Butter (Fresco Container),200 gm,280,https://chaldal.com/butter-sour-cream
Lurpak Butter Unsalted,200 gm,880,https://chaldal.com/butter-sour-cream
Lurpak Salted Spreadable Butter,250 gm,990,https://chaldal.com/butter-sour-cream
Quaker Oats Poly,450 gm,350,https://chaldal.com/cereals
Nestle Koko Krunch Chocolate Cereal Box,300 gm,450,https://chaldal.com/cereals
Kellogg's Chocos Chocolate Breakfast Cereal,385 gm,490,https://chaldal.com/cereals
Nestle Munch Breakfast Cereal Box,300 gm,400,https://chaldal.com/cereals
Nestle Munch Breakfast Cereal Pouch,120 gm,170,https://chaldal.com/cereals
Kellogg's Chocos Chocolate Breakfast Cereal,127 gm,170,https://chaldal.com/cereals
Kellogg's Oats Cereal,400 gm,360,https://chaldal.com/cereals
Kellogg's Corn Flakes Original Cereal,1.1 kg,1250,https://chaldal.com/cereals
Kellogg's Chocos Chocolate Breakfast Cereal,700 gm,899,https://chaldal.com/cereals
Kellogg's Chocos Chocolate Breakfast Cereal,1.1 kg,1350,https://chaldal.com/cereals
Kellogg's Chocos Crunchy Bites Chocolate Cereal,375 gm,530,https://chaldal.com/cereals
Kellogg's Oats Cereal (Free Container),400 gm,360,https://chaldal.com/cereals
Nestle Koko Krunch Cereal Pouch,70 gm,125,https://chaldal.com/cereals
Nestle Koko Krunch Cereal,150 gm,250,https://chaldal.com/cereals
Quaker Oats Jar,450 gm,380,https://chaldal.com/cereals
Virginia White Oats,400 gm,500,https://chaldal.com/cereals
Vitalia Fit & Active Muesli,650 gm,1539,https://chaldal.com/cereals
Nestle Koko Krunch,500 gm,910,https://chaldal.com/cereals
Vitalia Chocolate Muesli,1 kg,945,https://chaldal.com/cereals
Vitalia Breakfast Muesli,1 kg,1859,https://chaldal.com/cereals
Vitalia Fruit Muesli,1 kg,1939,https://chaldal.com/cereals
Kellogg's Chocos Chocolate Breakfast Cereal,250 gm,370,https://chaldal.com/cereals
Quaker White Oats,500 gm,599,https://chaldal.com/cereals
Kellogg's Chocos Chocolate Cereal,375 gm,529,https://chaldal.com/cereals
Dabur Honey,250 gm,250,https://chaldal.com/honey
ACI Pure Multifloral Honey,250 gm,230,https://chaldal.com/honey
Dabur Sundarbans Honey,500 gm,600,https://chaldal.com/honey
Allah Shafi Natural Honey,500 gm,975,https://chaldal.com/honey
Palermo Natural Honeycomb,500 gm,1109,https://chaldal.com/honey
Dabur Honey,400 gm,400,https://chaldal.com/honey
Dabur Honey,50 gm,70,https://chaldal.com/honey
Saffola Honey,100 gm,120,https://chaldal.com/honey
Buram Black Forest Honey,250 gm,855,https://chaldal.com/honey
Buram Acacia Honey,300 gm,960,https://chaldal.com/honey
Shefa'a Honey,500 gm,810,https://chaldal.com/honey
Clariss Acacia Honey,500 gm,950,https://chaldal.com/honey
Saffola Honey,500 gm,430,https://chaldal.com/honey
Saffola Honey,250 gm,230,https://chaldal.com/honey
Hosen Pure Honey,500 gm,789,https://chaldal.com/honey
Alshifa Acacia Honey,500 gm,2095,https://chaldal.com/honey
Alshifa Acacia Honey,250 gm,1095,https://chaldal.com/honey
Alshifa Black Forest Honey,500 gm,2095,https://chaldal.com/honey
Alshifa Natural Floral Honey,500 gm,1050,https://chaldal.com/honey
Dabur Honey,500 gm,465,https://chaldal.com/honey
Hershey's Chocolate Syrup,623 gm,1029,https://chaldal.com/spreads-syrups
Milk Vita Butter,200 gm,270,https://chaldal.com/spreads-syrups
American Garden Strawberry Pie Filling,595 gm,1360,https://chaldal.com/spreads-syrups
American Garden Blueberry Pie Filling,595 gm,1360,https://chaldal.com/spreads-syrups
Aarong Dairy Cream Cheese Spread,180 gm,500,https://chaldal.com/spreads-syrups
Naples Mayonnaise,475 ml,275,https://chaldal.com/spreads-syrups
Naples Mayonnaise,170 ml,140,https://chaldal.com/spreads-syrups
Nucella+ Chocolate Bread Spread Cocoa & Almond,230 gm,380,https://chaldal.com/spreads-syrups
American Garden Pancake Syrup Original,710 ml,1215,https://chaldal.com/spreads-syrups
Nocilla Two Flavor Cocoa Spread,190 gm,750,https://chaldal.com/spreads-syrups
Herman Garlic Mayonnaise,500 gm,520,https://chaldal.com/spreads-syrups
American Garden Real Mayonnaise,473 ml,965,https://chaldal.com/spreads-syrups
Nutella Hazelnut Cocoa Spread,750 gm,2200,https://chaldal.com/spreads-syrups
Almarai spreadable Cream Cheese,500 gm,1290,https://chaldal.com/spreads-syrups
Almarai Spreadable Cream Cheese,200 gm,619,https://chaldal.com/spreads-syrups
Lurpak Butter Unsalted,200 gm,880,https://chaldal.com/spreads-syrups
Nutella Hazelnut Cocoa Spread,350 gm,1150,https://chaldal.com/spreads-syrups
Ruchi Orange Jam,500 gm,220,https://chaldal.com/spreads-syrups
Lurpak Salted Spreadable Butter,250 gm,990,https://chaldal.com/spreads-syrups
Crown Peanut Butter Smooth & Creamy,510 gm,850,https://chaldal.com/spreads-syrups
Crown Peanut Butter Chunky,510 gm,750,https://chaldal.com/spreads-syrups
Alfa Mayonnaise,473 ml,335,https://chaldal.com/spreads-syrups
Mother's Smile Profom Milk Jar,400 gm,630,https://chaldal.com/energy-boosters
Standard Horlicks Health And Nutrition Drink Jar,250 gm,280,https://chaldal.com/energy-boosters
Complan Chocolate Pack,350 gm,405,https://chaldal.com/energy-boosters
Mother's Horlicks Health and Nutrition Drink BIB,350 gm,620,https://chaldal.com/energy-boosters
Horlicks Chocolate Flavour Jar,500 gm,550,https://chaldal.com/energy-boosters
Junior Horlicks Health And Nutrition Drink Container Stage-2,500 gm,550,https://chaldal.com/energy-boosters
Standard Horlicks Health And Nutrition Drink Jar,500 gm,500,https://chaldal.com/energy-boosters
Maltova Health And Nutrition Drink BIB,400 gm,550,https://chaldal.com/energy-boosters
Ovaltine Power 10 Chocolate Drink Jar,400 gm,1000,https://chaldal.com/energy-boosters
Boost Chocolate Jar,400 gm,550,https://chaldal.com/energy-boosters
Women's Plus Horlicks Health And Nutrition Drink Jar,400 gm,600,https://chaldal.com/energy-boosters
Horlicks Lite Health And Nutrition Drink Jar,400 gm,650,https://chaldal.com/energy-boosters
Dabur Chyawanprash Awaleha,500 gm,600,https://chaldal.com/energy-boosters
Ahmed Mixed Fruit Jelly,500 gm,180,https://chaldal.com/jams-jellies
Shezan Mixed Fruit Jam,440 gm,180,https://chaldal.com/jams-jellies
Pran Mango Jam,350 gm,165,https://chaldal.com/jams-jellies
Pran Apple Jelly,500 gm,185,https://chaldal.com/jams-jellies
Ahmed Pineapple Jam,500 gm,180,https://chaldal.com/jams-jellies
Ahmed Mango Jam,500 gm,195,https://chaldal.com/jams-jellies
Ahmed Mixed Fruit Jam,500 gm,195,https://chaldal.com/jams-jellies
Ahmed Apple Jam,500 gm,195,https://chaldal.com/jams-jellies
Ahmed Pineapple Jelly,500 gm,180,https://chaldal.com/jams-jellies
Ahmed Sugar Free Orange Jelly,500 gm,265,https://chaldal.com/jams-jellies
Stute Thick Cut Orange Marmalade Jam,340 gm,619,https://chaldal.com/jams-jellies
Kishwan Orange Jelly,500 gm,185,https://chaldal.com/jams-jellies
ACI Pure Mixed Fruit Jam,500 gm,130,https://chaldal.com/jams-jellies
Ruchi Mixed Fruit Jam,500 gm,220,https://chaldal.com/jams-jellies
Best's Blueberry Fruit Jam Conserve,450 gm,648,https://chaldal.com/jams-jellies
Best's Mixed Fruit Jam Conserve,450 gm,648,https://chaldal.com/jams-jellies
Best's Orange Marmalade Jam Conserve,450 gm,648,https://chaldal.com/jams-jellies
ST-Dalfour Jam Wild Blueberry,284 gm,920,https://chaldal.com/jams-jellies
ST-Dalfour Jam Four Fruits,284 gm,769,https://chaldal.com/jams-jellies
ST-Dalfour Jam Orange,284 gm,639,https://chaldal.com/jams-jellies
Stute Apricot Conserve Extra Jam,340 gm,569,https://chaldal.com/jams-jellies
BD Food Orange Jelly,500 gm,165,https://chaldal.com/jams-jellies
Foster Clark's Dundee Marmalade Jam,450 gm,625,https://chaldal.com/jams-jellies
Ruchi Orange Jam,500 gm,220,https://chaldal.com/jams-jellies
Shezan Apple Jelly,440 gm,180,https://chaldal.com/jams-jellies
Pran Sugar Free Orange Jelly,450 gm,270,https://chaldal.com/jams-jellies
Foster Clark's Jam Strawberry,450 gm,715,https://chaldal.com/jams-jellies
Foster Clark's Cherry Jelly,80 gm,160,https://chaldal.com/jams-jellies
Pran Orange Jelly,500 gm,185,https://chaldal.com/jams-jellies
Pran Orange Jelly,350 gm,165,https://chaldal.com/jams-jellies
Ahmed Orange Jelly,500 gm,180,https://chaldal.com/jams-jellies
Erko Mallow World Mmas,180 gm,395,https://chaldal.com/chocolates
Kinder Joy (Girls),20 gm,120,https://chaldal.com/chocolates
Cadbury Dairy Milk Chocolate Bar,12 gm,45,https://chaldal.com/chocolates
Kinder Joy (Boys),20 gm,120,https://chaldal.com/chocolates
Cadbury Dairy Milk Silk Plain Chocolate,40 gm,180,https://chaldal.com/chocolates
Ferrero Rocher Collection Pralines 269.4 gm,24 pcs,1800,https://chaldal.com/chocolates
Cadbury Dairy Milk Silk Roast Almond Chocolate Bar,143 gm,550,https://chaldal.com/chocolates
Divino Chocolate Little Angel,120 gm,160,https://chaldal.com/chocolates
Kind Salted Caramel Dark Chocolate,40 gm,295,https://chaldal.com/chocolates
Cadbury Celebrations,230 gm,850,https://chaldal.com/chocolates
First Choice Whipped Topping Mixed,72 gm,250,https://chaldal.com/chocolates
Bluebell Premium Dark Compound Baking Chocolate,500 gm,360,https://chaldal.com/chocolates
Erko Mallow World Blue & White Mallow,100 gm,209,https://chaldal.com/chocolates
Erko Mallow Plus Twist Mallow,180 gm,395,https://chaldal.com/chocolates
Cadbury Dairy Milk Silk Chocolate Family Pack,123 gm,500,https://chaldal.com/chocolates
Cadbury Dairy Milk Silk Fruit & Nut Chocolate Bar,137 gm,580,https://chaldal.com/chocolates
Cadbury Dairy Milk Silk Roast Almond Chocolate Bar,52 gm,250,https://chaldal.com/chocolates
Cadbury Dairy Milk Silk Plain Chocolate Bar,140 gm,580,https://chaldal.com/chocolates
Cadbury Dairy Milk Silk Fruit & Nut Chocolate Bar,51 gm,240,https://chaldal.com/chocolates
Cadbury Dairy Milk Silk Bubbly Chocolate,120 gm,550,https://chaldal.com/chocolates
Amul Happy Birthday Milk Chocolate,150 gm,555,https://chaldal.com/chocolates
Amul I love You Fruit N Nut Chocolate,150 gm,470,https://chaldal.com/chocolates
Amul Dark Chocolate Minis Gable Pouch,100 gm,469,https://chaldal.com/chocolates
Amul Dark Chocolate,150 gm,570,https://chaldal.com/chocolates
Cadbury Dairy Milk Silk Plain Chocolate,60 gm,249,https://chaldal.com/chocolates
Amul Dark Chocolate Bar,125 gm,459,https://chaldal.com/chocolates
Munchy's Oat Krunch Dark Chocolate Cookies,208 gm,480,https://chaldal.com/chocolates
Cavendish & Harvey Mango Kiwi Drops,200 gm,399,https://chaldal.com/chocolates
Cadbury Dairy Milk Silk Fruit & Nut,55 gm,240,https://chaldal.com/chocolates
Ferrero Rocher Premium Chocolates 16 Pcs,200 gm,1100,https://chaldal.com/chocolates
Cadbury Dairy Milk Silk Chocolate,60 gm,240,https://chaldal.com/chocolates
Rinda Fruity Nata Jelly Flavoured,225 gm,365,https://chaldal.com/candies
Haribo Chamallows Party Candy,150 gm,400,https://chaldal.com/candies
Cavendish & Harvey Candy Wild Berry Drops,175 gm,449,https://chaldal.com/candies
Cavendish & Harvey Candy Citrus Fruit Drops,200 gm,490,https://chaldal.com/candies
Haribo Happy Grapes Candy,80 gm,250,https://chaldal.com/candies
Haribo Worms Zourr Candy,80 gm,250,https://chaldal.com/candies
Haribo Starmix Candy,160 gm,460,https://chaldal.com/candies
Haribo Happy Cola Candy,160 gm,460,https://chaldal.com/candies
Haribo Happy Cola Sour Candy,160 gm,460,https://chaldal.com/candies
Haribo Chamallows Pink & White Candy,150 gm,400,https://chaldal.com/candies
Haribo GoldBears Candy,160 gm,460,https://chaldal.com/candies
Cavendish & Harvey Sour Cherry Candy Poly,100 gm,250,https://chaldal.com/candies
Haribo Worms Candy,80 gm,250,https://chaldal.com/candies
Haribo Happy Cola Sour Candy,80 gm,250,https://chaldal.com/candies
Haribo Happy Cola Candy,80 gm,250,https://chaldal.com/candies
Haribo Goldbears Candy,80 gm,250,https://chaldal.com/candies
Olympic Green Mango Lozenge (Candy),50 pcs,50,https://chaldal.com/candies
Cavendish & Harvey Sour Lemon Drops,200 gm,490,https://chaldal.com/candies
Cavendish & Harvey Butterscotch Drops,175 gm,329,https://chaldal.com/candies
Fox's Crystal Clear Fruity Mints Candy,180 gm,345,https://chaldal.com/candies
Cocola Egg Noodles,125 gm,20,https://chaldal.com/noodles
Nestle Maggi 2 Minute Masala Instant Noodles,16 pack,340,https://chaldal.com/noodles
Nestle Maggi 2-Minute Masala Instant Noodles,4 pack,95,https://chaldal.com/noodles
Cocola Chicken Masala Noodles,150 gm,25,https://chaldal.com/noodles
Samyang Hot Chicken Ramen Jjajang Flavor Noodles,140 gm,239,https://chaldal.com/noodles
Samyang Hot Chicken Ramen Noodles 2X Spicy,140 gm,239,https://chaldal.com/noodles
Mr. Noodles Rice Stick Noodles,454 gm,370,https://chaldal.com/noodles
Cocola Egg & Chicken Masala Noodles,150 gm,25,https://chaldal.com/noodles
Nestle Maggi 2-Minute Masala Instant Noodles,8 pack,180,https://chaldal.com/noodles
Mr.Noodles Magic Masala Easy Instant,496 gm,170,https://chaldal.com/noodles
Mr. Noodles Korean Super Spicy,496 gm,210,https://chaldal.com/noodles
Mr. Noodles Cup Noodles Magic Masala,40 gm,35,https://chaldal.com/noodles
Mama Noodles (Hot And Spicy Flavour) 10 pcs,620 gm,220,https://chaldal.com/noodles
Nestle Maggi 2-Minute Masala Instant Noodles,12 pack,265,https://chaldal.com/noodles
Dragon Brand Noodles,300 gm,60,https://chaldal.com/noodles
MAGGI Hot & Spicy Blast Noodles,8 pack,200,https://chaldal.com/noodles
Chopstick Instant Noodles Masala Delight 496 gm,8 pack,175,https://chaldal.com/noodles
Mr. Noodles Korean Super Spicy,248 gm,110,https://chaldal.com/noodles
Mr. Noodles Korean Kimchi Ramen 8 pcs,480 gm,210,https://chaldal.com/noodles
Mama Noodles (Chicken Flavour) 8 pcs,496 gm,175,https://chaldal.com/noodles
Chopstick Ramen Hot Chicken Instant Noodles 8 pack,640 gm,650,https://chaldal.com/noodles
Chopstick Ramen Hot Cheese Instant Noodles 8 pack,640 gm,650,https://chaldal.com/noodles
Samyang Hot Chicken Ramen 3X Spicy,140 gm,199,https://chaldal.com/noodles
Nongshim Chapagetti Original Noodles,140 gm,175,https://chaldal.com/noodles
Mama Noodles (Chicken Flavour) 10 pcs,620 gm,220,https://chaldal.com/noodles
Samyang Hot Chicken Ramen 2X Spicy Cup Noodles,70 gm,160,https://chaldal.com/noodles
Samyang Hot Chicken Ramen Stew Noodles,145 gm,239,https://chaldal.com/noodles
Samyang Hot Chicken Ramen Cheese Noodles,140 gm,239,https://chaldal.com/noodles
How How Rice Stick Noodles,500 gm,369,https://chaldal.com/noodles
Nissin Cup Noodles Japanese Style Beef,66 gm,109,https://chaldal.com/noodles
Nissin Cup Noodles Japanese Style Chicken,67 gm,109,https://chaldal.com/noodles
Mama OK Instant Noodles Fried Shrimp Tom Yum Flavor,85 gm,140,https://chaldal.com/noodles
Samyang Hot Chicken Cheese Noodles,700 gm,1050,https://chaldal.com/noodles
Samyang Jjajang Hot Chicken Noodles,700 gm,1240,https://chaldal.com/noodles
Samyang Hot Chicken Karba Noodles,650 gm,1075,https://chaldal.com/noodles
Mama Cup Noodles (Hot & Spicy Flavour) 62 gm,each,110,https://chaldal.com/noodles
Nestle Maggi 2-Minute Noodles Masala,12 pack,265,https://chaldal.com/noodles
Mama Cup Noodles Instant Shrimp Tom Yum,each,190,https://chaldal.com/noodles
Imee Chicken Curry Instant Noodles,65 gm,175,https://chaldal.com/noodles
Ifad Eggy Instant Masala Noodles 4 pcs,300 gm,90,https://chaldal.com/noodles
Mama Instant Noodles (Hot & Spicy Flavour) 4 pcs,248 gm,95,https://chaldal.com/noodles
Mama Noodles (Hot & Spicy Flavour) 8 pcs,496 gm,175,https://chaldal.com/noodles
Mama Cup Noodles (Shrimp Tomyum Flavour) 62 gm,each,110,https://chaldal.com/noodles
Sedaap Supreme Instant Korean Spicy Chicken Noodles,4 pcs,300,https://chaldal.com/noodles
Kolson Macaroni Pasta Screw,400 gm,85,https://chaldal.com/pasta-macaroni
Kolson Macaroni Shell,400 gm,85,https://chaldal.com/pasta-macaroni
Farina Macaroni Premium Quality,500 gm,110,https://chaldal.com/pasta-macaroni
Farina Macaroni,400 gm,90,https://chaldal.com/pasta-macaroni
Farina Macaroni,200 gm,50,https://chaldal.com/pasta-macaroni
Kolson Macaroni Bamboo,400 gm,85,https://chaldal.com/pasta-macaroni
Mr. Pasta Macaroni Shells,400 gm,90,https://chaldal.com/pasta-macaroni
Farmer's Gold Pasta,400 gm,180,https://chaldal.com/pasta-macaroni
Barilla Classic Spaghettoni N.7 Pasta,500 gm,395,https://chaldal.com/pasta-macaroni
Emirates Macaroni Penne Rigate Pasta,400 gm,195,https://chaldal.com/pasta-macaroni
Emirates Macaroni Corni Corrugated Pasta,400 gm,195,https://chaldal.com/pasta-macaroni
Reggia Pasta Penne Mez,500 gm,265,https://chaldal.com/pasta-macaroni
Barilla Fusilli N.98 Pasta,500 gm,449,https://chaldal.com/pasta-macaroni
Barilla Spaghetti N.5 Pasta,500 gm,449,https://chaldal.com/pasta-macaroni
Barilla Angel Hair N.1 Pasta,500 gm,360,https://chaldal.com/pasta-macaroni
Barilla Pasta Sauce Jar Napoletana,400 gm,599,https://chaldal.com/pasta-macaroni
Barilla Pasta Sauce Jar Arrabbiata,400 gm,599,https://chaldal.com/pasta-macaroni
Barilla Pasta Sauce Jar Basilico,400 gm,599,https://chaldal.com/pasta-macaroni
Pastiano Spiralli Pasta,500 gm,240,https://chaldal.com/pasta-macaroni
Pastiano Penne Pasta,500 gm,240,https://chaldal.com/pasta-macaroni
Barilla Farfalle Pasta (436),500 gm,449,https://chaldal.com/pasta-macaroni
Barilla Penne Rigate Pasta (N.437),500 gm,449,https://chaldal.com/pasta-macaroni
Dekko Oyster Pasta,200 gm,60,https://chaldal.com/pasta-macaroni
Hat Macaroni Penne Pasta,500 gm,235,https://chaldal.com/pasta-macaroni
Kolson Macaroni Assorted Pack,500 gm,120,https://chaldal.com/pasta-macaroni
Olympic First Choice Salted Biscuits,80 gm,20,https://chaldal.com/salted-biscuits
Bangas Grand Choice Salted Biscuit,70 gm,20,https://chaldal.com/salted-biscuits
Olympic Tip Crispy Salted Biscuits,60 gm,15,https://chaldal.com/salted-biscuits
Fresh Healthy Choice Salted Biscuit,80 gm,20,https://chaldal.com/salted-biscuits
Funtastic Nimok Halal Salted Biscuit,200 gm,50,https://chaldal.com/salted-biscuits
Olympic Saltes Biscuit,200 gm,60,https://chaldal.com/salted-biscuits
Wonder Muffin Cake 16 gm,6 pcs,60,https://chaldal.com/cakes
Olympic Dry Cake Biscuit,290 gm,150,https://chaldal.com/cakes
Ispahani Bakery Fresh Dry Cake,300 gm,150,https://chaldal.com/cakes
Olympic Chocolate Soft Cake,40 gm,20,https://chaldal.com/cakes
Dan Cake Vanilla Layer Cake 12 pack,324 gm,300,https://chaldal.com/cakes
Dan Cake Fruit Cake Sliced,300 gm,180,https://chaldal.com/cakes
Dan Cake Marble Dry Cake,280 gm,200,https://chaldal.com/cakes
Dan Cake Dry Cake,300 gm,200,https://chaldal.com/cakes
Dan Cake Marble cake,300 gm,200,https://chaldal.com/cakes
Kishwan Dry Cake,300 gm,150,https://chaldal.com/cakes
Olympic Ghee Soft Cake,40 gm,20,https://chaldal.com/cakes
Dan Cake Chocolate Pound Cake,220 gm,130,https://chaldal.com/cakes
Tata Tea Premium,400 gm,149,https://chaldal.com/beverages-tea
Dilmah Ceylon Moroccan Mint Green Tea,40 gm,549,https://chaldal.com/beverages-tea
Ispahani Mirzapore Best Leaf Tea,500 gm,270,https://chaldal.com/beverages-tea
Seylon Family Blend Black Tea,400 gm,225,https://chaldal.com/beverages-tea
Dilmah Premium Ceylon Tea 50 gm,25 pcs,480,https://chaldal.com/beverages-tea
Kazi & Kazi Organic Moringa Herbal Infusion Tea 25 pcs,37.5 gm,290,https://chaldal.com/beverages-tea
Kazi & Kazi Organic Lemongrass Pyramid Herbal Infusion Tea 20 pcs,30 gm,210,https://chaldal.com/beverages-tea
Seylon Family Blend Black Tea,200 gm,120,https://chaldal.com/beverages-tea
Dilmah Ceylon Green Tea With Cardamom,40 gm,715,https://chaldal.com/beverages-tea
Fresh Premium Tea Bag,100 gm,95,https://chaldal.com/beverages-tea
Lipton Green Tea Bag Honey and Lemon,25 pcs,170,https://chaldal.com/beverages-tea
Tetley Green Tea Bag Pure and Original 25 pcs,32.5 gm,140,https://chaldal.com/beverages-tea
Seylon Instant Milk Tea 3 in 1,15 gm,10,https://chaldal.com/beverages-tea
Ispahani Mirzapore Tea Bag,50 pcs,100,https://chaldal.com/beverages-tea
Ispahani Mirzapore Best Leaf Tea,400 gm,230,https://chaldal.com/beverages-tea
Ispahani Mirzapore Best Leaf Tea,200 gm,116,https://chaldal.com/beverages-tea
Brooke Bond Taaza Black Tea,400 gm,250,https://chaldal.com/beverages-tea
Seylon Gold Tea,500 gm,240,https://chaldal.com/beverages-tea
Brooke Bond Taaza Black Tea,200 gm,130,https://chaldal.com/beverages-tea
Kazi & Kazi Organic Green Tea 40 pcs,60 gm,215,https://chaldal.com/beverages-tea
Brooke Bond Taaza Tea,500 gm,250,https://chaldal.com/beverages-tea
Dilmah Geen Tea with Jasmine 40 gm,20 pcs,595,https://chaldal.com/beverages-tea
Dilmah Green Tea with Camomile 30 gm,20 pcs,630,https://chaldal.com/beverages-tea
Dilmah Darjeeling Tea 50 gm,25 pcs,790,https://chaldal.com/beverages-tea
Seylon Instant Milk Tea 3 in 1 Stick Pouch,25 pcs,250,https://chaldal.com/beverages-tea
Kazi & Kazi Organic Orthodox Pyramid Black Tea 20 pcs,40 gm,190,https://chaldal.com/beverages-tea
Kazi & Kazi Organic Luxury Black Tea,400 gm,345,https://chaldal.com/beverages-tea
Kazi & Kazi Organic Luxury Black Tea,200 gm,180,https://chaldal.com/beverages-tea
Kazi & Kazi Organic Chamomile Herbal Infusion Tea 25 pcs,37.5 gm,490,https://chaldal.com/beverages-tea
Kazi & Kazi Organic Sleepy Tea 25 pcs,37.5 gm,490,https://chaldal.com/beverages-tea
Kazi & Kazi Organic Orthodox Pyramid Oolong Tea 20 pcs,40 gm,210,https://chaldal.com/beverages-tea
Kazi & Kazi Organic Orthodox Pyramid Green Tea 20 pcs,30 gm,210,https://chaldal.com/beverages-tea
Revival Lemon Green Tea,45 gm,160,https://chaldal.com/beverages-tea
Yummy Black Tea,500 gm,400,https://chaldal.com/beverages-tea
ZealCafe Instant Masala Tea (Red Tea),1 kg,360,https://chaldal.com/beverages-tea
Kd Herbal Tea,100 gm,620,https://chaldal.com/beverages-tea
Halda Valley Red Robe Oolong Tea,45 gm,245,https://chaldal.com/beverages-tea
Revival Karak Masala Tea,200 gm,220,https://chaldal.com/beverages-tea
Dr. H&H Slimming Tea Bags 30 pcs,60 gm,400,https://chaldal.com/beverages-tea
Kericho Gold Round Tea Bag 50 pcs,100 gm,329,https://chaldal.com/beverages-tea
ACME Tea Premium Gold,200 gm,110,https://chaldal.com/beverages-tea
Dilmah Ginger & Honey Black Tea,30 gm,405,https://chaldal.com/beverages-tea
Kazi & Kazi Organic Tea Turmeric Infusion 40 pcs,60 gm,295,https://chaldal.com/beverages-tea
Halda Valley Golden Eyebrow Black Tea,50 gm,500,https://chaldal.com/beverages-tea
Dilmah Ceylon Green Tea With Ceylon Cinnamon,40 gm,715,https://chaldal.com/beverages-tea
Ispahani Blender's Choice Premium Green Tea Bag 70 gm,50 pcs,205,https://chaldal.com/beverages-tea
Kazi & Kazi Organic Green Mint Tea 25 pcs,37.5 gm,295,https://chaldal.com/beverages-tea
Paragon Hajinagar PD Tea,500 gm,225,https://chaldal.com/beverages-tea
Paragon Hajinagar BOP Tea,500 gm,220,https://chaldal.com/beverages-tea
Kazi & Kazi Organic Green Lemongrass Tea 40 pcs,60 gm,220,https://chaldal.com/beverages-tea
Ion Alkaline Drinking Water,650 ml,65,https://chaldal.com/water
Ion Alkaline Drinking Water,330 ml,35,https://chaldal.com/water
Aquafina Drinking Water,1 ltr,30,https://chaldal.com/water
Mum Drinking Water,500 ml,20,https://chaldal.com/water
Super Fresh Drinking Water,500 ml,20,https://chaldal.com/water
Mum Drinking Water,5 ltr,100,https://chaldal.com/water
Mum Drinking Water,2 ltr,45,https://chaldal.com/water
Aquafina Drinking Water,500 ml,20,https://chaldal.com/water
Pureit Classic Germ Kill Kit,1500 ltr,800,https://chaldal.com/water
Mum Drinking Water,330 ml,15,https://chaldal.com/water
Muskan Drinking Water,500 ml,20,https://chaldal.com/water
Muskan Drinking Water,2 ltr,40,https://chaldal.com/water
Kinley Drinking Water,500 ml,20,https://chaldal.com/water
Perrier Mineral Water,750 ml,550,https://chaldal.com/water
Mum Drinking Water,1.5 ltr,35,https://chaldal.com/water
Evian Natural Mineral Water,500 ml,289,https://chaldal.com/water
Teer Flour (Atta),2 kg,130,https://chaldal.com/flour
Chickpea Flour (Boot Beshon),500 gm,69,https://chaldal.com/flour
Farmer's Gold Atop Rice Flour (Chaler Gura),1 kg,110,https://chaldal.com/flour
White Flour (Maida),1 kg,59,https://chaldal.com/flour
Flour (Atta),1 kg,49,https://chaldal.com/flour
Fresh Flour (Atta),2 kg,130,https://chaldal.com/flour
Teer White Flour (Maida),2 kg,140,https://chaldal.com/flour
Fresh White Flour (Maida),2 kg,140,https://chaldal.com/flour
Shaad Brown Flour (Lal Atta),1 kg,70,https://chaldal.com/flour
Shaad Flour (Atta),2 kg,130,https://chaldal.com/flour
ACI Nutrilife Brown Flour (Atta),1 kg,70,https://chaldal.com/flour
Bashundhara Flour (Atta),2 kg,130,https://chaldal.com/flour
Corn Flour (Loose),500 gm,69,https://chaldal.com/flour
ACI Nutrilife Brown Atta,2 kg,140,https://chaldal.com/flour
ACI Pure Flour (Atta),2 kg,130,https://chaldal.com/flour
Teer Whole Wheat Flour (Atta),2 kg,140,https://chaldal.com/flour
White Rice Flour (Chaler Gura),1 kg,110,https://chaldal.com/flour
ACI Pure White Flour (Maida),2 kg,140,https://chaldal.com/flour
Sunshine Maida,2 kg,144,https://chaldal.com/flour
Ahmed Corn Flour,250 gm,120,https://chaldal.com/flour
Uncle Barn's Tempura Flour,500 gm,275,https://chaldal.com/flour
Goalini Plus Condensed Milk,400 gm,105,https://chaldal.com/baking-ingredients
Foster Clark's Corn Flour,400 gm,360,https://chaldal.com/baking-ingredients
Hershey's Chocolate Syrup,623 gm,1029,https://chaldal.com/baking-ingredients
Baking Soda,100 gm,25,https://chaldal.com/baking-ingredients
Anchor Yeast,35 gm,60,https://chaldal.com/baking-ingredients
Sugar Candy (Tal Misri),200 gm,39,https://chaldal.com/baking-ingredients
Chocolate Chips Dark,250 gm,439,https://chaldal.com/baking-ingredients
Chocolate Chips White,250 gm,429,https://chaldal.com/baking-ingredients
Silver Edible Paper (Tobok),25 gm,549,https://chaldal.com/baking-ingredients
Golden Edible Paper (Tobok),25 gm,549,https://chaldal.com/baking-ingredients
Sweet Ball Golden,150 gm,520,https://chaldal.com/baking-ingredients
Sweet Ball White,150 gm,375,https://chaldal.com/baking-ingredients
Saad Monosodium Glutamate,50 gm,25,https://chaldal.com/baking-ingredients
Vivo Ambient Whip Topping with Vegetable Fat,1100 gm,736,https://chaldal.com/baking-ingredients
Foster Clark's Culinary Essence Rose,28 ml,140,https://chaldal.com/baking-ingredients
Bread Crumbs Loose,200 gm,45,https://chaldal.com/baking-ingredients
Hershey's Strawberry Syrup,623 gm,939,https://chaldal.com/baking-ingredients
Sis White Sugar Cube,454 gm,500,https://chaldal.com/baking-ingredients
Foster Clark's Food Colour (Red),28 ml,140,https://chaldal.com/baking-ingredients
Silicon Spatula,2 pcs,219,https://chaldal.com/baking-tools
Silicone Chocolate Mould,each,269,https://chaldal.com/baking-tools
Lacy's Baking & Cooking Paper 10 m,each,649,https://chaldal.com/baking-tools
Wooden Silicone Spatula,each,379,https://chaldal.com/baking-tools
"Transparent Disposable Piping Bags (8.5""x12.5"")",100 pcs,719,https://chaldal.com/baking-tools
Cake Muffin Tin,each,379,https://chaldal.com/baking-tools
Heart Shaped Cake Pan,each,299,https://chaldal.com/baking-tools
Round Cake Pan,each,409,https://chaldal.com/baking-tools
Russian Flower Nozzle Set,7 pcs,480,https://chaldal.com/baking-tools
Cake Decoration Nozzle Set,12 pcs,179,https://chaldal.com/baking-tools
Pizza Cutter,each,250,https://chaldal.com/baking-tools
Small Whisk,each,159,https://chaldal.com/baking-tools
Boutique Straw,4 pcs,400,https://chaldal.com/baking-tools
Orange Medium Measurement Mug,each,359,https://chaldal.com/baking-tools
Cake Decoration Nozzle Set,24 pcs,355,https://chaldal.com/baking-tools
Silicone Lace,each,379,https://chaldal.com/baking-tools
Victoria Red Kidney Beans,400 gm,159,https://chaldal.com/vegetable-cans
Nana Green Peas,400 gm,125,https://chaldal.com/vegetable-cans
Nana Baby Corn,425 gm,120,https://chaldal.com/vegetable-cans
Nana Sweet Corn,425 gm,125,https://chaldal.com/vegetable-cans
Blossoms Red Kidney Beans,420 gm,239,https://chaldal.com/vegetable-cans
Welcome Tomato Puree,425 gm,190,https://chaldal.com/vegetable-cans
Hosen Asparagus,430 gm,399,https://chaldal.com/vegetable-cans
Hibiscus Premium Whole Baby Corn In Brine,425 gm,360,https://chaldal.com/vegetable-cans
Saporito Whole Peeled Tomatos Can,800 gm,520,https://chaldal.com/vegetable-cans
Highway Corned Beef,340 gm,370,https://chaldal.com/vegetable-cans
Hosen Baked Beans In Tomato Sauce Can,425 gm,249,https://chaldal.com/vegetable-cans
Hosen Red Kidney Beans Can,425 gm,329,https://chaldal.com/vegetable-cans
Hosen Baby Corn Young Spear Can,425 gm,289,https://chaldal.com/vegetable-cans
Hosen Baby Corn Young Cut Can,400 gm,219,https://chaldal.com/vegetable-cans
Hosen Green Peas Choice Whole Can,397 gm,200,https://chaldal.com/vegetable-cans
Hosen Gherkins Original Flavour Jar,680 gm,529,https://chaldal.com/vegetable-cans
King Bell Whole Baby Corn Tin,425 gm,180,https://chaldal.com/vegetable-cans
Best's Baby Corn Tin,425 gm,171,https://chaldal.com/vegetable-cans
Best's Green Peas Tin,400 gm,127,https://chaldal.com/vegetable-cans
Blossoms Green Olives Pitted,340 gm,209,https://chaldal.com/canned-fruits
Blossoms Black Olives Pitted,330 gm,349,https://chaldal.com/canned-fruits
Borges Black Whole Olives,350 gm,335,https://chaldal.com/canned-fruits
Borges Green Whole Olives,350 gm,225,https://chaldal.com/canned-fruits
Borges Black Pitted Olives,340 gm,225,https://chaldal.com/canned-fruits
Hosen Pitted Black Olives,345 gm,355,https://chaldal.com/canned-fruits
Hosen Whole Green Olives,350 gm,355,https://chaldal.com/canned-fruits
Hosen Pitted Green Olives,345 gm,355,https://chaldal.com/canned-fruits
Figaro Pitted Black Olive,340 gm,395,https://chaldal.com/canned-fruits
Hosen Fiesta Fruit Cocktail,836 gm,1100,https://chaldal.com/canned-fruits
Figaro Green Olives,340 gm,359,https://chaldal.com/canned-fruits
Hosen Lychee,565 gm,680,https://chaldal.com/canned-fruits
Watteh Greens Red Amaranth Microgreen,25 gm,399,https://chaldal.com/diabetic-food
Watteh Greens Radish Microgreen,25 gm,149,https://chaldal.com/diabetic-food
Watteh Greens Mustard Microgreen,25 gm,149,https://chaldal.com/diabetic-food
Ahmed Sugar Free Orange Jelly,500 gm,265,https://chaldal.com/diabetic-food
ACI Nutrilife Brown Flour (Atta),1 kg,70,https://chaldal.com/diabetic-food
ACI Nutrilife Brown Atta,2 kg,140,https://chaldal.com/diabetic-food
Teer Whole Wheat Flour (Atta),2 kg,140,https://chaldal.com/diabetic-food
ACI Nutrilife Rice Bran Oil,5 ltr,1160,https://chaldal.com/diabetic-food
Zero Cal Box 150 Sachets,,400,https://chaldal.com/diabetic-food
Zero Cal Sugar 200 Tablets,each,200,https://chaldal.com/diabetic-food
Zero Cal Box 75 Sachets 1 box,,250,https://chaldal.com/diabetic-food
Zero Cal Stevia Natural Sugar Substitute Sachets,30 pcs,120,https://chaldal.com/diabetic-food
Kellogg's Oats Cereal,400 gm,360,https://chaldal.com/diabetic-food
Trident Sugar Free Gum Spearmint Flavor,26.6 gm,140,https://chaldal.com/diabetic-food
Zerova Tablets,100 pcs,300,https://chaldal.com/diabetic-food
Sugar Free Natura Diet Sugar,80 gm,410,https://chaldal.com/diabetic-food
Eclipse Sugar Free Winterfrost Mints,35 gm,290,https://chaldal.com/diabetic-food
Iko Sugar Free Oat Bran Crackers,220 gm,730,https://chaldal.com/diabetic-food
Kellogg's Oats Cereal (Free Container),400 gm,360,https://chaldal.com/diabetic-food
Virginia White Oats,400 gm,500,https://chaldal.com/diabetic-food
Eclipse Sugar Free Mints Spearmint Flavor,35 gm,370,https://chaldal.com/diabetic-food
Iko Sugar Free Pumpkin Cookies,178 gm,610,https://chaldal.com/diabetic-food
Canderel Sucralose Jar,75 gm,790,https://chaldal.com/diabetic-food
Zero Cal Sugar 100 tablets,each,120,https://chaldal.com/diabetic-food
Pran Sugar Free Orange Jelly,450 gm,270,https://chaldal.com/diabetic-food
Zero Cal Sugar Sachets,25 pcs,100,https://chaldal.com/diabetic-food
Quaker White Oats,500 gm,599,https://chaldal.com/diabetic-food
Wheel Washing Powder 2 in 1 Clean & Fresh,1 kg,155,https://chaldal.com/laundry
Wheel Washing Laundry Bar,125 gm,30,https://chaldal.com/laundry
Wheel Washing Powder 2 in 1 Clean & Fresh,500 gm,80,https://chaldal.com/laundry
Tibet 570 Laundry Soap,125 gm,27,https://chaldal.com/laundry
Rin Advanced Detergent Powder,500 gm,100,https://chaldal.com/laundry
Tibet Rose & Lemon Detergent Powder,500 gm,70,https://chaldal.com/laundry
Surf Excel Matic Liquid Detergent Top Load,1 ltr,400,https://chaldal.com/laundry
Ujjal Synthetic Laundry Detergent Powder,500 gm,70,https://chaldal.com/laundry
Tibet Ball Soap,125 gm,26,https://chaldal.com/laundry
Ujjal Synthetic Laundry Detergent Powder,1 kg,140,https://chaldal.com/laundry
Redy Synthetic Detergent Powder,1 kg,185,https://chaldal.com/laundry
Redy Synthetic Detergent Powder,200 gm,40,https://chaldal.com/laundry
Nirala Ball Laundry Soap,125 gm,26,https://chaldal.com/laundry
Mine Synthetic Detergent Powder,500 gm,90,https://chaldal.com/laundry
Jet Classic Detergent Powder Poly Pack,200 gm,60,https://chaldal.com/laundry
Surf Excel Matic Liquid Detergent Top Load,500 ml,210,https://chaldal.com/laundry
ACI Supreme Antibacterial Detergent Powder,1 kg,180,https://chaldal.com/laundry
ACI Supreme Antibacterial Detergent Powder,500 gm,90,https://chaldal.com/laundry
ACI Smart Detergent Powder,500 gm,75,https://chaldal.com/laundry
Rin Advanced Detergent Powder,1 kg,195,https://chaldal.com/laundry
Wheel Washing Powder 2 in 1 Clean & Fresh,2 kg,280,https://chaldal.com/laundry
Chaka Advanced Ball Soap,125 gm,26,https://chaldal.com/laundry
Surf Excel Washing Powder,500 gm,120,https://chaldal.com/laundry
Surf Excel Washing Powder,1 kg,235,https://chaldal.com/laundry
Rin Advanced Detergent Powder,2 kg,370,https://chaldal.com/laundry
Rin Washing Liquid,800 ml,220,https://chaldal.com/laundry
Chaka All-In-1 Washing Powder,1 kg,145,https://chaldal.com/laundry
Jet Aroma+ Detergent Powder Paper Pack,1 kg,320,https://chaldal.com/laundry
Jet Classic Detergent Powder Paper Pack,1 kg,300,https://chaldal.com/laundry
Fast Wash Detergent Powder,1 kg,180,https://chaldal.com/laundry
Tibet Laundry Soap Blue,125 gm,27,https://chaldal.com/laundry
ACI Smart Detergent Powder,1 kg,145,https://chaldal.com/laundry
Jet Classic Detergent Powder Paper Pack,500 gm,150,https://chaldal.com/laundry
Chaka All-In-1 Washing Powder,500 gm,75,https://chaldal.com/laundry
Fast Wash Detergent Powder,500 gm,90,https://chaldal.com/laundry
Jet Improved Formula Liquid Detergent,1000 ml,600,https://chaldal.com/laundry
Nirala White Detergent Powder,200 gm,40,https://chaldal.com/laundry
Nirala White Detergent Powder,500 gm,90,https://chaldal.com/laundry
Godrej Fab Liquid Detergent Pouch,1 ltr,250,https://chaldal.com/laundry
Finis Fin Power White Washing Powder,500 gm,90,https://chaldal.com/laundry
Shuvro Fabric Brightener,100 ml,35,https://chaldal.com/laundry
Rok Shuvro Detergent Laundry Wash,1 kg,190,https://chaldal.com/laundry
Vanish All in One Liquid Detergent Booster,400 ml,250,https://chaldal.com/laundry
Chaka Super White Premium Detergent Powder,1 kg,180,https://chaldal.com/laundry
Ariel Matic Detergent Washing Powder Front Load,1 kg,300,https://chaldal.com/laundry
Ujala,100 ml,40,https://chaldal.com/laundry
Cocorex Bleach Colours Floral Fresh,1 ltr,750,https://chaldal.com/laundry
Comfort Fabric Conditioner Kiss Of Flowers,2 ltr,1176,https://chaldal.com/laundry
Comfort Fabric Conditioner Touch Of Love,2 ltr,1100,https://chaldal.com/laundry
Jet Baby Liquid Detergent,1000 ml,600,https://chaldal.com/laundry
Harpic Liquid Toilet Cleaner Original,1 ltr,235,https://chaldal.com/toilet-cleaning
Rok Disinfectant Bleaching Powder,500 gm,65,https://chaldal.com/toilet-cleaning
Harpic Liquid Toilet Cleaner Original,250 ml,70,https://chaldal.com/toilet-cleaning
Finis Stable Bleaching Powder,500 gm,65,https://chaldal.com/toilet-cleaning
Finis Perfume Finyle Toilet & Floor Cleaner,1 ltr,165,https://chaldal.com/toilet-cleaning
Harpic Flushmatic Marine In-Cistern Toilet Cleaner Block 50 gm,each,165,https://chaldal.com/toilet-cleaning
Harpic All-In-One Toilet & Bathroom Cleaning Powder,400 gm,105,https://chaldal.com/toilet-cleaning
Harpic All-In-One Toilet & Bathroom Cleaning Powder,200 gm,60,https://chaldal.com/toilet-cleaning
Harpic Liquid Toilet Cleaner Original,500 ml,135,https://chaldal.com/toilet-cleaning
Harpic Liquid Toilet Cleaner Power Plus Original,750 ml,180,https://chaldal.com/toilet-cleaning
Harpic Liquid Toilet Cleaner Original,750 ml,180,https://chaldal.com/toilet-cleaning
Harpic All-in-1 Toilet & Bathroom Cleaning Powder,1 kg,210,https://chaldal.com/toilet-cleaning
Finis Phenyle Extra Strong Toilet & Floor Cleaner,3 ltr,185,https://chaldal.com/toilet-cleaning
Domex Toilet Cleaning Liquid Ocean Fresh,500 ml,130,https://chaldal.com/toilet-cleaning
Harpic Bathroom Cleaning Liquid Rose,500 ml,140,https://chaldal.com/toilet-cleaning
ACI Shinex Tiles & Ceramic Cleaner,1 ltr,170,https://chaldal.com/toilet-cleaning
Harpic Drain Xpert Powder 50 gm,20 pcs,1000,https://chaldal.com/toilet-cleaning
Harpic Flushmatic Citrus In-Cistern Toilet Cleaner Blocks 50 gm,2 pcs,310,https://chaldal.com/toilet-cleaning
Harpic Flushmatic Lavender In-Cistern Toilet Cleaner Blocks 50 gm,3 pcs,450,https://chaldal.com/toilet-cleaning
Harpic Flushmatic Lavender In-Cistern Toilet Cleaner Blocks 50 gm,2 pcs,310,https://chaldal.com/toilet-cleaning
Harpic Flushmatic Lavender In-Cistern Toilet Cleaner Block 50 gm,each,165,https://chaldal.com/toilet-cleaning
Harpic Flushmatic Citrus In-Cistern Toilet Cleaner Blocks 50 gm,3 pcs,465,https://chaldal.com/toilet-cleaning
Harpic Flushmatic Marine In-Cistern Toilet Cleaner Blocks 50 gm,3 pcs,465,https://chaldal.com/toilet-cleaning
Unik Xtreme Toilet Cleaner,500 ml,130,https://chaldal.com/toilet-cleaning
RokSol Tiles & Bathroom Cleaner,500 ml,99,https://chaldal.com/toilet-cleaning
Magiclean Toilet Cleaner Forest Fresh,650 ml,550,https://chaldal.com/toilet-cleaning
Magiclean Bathroom Cleaner Yellow,500 ml,580,https://chaldal.com/toilet-cleaning
Goodmaid Furniture Polish,400 ml,750,https://chaldal.com/toilet-cleaning
Harpic Flushmatic Marine In-Cistern Toilet Cleaner Blocks 50 gm,2 pcs,330,https://chaldal.com/toilet-cleaning
Pledge Furniture Polish,330 gm,739,https://chaldal.com/toilet-cleaning
Unik Power Toilet Cleaner,500 ml,120,https://chaldal.com/toilet-cleaning
Swift Liquid Toilet Cleaner,500 ml,115,https://chaldal.com/toilet-cleaning
Kelly's Leather Care,500 ml,190,https://chaldal.com/toilet-cleaning
Clorox Original,2 ltr,759,https://chaldal.com/toilet-cleaning
Mortein 2 in 1 Mosquito & Cockroach Killer Aerosol Spray,400 ml,369,https://chaldal.com/pest-control
GoodKnight Liquid Mosquito Repellent Refill,45 ml,130,https://chaldal.com/pest-control
ACI Aerosol Insect Spray,475 ml,415,https://chaldal.com/pest-control
Black Hit Anti Mosquito Aerosol Spray Lime,475 ml,415,https://chaldal.com/pest-control
Mortein Mosquito Repellent Insta Vaporizer (Machine + Refill),each,220,https://chaldal.com/pest-control
Finis Black Booster Mosquito Coil,10 pcs,60,https://chaldal.com/pest-control
Finis Max Jumbo Mosquito Coil,10 pcs,60,https://chaldal.com/pest-control
Baoma Mosquito Coil (No smoke),10 pcs,135,https://chaldal.com/pest-control
ACI Aerosol Insect Spray Jumbo,800 ml,620,https://chaldal.com/pest-control
Black Hit Anti Mosquito Aerosol Spray Lime Fresh,800 ml,620,https://chaldal.com/pest-control
Godrej New Hit Cockroaches Spray,400 ml,350,https://chaldal.com/pest-control
Finis Booster Mosquito Coil,10 pcs,60,https://chaldal.com/pest-control
Godrej Red Hit Cockroaches Spray Fresh Fragrance,625 ml,530,https://chaldal.com/pest-control
Mortein Mosquito Repellent Insta Vaporizer Refill,45 ml,130,https://chaldal.com/pest-control
Weidasi Multifunction Electric Mosquito Swatter With Led Light And Charger (Orange),each,719,https://chaldal.com/pest-control
Black Hit Anti Mosquito Lime Fresh Aerosol,200 ml,225,https://chaldal.com/pest-control
Godrej Fresh Fragrance New Hit Cockroaches Aerosol (Red),200 ml,200,https://chaldal.com/pest-control
Godrej Good Knight Power Activ+ Twin Saver Pack 45 ml,each,230,https://chaldal.com/pest-control
Odomos Naturals Mosquito Repellent Spray,100 ml,670,https://chaldal.com/pest-control
Hit Chalk Kills Cockroach,15 gm,30,https://chaldal.com/pest-control
Black Hit Anti Mosquito Swatter Racquet,each,650,https://chaldal.com/pest-control
Baygon Cockroach Control,270 ml,769,https://chaldal.com/pest-control
Xpel Kids Spray & Lotion Twin Set,each,550,https://chaldal.com/pest-control
Xpel Kids Mosquito Bands Twin Pack,each,350,https://chaldal.com/pest-control
Bosny Non Poisonous Rat Glue,400 ml,570,https://chaldal.com/pest-control
Night Queen Magic Mosquito Net (Size 6'X7') Free USB LED Lamp,each,549,https://chaldal.com/pest-control
Yage Electronic Mosquito Swatter (White & Blue),each,799,https://chaldal.com/pest-control
Godrej Good Knight Power Activ+ (Machine + Refill),each,180,https://chaldal.com/pest-control
Finis Insect Powder,40 gm,30,https://chaldal.com/pest-control
Finis Insect Powder,100 gm,45,https://chaldal.com/pest-control
ACI Cockroach Spray,400 ml,350,https://chaldal.com/pest-control
Comode Long Handle Clean Brush,each,179,https://chaldal.com/cleaning-accessories
Rok Dishwashing Steel Scourer,each,35,https://chaldal.com/cleaning-accessories
ACI Wonder Stainless Steel Scrubber,each,25,https://chaldal.com/cleaning-accessories
Dishwashing Stainless Steel Scrubber,4 pcs,150,https://chaldal.com/cleaning-accessories
Dish Washing Scrubbing Pad,each,30,https://chaldal.com/cleaning-accessories
"Trash Bag Black - 20"" x 30""",12 pcs,283,https://chaldal.com/cleaning-accessories
Flower Broom (Ful Jharu) Large,each,159,https://chaldal.com/cleaning-accessories
Flower Broom (Ful Jharu) Medium,each,125,https://chaldal.com/cleaning-accessories
RFL China Bed Jharu (Lime Green),each,109,https://chaldal.com/cleaning-accessories
RFL Magic Clean Bucket With Mop (Green),each,2000,https://chaldal.com/cleaning-accessories
RFL Dust Pan Small (Red),each,40,https://chaldal.com/cleaning-accessories
RFL Flat Floor Mop,each,270,https://chaldal.com/cleaning-accessories
RFL Supreme Floor Mop,each,220,https://chaldal.com/cleaning-accessories
RFL Elegant Floor Mop,each,290,https://chaldal.com/cleaning-accessories
RFL Long Handle Floor Brush,each,230,https://chaldal.com/cleaning-accessories
RFL Super Premium Floor Mop,each,315,https://chaldal.com/cleaning-accessories
RFL Toilet Brush Economy 51 cm,each,65,https://chaldal.com/cleaning-accessories
RFL Glass Cleaner Wiper,each,65,https://chaldal.com/cleaning-accessories
Scotch-Brite Floor Cotton Mop,each,990,https://chaldal.com/cleaning-accessories
Planet Large Sweeping Broom,each,75,https://chaldal.com/cleaning-accessories
Npoly Dust Pan (Red) 8 x 6 inch,each,60,https://chaldal.com/cleaning-accessories
Plastic Dust Pan,each,106,https://chaldal.com/cleaning-accessories
Magic Fiber Twist Floor Steel Mop (China),each,399,https://chaldal.com/cleaning-accessories
SS Long Handle Cotton Mop China,each,540,https://chaldal.com/cleaning-accessories
Cloth Pin 4 Color,16 pcs,119,https://chaldal.com/cleaning-accessories
Sponge Mop Pva Refill 11 inch (Yellow),each,235,https://chaldal.com/cleaning-accessories
Lacy's Chefwrap 45 cm X 300 mtr,each,1159,https://chaldal.com/cleaning-accessories
"Plastic Red Broom (62"") Handle Jhul Jharu (China)",each,249,https://chaldal.com/cleaning-accessories
"Floor Hand Brush 6"" Local",each,200,https://chaldal.com/cleaning-accessories
"Comod Pump Local 17"" (Red)",each,145,https://chaldal.com/cleaning-accessories
"Comode Handle Box Brush 23""",each,244,https://chaldal.com/cleaning-accessories
"Big Broom 31"" (Shola)",each,145,https://chaldal.com/cleaning-accessories
Basin Curve Clean Brush,each,119,https://chaldal.com/cleaning-accessories
"Trash Bag White - 20"" x 30""",10 pcs,230,https://chaldal.com/cleaning-accessories
Disposable Vinyl Gloves Pack (L),each,770,https://chaldal.com/cleaning-accessories
"Plastic Floor Trapper Mat Red 23""x15"" (China)",each,249,https://chaldal.com/cleaning-accessories
Odonil Air Freshener Block Jasmine Mist,48 gm,65,https://chaldal.com/air-freshners
Godrej Aer Power Pocket Bathroom Fragrance Sea Breeze,10 gm,75,https://chaldal.com/air-freshners
Godrej Aer Power Pocket Bathroom Fragrance Rose Fresh Blossom,10 gm,75,https://chaldal.com/air-freshners
Odonil Air Freshener Block Lavender Meadows,48 gm,65,https://chaldal.com/air-freshners
Odonil Air Freshener Block Orchid Dew,48 gm,65,https://chaldal.com/air-freshners
Odonil Air Freshener Block Mystic Rose,48 gm,65,https://chaldal.com/air-freshners
Godrej Aer Room Air Freshener Spray Cool Surf Blue,300 ml,300,https://chaldal.com/air-freshners
Ermani Air Freshener (Lemon),300 ml,290,https://chaldal.com/air-freshners
Go Fresh Air Freshener Anti Tobacco,300 ml,195,https://chaldal.com/air-freshners
Go Fresh Air Freshener Strawberry,300 ml,195,https://chaldal.com/air-freshners
Bashundhara Air Freshener Orchid,300 ml,290,https://chaldal.com/air-freshners
Bashundhara Air Freshener Lotus,300 ml,240,https://chaldal.com/air-freshners
Fresh N Garden Air Freshener Orange,300 ml,220,https://chaldal.com/air-freshners
Godrej Aer Room Air Freshener Spray Monsoon Refresh,220 ml,240,https://chaldal.com/air-freshners
Godrej Aer Power Bathroom Fragrance Assorted (Buy 4 Get 1 Free),10 gm,300,https://chaldal.com/air-freshners
Fresh N Garden Oudh Air Freshener,300 ml,220,https://chaldal.com/air-freshners
Fantastik Air Freshener Natural Orchid,300 ml,280,https://chaldal.com/air-freshners
Shalimar Chandan Incense Sticks (Agarbatti),150 gm,170,https://chaldal.com/air-freshners
Fresh N Garden Air Freshener Lemon,300 ml,220,https://chaldal.com/air-freshners
Godrej Aer Room Air Freshener Spray Violet Valley Bloom,300 ml,300,https://chaldal.com/air-freshners
Odonil Air Freshener Room Spray Jasmin Fresh,300 ml,320,https://chaldal.com/air-freshners
Odonil Air Freshener Room Spray Citrus Fresh,300 ml,300,https://chaldal.com/air-freshners
Godrej Aer Power Pocket Bathroom Fragrance Fresh Blossom,10 gm,70,https://chaldal.com/air-freshners
Godrej Aer Power Pocket Bathroom Fragrance Lavender Bloom,10 gm,75,https://chaldal.com/air-freshners
Wave Air Freshener (Anti Tobacco),300 ml,290,https://chaldal.com/air-freshners
Armaf Enchanted Lemon Air Freshener,300 ml,440,https://chaldal.com/air-freshners
Spring Anti Tobacco Wild Pine Air Freshener,300 ml,300,https://chaldal.com/air-freshners
Wave Air Freshener (Lemongrass),300 ml,290,https://chaldal.com/air-freshners
Wave Air Freshener (Rojonigondha),300 ml,290,https://chaldal.com/air-freshners
Wave Air Freshener (Jasmine),300 ml,290,https://chaldal.com/air-freshners
Fresh N Fresh Air Freshener Jasmine,300 ml,400,https://chaldal.com/air-freshners
Fresh N Fresh Air Freshener Lemon,300 ml,450,https://chaldal.com/air-freshners
Fresh N Fresh Air Freshener Rose,300 ml,350,https://chaldal.com/air-freshners
Godrej Aer Cool Surf Blue Click Gel AC Vent Car Freshener,each,399,https://chaldal.com/air-freshners
Godrej Aer Twist Dashboard Car Freshener Cool Surf (Blue),45 gm,599,https://chaldal.com/air-freshners
Godrej Aer Room Air Freshener Spray Fresh Lush Green,300 ml,300,https://chaldal.com/air-freshners
Fay Air Freshener Lily 3 in 1,300 ml,320,https://chaldal.com/air-freshners
Fay Air Freshener Orchid 3 In 1,300 ml,320,https://chaldal.com/air-freshners
Fay Air Freshener Lime 3 in 1,300 ml,320,https://chaldal.com/air-freshners
Fay Air Freshener Jasmine 3 in 1,300 ml,340,https://chaldal.com/air-freshners
Fay Air Freshener Magnolia 3 in 1,300 ml,340,https://chaldal.com/air-freshners
Fay Air Freshener Rose 3 in 1,300 ml,340,https://chaldal.com/air-freshners
Fay Air Freshener Narcissus 3 in1,300 ml,320,https://chaldal.com/air-freshners
Spring Air Freshener Orange Fresh,300 ml,320,https://chaldal.com/air-freshners
Fay Air Freshener Lavender 3 in 1,300 ml,340,https://chaldal.com/air-freshners
Spring Air Freshener Lemon Fresh,300 ml,320,https://chaldal.com/air-freshners
Spring Air Freshener Floral Fresh,300 ml,320,https://chaldal.com/air-freshners
Godrej Aer Twist Dashboard Car Freshener Fresh Lush (Green),45 gm,599,https://chaldal.com/air-freshners
Angelic Fresh Air Freshener Amazonia,300 ml,340,https://chaldal.com/air-freshners
Angelic Fresh Air Freshener Orchid Breeze,300 ml,340,https://chaldal.com/air-freshners
"Trash Bag Black (18"" x 24"")",10 pcs,230,https://chaldal.com/trash-bags
"Trash Bag Black - 20"" x 30""",12 pcs,283,https://chaldal.com/trash-bags
"Trash Bag Black (32"" x 42"")",10 pcs,299,https://chaldal.com/trash-bags
"Trash Bag White (18"" x 24"")",10 pcs,242,https://chaldal.com/trash-bags
"Transparent Disposable Piping Bags (8.5""x12.5"")",100 pcs,719,https://chaldal.com/trash-bags
Disposable Shoe Cover 25 pairs,,609,https://chaldal.com/trash-bags
Disposable Head Cover,100 pcs,489,https://chaldal.com/trash-bags
Net Bag,150 pcs,289,https://chaldal.com/trash-bags
"Trash Bag White - 20"" x 30""",10 pcs,230,https://chaldal.com/trash-bags
Disposable Vinyl Gloves Pack (L),each,770,https://chaldal.com/trash-bags
Fresh Hand Towel (250X1 Ply),each,100,https://chaldal.com/kitchen-accessories
Bashundhara Kitchen Towel Rolls,2 pcs,160,https://chaldal.com/kitchen-accessories
"Fresh Paper Napkins 13"" Perfumed (100X1 Ply)",each,75,https://chaldal.com/kitchen-accessories
Bashundhara Kitchen Towel Rolls,each,85,https://chaldal.com/kitchen-accessories
Fresh kitchen Towel Roll,each,85,https://chaldal.com/kitchen-accessories
RFL Stainless Steel Net Spoon 33 cm,each,105,https://chaldal.com/kitchen-accessories
RFL Vegetable Washing Net 37 cm (Red),each,115,https://chaldal.com/kitchen-accessories
Npoly Vegetable Washing Net (Red) 36 cm,each,70,https://chaldal.com/kitchen-accessories
RFL Plastic Dala Big (Red),each,240,https://chaldal.com/kitchen-accessories
"Bashundhara Paper Napkins 13"" Unscented",100 pcs,75,https://chaldal.com/kitchen-accessories
Rok Dishwashing Steel Scourer,each,35,https://chaldal.com/kitchen-accessories
Match Box,12 pcs,35,https://chaldal.com/kitchen-accessories
Dishwashing Stainless Steel Scrubber,4 pcs,150,https://chaldal.com/kitchen-accessories
Partex Cleen Kitchen Towel Roll,each,85,https://chaldal.com/kitchen-accessories
Partex Cleen Kitchen Towel Roll,2 pcs,160,https://chaldal.com/kitchen-accessories
Dish Washing Scrubbing Pad,each,30,https://chaldal.com/kitchen-accessories
Diamond Plastic Stretch Wrap 200 sq ft,each,289,https://chaldal.com/kitchen-accessories
BBQ Portable machine 17 inch,each,1489,https://chaldal.com/kitchen-accessories
BBQ Grill Tin Maker With 5 Stick Silver,each,599,https://chaldal.com/kitchen-accessories
BBQ Net Holder Clip Silver,each,929,https://chaldal.com/kitchen-accessories
Blossoms Quality Wax Paper (10 m X 30 cm),each,429,https://chaldal.com/kitchen-accessories
Spoon Stand Round,each,269,https://chaldal.com/kitchen-accessories
Stainless Steel Roncfa Knife,each,215,https://chaldal.com/kitchen-accessories
Stainless Steel Vegetable Peeler,each,269,https://chaldal.com/kitchen-accessories
BBQ Brush (Red),each,119,https://chaldal.com/kitchen-accessories
RFL Super Hero Tiffin Box,each,100,https://chaldal.com/kitchen-accessories
RFL Winner Tiffin Box Rectangular,each,150,https://chaldal.com/kitchen-accessories
RFL Modern Pen Holder Light Blue,each,65,https://chaldal.com/kitchen-accessories
RFL Two Color Magic Stool Medium Exclusive,each,375,https://chaldal.com/kitchen-accessories
RFL Two Color Magic Stool High Exclusive,each,475,https://chaldal.com/kitchen-accessories
RFL Dispo knife Trans Set,50 pcs,160,https://chaldal.com/kitchen-accessories
RFL English Dish Rack Red,each,670,https://chaldal.com/kitchen-accessories
RFL Deluxe Bowl Red 8 ltr,each,140,https://chaldal.com/kitchen-accessories
RFL Smart Kitchen Rack Mini Two Color,each,480,https://chaldal.com/kitchen-accessories
RFL Deluxe Bowl Red 3 ltr,each,80,https://chaldal.com/kitchen-accessories
RFL Caino Stool Medium Eagle Brown,each,300,https://chaldal.com/kitchen-accessories
RFL Chef Chopping Board,each,350,https://chaldal.com/kitchen-accessories
RFL Hefty Chopping Board (Lime Green),each,125,https://chaldal.com/kitchen-accessories
RFL Salad Cutting Board (Orange),each,275,https://chaldal.com/kitchen-accessories
RFL Oval Washing Net Sm Blue 32 cm,each,75,https://chaldal.com/kitchen-accessories
RFL Flower Cloth Clip Set,12 pcs,150,https://chaldal.com/kitchen-accessories
RFL Rice Washing Net Cyan Blue 40 cm,each,160,https://chaldal.com/kitchen-accessories
RFL Rice Washing Net Red 40 cm,each,160,https://chaldal.com/kitchen-accessories
RFL Apple Jug Trans 2.5 ltr,each,200,https://chaldal.com/kitchen-accessories
RFL Roman Wall Rack (Light Blue),each,330,https://chaldal.com/kitchen-accessories
RFL Rtg Spice Tray (Red),each,150,https://chaldal.com/kitchen-accessories
RFL Cherry Container Trans Set,3 pcs,310,https://chaldal.com/kitchen-accessories
RFL Family Basket,each,520,https://chaldal.com/kitchen-accessories
RFL Glass Stand Red,each,130,https://chaldal.com/kitchen-accessories
RFL Popular Chopping Board White 34 cm,each,260,https://chaldal.com/kitchen-accessories
Samurai Multi Functional Electric Cooker Pink (All Plastic),1.8 ltr,1400,https://chaldal.com/kitchen-appliances
Samurai Multi Functional Electric Cooker Teal (All Plastic),1.8 ltr,1400,https://chaldal.com/kitchen-appliances
Samurai Mosquito Bat White (Rechargeable),each,750,https://chaldal.com/kitchen-appliances
Stainless Steel Round Spoon Medium,each,159,https://chaldal.com/kitchen-appliances
Pureit Classic Germ Kill Kit,1500 ltr,800,https://chaldal.com/kitchen-appliances
Vision Electric Kettle Glass (VIS-EK-016),1.8 ltr,1500,https://chaldal.com/kitchen-appliances
Vision Electric Kettle Heavy Duty (VIS-EK-017),5 ltr,2500,https://chaldal.com/kitchen-appliances
Vision Electric Kettle (VIS-EK-008),1.5 ltr,900,https://chaldal.com/kitchen-appliances
Vision Electric Kettle (VIS-EK-005),1.8 ltr,1000,https://chaldal.com/kitchen-appliances
RFL Topper Nonstick Glamour Fry Pan With Lid (Ash) 28 cm,,1540,https://chaldal.com/kitchen-appliances
RFL Topper Nonstick Marble Coated Fry Pan With Lid 26 cm,,1450,https://chaldal.com/kitchen-appliances
RFL Topper Nonstick Marble Coated Fry Pan With Lid IB 22 cm,,1250,https://chaldal.com/kitchen-appliances
RFL Topper Nonstick Marble Coated Fry Pan With Lid 24 cm,each,1300,https://chaldal.com/kitchen-appliances
RFL Topper Nonstick Glamour Dosa Tawa IB (Ash) 26 cm,each,1100,https://chaldal.com/kitchen-appliances
Stainless Steel Whisk (Blue),each,128,https://chaldal.com/kitchen-appliances
RFL Topper Aluminum Belly Pot 2.5 ltr,each,840,https://chaldal.com/kitchen-appliances
Kitchen Apron,each,271,https://chaldal.com/kitchen-appliances
Stainless Steel Grater,each,199,https://chaldal.com/kitchen-appliances
Stainless Steel Whisk,each,117,https://chaldal.com/kitchen-appliances
Heat Insulation Pad,each,100,https://chaldal.com/kitchen-appliances
Non Stick Fry Pan Spoon,each,149,https://chaldal.com/kitchen-appliances
RFL Vision Classic 3 In 1 Blender,1.6 ltr,2500,https://chaldal.com/kitchen-appliances
Stainless Steel Pickle Spoon,each,105,https://chaldal.com/kitchen-appliances
Manual Stainless Stell Hand Mixer,each,169,https://chaldal.com/kitchen-appliances
Meat Tenderizer (2.5 x 8 inch) China,each,629,https://chaldal.com/kitchen-appliances
Hualanz Flask (500 ml),each,559,https://chaldal.com/kitchen-appliances
RFL Topper NonStick Fry Pan & Lid Red 24 cm,each,1170,https://chaldal.com/kitchen-appliances
RFL Topper Nonstick Glamour Fry Pan with Lid (Red) 26 cm,each,1405,https://chaldal.com/kitchen-appliances
RFL Topper NonStick Cassrole & Lid Red 26 cm,each,1940,https://chaldal.com/kitchen-appliances
RFL Topper Silver Pressure Cooker 5 ltr,each,1900,https://chaldal.com/kitchen-appliances
Stainless Steel Curry Spoon,each,149,https://chaldal.com/kitchen-appliances
Samurai Big Multi Chopper Red (SMC002),each,1200,https://chaldal.com/kitchen-appliances
Big Stainless Steel Fork,6 pcs,739,https://chaldal.com/kitchen-appliances
Transtec Ceiling Rose,each,45,https://chaldal.com/electric-multiplug
Transtec 3 Pin Travel Adapter (13 AMP),each,130,https://chaldal.com/electric-multiplug
Transtec 3 Pin Plug (16 AMP),each,90,https://chaldal.com/electric-multiplug
Transtec 3 Pin Plug (13 AMP),each,80,https://chaldal.com/electric-multiplug
Transtec E27 Batten (Screw) Holder,each,40,https://chaldal.com/electric-multiplug
Many 3 Socket Power Converter Multi Plug (3 Pin),each,489,https://chaldal.com/electric-multiplug
RFL Click 3 Socket Multiplug (2 Pin),each,660,https://chaldal.com/electric-multiplug
RFL Click 4 Socket Multiplug (2 Pin),each,850,https://chaldal.com/electric-multiplug
Malik Seeds Mishti Kumra Beej (Rongila),each,60,https://chaldal.com/gardening
Malik Seeds Lau Beej (Pallabi),each,60,https://chaldal.com/gardening
Malik Seeds Chichinga Beej (Asha),each,60,https://chaldal.com/gardening
Malik Seeds Jhinga Beej (Raman),each,60,https://chaldal.com/gardening
Malik Seeds Begun Beej (Pritam),each,60,https://chaldal.com/gardening
Malik Seeds Begun Beej (Lalita),each,60,https://chaldal.com/gardening
Malik Seeds Tok Tomato Beej (Sour Round),each,60,https://chaldal.com/gardening
RFL RTG Flower Tub Small (Sandal Wood),each,99,https://chaldal.com/gardening
RFL RTG Flower Tub Big (Sandal Wood),each,200,https://chaldal.com/gardening
RFL RTG Flower Tub Big (Tulip Green),each,200,https://chaldal.com/gardening
RFL TEL Square Flower Tub (Sandal Wood) 12 inch,each,260,https://chaldal.com/gardening
RFL TEL Square Flower Tub (Rose Wood) 12 inch,each,260,https://chaldal.com/gardening
RFL TEL Flower Tub With Tray (Fanta Orange) 14 inch,each,180,https://chaldal.com/gardening
RFL TEL Hanging Flower Tub Small (Red) 6 inch,each,60,https://chaldal.com/gardening
RFL TEL Hanging Flower Tub Small (Brown) 6 inch,each,60,https://chaldal.com/gardening
RFL TEL Modern Flower Tub With Tray (Rose Wood) 8 inch,each,80,https://chaldal.com/gardening
RFL TEL Modern Flower Tub With Tray (Rose Wood) 6 inch,each,50,https://chaldal.com/gardening
RFL TEL Modern Flower Tub With Tray (Brown) 6 inch,each,50,https://chaldal.com/gardening
RFL Grill Mounted Flower Tub (Orange) 6 inch,each,62,https://chaldal.com/gardening
RFL Grill Mounted Flower Tub (Lime Green) 6 inch,each,62,https://chaldal.com/gardening
Malik Seeds Borboti Beej (Nice Green),each,60,https://chaldal.com/gardening
Malik Seeds Mishti Kumra Beej (Black Sweet),each,60,https://chaldal.com/gardening
Malik Seeds Dhundol Beej (Aarti),each,60,https://chaldal.com/gardening
Malik Seeds Boro Korola Beej (Apon),each,60,https://chaldal.com/gardening
Malik Seeds Choto Korola Beej (Malik 1315),each,60,https://chaldal.com/gardening
Malik Seeds Dherosh beej (Shomy),each,60,https://chaldal.com/gardening
Malik Seeds Morich Beej (Bijlee),each,60,https://chaldal.com/gardening
RFL English Dish Rack Red,each,670,https://chaldal.com/rack-organizer
RFL Smart Kitchen Rack Mini Two Color,each,480,https://chaldal.com/rack-organizer
RFL Flower Cloth Clip Set,12 pcs,150,https://chaldal.com/rack-organizer
RFL Heavy Rehal Red,each,200,https://chaldal.com/rack-organizer
RFL Roman Wall Rack (Light Blue),each,330,https://chaldal.com/rack-organizer
RFL Wall Hanger 10 Hooks (SM Blue),each,120,https://chaldal.com/rack-organizer
RFL Standard Mini Rack (Red & White),each,220,https://chaldal.com/rack-organizer
RFL Mini Rack (SM Blue),each,260,https://chaldal.com/rack-organizer
RFL Shoe Rack 4 Step (Red),each,550,https://chaldal.com/rack-organizer
Npoly Round Cloth Hanger (Red),each,200,https://chaldal.com/rack-organizer
"Steel Wire (22""x6"") Wall 6 Hook Hanger (China)",each,299,https://chaldal.com/rack-organizer
RFL Smart Dish Rack With Tray (Red),each,190,https://chaldal.com/rack-organizer
Areca Leaf Square Bowl,6 pcs,105,https://chaldal.com/disposables
One Time Plastic Fork Spoon,100 pcs,239,https://chaldal.com/disposables
Areca Leaf Lunch Container,6 pcs,155,https://chaldal.com/disposables
Areca Leaf Heart Shape Plate,6 pcs,185,https://chaldal.com/disposables
Areca Leaf Food Container with Lid,6 pcs,185,https://chaldal.com/disposables
One Time Plastic Spoon,100 pcs,189,https://chaldal.com/disposables
One Time Plastic Glass,100 pcs,249,https://chaldal.com/disposables
One Time Packaging Tray,100 pcs,299,https://chaldal.com/disposables
Shankar Umbrella With Box Black Colour (10 Spoke),each,449,https://chaldal.com/fashion-lifestyle
Fabric Lagbe Ehram (Er-1),each,1075,https://chaldal.com/fashion-lifestyle
Fabric Lagbe Gents Panjabi M (GP-1),each,860,https://chaldal.com/fashion-lifestyle
Fabric Lagbe Gents Panjabi S (GP-1),each,860,https://chaldal.com/fashion-lifestyle
Fabric Lagbe Lungi Tangai (T-4),each,650,https://chaldal.com/fashion-lifestyle
Fabric Lagbe Lungi Furti (F-7),each,470,https://chaldal.com/fashion-lifestyle
Fabric Lagbe Lungi Tangai (T-7),each,650,https://chaldal.com/fashion-lifestyle
Fabric Lagbe Lungi Tangai (T-6),each,650,https://chaldal.com/fashion-lifestyle
Fabric Lagbe Lungi Tangai (T-5),each,650,https://chaldal.com/fashion-lifestyle
Fabric Lagbe Lungi Aram (A-8),each,500,https://chaldal.com/fashion-lifestyle
Fabric Lagbe Lungi Aram (A-7),each,500,https://chaldal.com/fashion-lifestyle
Fabric Lagbe Lungi Aram (A-6),each,500,https://chaldal.com/fashion-lifestyle
Fabric Lagbe Lungi Furti (F-6),each,470,https://chaldal.com/fashion-lifestyle
Fabric Lagbe Lungi Furti (F-5),each,470,https://chaldal.com/fashion-lifestyle
Fabric Lagbe Lungi Furti (F-4),each,470,https://chaldal.com/fashion-lifestyle
Fabric Lagbe Lungi Furti (F-3),each,470,https://chaldal.com/fashion-lifestyle
Fabric Lagbe Lungi Furti (F-2),each,470,https://chaldal.com/fashion-lifestyle
Fabric Lagbe Lungi Furti (F-1),each,470,https://chaldal.com/fashion-lifestyle
Fabric Lagbe Lungi Mokka (M-2),each,950,https://chaldal.com/fashion-lifestyle
Fabric Lagbe Handwork Cushion Cover (HCC-01),each,275,https://chaldal.com/fashion-lifestyle
Fabric Lagbe Aplic Cushion Cover (ACC-04),each,275,https://chaldal.com/fashion-lifestyle
Fabric Lagbe Kurush Cushion Cover (KCC-03),each,645,https://chaldal.com/fashion-lifestyle
Fabric Lagbe Kurush Cushion Cover (KCC-02),each,645,https://chaldal.com/fashion-lifestyle
Savlon Travel Pouch,each,450,https://chaldal.com/fashion-lifestyle
Fabric Lagbe Cotton Lungi (JL-01),each,850,https://chaldal.com/fashion-lifestyle
LT3 Livingtex Men's Boxer XL 3 pcs,each,490,https://chaldal.com/fashion-lifestyle
LT1 Livingtex Men's Boxer M 3 pcs,each,650,https://chaldal.com/fashion-lifestyle
Moon Umbrella Blue Color,each,550,https://chaldal.com/fashion-lifestyle
Men's Black Sock 1 Pair,,120,https://chaldal.com/fashion-lifestyle
"Farlin Baby Comfortable Cot Sheet (24""X36"")",each,558,https://chaldal.com/fashion-lifestyle
Raincoat (Black),each,669,https://chaldal.com/fashion-lifestyle
Kinder Comfy Fit Pants Diaper L (8-15 kg),5 pcs,129,https://chaldal.com/large-2
Kinder Comfy Fit Pants Diaper M (6-12 kg),5 pcs,129,https://chaldal.com/large-2
Savlon Twinkle Baby Pant Diaper L 8-15 kg,34 pcs,819,https://chaldal.com/large-2
Fresh Happy Nappy Pant Diaper L (9-14 kg),34 pcs,789,https://chaldal.com/large-2
Savlon Twinkle Baby Pant Diaper XXL 14-25 kg,24 pcs,749,https://chaldal.com/large-2
Comfort Baby Diaper Pant XXL (16-25 kg),26 pcs,829,https://chaldal.com/large-2
Comfort Baby Diaper Pant L (9-14 kg),5 pcs,119,https://chaldal.com/large-2
Comfort Baby Diaper Pant XL (12-17 kg),32 pcs,649,https://chaldal.com/large-2
Comfort Baby Diaper Pant L (9-14 kg),36 pcs,759,https://chaldal.com/large-2
NeoCare Premium Baby Diaper Belt L (7-18 kg),50 pcs,1339,https://chaldal.com/large-2
Savlon Twinkle Baby Pant Diaper XL 12-20 kg,32 pcs,789,https://chaldal.com/large-2
Savlon Twinkle Baby Pant Diaper L 8-15 kg,48 pcs,1029,https://chaldal.com/large-2
Avonee Maxi 4 Baby Diaper Pants L 9-14 kg,34 pcs,749,https://chaldal.com/large-2
Molfix Baby Diaper Pants Super Pack Juni 12-17 kg,68 pcs,3340,https://chaldal.com/large-2
Kidstar Baby Diaper Belt L (9-18 kg),56 pcs,929,https://chaldal.com/large-2
Kidstar Baby Diaper Belt XL (12-25 kg),50 pcs,979,https://chaldal.com/large-2
Bashundhara Diapant Baby Diaper L 9-14 kg,34 pcs,699,https://chaldal.com/large-2
Savlon Twinkle Baby Belt Diaper XL 11-25 Kg,32 pcs,929,https://chaldal.com/large-2
Kinder Comfy Fit Pants Diaper XL (12-20 kg),4 pcs,129,https://chaldal.com/large-2
Supermom Baby Diaper Belt L (9-14 kg),40 pcs,1179,https://chaldal.com/large-2
Savlon Twinkle Baby Belt Diaper (L 7-18 kg),36 pcs,919,https://chaldal.com/large-2
Smart Care Ultra Thin Baby Pant Diaper XL (12-17 kg),46 pcs,1629,https://chaldal.com/extra-large-15-kg-diapers
Fresh Happy Nappy Pant Diaper XL (12 -17 kg),32 pcs,699,https://chaldal.com/extra-large-15-kg-diapers
Fresh Happy Nappy Pant Diaper XXL (12-25 kg),24 pcs,719,https://chaldal.com/extra-large-15-kg-diapers
Comfort Baby Diaper Pant XXXL (20-30 kg),24 pcs,829,https://chaldal.com/extra-large-15-kg-diapers
Savlon Twinkle Baby Pant Diaper XXL 14-25 kg,24 pcs,749,https://chaldal.com/extra-large-15-kg-diapers
Fresh Happy Nappy Pant Diaper XXL (12-25 kg),4 pcs,119,https://chaldal.com/extra-large-15-kg-diapers
Nannys Baby Love Diaper Belt 4 Maxi 8-18 kg (Free Wipes 72 pcs),25 pcs,925,https://chaldal.com/extra-large-15-kg-diapers
Comfort Baby Diaper Pant XXL (16-25 kg),26 pcs,829,https://chaldal.com/extra-large-15-kg-diapers
Comfort Baby Diaper Pant XL (12-17 kg),32 pcs,649,https://chaldal.com/extra-large-15-kg-diapers
Fresh Happy Nappy Pant Diaper XL (12 -17 kg),4 pcs,119,https://chaldal.com/extra-large-15-kg-diapers
Savlon Twinkle Baby Pant Diaper XL 12-20 kg,32 pcs,789,https://chaldal.com/extra-large-15-kg-diapers
Molfix Baby Diaper Pants Super Pack Extra Large 15+ kg,58 pcs,3480,https://chaldal.com/extra-large-15-kg-diapers
Molfix Baby Diaper Pants Super Pack Juni 12-17 kg,68 pcs,3340,https://chaldal.com/extra-large-15-kg-diapers
Pampers Baby Dry 8 Jumbo Plus Belt 17+ kg,52 pcs,4499,https://chaldal.com/extra-large-15-kg-diapers
Kidstar Baby Diaper Belt L (9-18 kg),56 pcs,929,https://chaldal.com/extra-large-15-kg-diapers
Kidstar Baby Diaper Belt XL (12-25 kg),50 pcs,979,https://chaldal.com/extra-large-15-kg-diapers
Savlon Twinkle Baby Belt Diaper XL 11-25 Kg,32 pcs,929,https://chaldal.com/extra-large-15-kg-diapers
Smart Care Ultra Thin Baby Pant Diaper XXL (15-25 kg),42 pcs,1629,https://chaldal.com/extra-large-15-kg-diapers
Kinder Comfy Fit Pants Diaper XL (12-20 kg),4 pcs,129,https://chaldal.com/extra-large-15-kg-diapers
Huggies Dry Pants Baby Diaper Pant XL (12-17 kg),40 pcs,2019,https://chaldal.com/extra-large-15-kg-diapers
Kinder Comfy Fit Pants Diaper M (6-12 kg),5 pcs,129,https://chaldal.com/small-2
Good Care Baby Diaper 3 M Midi (4-9 kg),40 pcs,1170,https://chaldal.com/small-2
Avonee Baby Diaper Pants S (4-8 kg),5 pcs,119,https://chaldal.com/small-2
Comfort Baby Diaper Pant M (7-12 kg),40 pcs,639,https://chaldal.com/small-2
Comfort Baby Diaper Pant S (3-8 kg),42 pcs,699,https://chaldal.com/small-2
NeoCare Premium Baby Diaper Belt L (7-18 kg),50 pcs,1339,https://chaldal.com/small-2
NeoCare Premium Baby Diaper Belt S (3-6 kg),50 pcs,939,https://chaldal.com/small-2
Fresh Happy Nappy Pant Diaper S (4-8 kg),42 pcs,779,https://chaldal.com/small-2
Fresh Happy Nappy Pant Diaper S (4-8 kg),5 pcs,119,https://chaldal.com/small-2
Savlon Twinkle Baby Pant Diaper M 6-12 kg,40 pcs,869,https://chaldal.com/small-2
Savlon Twinkle Baby Pant Diaper S 8 kg,42 pcs,829,https://chaldal.com/small-2
Kidz Baby Diaper Belt New Born (0-4 kg),25 pcs,799,https://chaldal.com/small-2
Supermom Baby Diaper Belt S (3- 8 kg),5 pcs,139,https://chaldal.com/small-2
Kinder Comfy Fit Pants Diaper S (3-8 kg),42 pcs,799,https://chaldal.com/small-2
SMC Smile Baby Diaper Belt S (3-6 kg),5 pcs,89,https://chaldal.com/small-2
Savlon Twinkle Baby Pant Diaper S 8 kg,60 pcs,1089,https://chaldal.com/small-2
Kinder Wet Wipes Jar,160 pcs,240,https://chaldal.com/wipes
Kinder Wet Wipes Jar,120 pcs,200,https://chaldal.com/wipes
Kinder Wet Wipes Pouch,120 pcs,235,https://chaldal.com/wipes
Supermom Premium Mild Baby Wipes,120 pcs,235,https://chaldal.com/wipes
NeoCare Baby Wipes,120 pcs,235,https://chaldal.com/wipes
Smart Care Baby Wet Wipes with Fliptop,120 pcs,220,https://chaldal.com/wipes
NeoCare Baby Wipes,180 pcs,260,https://chaldal.com/wipes
Comfort Baby Wet Wipes,120 pcs,185,https://chaldal.com/wipes
ACI Twinkle Baby Wipes Jar,120 pcs,200,https://chaldal.com/wipes
Savlon Baby Wipes Jar,160 pcs,230,https://chaldal.com/wipes
Dr Rhazes Sensitive Baby Wipes,120 pcs,220,https://chaldal.com/wipes
Bashundhara Baby Wipes (Sky Blue),120 pcs,180,https://chaldal.com/wipes
Smartcare Wet Wipes With Tube,160 pcs,220,https://chaldal.com/wipes
Freshmaker Baby Wet Wipes,120 pcs,335,https://chaldal.com/wipes
SMC Smile Baby Wipes,80 pcs,200,https://chaldal.com/wipes
Savlon Twinkle Baby Wipes,120 pcs,285,https://chaldal.com/wipes
Farlin Herbal Baby Wet Wipes,85 pcs,615,https://chaldal.com/wipes
Farlin Moisture Anti Rash Wet Wipes Pink,85 pcs,615,https://chaldal.com/wipes
Happy Fresh Wet Wipes (Rose),120 pcs,220,https://chaldal.com/wipes
Pozzy Premium Hygienic Baby Wet Towel Wipes,120 pcs,235,https://chaldal.com/wipes
ACI Savlon Baby Wipes (Antibacterial),120 pcs,285,https://chaldal.com/wipes
Pepsodent Toothpaste Kids Strawbery,45 gm,90,https://chaldal.com/baby-oral-care
Pepsodent Awesome Orange Toothpaste,45 gm,85,https://chaldal.com/baby-oral-care
Aquafresh Baby Paste (6-8 years),50 ml,325,https://chaldal.com/baby-oral-care
Parachute Just For Baby Toothpaste (Mix Fruit),45 gm,100,https://chaldal.com/baby-oral-care
Farlin Baby Floss Toothpick,50 pcs,229,https://chaldal.com/baby-oral-care
Colgate Baby Strawberry Toothpaste (0-2 years),50 ml,368,https://chaldal.com/baby-oral-care
Meril Baby Toothbrush,each,70,https://chaldal.com/baby-oral-care
Meril Baby Gel Strawberry Toothpaste,45 gm,100,https://chaldal.com/baby-oral-care
Meril Baby Gel Orange Toothpaste,45 gm,100,https://chaldal.com/baby-oral-care
Aquafresh Little Teeth Toothpaste (3-5 Years),50 ml,440,https://chaldal.com/baby-oral-care
Kodomo Baby Toothpaste Strawberry Flavor,40 gm,133,https://chaldal.com/baby-oral-care
Aquafresh Milk Teeth Toothpaste (0-2 Years),50 ml,459,https://chaldal.com/baby-oral-care
Farlin Baby Cotton Buds,200 pcs,400,https://chaldal.com/baby-accessories
SmartCare Baby Bottle and Accessories Liquid Wash,500 ml,550,https://chaldal.com/baby-accessories
Pur Going Out Cup (Green) 250 ml,each,529,https://chaldal.com/baby-accessories
Lion Bottle & Nipple Brush (Blue),each,170,https://chaldal.com/baby-accessories
All-Max Maximum Protection 3 layer Medical Mask,50 pcs,400,https://chaldal.com/baby-accessories
Birthday Celebration Balloon,20 pcs,150,https://chaldal.com/baby-accessories
Smartcare Silicon Baby Teether (6+ months),each,175,https://chaldal.com/baby-accessories
Smartcare Silicon Nipple (3+ Months ) M,each,50,https://chaldal.com/baby-accessories
Smartcare Silicon Nipple (6+ months) L,each,50,https://chaldal.com/baby-accessories
Smartcare Baby pacifier Medicine Feeder,10 ml,215,https://chaldal.com/baby-accessories
Smartcare Bottle & Nipple Brush Set,each,265,https://chaldal.com/baby-accessories
Kodomo Baby Bottle Cleanser Refill,700 ml,600,https://chaldal.com/baby-accessories
Farlin Baby Floss Toothpick,50 pcs,229,https://chaldal.com/baby-accessories
Farlin Milk Powder Container Mixed Color 4 layer,,345,https://chaldal.com/baby-accessories
Farlin Baby Hair Comb & Brush Set,each,580,https://chaldal.com/baby-accessories
Farlin Breast Pump Manual,each,472,https://chaldal.com/baby-accessories
"Farlin Baby Comfortable Cot Sheet (24""X36"")",each,558,https://chaldal.com/baby-accessories
Farlin Baby Feeding Bottle & Nipple Cleanser Refill,700 ml,708,https://chaldal.com/baby-accessories
Farlin Baby Clothing Detergent,500 ml,629,https://chaldal.com/baby-accessories
Angel Baby Feeding Bottle & Nipple Cleanser,500 ml,501,https://chaldal.com/baby-accessories
Farlin Baby Feeding Bottle & Nipple Cleanser,700 ml,892,https://chaldal.com/baby-accessories
"Farlin Air-Filled Rubber Cot Sheet (24""X36"")",each,1643,https://chaldal.com/baby-accessories
Angel Breast Pump Normal (BAA-22),each,386,https://chaldal.com/baby-accessories
Angel Feeding Bottle Brush (BR-1F3),each,279,https://chaldal.com/baby-accessories
Pur Baby Feeder & Nipple Brush (R.6104) 1 set,,480,https://chaldal.com/baby-accessories
Pur Baby Brush & Comb (Pink) 1 set,,479,https://chaldal.com/baby-accessories
Pur Baby Manicure Set (Paste),each,362,https://chaldal.com/baby-accessories
Pur Going Out Cup (Pink) 250 ml,each,554,https://chaldal.com/baby-accessories
Pur Baby Plastic Bib (Pink),each,300,https://chaldal.com/baby-accessories
Nihar Naturals Shanti Badam Amla Hair Oil,175 ml,175,https://chaldal.com/hair-care
Gondhraj Perfume Hair Oil,350 ml,320,https://chaldal.com/hair-care
Well's Almond Oil,70 ml,299,https://chaldal.com/hair-care
Parachute Advansed Beliphool Coconut Hair Oil,300 ml,310,https://chaldal.com/hair-care
Well's Castor Oil,70 ml,500,https://chaldal.com/hair-care
Parachute Coconut Oil (Extra 15 ml),175 ml,200,https://chaldal.com/hair-care
Parachute Coconut Oil,95 ml,110,https://chaldal.com/hair-care
Jui Coconut Oil,200 ml,200,https://chaldal.com/hair-care
Parachute Coconut Oil,500 ml,450,https://chaldal.com/hair-care
Ujjwala Care Anti Hairfall Herbal Shampoo,200 ml,320,https://chaldal.com/hair-care
Ujjwala Care Anti Hairfall Herbal Hair Oil,100 ml,200,https://chaldal.com/hair-care
Ujjwala Care Anti Hairfall Herbal Shampoo,350 ml,480,https://chaldal.com/hair-care
Natura Grow Hair Oil,200 ml,230,https://chaldal.com/hair-care
Dove Shampoo Intense Repair,450 ml,580,https://chaldal.com/hair-care
Parachute Naturale Shampoo Advanced Hair Fall Control,320 ml,265,https://chaldal.com/hair-care
Farmer's Gold Sweet Pumpkin Seed Oil,30 ml,450,https://chaldal.com/hair-care
Parachute Advansed Onion Enriched Coconut Hair Growth Oil,200 ml,215,https://chaldal.com/hair-care
B. Tech Expert Pure Herbal Hair Care Oil (Gold),200 ml,210,https://chaldal.com/hair-care
Farmer's Gold Onion Oil,30 ml,250,https://chaldal.com/hair-care
Farmer's Gold Neem Oil,100 ml,255,https://chaldal.com/hair-care
Dabur Amla Hair Oil (Extra 50 ml ),400 ml,440,https://chaldal.com/hair-care
Himalaya Anti Hair Fall Shampoo,180 ml,270,https://chaldal.com/hair-care
Sesa Herbal Hair Oil,100 ml,250,https://chaldal.com/hair-care
Ceylon Organic Extra Virgin Coconut Oil,200 ml,600,https://chaldal.com/hair-care
Agrilife Extra Virgin Coconut Oil,450 ml,1089,https://chaldal.com/hair-care
Dabur Amla Hair Oil,300 ml,290,https://chaldal.com/hair-care
Indulekha Bringha Ayurvedic Hair Oil,50 ml,549,https://chaldal.com/hair-care
My Organic BD Shikakai Powder,100 gm,85,https://chaldal.com/hair-care
Herbal Essences White Strawberry & Sweet Mint Shampoo,400 ml,1800,https://chaldal.com/hair-care
Dabur Amla Hair Oil,100 ml,110,https://chaldal.com/hair-care
Kumarika Spilt & Control Hair Oil,200 ml,200,https://chaldal.com/hair-care
Kumarika Anti Dandruff Control Hair Oil,200 ml,240,https://chaldal.com/hair-care
Parachute Advansed Coconut Hair Oil,275 ml,210,https://chaldal.com/hair-care
Emami 7 Oils In One Non Sticky Hair Oil,300 ml,380,https://chaldal.com/hair-care
Bigen Hair Color & Conditioner (Light Brown),80 gm,750,https://chaldal.com/hair-care
Bigen Hair Color & Conditioner (Natural Brown),80 gm,700,https://chaldal.com/hair-care
Bigen Hair Color & Conditioner (Dark Brown),80 gm,700,https://chaldal.com/hair-care
Bigen Hair Color & Conditioner (Natural Black),80 gm,700,https://chaldal.com/hair-care
Jui Coconut Oil Can,350 ml,340,https://chaldal.com/hair-care
Ceylon Organic Extra Virgin Coconut Oil,500 ml,1590,https://chaldal.com/hair-care
Naturel Organic Extra Virgin Coconut Oil,500 ml,1525,https://chaldal.com/hair-care
Disposable Head Cover,100 pcs,489,https://chaldal.com/hair-care
Dabur Vatika Enriched Coconut Hair Oil,150 ml,210,https://chaldal.com/hair-care
Dabur Methi Amla Hair Oil,200 ml,170,https://chaldal.com/hair-care
Parachute Advansed Beliphool Coconut Hair Oil,400 ml,410,https://chaldal.com/hair-care
Parachute Advansed Beliphool Coconut Hair Oil,200 ml,220,https://chaldal.com/hair-care
Bajaj Cool Almond Drops,95 ml,150,https://chaldal.com/hair-care
Sesa Herbal Hair Oil,200 ml,490,https://chaldal.com/hair-care
Emami 7 Oils In One Pumpkin Plus Hair Oil,200 ml,280,https://chaldal.com/hair-care
Clear Shampoo Anti Hairfall Anti Dandruff,330 ml,400,https://chaldal.com/hair-care
Veet Pure Hair Removal Cream (Free Dettol Original Soap 75 gm),100 gm,350,https://chaldal.com/feminine-care
GSN1 Grace Wings Sanitary Napkin Regular Flow (Panty) 5 pads,,65,https://chaldal.com/feminine-care
QSN4 Queen Sanitary Napkin Panty Liner,25 pcs,245,https://chaldal.com/feminine-care
VSN1 Venus Premium Sanitary Napkin (Panty),8 pcs,250,https://chaldal.com/feminine-care
QSN2 Queen Plus Sanitary Napkin (Panty),10 pcs,150,https://chaldal.com/feminine-care
Veet Pure Hair Removal Cream Normal Skin With Organic Aloe Vera & Rose Extracts,25 gm,110,https://chaldal.com/feminine-care
Veet Pure Hair Removal Cream Normal Skin With Organic Aloe Vera & Rose Extracts,100 gm,350,https://chaldal.com/feminine-care
Veet Pure Hair Removal Cream Sensitive Skin With Aloe Vera Extract,25 gm,110,https://chaldal.com/feminine-care
C17 Fresh Anonna Sanitary Napkin Belt system 15 pads,,110,https://chaldal.com/feminine-care
AF2  SMC Joya All Night Wings,8 pcs,120,https://chaldal.com/feminine-care
Intimia Ultra Thin Peaceful Night XL Sanitary Napkin,6 pcs,200,https://chaldal.com/feminine-care
Veet Expert All-in-One Women's Trimmer,,3200,https://chaldal.com/feminine-care
Veet Pure Hair Removal Cream With Organic Aelo Vera and Rose Extract,50 gm,200,https://chaldal.com/feminine-care
Sirona Oxo-Biodegradable Tampon & Condom Disposal Bag,50 pcs,350,https://chaldal.com/feminine-care
SS3 Shokhi Sanitary Napkin (Panty),8 pcs,70,https://chaldal.com/feminine-care
SS1 Shokhi Sanitary Napkin (Belt),8 pcs,60,https://chaldal.com/feminine-care
SS2 Shokhi Sanitary Napkin (Belt),15 pcs,110,https://chaldal.com/feminine-care
SS4 Shokhi Sanitary Napkin (Panty),15 pcs,120,https://chaldal.com/feminine-care
Freedom Hair Removal Cream,25 gm,100,https://chaldal.com/feminine-care
T3 Whisper Ultra Softs Air Fresh Sanitary Napkin XL+,7 pcs,160,https://chaldal.com/feminine-care
T5 Whisper Ultra Softs Air Fresh Sanitary Napkins XL+,15 pcs,360,https://chaldal.com/feminine-care
VWash Intimate Hygiene Wash,100 ml,527,https://chaldal.com/feminine-care
L17 Laurier Panty liner Cleanfresh Non Perfumed,20 pcs,170,https://chaldal.com/feminine-care
Beauty Formulas Aloe Vera Wax Strips,36 pcs,189,https://chaldal.com/feminine-care
L11 Laurier Healthy Skin Wing Sanitary Napkin14 pcs,,350,https://chaldal.com/feminine-care
Beauty Formulas Vitamin E Wax Strips,20 pcs,680,https://chaldal.com/feminine-care
AF3  SMC Joya Sanitary Napkin (Belt),8 pcs,60,https://chaldal.com/feminine-care
C3 Senora Sanitary Napkin Regular Flow (Belt),10 pcs,100,https://chaldal.com/feminine-care
C5 Senora Sanitary Napkin (Belt),15 pcs,130,https://chaldal.com/feminine-care
C9 Senora Confidence Regular Flow (Panty System),10 pcs,120,https://chaldal.com/feminine-care
Veet Hair Removal Cream Normal Skin With Lotus Milk,50 gm,200,https://chaldal.com/feminine-care
A5 Freedom Panty System Sanitary Napkin 10 pads,,100,https://chaldal.com/feminine-care
GSN3 Grace Wings Sanitary Napkin Regular Flow (Panty) 15 pads,,150,https://chaldal.com/feminine-care
GSN2 Grace Wings Sanitary Napkin Regular Flow (Panty) 10 pads,,120,https://chaldal.com/feminine-care
VSN4 Venus Sanitary Napkin Panty Liner,25 pcs,245,https://chaldal.com/feminine-care
QSN1 Queen Sanitary Napkin (Panty),10 pcs,125,https://chaldal.com/feminine-care
C20 Fresh Anonna Sanitary Napkin Heavy Flow 290 Wings 8 pads,,110,https://chaldal.com/feminine-care
C16 Fresh Anonna Sanitary Napkin Belt system 8 pads,,60,https://chaldal.com/feminine-care
A11 Freedom Belt System Sanitary Napkin 15 pads,,130,https://chaldal.com/feminine-care
Nivea Express Hydration Body Lotion,380 ml,1250,https://chaldal.com/female-moisturizer
Nivea Soft Light Moisturiser Cream,50 ml,425,https://chaldal.com/female-moisturizer
Enchanteur Perfumed Body Lotion Charming Satin Smooth,500 ml,1700,https://chaldal.com/female-moisturizer
Dove Nourishing Radiance Body Care Lotion,250 ml,380,https://chaldal.com/female-moisturizer
Ponds Super Light Gel,49 gm,230,https://chaldal.com/female-moisturizer
Nature Republic Soothing & Moisture Aloe Vera Gel,300 ml,849,https://chaldal.com/female-moisturizer
Olay Moisturising Cream,50 gm,280,https://chaldal.com/female-moisturizer
Vaseline Intensive Care Cocoa Radiant Lotion,200 ml,425,https://chaldal.com/female-moisturizer
Vaseline Intensive Care Advance Strength Lotion,400 ml,825,https://chaldal.com/female-moisturizer
Nivea Soft Light Moisturiser Cream,200 ml,830,https://chaldal.com/female-moisturizer
Parachute SkinPure Skin Lotion Natural Moisture,200 ml,250,https://chaldal.com/female-moisturizer
Parachute SkinPure Skin Lotion Natural White,200 ml,260,https://chaldal.com/female-moisturizer
Parachute SkinPure Skin Lotion Natural Moisture,300 ml,340,https://chaldal.com/female-moisturizer
Parachute SkinPure Skin Lotion Natural White,100 ml,160,https://chaldal.com/female-moisturizer
Parachute SkinPure Skin Lotion Natural Moisture,100 ml,150,https://chaldal.com/female-moisturizer
Parachute SkinPure Aloe Vera Gel,100 ml,205,https://chaldal.com/female-moisturizer
Parachute SkinPure Aloe Vera Gel,50 ml,120,https://chaldal.com/female-moisturizer
Creme 21 Vitamin E Moisturizing Soft Cream,150 ml,605,https://chaldal.com/female-moisturizer
Boots Cocoa Butter Body Lotion,390 ml,1550,https://chaldal.com/female-moisturizer
Dove Nourishing Body Care Intensive Body Lotion,400 ml,715,https://chaldal.com/female-moisturizer
Koelcia Grape Soothing Gel,300 gm,1100,https://chaldal.com/female-moisturizer
Eunyul Tomato Soothing Gel,300 gm,1400,https://chaldal.com/female-moisturizer
Enchanteur Perfumed Body Lotion Gorgeous Satin Smooth,500 ml,1500,https://chaldal.com/female-moisturizer
Boroplus Moisturising Lotion Aloe Vera & Milk,300 ml,390,https://chaldal.com/female-moisturizer
O'uyuey Aloe Vera Soothing Moisturizing Gel,250 ml,440,https://chaldal.com/female-moisturizer
Enchanteur Perfumed Body Lotion Romantic Satin Smooth,500 ml,1150,https://chaldal.com/female-moisturizer
Revive Moisturizing Lotion,200 ml,260,https://chaldal.com/female-moisturizer
Vaseline Lotion Deep Restore,400 ml,850,https://chaldal.com/female-moisturizer
Vaseline Lotion Healthy Bright,100 ml,190,https://chaldal.com/female-moisturizer
Vaseline Lotion Healthy Bright,200 ml,300,https://chaldal.com/female-moisturizer
Vaseline Lotion Healthy Bright,300 ml,420,https://chaldal.com/female-moisturizer
Nivea Intensive Moisture Body Milk Lotion,250 ml,725,https://chaldal.com/female-moisturizer
Tibet Pomade,50 ml,70,https://chaldal.com/female-moisturizer
Johnson's 24 Hour Moisture Soft Cream,200 ml,849,https://chaldal.com/female-moisturizer
Care:Nel Anti-Melasma Cica Cream,40 ml,1373,https://chaldal.com/female-moisturizer
Simple Kind to Skin Hydrating Light Moisturiser,125 ml,887,https://chaldal.com/female-moisturizer
Enchanteur Perfumed Body Lotion Enticing Satin Smooth,250 ml,900,https://chaldal.com/female-moisturizer
Nivea Soft Light Moisturiser Cream,100 ml,800,https://chaldal.com/female-moisturizer
Neutrogena Deep Clean Facial Cleanser,40 gm,499,https://chaldal.com/masks-cleansers
Lafz Apple Cider Vinegar Foaming Cleanser,100 ml,399,https://chaldal.com/masks-cleansers
Xpel Body Care Cleansing Charcoal Nose Strips (6 Strips),each,250,https://chaldal.com/masks-cleansers
Clean & Clear Lemon Facial Cleanser,100 ml,380,https://chaldal.com/masks-cleansers
Clean & Clear Daily Pore Cleanser,100 ml,450,https://chaldal.com/masks-cleansers
YC Aloe Vera Peel of Mask,120 ml,280,https://chaldal.com/masks-cleansers
YC Cucumber Peel of Mask,120 ml,650,https://chaldal.com/masks-cleansers
Garnier Skin Naturals Light Complete Serum Mask,each,135,https://chaldal.com/masks-cleansers
Beauty Formulas Charcoal Detox Cleanser,150 ml,460,https://chaldal.com/masks-cleansers
Ujjwala Care Gloss Hair Serum,100 ml,490,https://chaldal.com/serum-oil-toners
Angelina Hyaluronic Booster,60 ml,160,https://chaldal.com/serum-oil-toners
Lafz Luminous Skin Face Serum Alpha Arbutin,30 ml,1399,https://chaldal.com/serum-oil-toners
Garnier Skin Naturals Light Complete Serum Mask,each,135,https://chaldal.com/serum-oil-toners
Garnier Bright Complete Serum Cream UV,45 gm,310,https://chaldal.com/serum-oil-toners
Dove Face Wash Beauty Serum Sensitive,130 gm,330,https://chaldal.com/serum-oil-toners
Beauty Formulas Tea Tree Nose Pore Strips,6 pcs,220,https://chaldal.com/serum-oil-toners
White Tone Face Powder,50 gm,300,https://chaldal.com/serum-oil-toners
The Dermalix Acne Treatment Serum,30ml,890,https://chaldal.com/serum-oil-toners
The Dermalix Brightening Serum,30 ml,890,https://chaldal.com/serum-oil-toners
Radiant Raxoll Antibacterial Soap (Moisture),100 gm,75,https://chaldal.com/mens-soaps
Radiant Raxoll Antibacterial Soap (Moisture),75 gm,60,https://chaldal.com/mens-soaps
Radiant Raxoll Antibacterial Soap (Sport),100 gm,75,https://chaldal.com/mens-soaps
Dettol Soap Neem with Pure Neem Oil Shower Bar,125 gm,89,https://chaldal.com/mens-soaps
Dettol Soap Neem with Pure Neem Oil Shower Bar,75 gm,65,https://chaldal.com/mens-soaps
Dettol Original Germ Defence Soap,100 gm,80,https://chaldal.com/mens-soaps
ACI Savlon Soap Fresh 125 gm,3 pcs,225,https://chaldal.com/mens-soaps
Dettol Soap Fresh Bathing Bar Soap With Odour Protection,125 gm,95,https://chaldal.com/mens-soaps
Dettol Soap Fresh Bathing Bar Soap With Odour Protection,75 gm,65,https://chaldal.com/mens-soaps
Dettol Soap Bathing Bar Original Germ Defence 125 gm (Combo Pack),2 pcs,190,https://chaldal.com/mens-soaps
ACI Savlon Men Soap,100 gm,70,https://chaldal.com/mens-soaps
Lifebuoy Soap Bar Total,150 gm,80,https://chaldal.com/mens-soaps
Dettol Bathing Soap Bar Skincare,125 gm,95,https://chaldal.com/mens-soaps
Dettol Skincare Bodywash,250 ml,225,https://chaldal.com/mens-soaps
Lifebuoy Soap Bar Lemon Fresh,90 gm,55,https://chaldal.com/mens-soaps
Lifebuoy Soap Bar Mild Care 100 gm,2 pcs,94,https://chaldal.com/mens-soaps
ACI Savlon Fresh Antiseptic Soap,125 gm,80,https://chaldal.com/mens-soaps
Dettol Bathing Soap Bar Skincare,27 gm,15,https://chaldal.com/mens-soaps
Akij Health + Original Soap,100 gm,60,https://chaldal.com/mens-soaps
Lux Jasmine Soap Bar Bright Glow,75 gm,50,https://chaldal.com/mens-soaps
Dettol Soap Original Germ Defence Bathing Bar,50 gm,40,https://chaldal.com/mens-soaps
Dettol Fresh Soap 125 gm (25 gm Extra),150 gm,90,https://chaldal.com/mens-soaps
Dettol Cool Soap 125 gm (25 gm Extra),150 gm,90,https://chaldal.com/mens-soaps
Dettol Skincare With Moisturizers Soap,100 gm,75,https://chaldal.com/mens-soaps
Dettol Aloe Vera Shower Bar,100 gm,80,https://chaldal.com/mens-soaps
ACI Savlon Soap Fresh 100 gm,3 pcs,210,https://chaldal.com/mens-soaps
ACI Savlon Soap Mild 100 gm,3 pcs,210,https://chaldal.com/mens-soaps
ACI Savlon Soap Mild 125 gm,3 pcs,225,https://chaldal.com/mens-soaps
Irish Spring Original Body Wash,532 ml,1360,https://chaldal.com/mens-soaps
Irish Spring Aloe Soap,104.8 gm,270,https://chaldal.com/mens-soaps
Dr Davey Black Soap,100 gm,189,https://chaldal.com/mens-soaps
Lifebuoy Mild Care Antibacterial Body Wash,300 ml,450,https://chaldal.com/mens-soaps
Godrej No.1 Sandal Soap,100 gm,55,https://chaldal.com/mens-soaps
Himalaya Neem & Turmeric Soap 125 gm (Buy 3 Get 1 Free),4 pcs,240,https://chaldal.com/mens-soaps
Dettol Original Bodywash,250 ml,200,https://chaldal.com/mens-soaps
Dettol Fresh Antibacterial Bodywash Citrus & Orange Blossom,250 ml,350,https://chaldal.com/mens-soaps
Studio X Clean & Fresh Soap For Men,75 gm,60,https://chaldal.com/mens-soaps
Dettol Bathing Soap Bar Skincare 125 gm (Combo Pack),4 pcs,380,https://chaldal.com/mens-soaps
Dettol Soap Bathing Bar Original Germ Defence 125 gm (Combo Pack),4 pcs,380,https://chaldal.com/mens-soaps
Studio X Clean & Fresh Soap for Men,125 gm,90,https://chaldal.com/mens-soaps
Nivea Fresh Natural Body Spray,150 ml,525,https://chaldal.com/mens-soaps
Wild Stone Forest Spice Soap,125 gm,188,https://chaldal.com/mens-soaps
ACI Septex Deep Clean Antiseptic Bar,100 gm,55,https://chaldal.com/mens-soaps
ACI Septex Antiseptic Bar,100 gm,50,https://chaldal.com/mens-soaps
Cute Lemon Soap,125 gm,60,https://chaldal.com/mens-soaps
Dettol Soap Bathing Bar Aloe Vera,75 gm,65,https://chaldal.com/mens-soaps
ACI Neem Original Pure Neem Soap,100 gm,55,https://chaldal.com/mens-soaps
"Dettol Soap Bathing Bar Family Pack (Cool, Skincare & Original) 75 gm",3 pcs,195,https://chaldal.com/mens-soaps
Dettol Soap Bathing Bar Original Germ Defence 75 gm (Combo Pack),3 pcs,195,https://chaldal.com/mens-soaps
Camay Romantic Beauty Soap,170 gm,350,https://chaldal.com/mens-soaps
Kool 2 In 1 After Shave Gel Cream,50 gm,140,https://chaldal.com/shaving-needs
Gillette Blue 2 Disposable Razor,each,55,https://chaldal.com/shaving-needs
Gillette Guard Cartridges Single Cartridge,each,30,https://chaldal.com/shaving-needs
Gillette Mach3 Turbo Men's Shaving Razor,each,665,https://chaldal.com/shaving-needs
Gillette Proglide Men's Grooming Razor With Flexible Technology,each,1090,https://chaldal.com/shaving-needs
Nivea Men Cool Kick Shaving Gel,200 ml,375,https://chaldal.com/shaving-needs
Kool After Shave Lotion,50 ml,200,https://chaldal.com/shaving-needs
Nivea Men Sensitive After Shave Lotion,100 ml,1250,https://chaldal.com/shaving-needs
Nivea Men Sensitive After Shave Lotion,100 ml,550,https://chaldal.com/shaving-needs
Kool Ultra Glide Shaving Foam,200 ml,350,https://chaldal.com/shaving-needs
Kool After Shave Lotion,100 ml,300,https://chaldal.com/shaving-needs
Gillette Mach3 New Blade Razor,each,655,https://chaldal.com/shaving-needs
Gillette Fusion Manual Razor,each,1090,https://chaldal.com/shaving-needs
Kool Frosty Shaving Cream,50 gm,55,https://chaldal.com/shaving-needs
Gillette Blue 2 Disposable Razor,each,55,https://chaldal.com/beard-grooming
Gillette Guard Cartridges Single Cartridge,each,30,https://chaldal.com/beard-grooming
Beardo Beard & Hair Growth Oil,50 ml,1599,https://chaldal.com/beard-grooming
Kool After Shave Lotion,50 ml,200,https://chaldal.com/beard-grooming
Aichun Beauty Beard Growth Beard Essential Oil,30 ml,450,https://chaldal.com/beard-grooming
Nivea Men Sensitive After Shave Lotion,100 ml,1250,https://chaldal.com/beard-grooming
Nivea Men Sensitive After Shave Lotion,100 ml,550,https://chaldal.com/beard-grooming
Kool Ultra Glide Shaving Foam,200 ml,350,https://chaldal.com/beard-grooming
Kool After Shave Lotion,100 ml,300,https://chaldal.com/beard-grooming
Gillette Mach3 New Blade Razor,each,655,https://chaldal.com/beard-grooming
Gillette Fusion Manual Razor,each,1090,https://chaldal.com/beard-grooming
Kool Frosty Shaving Cream,50 gm,55,https://chaldal.com/beard-grooming
Fogg Body spray Royal,120 ml,520,https://chaldal.com/deodorants
Nivea Fresh Natural Body Spray 150 ml & Energy Fresh Roll On 50 ml (Combo Pack),,604,https://chaldal.com/deodorants
Kool Deodorant Body Spray (Storm),150 ml,325,https://chaldal.com/deodorants
Layer'r Wottagirl Secret Crush Body Spray,135 ml,595,https://chaldal.com/deodorants
Layer'r Shot Red Stallion Body Spray,135 ml,595,https://chaldal.com/deodorants
Layer'r Shot Power Play Body Spray,135 ml,595,https://chaldal.com/deodorants
Yardley London Gentleman Roll On Body Spray,50 ml,279,https://chaldal.com/deodorants
Denim Musk Deodorant Body Spray,150 ml,625,https://chaldal.com/deodorants
Rasasi Relation Men Body Spray,200 ml,530,https://chaldal.com/deodorants
Lafz Kaveh Body Spray,100 ml,350,https://chaldal.com/deodorants
Beverly Hills Polo Club Eight Men's Body Spray,175 ml,750,https://chaldal.com/deodorants
Layer'r Shot Royal Jade Men's Body Spray,135 ml,595,https://chaldal.com/deodorants
Layer'r Shot Deep Desire Men's Body Spray,135 ml,595,https://chaldal.com/deodorants
Wild Stone Pocket Perfume (Charge),18 ml,150,https://chaldal.com/deodorants
Wild Stone Pocket Perfume (Blast),18 ml,150,https://chaldal.com/deodorants
Wild Stone Pocket Perfume (Fresh),18 ml,150,https://chaldal.com/deodorants
Fogg Scent Czar,30 ml,680,https://chaldal.com/deodorants
Fogg Body Spray Absolute,120 ml,530,https://chaldal.com/deodorants
Fogg Body Spray Fresh Fougere,120 ml,555,https://chaldal.com/deodorants
Clariss Note Men Perfume,120 ml,295,https://chaldal.com/deodorants
Nivea Men Whitening Roll On Deodorant,50 ml,260,https://chaldal.com/deodorants
Nivea Men Fresh Active Deodorant Roll On,50 ml,240,https://chaldal.com/deodorants
Axe Signature Intense Body Perfume Ticket,17 ml,220,https://chaldal.com/deodorants
Axe Signature Champion Body Perfume Ticket,17 ml,211,https://chaldal.com/deodorants
Eternal Love Xlouis Men Body Spray,200 ml,453,https://chaldal.com/deodorants
Eternal Love Men Body Spray For Men,200 ml,750,https://chaldal.com/deodorants
Nivea Fresh Natural Body Spray,150 ml,525,https://chaldal.com/deodorants
Wild Stone P.B.S Iron Perfume,120 ml,710,https://chaldal.com/deodorants
Wild Stone P.B.S Bronze Perfume,120 ml,710,https://chaldal.com/deodorants
Wild Stone P.B.S Chrome Perfume,120 ml,660,https://chaldal.com/deodorants
Red Hunt Savage Storm Body Spray,125 ml,500,https://chaldal.com/deodorants
Red Hunt Rain Forest Body Spray,125 ml,490,https://chaldal.com/deodorants
Red Hunt Wild Chase Body Spray,125 ml,402,https://chaldal.com/deodorants
Red Hunt Premium Alpha Tribe Body Spray,125 ml,490,https://chaldal.com/deodorants
Romano Roll On Attitude,50 ml,300,https://chaldal.com/deodorants
Colour Me Black Man Deo Spray,150 ml,590,https://chaldal.com/deodorants
HE Advanced Grooming Power Body Perfume,120 ml,500,https://chaldal.com/deodorants
Engage On Man Pocket Perfume (Classic Woody),18 ml,170,https://chaldal.com/deodorants
Fogg Scent Men Impressio,100 ml,1450,https://chaldal.com/deodorants
Fogg Body spray Victor,120 ml,520,https://chaldal.com/deodorants
HE Advanced Grooming Innovator Perfumed Body Spray,150 ml,400,https://chaldal.com/deodorants
Wild Stone Body Perfume Steel,120 ml,699,https://chaldal.com/deodorants
Wild Stone Body Perfume Titanium,120 ml,650,https://chaldal.com/deodorants
Denim Original Body Spray,150 ml,625,https://chaldal.com/deodorants
Wild Stone Legend Body Deodorant,150 ml,450,https://chaldal.com/deodorants
Wild Stone Forest Spice Deodorant,150 ml,650,https://chaldal.com/deodorants
Fogg Body Spray Fresh Spicy,120 ml,555,https://chaldal.com/deodorants
Fogg Body Spray Fresh Aqua,120 ml,555,https://chaldal.com/deodorants
Wild Stone Red Body Deodorant,150 ml,530,https://chaldal.com/deodorants
Kool Deodorant Body Spray (Blue),150 ml,325,https://chaldal.com/deodorants
Gillette Blue 2 Disposable Razor,each,55,https://chaldal.com/razors-blades
Gillette Guard Cartridges Single Cartridge,each,30,https://chaldal.com/razors-blades
Gillette Mach3 Turbo Men's Shaving Razor,each,665,https://chaldal.com/razors-blades
Gillette Proglide Men's Grooming Razor With Flexible Technology,each,1090,https://chaldal.com/razors-blades
Gillette Mach3 New Blade Razor,each,655,https://chaldal.com/razors-blades
Gillette Fusion Manual Razor,each,1090,https://chaldal.com/razors-blades
Red King Men's Cooling Oil,100 ml,139,https://chaldal.com/mens-hair-care
Godrej Expert Shampoo Black Hair Color (Bowl Free),,50,https://chaldal.com/mens-hair-care
Ujjwala Care Gloss Hair Serum,100 ml,490,https://chaldal.com/mens-hair-care
Ujjwala Care Anti Hairfall Men Hair Oil,100 ml,200,https://chaldal.com/mens-hair-care
Beardo Mustache & Beard Extra Strong Wax,50 gm,1099,https://chaldal.com/mens-hair-care
Red King Men's Cooling Oil,200 ml,280,https://chaldal.com/mens-hair-care
Bigen Hair Color & Conditioner (Light Brown),80 gm,750,https://chaldal.com/mens-hair-care
Bigen Hair Color & Conditioner (Natural Brown),80 gm,700,https://chaldal.com/mens-hair-care
Bigen Hair Color & Conditioner (Dark Brown),80 gm,700,https://chaldal.com/mens-hair-care
Bigen Hair Color & Conditioner (Natural Black),80 gm,700,https://chaldal.com/mens-hair-care
Livon Hair Serum,18 ml,140,https://chaldal.com/mens-hair-care
Parachute Advansed Aloe Vera Hair Oil 250 ml,2 pcs,640,https://chaldal.com/mens-hair-care
Livon Hair Serum,50 ml,300,https://chaldal.com/mens-hair-care
Gatsby Water Gloss Soft,150 gm,519,https://chaldal.com/mens-hair-care
Gatsby Hair Spray,250 ml,699,https://chaldal.com/mens-hair-care
YC Men Oil Control Face Wash,100 ml,624,https://chaldal.com/mens-facewash
Biore Men's Acne Bacterior Face Wash,100 gm,700,https://chaldal.com/mens-facewash
Himalaya Men Power Glow Licorice Face Wash,100 ml,250,https://chaldal.com/mens-facewash
Himalaya Men Acne Clear Neem Face Wash,100 ml,250,https://chaldal.com/mens-facewash
Biore Mens Acne Action Face Wash,100 gm,450,https://chaldal.com/mens-facewash
Garnier Men Power White Fairness Face Wash,100 gm,505,https://chaldal.com/mens-facewash
Biore Mans Bright Action Face Wash,100 gm,450,https://chaldal.com/mens-facewash
Men's Glow & Handsome Face Wash Rapid Action,100 gm,190,https://chaldal.com/mens-facewash
St. Ives Acne Control Apricot Scrub,283 gm,1050,https://chaldal.com/mens-facewash
Garnier Men Acno Fight Face Wash,100 gm,505,https://chaldal.com/mens-facewash
Nivea Men Protect & Care Face Wash,100 ml,500,https://chaldal.com/mens-facewash
Glow & Handsome Rapid Action Instant Brightness Facewash,50 gm,140,https://chaldal.com/mens-facewash
Himalaya Men Intense Oil Clear Lemon Face Wash,100 ml,250,https://chaldal.com/mens-facewash
Garnier Skin Active Micellar Cleansing Water,125 ml,549,https://chaldal.com/mens-facewash
Lifebuoy Handwash Total Refill,170 ml,90,https://chaldal.com/liquid-handwash
Dettol Fresh Liquid Handwash Refill,170 ml,80,https://chaldal.com/liquid-handwash
Dettol Fresh Liquid Handwash Pump,200 ml,110,https://chaldal.com/liquid-handwash
Savlon Handwash Lemon Burst,170 ml,80,https://chaldal.com/liquid-handwash
Lifebuoy Handwash Care Refill,170 ml,90,https://chaldal.com/liquid-handwash
ACI Savlon Iris Herbal Liquid Handwash Refill,170 ml,80,https://chaldal.com/liquid-handwash
Lifebuoy Handwash Lemon Fresh Pump,200 ml,115,https://chaldal.com/liquid-handwash
ACI Savlon Herbal Iris Handwash,500 ml,200,https://chaldal.com/liquid-handwash
Dettol Handwash Original Liquid Refill,170 ml,80,https://chaldal.com/liquid-handwash
ACI Savlon Aloe Vera Antiseptic Handwash Refill,170 ml,80,https://chaldal.com/liquid-handwash
Dettol Handwash Original Liquid Pump,200 ml,110,https://chaldal.com/liquid-handwash
ACI Savlon Ocean Blue Antiseptic Handwash Refill,170 ml,80,https://chaldal.com/liquid-handwash
Dettol Handwash Skincare Liquid Refill,170 ml,80,https://chaldal.com/liquid-handwash
Sepnil Sanitizing Hand Wash Marigold (Refill),170 ml,80,https://chaldal.com/liquid-handwash
ACI Savlon Ocean Blue Handwash,1 ltr,380,https://chaldal.com/liquid-handwash
ACI Savlon Lavender Handwash Refill,170 ml,80,https://chaldal.com/liquid-handwash
Dettol Handwash Re-Energize Liquid Refill,750 ml,270,https://chaldal.com/liquid-handwash
Sepnil Extra Mild Tea Oil Handwash Refill,170 ml,75,https://chaldal.com/liquid-handwash
Lifebuoy Handwash Total Bottle,1 ltr,400,https://chaldal.com/liquid-handwash
Godrej Magic Handwash Refill Lime & Aloevera 9 gm,4 pcs,124,https://chaldal.com/liquid-handwash
Godrej Magic Handwash Refill Pack,9 gm,30,https://chaldal.com/liquid-handwash
Sparkbliss Lavender Liquid Handwash,250 ml,115,https://chaldal.com/liquid-handwash
Sparkbliss Lemon Green Liquid Handwash,250 ml,115,https://chaldal.com/liquid-handwash
Sparkbliss Lemon Yellow Liquid Handwash,250 ml,115,https://chaldal.com/liquid-handwash
Sparkbliss Moisturizing Antibacterial Aloe Vera Liquid Handwash,250 ml,120,https://chaldal.com/liquid-handwash
Sparkbliss Aquriaum Liquid Handwash,250 ml,115,https://chaldal.com/liquid-handwash
Sparkbliss Japanese Cherry Blossom Liquid Handwash,250 ml,115,https://chaldal.com/liquid-handwash
Godrej Magic Handwash Refill Lime & Aloevera,9 gm,30,https://chaldal.com/liquid-handwash
Godrej Magic Handwash Refill Neem & Aloevera 9 gm,4 pcs,120,https://chaldal.com/liquid-handwash
Rok Handwash Apple,175 ml,84,https://chaldal.com/liquid-handwash
Lifebuoy Handwash Lemon Fresh Refill Multipack 170 ml,4 pcs,300,https://chaldal.com/liquid-handwash
Lifebuoy Handwash Care Refill Multipack 170 ml,4 pcs,300,https://chaldal.com/liquid-handwash
Original Source Hand Wash Coconut,300 ml,310,https://chaldal.com/liquid-handwash
Dettol Handwash Re-Energize Liquid,5 ltr,1400,https://chaldal.com/liquid-handwash
Lifebuoy Handwash Lemon Fresh,1 ltr,400,https://chaldal.com/liquid-handwash
Dettol Handwash Aloe Vera Bottle With Push-Pull Cap,200 ml,110,https://chaldal.com/liquid-handwash
Biore Anti Bacterial Guard Hand Soap Bottle,250 ml,660,https://chaldal.com/liquid-handwash
ACI Savlon Herbal Iris Handwash,1 ltr,380,https://chaldal.com/liquid-handwash
Dettol Handwash Aloe Vera Liquid Pump,200 ml,110,https://chaldal.com/liquid-handwash
Dettol Handwash Aloe Vera Liquid Refill,170 ml,80,https://chaldal.com/liquid-handwash
Lifebuoy Handwash Lemon Fresh Refill,170 ml,90,https://chaldal.com/liquid-handwash
ACI Savlon Active Antiseptic Handwash,5 ltr,1400,https://chaldal.com/liquid-handwash
Lifebuoy Handwash Total,5 ltr,1400,https://chaldal.com/liquid-handwash
Dettol Handwash Cool Liquid Refill,170 ml,80,https://chaldal.com/liquid-handwash
Dettol Handwash Cool Liquid Pump,200 ml,110,https://chaldal.com/liquid-handwash
Dettol Handwash Skincare Liquid Pump,200 ml,110,https://chaldal.com/liquid-handwash
ACI Savlon Herbal Marigold Handwash,500 ml,200,https://chaldal.com/liquid-handwash
ACI Savlon Herbal Lavender Handwash,500 ml,200,https://chaldal.com/liquid-handwash
Sepnil Sanitizing Hand Wash Marigold,200 ml,110,https://chaldal.com/liquid-handwash
ACI Savlon Aloe Vera Antiseptic Handwash Bottle,200 ml,110,https://chaldal.com/liquid-handwash
Fresh Hand Towel (250X1 Ply),each,100,https://chaldal.com/tissue-wipes
Fresh Perfumed Facial Tissue (150 X 2) ply Box,each,100,https://chaldal.com/tissue-wipes
"Fresh Paper Napkins 13"" Perfumed (100X1 Ply)",each,75,https://chaldal.com/tissue-wipes
Fresh White Paper Napkin Non-Perfumed,100 pcs,75,https://chaldal.com/tissue-wipes
Partex Cleen Hand Towel (200X2 Ply),each,85,https://chaldal.com/tissue-wipes
"Bashundhara Paper Napkins 13"" Unscented",100 pcs,75,https://chaldal.com/tissue-wipes
Fay Facial Tissue Non-Perfume (150 X 2 ply) Box,each,105,https://chaldal.com/tissue-wipes
Fresh Toilet Tissue (Family Value Pack),4 pcs,100,https://chaldal.com/tissue-wipes
Bashundhara Toilet Tissue,4 pcs,112,https://chaldal.com/tissue-wipes
Fay Perfume Facial Tissue Perfume (150 X 2 ply) Box,each,105,https://chaldal.com/tissue-wipes
Fay Toilet Tissue White 180 Sheet,each,30,https://chaldal.com/tissue-wipes
Bashundhara Gold Toilet Tissue,each,38,https://chaldal.com/tissue-wipes
Fay Multi-fold Hand Towel 1 Ply,150 pcs,160,https://chaldal.com/tissue-wipes
Sensodyne Daily Protection Toothpaste,20 gm,55,https://chaldal.com/toothpastes
Closeup Toothpaste Menthol Fresh,145 gm,155,https://chaldal.com/toothpastes
Medident Sensitive Care Toothpaste,100 gm,120,https://chaldal.com/toothpastes
Medident-G Gum Care Toothpaste,140 gm,170,https://chaldal.com/toothpastes
Mediplus Toothpaste,70 gm,70,https://chaldal.com/toothpastes
Sensodyne Fresh Mint Toothpaste,40 gm,110,https://chaldal.com/toothpastes
Closeup Toothpaste Menthol Fresh,85 gm,105,https://chaldal.com/toothpastes
Mediplus DS Toothpaste,140 gm,135,https://chaldal.com/toothpastes
Mediplus Fluoride Gel Toothpaste,100 gm,100,https://chaldal.com/toothpastes
Colgate Max Fresh Blue Gel Toothpaste,150 gm,200,https://chaldal.com/toothpastes
Pepsodent Toothpaste Germi Check +,190 gm,170,https://chaldal.com/toothpastes
Pepsodent Toothpaste Germi Check +,140 gm,125,https://chaldal.com/toothpastes
Sensodyne Repair & Protect Toothpaste,100 gm,475,https://chaldal.com/toothpastes
Pepsodent Toothpaste Germi Check +,85 gm,95,https://chaldal.com/toothpastes
Colgate Anticavity Active Salt Toothpaste,190 gm,220,https://chaldal.com/toothpastes
Mediplus DS Toothpaste,90 gm,90,https://chaldal.com/toothpastes
Parodontax ultra Clean Toothpaste,75 gm,250,https://chaldal.com/toothpastes
Parodntax Daily Flouride Toothpaste,75 gm,220,https://chaldal.com/toothpastes
Magic Herbal Toothpaste,100 gm,90,https://chaldal.com/toothpastes
Colgate Kids Premium Toothpaste (3-5 Years),80 gm,320,https://chaldal.com/toothpastes
Colgate Kids Premium Toothpaste (0-2 Years),70 gm,320,https://chaldal.com/toothpastes
Dabur Red Toothpaste,50 gm,45,https://chaldal.com/toothpastes
Dabur Red Toothpaste (Super Saver Pack),300 gm,155,https://chaldal.com/toothpastes
Pepsodent Awesome Orange Toothpaste,45 gm,85,https://chaldal.com/toothpastes
Sensodyne Fresh Gel Toothpaste (Free Brush 1 pcs),150 gm,350,https://chaldal.com/toothpastes
Sensodyne Fresh Mint Toothpaste (Free Brush 1 pcs),150 gm,350,https://chaldal.com/toothpastes
Sensodyne Rapid Relief Toothpaste,40 gm,180,https://chaldal.com/toothpastes
Sensodyne Repair and Protect Toothpaste,70 gm,360,https://chaldal.com/toothpastes
WhitePlus Toothpaste,200 gm,160,https://chaldal.com/toothpastes
Himalaya Complete Care Toothpaste,175 gm,280,https://chaldal.com/toothpastes
Pepsodent Toothpaste Sensitive Expert Gum Care,140 gm,250,https://chaldal.com/toothpastes
Sensodyne Deep Clean Toothpaste,70 gm,200,https://chaldal.com/toothpastes
Pepsodent Toothpaste Sensitive Expert Professional,140 gm,220,https://chaldal.com/toothpastes
WhitePlus Enamel Guard Toothpaste,100 gm,110,https://chaldal.com/toothpastes
BrushUp Fresh Alpine Mint Toothpaste,100 gm,70,https://chaldal.com/toothpastes
Sensodyne Rapid Relief Toothpaste,80 gm,330,https://chaldal.com/toothpastes
Colgate Total Advance Health Toothpaste,120 gm,320,https://chaldal.com/toothpastes
Sensodyne Fresh Mint Toothpaste,75 gm,200,https://chaldal.com/toothpastes
Zact Whitening Toothpaste,150 gm,347,https://chaldal.com/toothpastes
Sensodyne Fresh Gel Toothpaste,75 gm,200,https://chaldal.com/toothpastes
Sensodyne Fresh Gel Toothpaste,150 gm,350,https://chaldal.com/toothpastes
Colgate Max Fresh Red Gel Toothpaste,150 gm,200,https://chaldal.com/toothpastes
Colgate Visible White Toothpaste,100 gm,350,https://chaldal.com/toothpastes
Zact Smokers' Toothpaste,150 gm,320,https://chaldal.com/toothpastes
Sensodyne Fresh Mint Toothpaste,150 gm,350,https://chaldal.com/toothpastes
Medident-G Gum Care 140 gm & Sensitive Care Toothpaste 40 gm (Combo),,170,https://chaldal.com/toothpastes
Colgate Herbal Toothpaste,200 gm,230,https://chaldal.com/toothpastes
Colgate Strong Teeth Toothpaste,190 gm,220,https://chaldal.com/toothpastes
Sensodyne Complete Protection Toothbrush (Buy 2 Get 1 Free),3 pcs,349,https://chaldal.com/toothbrushes
Sensodyne Sensitivity & Gum Toothbrush,each,169,https://chaldal.com/toothbrushes
Sensodyne Gentle Care (Buy 1 Get 1 Free),2 pcs,229,https://chaldal.com/toothbrushes
Sensodyne Expert Brush (Buy 2 Get 1 Free),3 pcs,329,https://chaldal.com/toothbrushes
Parodontax Toothbrush,each,179,https://chaldal.com/toothbrushes
ProDentalB Dynamite Toothbrush,each,219,https://chaldal.com/toothbrushes
Sensodyne Sensitivity & Gum Toothbrush (Buy 2 Get 1 Free),3 pcs,400,https://chaldal.com/toothbrushes
Sensodyne Expert Brush,each,210,https://chaldal.com/toothbrushes
Sensodyne Daily Care Toothbrush,each,70,https://chaldal.com/toothbrushes
Sensodyne Sensitive Toothbrush (Ultra Soft),each,110,https://chaldal.com/toothbrushes
Sensodyne Multicare Toothbrush,each,140,https://chaldal.com/toothbrushes
Sensodyne Deep Clean Toothbrush (Buy 2 Get 1 Free),3 pcs,280,https://chaldal.com/toothbrushes
Colgate 360 Whole Mouth Clean Toothbrush,each,212,https://chaldal.com/toothbrushes
Oral-B Crisscross Toothbrush,each,180,https://chaldal.com/toothbrushes
Trisa Toothbrush Pearl White Soft (Assorted colour),each,290,https://chaldal.com/toothbrushes
Trisa Toothbrush Pearl White Medium (Assorted colour),each,290,https://chaldal.com/toothbrushes
Trisa Toothbrush Perfect White Medium (Assorted colour),each,500,https://chaldal.com/toothbrushes
Trisa Tooth Brush Focus Pro Clean Soft (Assorted colour),each,200,https://chaldal.com/toothbrushes
Trisa Tooth Brush Focus Pro Clean Medium (Assorted colour),each,290,https://chaldal.com/toothbrushes
Trisa Junior Toothbrush 6+ Years (Assorted colour),each,370,https://chaldal.com/toothbrushes
Dr West Toothbrush Hard,each,169,https://chaldal.com/toothbrushes
Colgate Gentle Sensitive 4 pcs Promo Toothbrush,each,318,https://chaldal.com/toothbrushes
Colgate Gentle Sensitive Toothbrush,each,105,https://chaldal.com/toothbrushes
ProDentalB Rice Husk Toothbrush,2 pcs,495,https://chaldal.com/toothbrushes
Colgate Charcoal Gold 360 Toothbrush,each,212,https://chaldal.com/toothbrushes
Sensodyne Toothbrush Family Pack (Buy 2 Get 1 Free),3 pcs,220,https://chaldal.com/toothbrushes
ProDentalB Flexible Toothbrush,each,120,https://chaldal.com/toothbrushes
Sensodyne Complete Protection Toothbrush,each,179,https://chaldal.com/toothbrushes
Dr West Tooth Brush Soft,each,189,https://chaldal.com/toothbrushes
Colgate Slim Fit Charcoal Soft Toothbrush,each,160,https://chaldal.com/toothbrushes
Meril Milk & Beli Soap Bar,100 gm,60,https://chaldal.com/soaps
Radiant Raxoll Antibacterial Soap (Moisture),100 gm,75,https://chaldal.com/soaps
Radiant Raxoll Antibacterial Soap (Moisture),75 gm,60,https://chaldal.com/soaps
Radiant Raxoll Antibacterial Soap (Sport),100 gm,75,https://chaldal.com/soaps
Tibet Luxury Pink Soap Natural Glow,100 gm,55,https://chaldal.com/soaps
Lux Jasmine Soap Bar Bright Glow,75 gm,50,https://chaldal.com/soaps
Meril Milk & Kiwi Soap Bar,150 gm,80,https://chaldal.com/soaps
"Dettol Bathing Soap (Original, Skincare, Cool & Fresh) 75 gm",4 pcs,260,https://chaldal.com/soaps
Dettol Soap Bathing Bar Aloe Vera,125 gm,95,https://chaldal.com/soaps
Dettol Bathing Soap Bar Skincare 125 gm (Combo Pack),4 pcs,380,https://chaldal.com/soaps
Dettol Soap Bathing Bar Original Germ Defence 125 gm (Combo Pack),4 pcs,380,https://chaldal.com/soaps
Wild Stone Forest Spice Soap,125 gm,188,https://chaldal.com/soaps
Dettol Soap Bathing Bar Original Germ Defence,125 gm,95,https://chaldal.com/soaps
Dettol Soap Bathing Bar Original Germ Defence,75 gm,65,https://chaldal.com/soaps
Radiant Raxoll Antibacterial Soap (Active),100 gm,75,https://chaldal.com/soaps
Radiant Raxoll Antibacterial Soap (Active),75 gm,60,https://chaldal.com/soaps
Nivea Express Hydration Body Lotion,380 ml,1250,https://chaldal.com/lotions
Enchanteur Perfumed Body Lotion Charming Satin Smooth,500 ml,1700,https://chaldal.com/lotions
Vaseline Lotion Deep Restore,200 ml,270,https://chaldal.com/lotions
Garnier Body Bright Complete Serum Milk,400 gm,1480,https://chaldal.com/lotions
B. Tech Expert Virgin Moisturising Stretch Mark Lotion,100 ml,380,https://chaldal.com/lotions
B. Tech Expert Goat Milk Whitening Body Lotion,200 ml,265,https://chaldal.com/lotions
Vaseline Intensive Care Cocoa Radiant Lotion,200 ml,425,https://chaldal.com/lotions
Vaseline Intensive Care Advance Strength Lotion,400 ml,825,https://chaldal.com/lotions
Parachute SkinPure Skin Lotion Natural Moisture,200 ml,250,https://chaldal.com/lotions
Parachute SkinPure Skin Lotion Natural White,200 ml,260,https://chaldal.com/lotions
Parachute SkinPure Skin Lotion Natural Moisture,300 ml,340,https://chaldal.com/lotions
Parachute SkinPure Skin Lotion Natural White,100 ml,160,https://chaldal.com/lotions
Parachute SkinPure Skin Lotion Natural Moisture,100 ml,150,https://chaldal.com/lotions
Boots Cocoa Butter Body Lotion,390 ml,1550,https://chaldal.com/lotions
Dove Nourishing Body Care Intensive Body Lotion,400 ml,715,https://chaldal.com/lotions
Enchanteur Perfumed Body Lotion Gorgeous Satin Smooth,500 ml,1500,https://chaldal.com/lotions
Garnier Body Bright Complete Serum Milk UV,400 ml,1480,https://chaldal.com/lotions
Boroplus Moisturising Lotion Aloe Vera & Milk,300 ml,390,https://chaldal.com/lotions
Xpel Kids Spray & Lotion Twin Set,each,550,https://chaldal.com/lotions
Vaseline Intensive Care Body Lotion,400 ml,1250,https://chaldal.com/lotions
Enchanteur Perfumed Body Lotion Romantic Satin Smooth,500 ml,1150,https://chaldal.com/lotions
Revive Moisturizing Lotion,200 ml,260,https://chaldal.com/lotions
Vaseline Lotion Deep Restore,400 ml,850,https://chaldal.com/lotions
Vaseline Lotion Healthy Bright,100 ml,190,https://chaldal.com/lotions
Vaseline Lotion Healthy Bright,200 ml,300,https://chaldal.com/lotions
Vaseline Lotion Healthy Bright,300 ml,420,https://chaldal.com/lotions
Nivea Intensive Moisture Body Milk Lotion,250 ml,725,https://chaldal.com/lotions
Enchanteur Perfumed Body Lotion Enticing Satin Smooth,250 ml,900,https://chaldal.com/lotions
Pond's Bright Beauty Anti-Spot-Formula Serum Cream,35 gm,180,https://chaldal.com/creams
Pond's Bright Beauty Anti-Spot-Formula Serum Cream,23 gm,130,https://chaldal.com/creams
Ligion Active Gold Mehedi,25 gm,50,https://chaldal.com/creams
Creme 21 Vitamin E Moisturizing Soft Cream,150 ml,605,https://chaldal.com/creams
Dove Silky Cream,300 ml,1450,https://chaldal.com/creams
Dove Intensive Cream,75 ml,495,https://chaldal.com/creams
Pond's White Beauty Day Cream,35 gm,240,https://chaldal.com/creams
Glow & Lovely Advanced Multivitamin Cream,100 gm,300,https://chaldal.com/creams
Beauty Formulas Intensive Foot Cream,100 ml,509,https://chaldal.com/creams
Sudocrem Antiseptic Healing Cream,125 gm,980,https://chaldal.com/creams
Fair And Lovely Cream Advanced Multivitamin,80 gm,400,https://chaldal.com/creams
Neutrogena Ultra Sheer Dry Touch Sunblock SPF,88 ml,1299,https://chaldal.com/creams
Glow & Lovely Face Cream Blemish Balm,40 gm,240,https://chaldal.com/creams
Glow & Lovely Advanced Multi Vitamin Cream,47 gm,165,https://chaldal.com/creams
Pond's Vanishing Cream,28 gm,60,https://chaldal.com/creams
Glow & Lovely Advanced Multi Vitamin Cream,23 gm,95,https://chaldal.com/creams
Pond's Bright Beauty Spot-less Glow Day Cream,23 gm,130,https://chaldal.com/creams
Olay Night Moisturiser Total Effects 7 in 1 Anti Ageing,50 gm,1470,https://chaldal.com/creams
Tibet Snow,50 gm,70,https://chaldal.com/creams
Glow & Lovely Winter Glow Face Cream,50 gm,170,https://chaldal.com/creams
Neutrogena Ultra Sheer Dry-Touch Sunblock SPF 50+,118 ml,930,https://chaldal.com/creams
Care:Nel Anti-Melasma Cica Cream,40 ml,1373,https://chaldal.com/creams
Simple Kind to Skin Hydrating Light Moisturiser,125 ml,887,https://chaldal.com/creams
Dove Beauty Cream,75 ml,449,https://chaldal.com/creams
Neutrogena Deep Clean Gel Wash,200 ml,1000,https://chaldal.com/face-wash-mask
Himalaya Purifying Neem Face Wash,150 ml,275,https://chaldal.com/face-wash-mask
Parachute SkinPure Aloe Vera Gel,100 ml,205,https://chaldal.com/face-wash-mask
Parachute SkinPure Aloe Vera Gel,200 ml,355,https://chaldal.com/face-wash-mask
Parachute SkinPure Aloe Vera Gel,50 ml,120,https://chaldal.com/face-wash-mask
Garnier Skin Naturals Light Complete Serum Mask,each,135,https://chaldal.com/face-wash-mask
Biore Mild Smooth Face Wash,100 gm,700,https://chaldal.com/face-wash-mask
Himalaya Fresh Start Oil Clear Face Wash Lemon,100 ml,199,https://chaldal.com/face-wash-mask
YC Peel Off Black Mask With Bamboo Charcoal,100 ml,650,https://chaldal.com/face-wash-mask
Himalaya Purifying Neem Face Wash,100 ml,230,https://chaldal.com/face-wash-mask
Pond's Face Wash Bright Beauty,100 gm,210,https://chaldal.com/face-wash-mask
Pond's Face Wash Daily,100 gm,150,https://chaldal.com/face-wash-mask
Simple Micellar Facial Wash,150 ml,649,https://chaldal.com/face-wash-mask
Vaseline Lip Therapy Original,4.8 gm,225,https://chaldal.com/lipsticks-lip-balm
Vaseline Lip Therapy Rosy Lips,20 gm,350,https://chaldal.com/lipsticks-lip-balm
Meril Lip Balm Lemon,4.8 gm,50,https://chaldal.com/lipsticks-lip-balm
Vaseline Lip Therapy Original,20 gm,259,https://chaldal.com/lipsticks-lip-balm
Vaseline Lip Therapy Aloe Vera,20 gm,309,https://chaldal.com/lipsticks-lip-balm
Lilac Lip Balm Rose,30 gm,200,https://chaldal.com/lipsticks-lip-balm
Lipsilk Lip Balm Strawberry,7 gm,210,https://chaldal.com/lipsticks-lip-balm
Nivea Soft Rose Lip Care,4.8 gm,500,https://chaldal.com/lipsticks-lip-balm
Meril Lip Balm Strawberry,4.8 gm,50,https://chaldal.com/lipsticks-lip-balm
Glow & Lovely Face Cream Blemish Balm,40 gm,240,https://chaldal.com/lipsticks-lip-balm
Vaseline Lip Therapy Rose & Almond Oil,20 gm,350,https://chaldal.com/lipsticks-lip-balm
Keya Lipgel Tube,6 gm,18,https://chaldal.com/lipsticks-lip-balm
Meril Lipgel,each,50,https://chaldal.com/lipsticks-lip-balm
Ice Cool Prickly Heat Powder,100 gm,65,https://chaldal.com/talcom-powder
Dermicool Prickly Heat Powder Regular,150 gm,546,https://chaldal.com/talcom-powder
White Tone Face Powder,50 gm,300,https://chaldal.com/talcom-powder
Cuticura Talcum Powder All Purpose,250 gm,650,https://chaldal.com/talcom-powder
Enchanteur Perfumed Talc Powder Romantic,125 gm,399,https://chaldal.com/talcom-powder
Revive Active Sun Block Powder,200 gm,105,https://chaldal.com/talcom-powder
Johnson's Baby Powder,300 gm,750,https://chaldal.com/talcom-powder
Tibet Luxuary Sun Protect Talcum Powder,200 gm,105,https://chaldal.com/talcom-powder
Tibet Prickly Heat Powder,100 gm,60,https://chaldal.com/talcom-powder
Pond's Talcum Powder Sandal,100 gm,375,https://chaldal.com/talcom-powder
Olympic Heavy Duty AAA Battery,2 pcs,30,https://chaldal.com/batteries
Sunlite Heavy Duty AAA Battery,2 pcs,30,https://chaldal.com/batteries
Olympic Heavy Duty AA Battery,2 pcs,36,https://chaldal.com/batteries
Sunlite Heavy Duty AA Battery,2 pcs,49,https://chaldal.com/batteries
Olympic Volt Remote Battery,2 pcs,30,https://chaldal.com/batteries
Olympic Volt Pencil Battery Metallic,each,18,https://chaldal.com/batteries
Maxell Alkaline LR44 (A76) Battery,2 pcs,139,https://chaldal.com/batteries
Energizer Recharge Power Plus Battery AA,2 pcs,675,https://chaldal.com/batteries
Olympic Gold Heavy Duty AA Battery,2 pcs,36,https://chaldal.com/batteries
Energizer Max Power Battery 1.5V AA,2 pcs,230,https://chaldal.com/batteries
Maxell Alkaline Battery Size: AA,2 pcs,255,https://chaldal.com/batteries
Sony AA Alkaline Batteries,2 pcs,299,https://chaldal.com/batteries
Alteco Super Glue 3 gm,each,35,https://chaldal.com/glue-tapes
Osaka PVC Tape Red (18 mm),3 pcs,72,https://chaldal.com/glue-tapes
Osaka PVC Tape White (18 mm),3 pcs,71,https://chaldal.com/glue-tapes
Deli Stick Up Glue,36 gm,99,https://chaldal.com/glue-tapes
Deli Packing Tape Dispenser,each,610,https://chaldal.com/glue-tapes
Rubber Bands,100 gm,119,https://chaldal.com/glue-tapes
Scotia Transparent Packaging 200 mtr Tape,each,175,https://chaldal.com/glue-tapes
Camel Glue Gun 100 W GG-5 Machine,each,390,https://chaldal.com/glue-tapes
Osaka PVC Tape Black (18 mm),3 pcs,75,https://chaldal.com/glue-tapes
Hunter Both Sided Gum Tape (0.5 inch),each,55,https://chaldal.com/glue-tapes
Deli Strick Up Glue White,15 gm,65,https://chaldal.com/glue-tapes
Mouse Pad,each,119,https://chaldal.com/organizing-accessories
Deli Colored Push Pins,100 pcs,99,https://chaldal.com/organizing-accessories
RFL Good Luck Sponge Damper,each,25,https://chaldal.com/organizing-accessories
RFL Good Luck Multiple Organizer,each,220,https://chaldal.com/organizing-accessories
Rubber Bands,100 gm,119,https://chaldal.com/organizing-accessories
Deli Office Pin 1 box,50 gm,40,https://chaldal.com/organizing-accessories
Deli Colored Paper Clips,100 pcs,69,https://chaldal.com/organizing-accessories
A4 Tech Optical USB Mouse,each,595,https://chaldal.com/organizing-accessories
"Binder Clip (1"")",12 pcs,90,https://chaldal.com/organizing-accessories
Board Duster,each,59,https://chaldal.com/organizing-accessories
ID Card Holder (T-014H),each,29,https://chaldal.com/organizing-accessories
Binding Needle,each,49,https://chaldal.com/organizing-accessories
Deli Clip Box,each,70,https://chaldal.com/organizing-accessories
ID Card Holder (T-014V),each,29,https://chaldal.com/organizing-accessories
Pin Holder,each,89,https://chaldal.com/organizing-accessories
Artline Stamp Pad 106×67 mm,each,99,https://chaldal.com/organizing-accessories
"Binder Clip (2"")",12 pcs,159,https://chaldal.com/organizing-accessories
Deli Fingertip Moistener,each,150,https://chaldal.com/organizing-accessories
Bili Management File A4 (Purple),each,39,https://chaldal.com/file-folder
Bili Management File A4 (Blue),each,39,https://chaldal.com/file-folder
Bili Management File A4 (Green),each,39,https://chaldal.com/file-folder
Transparent File Folder,each,39,https://chaldal.com/file-folder
Court File (Orange),each,79,https://chaldal.com/file-folder
Court File (Blue),each,79,https://chaldal.com/file-folder
Court File (Yellow),each,69,https://chaldal.com/file-folder
RFL Good Luck Three Station File Organizer,each,300,https://chaldal.com/file-folder
Deli Management File,each,35,https://chaldal.com/file-folder
Bag File,each,649,https://chaldal.com/file-folder
Court File,each,49,https://chaldal.com/file-folder
Bili Management File A4 (Orange),each,39,https://chaldal.com/file-folder
Deli Student Ruler Compass Set Blue,each,125,https://chaldal.com/measuring
Deli Student Ruler Compass Set Pink,each,125,https://chaldal.com/measuring
Deli Compass With Lead Pencil (Pink),each,100,https://chaldal.com/measuring
Deli Compass With Lead Pencil (Blue),each,200,https://chaldal.com/measuring
RFL Good Luck Scale Super 30 cm,each,15,https://chaldal.com/measuring
RFL Good Luck Scale Scholar 30 cm,each,15,https://chaldal.com/measuring
Deli Orbit Classic Metal Compass Set,each,235,https://chaldal.com/measuring
Deli Compass Set,each,400,https://chaldal.com/measuring
Deli Pen Holder Round Shape,each,189,https://chaldal.com/desk-organizers
Horse Stamp pad NO. 3 (Orchid Blue),each,269,https://chaldal.com/desk-organizers
Horse Stamp pad NO. 3 (Royal Blue),each,269,https://chaldal.com/desk-organizers
Deli Business Card Holder (Clear),each,75,https://chaldal.com/desk-organizers
RFL Good Luck Stamp Pad,each,100,https://chaldal.com/desk-organizers
RFL Good Luck Document Case,each,150,https://chaldal.com/desk-organizers
Pen Holder,each,149,https://chaldal.com/desk-organizers
Red Leaf 707 Permanent Marker (Red),each,79,https://chaldal.com/highlighters
Red Leaf 707 Permanent Marker (Blue),each,79,https://chaldal.com/highlighters
Red Leaf White Board Marker Pen 737 (Black),each,139,https://chaldal.com/highlighters
Faber Castell Highlighter Marker (Nion Red),each,79,https://chaldal.com/highlighters
Deli Liquid Highlighter Chisel Tip (Yellow),each,35,https://chaldal.com/highlighters
Red Leaf 707 Permanent Marker (Black),each,109,https://chaldal.com/highlighters
Red Leaf 303 Flourescent Highlighter (Pink),each,59,https://chaldal.com/highlighters
Red Leaf 303 Flourescent Highlighter (Blue),each,59,https://chaldal.com/highlighters
Red Leaf 303 Flourescent Highlighter (Orange),each,59,https://chaldal.com/highlighters
Red Leaf 303 Flourescent Highlighter (Green),each,59,https://chaldal.com/highlighters
Faber Castell Highlighter Marker (Green),each,45,https://chaldal.com/highlighters
Faber Castell Highlighter Marker (Blue),each,45,https://chaldal.com/highlighters
Faber Castell Highlighter Marker (Yellow),each,45,https://chaldal.com/highlighters
Red Leaf White Board Marker Pen (Black),each,139,https://chaldal.com/highlighters
Faber Castell Pencil 7420 HB,12 pcs,125,https://chaldal.com/pencils
Faber Castell Pencil HB (Gold Faber),12 pcs,320,https://chaldal.com/pencils
Faber Castell Red Matt Pencil HB,12 pcs,156,https://chaldal.com/pencils
Fresh Campus 4B Pencil 66 gm,12 pcs,120,https://chaldal.com/pencils
Fresh Campus 2B Pencil 68 gm,12 pcs,120,https://chaldal.com/pencils
Faber Castell HB pencil (with Eraser),12 pcs,249,https://chaldal.com/pencils
University khata 300 Pages,each,169,https://chaldal.com/notebook-diary
RFL Good Luck Kids Arabic Book,each,30,https://chaldal.com/notebook-diary
Register Book 150 pages,,90,https://chaldal.com/notebook-diary
Register Book 300 Page,each,179,https://chaldal.com/notebook-diary
Paw Paw Kitten Dry Cat Food Chicken,1.5 kg,699,https://chaldal.com/kitten-food
Bonacibo Cat Food Kitten Chicken With Anchovy & Rice,1.5 kg,1139,https://chaldal.com/kitten-food
Foodinnova Nekko Kitten Chicken Mousse,70 gm,99,https://chaldal.com/kitten-food
Foodinnova Nekko Kitten Tuna Mousse with Goat Milk,70 gm,99,https://chaldal.com/kitten-food
SmartHeart Kitten Food Tuna,85 gm,119,https://chaldal.com/kitten-food
Whiskas Junior Cat Food Mackerel,80 gm,99,https://chaldal.com/kitten-food
Whiskas Cat Food Junior Tuna Kitten,80 gm,99,https://chaldal.com/kitten-food
SmartHeart Puppy Dog Food Beef & Milk,500 gm,249,https://chaldal.com/dog-food
SmartHeart Adult Dog Chicken & Egg Flavor,500 gm,319,https://chaldal.com/dog-food
SmartHeart Puppy Food Beef & Milk,8 kg,2749,https://chaldal.com/dog-food
SmartHeart Puppy Food Chicken Egg & Milk,8 kg,2749,https://chaldal.com/dog-food
SmartHeart Adult Dog Food Smoked Liver Flavor,500 gm,219,https://chaldal.com/dog-food
RFL Pakhir Basha (Bird Nest),each,400,https://chaldal.com/pet-grooming-cleaning
Bearing Tick And Flea Dog Shampoo Short Hair,300 ml,549,https://chaldal.com/pet-grooming-cleaning
Bearing Tick & Flea Dog Spray,250 ml,1795,https://chaldal.com/pet-grooming-cleaning
Versele Laga Cat Attract,200 ml,1519,https://chaldal.com/pet-grooming-cleaning
Versele Laga Oropharme Oral Spary,150 ml,579,https://chaldal.com/pet-grooming-cleaning
Versele Laga Cat Dry Shampoo,150 ml,1049,https://chaldal.com/pet-grooming-cleaning
Petme Oral +Plus Gel,30 gm,469,https://chaldal.com/pet-grooming-cleaning
Singapore Math Book 1B,each,450,https://chaldal.com/toys-sports
Deer Football (Size 5),each,909,https://chaldal.com/toys-sports
Bear Hug Me Soft Toy,each,1375,https://chaldal.com/toys-sports
Hello Kitty Big Love soft Toy,each,1090,https://chaldal.com/toys-sports
Taddy Bear Galice Soft Toy,each,870,https://chaldal.com/toys-sports
Pooh Bear Size M,each,990,https://chaldal.com/toys-sports
Birthday Celebration Balloon,20 pcs,150,https://chaldal.com/toys-sports
Golden Wings Badminton Shuttlecock,12 pcs,500,https://chaldal.com/toys-sports
Happy Anniversary Foil (Golden) 16 Letters,,195,https://chaldal.com/toys-sports
LCD Writing Tablet 8.5 Inches,each,299,https://chaldal.com/toys-sports
Golden Wing G10 Badminton Shuttlecock,6 pcs,399,https://chaldal.com/toys-sports
Pierre Cardin Natural Look Foundation,30 ml,1250,https://chaldal.com/beauty
Lipsilk Lip Balm Strawberry,7 gm,210,https://chaldal.com/beauty
Zayn & Myza Breathable Nail Enamel Strawberry Jelly,6 ml,390,https://chaldal.com/beauty
Zayn & Myza Breathable Nail Enamel Red Velvet,6 ml,390,https://chaldal.com/beauty
Zayn & Myza Breathable Nail Enamel Pink Popsicle,6 ml,390,https://chaldal.com/beauty
Zayn & Myza Breathable Nail Enamel Mauve Cheesecake,6 ml,390,https://chaldal.com/beauty
Lafz Lip Color Valley Of Roses,5.5 ml,990,https://chaldal.com/beauty
Ligion Face Magic Gold,50 gm,200,https://chaldal.com/beauty
Ligion Ladies Uptan,70 gm,70,https://chaldal.com/beauty
Woman's World Uptan,150 gm,100,https://chaldal.com/beauty
Sagudana,200 gm,45,https://chaldal.com/herbal-products
Sajeeb Pure Psyllium Husk (Isubgul Vushi),75 gm,175,https://chaldal.com/herbal-products
Psyllium Husk (Isubgul Vushi),100 gm,159,https://chaldal.com/herbal-products
ACI Fruit Sal Tasty Saline 1 Box,20 pcs,140,https://chaldal.com/herbal-products
Eno Digestive Orange Flavour 30 pcs,150 gm,450,https://chaldal.com/herbal-products
Eno Digestive Lemon Flavour 30 pcs,150 gm,450,https://chaldal.com/herbal-products
Farmer's Gold Rose Petal Powder,25 gm,150,https://chaldal.com/herbal-products
Hajmola Borhani 100 Tablets,74 gm,110,https://chaldal.com/herbal-products
Eno Orange Flavor,5 pcs,75,https://chaldal.com/herbal-products
Hajmola Regular 90 Tablets,68 gm,110,https://chaldal.com/herbal-products
Dabur Chyawanprash Awaleha,500 gm,600,https://chaldal.com/herbal-products
Mother's Smile Profom Milk Jar,400 gm,630,https://chaldal.com/food-supplements
Standard Horlicks Health And Nutrition Drink Jar,250 gm,280,https://chaldal.com/food-supplements
Mother's Horlicks Health and Nutrition Drink BIB,350 gm,620,https://chaldal.com/food-supplements
Horlicks Chocolate Flavour Jar,500 gm,550,https://chaldal.com/food-supplements
Junior Horlicks Health And Nutrition Drink Container Stage-2,500 gm,550,https://chaldal.com/food-supplements
Standard Horlicks Health And Nutrition Drink Jar,500 gm,500,https://chaldal.com/food-supplements
Maltova Health And Nutrition Drink BIB,400 gm,550,https://chaldal.com/food-supplements
Boost Chocolate Jar,400 gm,550,https://chaldal.com/food-supplements
Women's Plus Horlicks Health And Nutrition Drink Jar,400 gm,600,https://chaldal.com/food-supplements
Horlicks Lite Health And Nutrition Drink Jar,400 gm,650,https://chaldal.com/food-supplements
PediaSure Vanilla Delight,1 kg,3385,https://chaldal.com/food-supplements
Sepnil Face Mask (Black Colour),50 pcs,320,https://chaldal.com/face-masks-safety
Savlon Face Mask 1 Box,50 pcs,320,https://chaldal.com/face-masks-safety
Mop Cap,100 pcs,280,https://chaldal.com/face-masks-safety
Home Crafts Mr. & Mrs. Couple Mask Black & White (4 Ply),2 pcs,250,https://chaldal.com/face-masks-safety
Germnil Surgical Face Mask,50 pcs,500,https://chaldal.com/face-masks-safety
Sepnil Face Mask 1 Box,50 pcs,320,https://chaldal.com/face-masks-safety
Protective Safety Goggles,each,199,https://chaldal.com/face-masks-safety
Colgate Plax Peppermint Mouth Wash,750 ml,1160,https://chaldal.com/mouthwashes
Colgate Plax Peppermint Mouth Wash,500 ml,585,https://chaldal.com/mouthwashes
Colgate Plax Herbal Salt Mouth Wash,500 ml,1260,https://chaldal.com/mouthwashes
Colgate Plax Freshmint Mouth Wash,750 ml,815,https://chaldal.com/mouthwashes
Colgate Plax Freshmint Mouth Wash,250 ml,540,https://chaldal.com/mouthwashes
Zandu Balm Ultra Power,8 ml,210,https://chaldal.com/mouthwashes
Ring Guard Fast Relief Balm,12 gm,180,https://chaldal.com/mouthwashes
Thai Adult Pant Diaper M Waist Size 27-45 Inch,10 pcs,679,https://chaldal.com/adult-diapers
SmartCare Adult Diaper M 60-110 cm,10 pcs,920,https://chaldal.com/adult-diapers
Thai Adult Pant Diaper L Waist Size 30-55 Inch,10 pcs,739,https://chaldal.com/adult-diapers
Aspire Adult Diaper Belt M 76- 116 cm,8 pcs,719,https://chaldal.com/adult-diapers
Glory Adult Diaper Large (110-150 cm),8 pcs,839,https://chaldal.com/adult-diapers
SmartCare Disposable Underpads XL (60 X 90 cm),10 pcs,649,https://chaldal.com/adult-diapers
Aspire Premium Adult Wet Towel,80 pcs,400,https://chaldal.com/adult-diapers
Safe-Accu Blood Glucose Monitor Device Kit,,1500,https://chaldal.com/medical-devices
Hot Water Bottle With Flees Cover (Assorted Color),2000 ml,299,https://chaldal.com/medical-devices
Digital Thermometer,each,189,https://chaldal.com/medical-devices
Safe-Accu Blood Glucose Test Strip In Foil Pack,25 pcs,520,https://chaldal.com/medical-devices
Safe-Accu Blood Glucose Test Strip In Foil Pack,50 pcs,1000,https://chaldal.com/medical-devices
Safe-Accu Blood Glucose Monitor Device Kit (Free Sir 750 ml),,1500,https://chaldal.com/medical-devices
Rohs Fingertip Pulse Oximeter,each,819,https://chaldal.com/medical-devices
Digital Thermometer with Beeper,each,849,https://chaldal.com/medical-devices
