Item Name,Quantity/Volume,Price (BDT),Link
Potato Regular (± 50 gm),1 kg,26,https://chaldal.com/fresh-vegetable
Red Tomato ± 25 gm,500 gm,99,https://chaldal.com/fresh-vegetable
Coriander Leaves (Dhonia Pata) ± 10 gm,100 gm,19,https://chaldal.com/fresh-vegetable
Roshun (Garlic Imported) ± 25 gm,500 gm,75,https://chaldal.com/fresh-vegetable
Kacha Morich (Green Chilli) ±12 gm,250 gm,79,https://chaldal.com/fresh-vegetable
Lal Alu (Red Potato Cardinal) ± 50 gm,1 kg,25,https://chaldal.com/fresh-vegetable
Lal Shak (Red Spinach),1 bundle,19,https://chaldal.com/fresh-vegetable
Deshi Shosha (Local Cucumber) ± 25 gm,500 gm,45,https://chaldal.com/fresh-vegetable
Lomba Lebu (Long Lemon),4 pcs,25,https://chaldal.com/fresh-vegetable
Ada (Imported Ginger) ± 25 gm,500 gm,89,https://chaldal.com/fresh-vegetable
Misti Kumra Fali (Sweet Pumpkin Slice) ± 40 gm,1 kg,45,https://chaldal.com/fresh-vegetable
Misti Alu (Sweet Potato) ± 25 gm,500 gm,79,https://chaldal.com/fresh-vegetable
Kacha Morich (Green Chilli) ± 12 gm,100 gm,35,https://chaldal.com/fresh-vegetable
Kacha Pepe (Green Papaya) ± 70 gm,1.4 kg,59,https://chaldal.com/fresh-vegetable
Palong Shak (Palong Spinach),1 bundle,29,https://chaldal.com/fresh-vegetable
Deshi Roshun (Garlic Local) ±25 gm,500 gm,59,https://chaldal.com/fresh-vegetable
Kolmi Shak (Water Spinach),1 bundle,19,https://chaldal.com/fresh-vegetable
Deshi Ada (Local Ginger) ± 25 gm,500 gm,75,https://chaldal.com/fresh-vegetable
Chichinga (Snake Gourd) ± 25 gm,500 gm,35,https://chaldal.com/fresh-vegetable
Shosha (Cucumber) ± 25 gm,500 gm,45,https://chaldal.com/fresh-vegetable
Gol Lebu (Round Lemon),4 pcs,29,https://chaldal.com/fresh-vegetable
Badhakopi (Cabbage),each,65,https://chaldal.com/fresh-vegetable
Lau (Bottle Gourd),each,65,https://chaldal.com/fresh-vegetable
Uchche (Local Bitter Gourd) ± 25 gm,500 gm,49,https://chaldal.com/fresh-vegetable
Beetroot ±25 gm,500 gm,49,https://chaldal.com/fresh-vegetable
Green Capsicum ± 15 gm,300 gm,89,https://chaldal.com/fresh-vegetable
Pui Shak (Pui Spinach),1 bundle,39,https://chaldal.com/fresh-vegetable
Korola (Bitter Gourd) ± 25 gm,500 gm,55,https://chaldal.com/fresh-vegetable
Fulkopi (Cauliflower),each,75,https://chaldal.com/fresh-vegetable
Lomba Kalo Begun (Long Brinjal Black) ± 25 gm,500 gm,55,https://chaldal.com/fresh-vegetable
Kochur Mukhi (Taro Roots) ± 25 gm,500 gm,45,https://chaldal.com/fresh-vegetable
Kacha Kola (Banana Green),4 pcs,55,https://chaldal.com/fresh-vegetable
Jali Kumra (Water Pumpkin),each,65,https://chaldal.com/fresh-vegetable
Data Shak (Data Spinach),1 bundle,25,https://chaldal.com/fresh-vegetable
Dhundhul (Sponge Gourd) ±20 gm,500 gm,45,https://chaldal.com/fresh-vegetable
Thankuni Pata (Pennywort Leaves),1 bundle,9,https://chaldal.com/fresh-vegetable
Sobuj Gol Begun (Round Brinjals Green) ±35 gm,700 gm,85,https://chaldal.com/fresh-vegetable
Lal Alu (Red Potato) ± 25 gm,500 gm,29,https://chaldal.com/fresh-vegetable
Pudina Pata (Mint Leaves) ± 10 gm,100 gm,29,https://chaldal.com/fresh-vegetable
Kochur Loti (Stolon Of Taro) ± 25 gm,500 gm,39,https://chaldal.com/fresh-vegetable
Kalo Gol Begun (Round Brinjals Black) ±35 gm,800 gm,89,https://chaldal.com/fresh-vegetable
Mula (Radish) ± 25 gm,500 gm,35,https://chaldal.com/fresh-vegetable
Bombay Chilli,5 pcs,29,https://chaldal.com/fresh-vegetable
Lau Shak (Sweet Bitter Melon Leaves),1 bundle,45,https://chaldal.com/fresh-vegetable
Roshun (Garlic Imported) ± 25 gm,250 gm,39,https://chaldal.com/fresh-vegetable
Lettuce Leaves ± 10 gm,100 gm,45,https://chaldal.com/fresh-vegetable
Ada (Imported Ginger) ± 25 gm,250 gm,49,https://chaldal.com/fresh-vegetable
Paan (Betel Leaf),20 pcs,45,https://chaldal.com/fresh-vegetable
Potato Regular (± 25 gm),600 gm,16,https://chaldal.com/fresh-vegetable
Kacha Holud (Raw Turmeric) ± 12 gm,250 gm,45,https://chaldal.com/fresh-vegetable
Broiler Whole Chicken Leg Skin On (± 50 gm),1 kg,489,https://chaldal.com/chicken-poultry
Broiler Chicken Skin On ± 50 gm,1 kg,289,https://chaldal.com/chicken-poultry
Broiler Chicken Skin Off ± 50 gm,1 kg,319,https://chaldal.com/chicken-poultry
Broiler Chicken Skin Off ± 50 gm,1.4 kg,439,https://chaldal.com/chicken-poultry
Broiler Chicken Breast Boneless ± 50 gm,1 kg,599,https://chaldal.com/chicken-poultry
Broiler Chicken Breast Boneless ± 25 gm,500 gm,299,https://chaldal.com/chicken-poultry
Chicken Liver (Kolija) ± 25 gm,500 gm,199,https://chaldal.com/chicken-poultry
Bengal Meat Chicken Thigh Keema ± 50 gm,1 kg,635,https://chaldal.com/chicken-poultry
Broiler Chicken Thigh Boneless ± 50 gm,1 kg,449,https://chaldal.com/chicken-poultry
Bengal Meat Whole Chicken Curry Cut ± 50 gm,1 kg,465,https://chaldal.com/chicken-poultry
Broiler Chicken Drumsticks ± 25 gm (6-8 pcs),500 gm,249,https://chaldal.com/chicken-poultry
Broiler Chicken Thigh Boneless ± 25 gm,500 gm,199,https://chaldal.com/chicken-poultry
Broiler Chicken Skin On ± 50 gm,1.4 kg,399,https://chaldal.com/chicken-poultry
Chaldal Premium Broiler Chicken Wings ± 50 gm,500 gm,219,https://chaldal.com/chicken-poultry
Chicken Liver Gizzard Mix,1 kg,239,https://chaldal.com/chicken-poultry
Chicken Keema (Net Weight ± 50 gm),1 kg,679,https://chaldal.com/chicken-poultry
Broiler Chicken Wings (± 50 gm),1 kg,459,https://chaldal.com/chicken-poultry
Broiler Chicken Breast With Bone (± 50 gm),1 kg,499,https://chaldal.com/chicken-poultry
Broiler Chicken Drumsticks ± 50 gm (9-12 pcs),1 kg,499,https://chaldal.com/chicken-poultry
Live Cock Chicken (Processed) ± 25 gm,500 gm,299,https://chaldal.com/chicken-poultry
Beijing Duck Meat (Net Weight ± 50 gm),1500 gm,999,https://chaldal.com/chicken-poultry
Achari Shrimp Balachao,400 gm,670,https://chaldal.com/dried-fish
Kazi Farms Kitchen Shrimp Small Dried Fish,125 gm,260,https://chaldal.com/dried-fish
Kazi Farms Kitchen Kechki Dried Fish,125 gm,280,https://chaldal.com/dried-fish
Kazi Farms Kitchen Churi Dried Fish,125 gm,340,https://chaldal.com/dried-fish
Balachaw (Dry Prawn Chutney),250 gm,330,https://chaldal.com/dried-fish
Golden Grain Cumin (Jira),100 gm,120,https://chaldal.com/spices
Golden Grain Poppy Seed (Posto Dana),50 gm,195,https://chaldal.com/spices
Golden Grain Dried Chillies (Shukna Morich),100 gm,70,https://chaldal.com/spices
Golden Grain Black Pepper (Gol Morich) Whole,100 gm,195,https://chaldal.com/spices
Golden Grain Black Cumin (Kalo Jira),100 gm,100,https://chaldal.com/spices
Golden Grain Coriander (Dhonia),100 gm,45,https://chaldal.com/spices
Golden Grain Cardamom (Elachi) Whole,50 gm,350,https://chaldal.com/spices
Golden Grain Bay Leaf (Tejpata),100 gm,55,https://chaldal.com/spices
Golden Grain Clove (Lobongo),50 gm,145,https://chaldal.com/spices
Golden Grain Mix Spice (Pach Foron),100 gm,60,https://chaldal.com/spices
Golden Grain Mustard Seed (Red),100 gm,35,https://chaldal.com/spices
Cinnamon (Daruchini) Whole,100 gm,59,https://chaldal.com/spices
Radhuni Chilli (Morich) Powder,100 gm,75,https://chaldal.com/spices
Radhuni Coriander (Dhonia) Powder,100 gm,60,https://chaldal.com/spices
Radhuni Cumin (Jira) Powder,100 gm,160,https://chaldal.com/spices
Fenugreek (Methi) Seed,100 gm,25,https://chaldal.com/spices
Mustard Seed (Yellow),100 gm,25,https://chaldal.com/spices
Radhuni Garam Masala,15 gm,40,https://chaldal.com/spices
Radhuni Turmeric (Holud) Powder,50 gm,40,https://chaldal.com/spices
Ramisa Tokma,100 gm,60,https://chaldal.com/spices
Betel Nut (Shupari),250 gm,169,https://chaldal.com/spices
Fresh Chilli Powder,200 gm,125,https://chaldal.com/spices
Mustard Seed (Red),100 gm,25,https://chaldal.com/spices
Walnuts (Akhrot),100 gm,179,https://chaldal.com/spices
Cumin (Jira),100 gm,79,https://chaldal.com/spices
Cardamom (Elachi) Whole,25 gm,139,https://chaldal.com/spices
Dried Chillies (Shukna Morich),100 gm,45,https://chaldal.com/spices
Radhuni Chilli (Morich) Powder,200 gm,140,https://chaldal.com/spices
Radhuni Turmeric (Holud) Powder,200 gm,145,https://chaldal.com/spices
Radhuni Turmeric (Holud) Powder,100 gm,75,https://chaldal.com/spices
Clove (Lobongo),50 gm,79,https://chaldal.com/spices
Radhuni Garam Masala,40 gm,95,https://chaldal.com/spices
Radhuni Coriander (Dhonia) Powder,200 gm,110,https://chaldal.com/spices
Bay Leaf (Tejpata),100 gm,29,https://chaldal.com/spices
Radhuni Cumin (Jira) Powder,50 gm,85,https://chaldal.com/spices
Cardamom (Elachi) Whole,50 gm,269,https://chaldal.com/spices
Radhuni Turmeric (Holud) Powder,500 gm,335,https://chaldal.com/spices
Radhuni Cumin (Jira) Powder,200 gm,310,https://chaldal.com/spices
Black Cumin (Kalo Jira),100 gm,49,https://chaldal.com/spices
Radhuni Chilli (Morich) Powder,500 gm,345,https://chaldal.com/spices
Radhuni Panch Phoran,50 gm,30,https://chaldal.com/spices
Chia Seed,100 gm,59,https://chaldal.com/spices
Black Pepper (Gol Morich) Whole,50 gm,75,https://chaldal.com/spices
Fennel (Mouri),100 gm,45,https://chaldal.com/spices
Radhuni Chilli (Morich) Powder,50 gm,38,https://chaldal.com/spices
Alu Bukhara,100 gm,119,https://chaldal.com/spices
Black Cardamom (Kalo Elachi) Whole,50 gm,199,https://chaldal.com/spices
Coriander (Dhonia),100 gm,35,https://chaldal.com/spices
Black Pepper (Gol Morich) Whole,100 gm,149,https://chaldal.com/spices
Mix Spice (Pach Foron),100 gm,35,https://chaldal.com/spices
Miniket Rice Premium (Boiled) ± 50 gm,5 kg,439,https://chaldal.com/rices
Athash Rice (Boiled) ± 50 gm,5 kg,329,https://chaldal.com/rices
Amon Rice,1 kg,75,https://chaldal.com/rices
Nazirshail Rice Premium (Half Boiled) ± 50 gm,5 kg,449,https://chaldal.com/rices
Chinigura Rice Premium,1 kg,189,https://chaldal.com/rices
Chashi Aromatic Chinigura Rice,1 kg,190,https://chaldal.com/rices
Chashi Aromatic Chinigura Rice,2 kg,370,https://chaldal.com/rices
ACI Pure Nazirshail Rice,5 kg,495,https://chaldal.com/rices
Paijam Rice (Boiled),1 kg,65,https://chaldal.com/rices
Pran Chinigura Aromatic Rice,1 kg,190,https://chaldal.com/rices
Nazirshail Rice Standard (Half Boiled) ± 50 gm,5 kg,399,https://chaldal.com/rices
Miniket Rice Standard (Boiled) ± 50 gm,5 kg,389,https://chaldal.com/rices
Pran Chinigura Aromatic Rice,2 kg,370,https://chaldal.com/rices
ACI Pure Miniket Rice Premium,10 kg,950,https://chaldal.com/rices
Atop Rice,1 kg,55,https://chaldal.com/rices
Zirashail Rice (Boiled) ± 50 gm,5 kg,339,https://chaldal.com/rices
Fresh Chinigura Rice,1 kg,175,https://chaldal.com/rices
Rupchanda Chinigura Premium Aromatic Rice,1 kg,175,https://chaldal.com/rices
Katari Atop Rice ± 50 gm,5 kg,459,https://chaldal.com/rices
ACI Pure Premium Miniket Rice,5 kg,480,https://chaldal.com/rices
Katarivog Rice,1 kg,129,https://chaldal.com/rices
Banglamoti Rice (Boiled),1 kg,99,https://chaldal.com/rices
Extra Long Grain Bashmati Rice,1 kg,259,https://chaldal.com/rices
Athash Rice (Boiled)  ± 200 gm,25 kg,1599,https://chaldal.com/rices
Huski Rice (Half Boiled),5 kg,329,https://chaldal.com/rices
ACI Aroma Chinigura Rice,2 kg,345,https://chaldal.com/rices
Atop Rice ± 200 gm,25 kg,1399,https://chaldal.com/rices
Paijam Rice (Boiled) ± 200 gm,25 kg,1599,https://chaldal.com/rices
Aarong Natural Chinigura Rice,5 kg,761,https://chaldal.com/rices
Royal Umbrella Thai Glutinous Sticky Rice,1 kg,500,https://chaldal.com/rices
Royal Umbrella Pure Thai Hom Mali Rice,5 kg,1500,https://chaldal.com/rices
ACI Aroma Premium Basmati Rice,1 kg,480,https://chaldal.com/rices
Pran Metro Basmati Rice,1 kg,420,https://chaldal.com/rices
Rupchanda Jirashail Rice,5 kg,480,https://chaldal.com/rices
Fortune Biryani Special Basmati Rice,1 kg,400,https://chaldal.com/rices
Mehran Basmati Kernel Rice,1 kg,595,https://chaldal.com/rices
Chashi Aromatic Chinigura Rice,5 kg,910,https://chaldal.com/rices
Golden Grain Premium Mug Dal,500 gm,100,https://chaldal.com/dal-or-lentil
Fresh Premium Moshur Dal,1 kg,175,https://chaldal.com/dal-or-lentil
Moshur Dal (Imported),250 gm,29,https://chaldal.com/dal-or-lentil
Mashkolai Dal Peeled,500 gm,95,https://chaldal.com/dal-or-lentil
Mix Dal,250 gm,39,https://chaldal.com/dal-or-lentil
Mug Dal,500 gm,89,https://chaldal.com/dal-or-lentil
Moshur Dal (Imported),1 kg,109,https://chaldal.com/dal-or-lentil
Moshur Dal (Deshi),1 kg,159,https://chaldal.com/dal-or-lentil
Boot Dal,500 gm,59,https://chaldal.com/dal-or-lentil
Teer Red Lentil (Moshur) Dal,1 kg,130,https://chaldal.com/dal-or-lentil
Chola Boot (Chick Peas),1 kg,109,https://chaldal.com/dal-or-lentil
Moshur Dal (Imported),500 gm,55,https://chaldal.com/dal-or-lentil
Dubli Boot,500 gm,39,https://chaldal.com/dal-or-lentil
Khosha Chara Chola Boot (Peeled Chick Pea),500 gm,65,https://chaldal.com/dal-or-lentil
Pran Moshur Dal (Deshi),1 kg,185,https://chaldal.com/dal-or-lentil
Mug Dal,250 gm,45,https://chaldal.com/dal-or-lentil
White Chick Peas (Kabuli Boot),500 gm,129,https://chaldal.com/dal-or-lentil
Anchor Boot Dal,500 gm,39,https://chaldal.com/dal-or-lentil
Pran Mug Dal,500 gm,100,https://chaldal.com/dal-or-lentil
Mixed Dal,500 gm,75,https://chaldal.com/dal-or-lentil
Kangaroo Lentil (Moshur Dal),1 kg,179,https://chaldal.com/dal-or-lentil
Pran Moshur Dal (Deshi),500 gm,95,https://chaldal.com/dal-or-lentil
Split Pea (Motor Dal),500 gm,79,https://chaldal.com/dal-or-lentil
Aarong Natural Moshur Dal,1 kg,185,https://chaldal.com/dal-or-lentil
Kheshari Dal,500 gm,59,https://chaldal.com/dal-or-lentil
Ahmed Chicken Masala,100 gm,79,https://chaldal.com/ready-mix
Nestle Maggi Shaad-e Magic Seasoning Mix Sachet,4 gm,5,https://chaldal.com/ready-mix
Radhuni Biryani Masala,40 gm,60,https://chaldal.com/ready-mix
Radhuni Roast Masala,35 gm,65,https://chaldal.com/ready-mix
Radhuni Tehari Masala,40 gm,60,https://chaldal.com/ready-mix
Radhuni Chicken Masala,20 gm,20,https://chaldal.com/ready-mix
Radhuni Kachchi Biryani Masala,40 gm,70,https://chaldal.com/ready-mix
Fresh Biryani Masala,40 gm,60,https://chaldal.com/ready-mix
Ahmed Chotpoti Masala,50 gm,50,https://chaldal.com/ready-mix
Fresh Firni Mix,150 gm,70,https://chaldal.com/ready-mix
Fresh Haleem Mix,200 gm,70,https://chaldal.com/ready-mix
Shan Chicken Tikka Masala Mix,50 gm,117,https://chaldal.com/ready-mix
Radhuni Beef Masala,25 gm,25,https://chaldal.com/ready-mix
Radhuni Kabab Masala,50 gm,120,https://chaldal.com/ready-mix
Ahmed Meat Masala,100 gm,95,https://chaldal.com/ready-mix
Nestle Maggi Shaad-e Magic Seasoning Mix 4 gm,12 pcs,60,https://chaldal.com/ready-mix
Radhuni Chotpoti Masala,50 gm,50,https://chaldal.com/ready-mix
Radhuni Haleem Mix,200 gm,80,https://chaldal.com/ready-mix
Radhuni Falooda Mix (Mango Flavor),250 gm,120,https://chaldal.com/ready-mix
Radhuni Falooda Mix (Vanilla Flavor),250 gm,120,https://chaldal.com/ready-mix
Radhuni Kala Bhuna Masala,80 gm,100,https://chaldal.com/ready-mix
ACI Pure Kabab Masala,50 gm,100,https://chaldal.com/ready-mix
Farmer's Gold Khichuri Mix,500 gm,150,https://chaldal.com/ready-mix
Teer Haleem Mix,200 gm,70,https://chaldal.com/ready-mix
Fresh Roast Masala,35 gm,65,https://chaldal.com/ready-mix
Nestle Maggi Shaad-e Magic Seasoning Mix Sachet,25 gm,30,https://chaldal.com/ready-mix
Radhuni Bbq Masala,50 gm,80,https://chaldal.com/ready-mix
Radhuni Chicken Masala,100 gm,95,https://chaldal.com/ready-mix
Ahmed Firni Mix,150 gm,70,https://chaldal.com/ready-mix
Ahmed Haleem Mix,200 gm,70,https://chaldal.com/ready-mix
Radhuni Beef Curry Masala,100 gm,90,https://chaldal.com/ready-mix
Radhuni Chicken Tandoori Masala,50 gm,80,https://chaldal.com/ready-mix
Radhuni Hyderabadi Biryani Masala,45 gm,90,https://chaldal.com/ready-mix
Pran Firni Mix,150 gm,70,https://chaldal.com/ready-mix
Pran Haleem Mix,200 gm,70,https://chaldal.com/ready-mix
Pran Tehari Masala,40 gm,55,https://chaldal.com/ready-mix
Shan Pilau Biryani,50 gm,115,https://chaldal.com/ready-mix
Pran Chotpoti Masala,45 gm,45,https://chaldal.com/ready-mix
Shan Shami Kabab,50 gm,117,https://chaldal.com/ready-mix
Sajeeb Ready Mix Pancake,500 gm,225,https://chaldal.com/ready-mix
Shan Chicken Masala,50 gm,122,https://chaldal.com/ready-mix
Shan Chaat Masala,100 gm,138,https://chaldal.com/ready-mix
Shan Karachi Beef Biryani,60 gm,125,https://chaldal.com/ready-mix
Shan Malay Spice Mix for Memoni Mutton Biryani,60 gm,115,https://chaldal.com/ready-mix
Shan Tikka Bbq,50 gm,115,https://chaldal.com/ready-mix
Shan Korma Curry Mix,50 gm,115,https://chaldal.com/ready-mix
Sajeeb Ready Mix Bhuna Khichuri,500 gm,150,https://chaldal.com/ready-mix
Radhuni Khichuri Mix,500 gm,160,https://chaldal.com/ready-mix
Radhuni Fish Curry Masala,100 gm,80,https://chaldal.com/ready-mix
Shan Spice Mix For Malay Chicken Biryani,60 gm,115,https://chaldal.com/ready-mix
Farina Laccha Shemai,500 gm,140,https://chaldal.com/shemai-suji
Farina Chutki Shemai,200 gm,40,https://chaldal.com/shemai-suji
Rahul Vermicelli Chikon Shemai,200 gm,40,https://chaldal.com/shemai-suji
Kolson Cock Vermicelli (Shemai),200 gm,45,https://chaldal.com/shemai-suji
Banoful Lashcha Shemai,200 gm,50,https://chaldal.com/shemai-suji
Teer Semolina Suji,500 gm,48,https://chaldal.com/shemai-suji
ACI Pure Suji,500 gm,48,https://chaldal.com/shemai-suji
Bombay Sweets Instant Laccha Shemai,180 gm,60,https://chaldal.com/shemai-suji
Kolson Special Lascha Semai,180 gm,50,https://chaldal.com/shemai-suji
Rahul Vermicelli Chikon Shemai,500 gm,90,https://chaldal.com/shemai-suji
Olympic Lascha Shemai,200 gm,50,https://chaldal.com/shemai-suji
Banoful Vermicelli Shemai,200 gm,45,https://chaldal.com/shemai-suji
Dekko Laccha Shemai,180 gm,50,https://chaldal.com/shemai-suji
Pran Vermicelli Shemai,200 gm,45,https://chaldal.com/shemai-suji
Dekko Shahi Shemai,180 gm,45,https://chaldal.com/shemai-suji
Thai Choice Rice Noodles,200 gm,350,https://chaldal.com/shemai-suji
Fresh Suji,500 gm,48,https://chaldal.com/shemai-suji
Radhuni Shemai,200 gm,45,https://chaldal.com/shemai-suji
Chickpea Flour (Boot Beshon),500 gm,69,https://chaldal.com/miscellaneous
Sagudana,200 gm,45,https://chaldal.com/miscellaneous
Foster Clark's Corn Flour,400 gm,360,https://chaldal.com/miscellaneous
Tamarind peeled (Tetul),200 gm,55,https://chaldal.com/miscellaneous
Pumpkin Seed,100 gm,99,https://chaldal.com/miscellaneous
Nutmeg (Jayfal) Whole,5 pcs,49,https://chaldal.com/miscellaneous
Fit Food Italian Seasoning,80 gm,250,https://chaldal.com/miscellaneous
Fit Food Cajun Seasoning,80 gm,250,https://chaldal.com/miscellaneous
Barilla Pasta Sauce Jar Napoletana,400 gm,599,https://chaldal.com/miscellaneous
Barilla Pasta Sauce Jar Arrabbiata,400 gm,599,https://chaldal.com/miscellaneous
Barilla Pasta Sauce Jar Basilico,400 gm,599,https://chaldal.com/miscellaneous
Kidney Bean,500 gm,129,https://chaldal.com/miscellaneous
Remia Dijon Mustard,370 gm,520,https://chaldal.com/miscellaneous
BBQ Coal Bag,1 kg,149,https://chaldal.com/miscellaneous
Bread Crumbs Loose,200 gm,45,https://chaldal.com/miscellaneous
Uncle Barn's Tempura Flour,500 gm,275,https://chaldal.com/miscellaneous
Rahul Pure Mustard Oil,1 ltr,355,https://chaldal.com/oil
Farmer's Gold Flaxseed Oil,100 ml,165,https://chaldal.com/oil
La Espanola Extra Virgin Olive Oil,500 ml,1350,https://chaldal.com/oil
Fresh Fortified Soyabean Oil,5 ltr,975,https://chaldal.com/oil
Teer Fortified Soyabean Oil,1 ltr,199,https://chaldal.com/oil
Fresh Fortified Soyabean Oil,2 ltr,398,https://chaldal.com/oil
Teer Fortified Soyabean Oil,2 ltr,398,https://chaldal.com/oil
Radhuni Pure Mustard Oil,500 ml,200,https://chaldal.com/oil
Radhuni Pure Mustard Oil,1 ltr,380,https://chaldal.com/oil
Pusti Fortified Soyabean Oil,1 ltr,199,https://chaldal.com/oil
Fresh Mustard Oil,1 ltr,330,https://chaldal.com/oil
ACI Nutrilife Rice Bran Oil,5 ltr,1160,https://chaldal.com/oil
Fresh Rice Bran Oil,5 ltr,1080,https://chaldal.com/oil
Fresh Mustard Oil,500 ml,180,https://chaldal.com/oil
King's Sunflower Oil Pet,5 ltr,2100,https://chaldal.com/oil
Fortune Fortified Rice Bran Oil,5 ltr,1210,https://chaldal.com/oil
Orkide Sunflower Oil,5 ltr,2100,https://chaldal.com/oil
Ecorganic Fortified Sunflower Oil Pet,5 ltr,2125,https://chaldal.com/oil
Foodela Mustard Oil,1 ltr,360,https://chaldal.com/oil
Foodela Mustard Oil,500 ml,180,https://chaldal.com/oil
Radhuni Pure Mustard Oil,2 ltr,750,https://chaldal.com/oil
Starship Fortified Soyabean Oil,2 ltr,398,https://chaldal.com/oil
Farmer's Gold Peanut oil,100 ml,345,https://chaldal.com/oil
Olio Orolio Olive Oil,3 ltr,4100,https://chaldal.com/oil
Olio Orolio Extra Virgin Olive Oil,5 ltr,10800,https://chaldal.com/oil
Olitalia Italian Pomace Olive Oil,250 ml,750,https://chaldal.com/oil
Sunshine Mustard Oil,1 ltr,360,https://chaldal.com/oil
Olio Orolio Olive Oil,1 ltr,1565,https://chaldal.com/oil
Olio Orolio Olive Oil,750 ml,1190,https://chaldal.com/oil
Olio Orolio Olive Oil,500 ml,900,https://chaldal.com/oil
Olio Orolio Extra Virgin Olive Oil,1 ltr,2300,https://chaldal.com/oil
Olio Orolio Extra Virgin Olive Oil,500 ml,1195,https://chaldal.com/oil
Clariss Olive Oil Pomace Glass Bottle,250 ml,495,https://chaldal.com/oil
Ceylon Organic Extra Virgin Coconut Oil,200 ml,600,https://chaldal.com/oil
Luglio Extra Virgin Olive Oil,1 ltr,1950,https://chaldal.com/oil
Golden Drop Sunflower Oil,5 ltr,2150,https://chaldal.com/oil
Ceylon Organic Extra Virgin Coconut Oil,500 ml,1590,https://chaldal.com/oil
Naturel Organic Extra Virgin Coconut Oil,500 ml,1525,https://chaldal.com/oil
Orkide Extra Virgin Olive Oil,500 ml,675,https://chaldal.com/oil
Pran Mustard Oil,1 ltr,340,https://chaldal.com/oil
Saffola Active Plus Edible Oil,5 ltr,2000,https://chaldal.com/oil
YO WE Fragrance Sesame Oil,630 ml,1045,https://chaldal.com/oil
Pran Mustard Oil,500 ml,170,https://chaldal.com/oil
Ambassador Spanish Olive Oil Can,150 ml,550,https://chaldal.com/oil
Foodela Ghee,400 gm,785,https://chaldal.com/ghee
Foodela Ghee,200 gm,390,https://chaldal.com/ghee
Foodela Ghee,100 gm,215,https://chaldal.com/ghee
Aarong Dairy Pure Ghee,200 gm,390,https://chaldal.com/ghee
Aarong Dairy Pure Ghee,450 gm,825,https://chaldal.com/ghee
Radhuni Premium Ghee,200 gm,415,https://chaldal.com/ghee
Radhuni Premium Ghee,100 gm,230,https://chaldal.com/ghee
Ultra Ghee,900 gm,1450,https://chaldal.com/ghee
Meena sweets Ghee,500 gm,1075,https://chaldal.com/ghee
Pran Premium Ghee,200 gm,350,https://chaldal.com/ghee
Pran Premium Ghee,100 gm,190,https://chaldal.com/ghee
Pran Premium Ghee,400 gm,760,https://chaldal.com/ghee
Aarong Dairy Pure Ghee,900 gm,1735,https://chaldal.com/ghee
Chia Seed,100 gm,59,https://chaldal.com/premium-ingredients
Farmer's Gold Raw Turmeric powder,100 gm,140,https://chaldal.com/premium-ingredients
Farmer's Gold Protein Powder,200 gm,450,https://chaldal.com/premium-ingredients
Ligion Black Seed With Sesame Seed,100 gm,130,https://chaldal.com/premium-ingredients
Saffron (Jafran),1 gm,299,https://chaldal.com/premium-ingredients
Chachi's Chawk Sweet Sour Chutney,200 ml,165,https://chaldal.com/pickles
Ruchi Boroi Pickle,450 gm,220,https://chaldal.com/pickles
Parboti Local Garlic Pickle,180 gm,150,https://chaldal.com/pickles
Aafi Olive Pickle,400 gm,170,https://chaldal.com/pickles
Aafi Mango Pickle,400 gm,170,https://chaldal.com/pickles
ACME Olive Pickle,400 gm,150,https://chaldal.com/pickles
Kishwan Mango Pickle,400 gm,180,https://chaldal.com/pickles
Ruchi Chalta Pickle,400 gm,200,https://chaldal.com/pickles
Nicobena Tamarind Pickle,325 gm,185,https://chaldal.com/pickles
Nicobena Naga Bombay Chilli Pickle,120 gm,350,https://chaldal.com/pickles
Pran Jugol Chutney,300 gm,190,https://chaldal.com/pickles
Natcha Sweet Tamarind (Tetul),225 gm,399,https://chaldal.com/pickles
Nicobena Garlic Pickle,220 gm,275,https://chaldal.com/pickles
Ahmed Mixed Pickle,400 gm,180,https://chaldal.com/pickles
BD Food Olive Pickle,400 gm,200,https://chaldal.com/pickles
Balachaw (Dry Prawn Chutney),250 gm,330,https://chaldal.com/pickles
American Garden Jalapeno Pepper Sliced,454 gm,475,https://chaldal.com/pickles
BD Food Tatul Chutney,500 gm,170,https://chaldal.com/pickles
Pran Mixed Pickle,400 gm,200,https://chaldal.com/pickles
BD Food Garlic Pickle,400 gm,300,https://chaldal.com/pickles
Ruchi Chutney Tetul 15 gm,12 pcs,60,https://chaldal.com/pickles
Ruchi Mixed Pickle,400 gm,200,https://chaldal.com/pickles
Ruchi Olive Pickle,400 gm,210,https://chaldal.com/pickles
Ruchi Mixed Chutney,450 gm,160,https://chaldal.com/pickles
Ruchi Mango Pickle,400 gm,200,https://chaldal.com/pickles
Ruchi Mango Pickle,200 gm,120,https://chaldal.com/pickles
Ruchi Garlic Pickle,200 gm,165,https://chaldal.com/pickles
Pran Olive Pickle,400 gm,200,https://chaldal.com/pickles
Pran Garlic Pickle,300 gm,240,https://chaldal.com/pickles
Pran Naga Chilli Pickle,300 gm,320,https://chaldal.com/pickles
BD Food Mango Pickle,400 gm,200,https://chaldal.com/pickles
Pran Mango Pickle,400 gm,200,https://chaldal.com/pickles
Pran Boroi Sweet Pickle,350 gm,180,https://chaldal.com/pickles
Ching's Green Chilli Sauce,680 gm,350,https://chaldal.com/cooking-sauces
Ching's Green Chilli Sauce,190 gm,150,https://chaldal.com/cooking-sauces
Ching's Chilli Sauce,680 gm,350,https://chaldal.com/cooking-sauces
Saad Sweet Chilli Sauce,340 gm,150,https://chaldal.com/cooking-sauces
Maekrua Oyster Sauce,600 ml,639,https://chaldal.com/cooking-sauces
Kikkoman Premium Soy Sauce,600 ml,679,https://chaldal.com/cooking-sauces
Sajeeb Soya Sauce,300 ml,100,https://chaldal.com/cooking-sauces
Best's Tomato Puree,400 gm,174,https://chaldal.com/cooking-sauces
Kikkoman Soy Sauce,1 ltr,1499,https://chaldal.com/cooking-sauces
Ruchi Sweet Chili Sauce,200 gm,90,https://chaldal.com/cooking-sauces
Ruchi BBQ Sauce,200 gm,150,https://chaldal.com/cooking-sauces
Blossoms Dark Soya Sauce,500 ml,429,https://chaldal.com/cooking-sauces
Chef Le Dark Soya Sauce,500 ml,310,https://chaldal.com/cooking-sauces
Chef Le Dark Soya Sauce,250 ml,174,https://chaldal.com/cooking-sauces
Chef Le Light Soya Sauce,500 ml,294,https://chaldal.com/cooking-sauces
American Garden Pizza Sauce Classic,397 ml,670,https://chaldal.com/cooking-sauces
Ahmed Garlic Sauce,340 gm,140,https://chaldal.com/cooking-sauces
Nando's Garlic Sauce,250 gm,550,https://chaldal.com/cooking-sauces
Umami BBQ Sauce,300 ml,275,https://chaldal.com/cooking-sauces
American Garden BBQ Sauce Original,510 gm,639,https://chaldal.com/cooking-sauces
Remia Garlic Sauce,250 ml,299,https://chaldal.com/cooking-sauces
Bachun Oyster Sauce,350 ml,450,https://chaldal.com/cooking-sauces
Life Oyster Flavoured Sauce,510 gm,382,https://chaldal.com/cooking-sauces
Best's Chilli & Garlic Sauce,320 gm,210,https://chaldal.com/cooking-sauces
Ching's Red Chilli Sauce,200 gm,160,https://chaldal.com/other-sauces
Ching's Green Chilli Sauce,680 gm,350,https://chaldal.com/other-sauces
Ching's Green Chilli Sauce,190 gm,150,https://chaldal.com/other-sauces
Ching's Chilli Sauce,680 gm,350,https://chaldal.com/other-sauces
Saad Sweet Chilli Sauce,340 gm,150,https://chaldal.com/other-sauces
Ruchi Sweet Chilli Sauce,350 gm,130,https://chaldal.com/other-sauces
Ahmed Hot Chilli Sauce,340 gm,129,https://chaldal.com/other-sauces
Ahmed Green Chilli Sauce,340 gm,115,https://chaldal.com/other-sauces
Pran Chilli Sauce,340 gm,150,https://chaldal.com/other-sauces
Nando's Peri Peri Hot Sauce,250 gm,549,https://chaldal.com/other-sauces
Teo Tak Seng Silver Pomfret Fish Sauce 750 cc,,495,https://chaldal.com/other-sauces
Ahmed Sweet Chilli Sauce,340 gm,140,https://chaldal.com/other-sauces
Ruchi Sweet Chili Sauce,200 gm,90,https://chaldal.com/other-sauces
Ruchi BBQ Sauce,200 gm,150,https://chaldal.com/other-sauces
Pran Green Chilli Sauce,340 gm,130,https://chaldal.com/other-sauces
Kishwan Hot Chilli Sauce,340 gm,120,https://chaldal.com/other-sauces
Mr. Hung Sweet Chilli Sauce,700 ml,500,https://chaldal.com/other-sauces
Sriracha Hot Chilli Sauce,482 gm,1200,https://chaldal.com/other-sauces
ACME Sweet Chilli Sauce,340 gm,120,https://chaldal.com/other-sauces
Barilla Pasta Sauce Jar Napoletana,400 gm,599,https://chaldal.com/other-sauces
Barilla Pasta Sauce Jar Arrabbiata,400 gm,599,https://chaldal.com/other-sauces
Barilla Pasta Sauce Jar Basilico,400 gm,599,https://chaldal.com/other-sauces
Ahmed Tamarind Sauce,340 gm,130,https://chaldal.com/other-sauces
Ahmed Garlic Sauce,340 gm,140,https://chaldal.com/other-sauces
Ahmed Chilli Sauce,340 gm,150,https://chaldal.com/other-sauces
Nando's Peri Peri Mild Sauce,250 gm,579,https://chaldal.com/other-sauces
Ruchi Red Chilli Sauce,360 gm,150,https://chaldal.com/other-sauces
Nando's Pepper Sauce X-mild,250 gm,550,https://chaldal.com/other-sauces
Nando's Extra Extra Hot Peri Peri Sauce,250 gm,550,https://chaldal.com/other-sauces
Nando's Peri Peri Wild Herb Sauce,250 gm,549,https://chaldal.com/other-sauces
Nando's Garlic Sauce,250 gm,550,https://chaldal.com/other-sauces
Umami BBQ Sauce,300 ml,275,https://chaldal.com/other-sauces
King Bell Chilli Sauce,300 ml,190,https://chaldal.com/other-sauces
Life Oriental Barbecue Sauce,250 gm,223,https://chaldal.com/other-sauces
American Garden BBQ Sauce Original,510 gm,639,https://chaldal.com/other-sauces
Suree Sweet Chilli Sauce,295 ml,375,https://chaldal.com/other-sauces
Remia Garlic Sauce,250 ml,299,https://chaldal.com/other-sauces
Best's Chilli & Garlic Sauce,320 gm,210,https://chaldal.com/other-sauces
Starship Full Cream Milk Powder,500 gm,375,https://chaldal.com/powder-milk
Starship Full Cream Milk Powder,1 kg,770,https://chaldal.com/powder-milk
Marks Full Cream Milk Powder Poly,500 gm,480,https://chaldal.com/powder-milk
Dano Daily Pushti Milk Powder,500 gm,400,https://chaldal.com/powder-milk
Marks Full Cream Milk Powder Poly,1 kg,950,https://chaldal.com/powder-milk
Dano Daily Pushti Milk Powder,1 kg,770,https://chaldal.com/powder-milk
Dano Power Full Cream Milk Powder,500 gm,480,https://chaldal.com/powder-milk
Dano Delight Full Cream Milk Powder,500 gm,480,https://chaldal.com/powder-milk
Fresh Instant Full Cream Milk Powder,500 gm,480,https://chaldal.com/powder-milk
Dano Power Full Cream Milk Powder,1 kg,950,https://chaldal.com/powder-milk
Nestle Nido Family Choice Milk Powder Pouch,500 gm,490,https://chaldal.com/powder-milk
Fresh Instant Full Cream Milk Powder,1 kg,950,https://chaldal.com/powder-milk
Nestle Nido Fortigrow Full Cream Milk Powder Tin,1 kg,1400,https://chaldal.com/powder-milk
AMA Full Cream Milk Powder,500 gm,440,https://chaldal.com/powder-milk
Farm Fresh Full Cream Milk Powder,500 gm,475,https://chaldal.com/powder-milk
Fresh Dessert Milk Powder,1 kg,750,https://chaldal.com/powder-milk
Goalini Full Cream Milk Powder,1 kg,910,https://chaldal.com/powder-milk
Marks Milk Powder Tin,1 kg,1300,https://chaldal.com/powder-milk
Cowhead Instant Milk Powder,1.8 kg,3700,https://chaldal.com/powder-milk
Fresh Insta Milk Powder,500 gm,480,https://chaldal.com/powder-milk
Pran Full Cream Milk Powder,1 kg,840,https://chaldal.com/powder-milk
Marks Young Star (16-40 years),400 gm,425,https://chaldal.com/powder-milk
Shape Up Non Fat High Protein Milk Powder,400 gm,490,https://chaldal.com/powder-milk
Nestle Nido Fortigrow Full Cream Milk Powder Tin,2.5 kg,3400,https://chaldal.com/powder-milk
Aarong Dairy Pasteurized Liquid Milk,1 ltr,105,https://chaldal.com/liquid-uht-milk
Pran Pasteurized Full Cream Liquid Milk,1 ltr,100,https://chaldal.com/liquid-uht-milk
Aarong Dairy Laban,500 ml,75,https://chaldal.com/liquid-uht-milk
Danish Ayran Pasteurized Full Cream Liquid Milk,1 ltr,140,https://chaldal.com/liquid-uht-milk
Aarong Dairy Matha,200 ml,35,https://chaldal.com/liquid-uht-milk
Danish Ayran Pasteurized Full Cream Liquid Milk,2 ltr,255,https://chaldal.com/liquid-uht-milk
Pran Mango Flavored Milk (Pouch),150 ml,25,https://chaldal.com/liquid-uht-milk
Pran Chocolate Flavored Milk (Pouch),150 ml,25,https://chaldal.com/liquid-uht-milk
Aarong Dairy UHT Milk,500 ml,60,https://chaldal.com/liquid-uht-milk
Pran UHT Milk,1 ltr,130,https://chaldal.com/liquid-uht-milk
Pran UHT Milk,200 ml,30,https://chaldal.com/liquid-uht-milk
Aarong Dairy Chocolate Milk Drink UHT,200 ml,35,https://chaldal.com/liquid-uht-milk
Aarong Dairy Full Cream Milk Powder,500 gm,460,https://chaldal.com/liquid-uht-milk
Cowhead Pure UHT Milk,1 ltr,449,https://chaldal.com/liquid-uht-milk
Farm Fresh UHT Milk,500 ml,60,https://chaldal.com/liquid-uht-milk
Pran UHT Milk,500 ml,60,https://chaldal.com/liquid-uht-milk
Aarong Dairy Lassi,200 ml,40,https://chaldal.com/liquid-uht-milk
Marks Active School Belgian Chocolate Flavour Milk Shake,200 ml,40,https://chaldal.com/liquid-uht-milk
Aarong Dairy Mango Milk Drink UHT,200 ml,35,https://chaldal.com/liquid-uht-milk
Pran Kulfi Milk Drink,200 ml,30,https://chaldal.com/liquid-uht-milk
Pran Badam Milk Drink,200 ml,30,https://chaldal.com/liquid-uht-milk
Pran Chocolate Milk Drink,200 ml,30,https://chaldal.com/liquid-uht-milk
Pran Mango Milk Drink,180 ml,30,https://chaldal.com/liquid-uht-milk
Cowhead UHT Pure Milk (Omega-3),1 ltr,490,https://chaldal.com/liquid-uht-milk
Cowhead UHT Milk Low Fat,1 ltr,459,https://chaldal.com/liquid-uht-milk
Starship Condensed Milk,400 gm,105,https://chaldal.com/condensed-milk-cream
No 1. Condensed Milk,400 gm,105,https://chaldal.com/condensed-milk-cream
Goalini Plus Condensed Milk,400 gm,105,https://chaldal.com/condensed-milk-cream
Danish Condensed Filled Milk,397 gm,105,https://chaldal.com/condensed-milk-cream
Nestle Coffee Mate Coffee Creamer Box,450 gm,380,https://chaldal.com/condensed-milk-cream
Vivo Ambient Whip Topping with Vegetable Fat,1100 gm,736,https://chaldal.com/condensed-milk-cream
Grand'Or UHT Cooking Cream,1000 gm,1550,https://chaldal.com/condensed-milk-cream
Nestle Coffee Mate Creamer,1 kg,850,https://chaldal.com/condensed-milk-cream
Nestle Coffee Mate Coffee Creamer Jar,400 gm,400,https://chaldal.com/condensed-milk-cream
Aarong Dairy Butter,200 gm,270,https://chaldal.com/butter-sour-cream
Milk Vita Butter,200 gm,270,https://chaldal.com/butter-sour-cream
Vivo Ambient Whip Topping with Vegetable Fat,1100 gm,736,https://chaldal.com/butter-sour-cream
Pran Butter (Fresco Container),200 gm,280,https://chaldal.com/butter-sour-cream
Lurpak Butter Unsalted,200 gm,880,https://chaldal.com/butter-sour-cream
Lurpak Salted Spreadable Butter,250 gm,990,https://chaldal.com/butter-sour-cream
Tata Tea Premium,400 gm,149,https://chaldal.com/tea-coffee-2
Dilmah Ceylon Moroccan Mint Green Tea,40 gm,549,https://chaldal.com/tea-coffee-2
Ispahani Mirzapore Best Leaf Tea,500 gm,270,https://chaldal.com/tea-coffee-2
Dilmah Premium Ceylon Tea 50 gm,25 pcs,480,https://chaldal.com/tea-coffee-2
Nestle Nescafe 3 in 1 Iced Frappe Cold Coffee Mix,30 gm,50,https://chaldal.com/tea-coffee-2
Sylhet Golden Premium Black Tea,400 gm,210,https://chaldal.com/tea-coffee-2
Tetley Green Tea Bag Masala Cha 25 pcs,35 gm,160,https://chaldal.com/tea-coffee-2
Dilmah Ceylon Green Tea With Cardamom,40 gm,715,https://chaldal.com/tea-coffee-2
Fresh Premium Tea Bag,100 gm,95,https://chaldal.com/tea-coffee-2
Lipton Green Tea Bag Honey and Lemon,25 pcs,170,https://chaldal.com/tea-coffee-2
Tetley Green Tea Bag Pure and Original 25 pcs,32.5 gm,140,https://chaldal.com/tea-coffee-2
Fresh Coffee 3 in 1,15 gm,10,https://chaldal.com/tea-coffee-2
Seylon Instant Milk Tea 3 in 1,15 gm,10,https://chaldal.com/tea-coffee-2
AMA Coffee 3 In 1,15 gm,10,https://chaldal.com/tea-coffee-2
Ispahani Mirzapore Tea Bag,50 pcs,100,https://chaldal.com/tea-coffee-2
Ispahani Mirzapore Best Leaf Tea,400 gm,230,https://chaldal.com/tea-coffee-2
Ispahani Mirzapore Best Leaf Tea,200 gm,116,https://chaldal.com/tea-coffee-2
Brooke Bond Taaza Black Tea,400 gm,250,https://chaldal.com/tea-coffee-2
Seylon Gold Tea,500 gm,240,https://chaldal.com/tea-coffee-2
Nestle Nescafe Classic Instant Coffee Jar,45 gm,275,https://chaldal.com/tea-coffee-2
Nestle Coffee Mate Coffee Creamer Box,450 gm,380,https://chaldal.com/tea-coffee-2
Nestle Nescafe Classic Instant Coffee Jar,90 gm,475,https://chaldal.com/tea-coffee-2
Kazi & Kazi Organic Green Tea 40 pcs,60 gm,215,https://chaldal.com/tea-coffee-2
Brooke Bond Taaza Black Tea,200 gm,130,https://chaldal.com/tea-coffee-2
MacCoffee Instant Coffee Pouch,200 gm,850,https://chaldal.com/tea-coffee-2
Tora Bika Cappuccino 25 gm,6 pcs,300,https://chaldal.com/tea-coffee-2
Dilmah Geen Tea with Jasmine 40 gm,20 pcs,595,https://chaldal.com/tea-coffee-2
Dilmah Green Tea with Camomile 30 gm,20 pcs,630,https://chaldal.com/tea-coffee-2
Dilmah Darjeeling Tea 50 gm,25 pcs,790,https://chaldal.com/tea-coffee-2
Seylon Instant Milk Tea 3 in 1 Stick Pouch,25 pcs,250,https://chaldal.com/tea-coffee-2
Seylon Instant Milk Tea,150 gm,100,https://chaldal.com/tea-coffee-2
Tetley Green Tea Bag Lemon & Honey 25 pcs,35 gm,170,https://chaldal.com/tea-coffee-2
Halda Valley Red Robe Oolong Tea,45 gm,245,https://chaldal.com/tea-coffee-2
Revival Karak Masala Tea,200 gm,220,https://chaldal.com/tea-coffee-2
Dr. H&H Slimming Tea Bags 30 pcs,60 gm,400,https://chaldal.com/tea-coffee-2
Kericho Gold Round Tea Bag 50 pcs,100 gm,329,https://chaldal.com/tea-coffee-2
MacCoffee Coffee And Creamer 2 in 1 12 gm x 20,,425,https://chaldal.com/tea-coffee-2
ACME Tea Premium Gold,200 gm,110,https://chaldal.com/tea-coffee-2
Dilmah Ginger & Honey Black Tea,30 gm,405,https://chaldal.com/tea-coffee-2
MacCoffee Original Jar,200 gm,1100,https://chaldal.com/tea-coffee-2
Moccona Select Instant Coffee,190 gm,1420,https://chaldal.com/tea-coffee-2
Kazi & Kazi Organic Tea Turmeric Infusion 40 pcs,60 gm,295,https://chaldal.com/tea-coffee-2
Nestle Nescafe Creamy Latte Coffee Mix Sachet 18 gm,12 pcs,240,https://chaldal.com/tea-coffee-2
Halda Valley Golden Eyebrow Black Tea,50 gm,500,https://chaldal.com/tea-coffee-2
Dilmah Ceylon Green Tea With Ceylon Cinnamon,40 gm,715,https://chaldal.com/tea-coffee-2
Ispahani Blender's Choice Premium Green Tea Bag 70 gm,50 pcs,205,https://chaldal.com/tea-coffee-2
Kopiko Brown Coffee 20 gm,6 pcs,279,https://chaldal.com/tea-coffee-2
Kazi & Kazi Organic Green Mint Tea 25 pcs,37.5 gm,295,https://chaldal.com/tea-coffee-2
Paragon Hajinagar PD Tea,500 gm,225,https://chaldal.com/tea-coffee-2
Paragon Hajinagar BOP Tea,500 gm,220,https://chaldal.com/tea-coffee-2
Quaker Oats Poly,450 gm,350,https://chaldal.com/cereals
Nestle Koko Krunch Chocolate Cereal Box,300 gm,450,https://chaldal.com/cereals
Kellogg's Chocos Chocolate Breakfast Cereal,385 gm,490,https://chaldal.com/cereals
Nestle Munch Breakfast Cereal Box,300 gm,400,https://chaldal.com/cereals
Nestle Munch Breakfast Cereal Pouch,120 gm,170,https://chaldal.com/cereals
Kellogg's Chocos Chocolate Breakfast Cereal,127 gm,170,https://chaldal.com/cereals
Kellogg's Oats Cereal,400 gm,360,https://chaldal.com/cereals
Kellogg's Corn Flakes Original Cereal,1.1 kg,1250,https://chaldal.com/cereals
Kellogg's Chocos Chocolate Breakfast Cereal,700 gm,899,https://chaldal.com/cereals
Kellogg's Chocos Chocolate Breakfast Cereal,1.1 kg,1350,https://chaldal.com/cereals
Kellogg's Chocos Crunchy Bites Chocolate Cereal,375 gm,530,https://chaldal.com/cereals
Kellogg's Oats Cereal (Free Container),400 gm,360,https://chaldal.com/cereals
Nestle Koko Krunch Cereal Pouch,70 gm,125,https://chaldal.com/cereals
Nestle Koko Krunch Cereal,150 gm,250,https://chaldal.com/cereals
Quaker Oats Jar,450 gm,380,https://chaldal.com/cereals
Virginia White Oats,400 gm,500,https://chaldal.com/cereals
Vitalia Fit & Active Muesli,650 gm,1539,https://chaldal.com/cereals
Nestle Koko Krunch,500 gm,910,https://chaldal.com/cereals
Vitalia Chocolate Muesli,1 kg,945,https://chaldal.com/cereals
Vitalia Breakfast Muesli,1 kg,1859,https://chaldal.com/cereals
Vitalia Fruit Muesli,1 kg,1939,https://chaldal.com/cereals
Kellogg's Chocos Chocolate Breakfast Cereal,250 gm,370,https://chaldal.com/cereals
Quaker White Oats,500 gm,599,https://chaldal.com/cereals
Kellogg's Chocos Chocolate Cereal,375 gm,529,https://chaldal.com/cereals
Dabur Honey,250 gm,250,https://chaldal.com/honey
ACI Pure Multifloral Honey,250 gm,230,https://chaldal.com/honey
Dabur Sundarbans Honey,500 gm,600,https://chaldal.com/honey
Allah Shafi Natural Honey,500 gm,975,https://chaldal.com/honey
Palermo Natural Honeycomb,500 gm,1109,https://chaldal.com/honey
Dabur Honey,400 gm,400,https://chaldal.com/honey
Dabur Honey,50 gm,70,https://chaldal.com/honey
Saffola Honey,100 gm,120,https://chaldal.com/honey
Buram Black Forest Honey,250 gm,855,https://chaldal.com/honey
Buram Acacia Honey,300 gm,960,https://chaldal.com/honey
Shefa'a Honey,500 gm,810,https://chaldal.com/honey
Clariss Acacia Honey,500 gm,950,https://chaldal.com/honey
Saffola Honey,500 gm,430,https://chaldal.com/honey
Saffola Honey,250 gm,230,https://chaldal.com/honey
Hosen Pure Honey,500 gm,789,https://chaldal.com/honey
Alshifa Acacia Honey,500 gm,2095,https://chaldal.com/honey
Alshifa Acacia Honey,250 gm,1095,https://chaldal.com/honey
Alshifa Black Forest Honey,500 gm,2095,https://chaldal.com/honey
Alshifa Natural Floral Honey,500 gm,1050,https://chaldal.com/honey
Dabur Honey,500 gm,465,https://chaldal.com/honey
Mother's Smile Profom Milk Jar,400 gm,630,https://chaldal.com/energy-boosters
Standard Horlicks Health And Nutrition Drink Jar,250 gm,280,https://chaldal.com/energy-boosters
Complan Chocolate Pack,350 gm,405,https://chaldal.com/energy-boosters
Mother's Horlicks Health and Nutrition Drink BIB,350 gm,620,https://chaldal.com/energy-boosters
Horlicks Chocolate Flavour Jar,500 gm,550,https://chaldal.com/energy-boosters
Junior Horlicks Health And Nutrition Drink Container Stage-2,500 gm,550,https://chaldal.com/energy-boosters
Standard Horlicks Health And Nutrition Drink Jar,500 gm,500,https://chaldal.com/energy-boosters
Maltova Health And Nutrition Drink BIB,400 gm,550,https://chaldal.com/energy-boosters
Ovaltine Power 10 Chocolate Drink Jar,400 gm,1000,https://chaldal.com/energy-boosters
Boost Chocolate Jar,400 gm,550,https://chaldal.com/energy-boosters
Women's Plus Horlicks Health And Nutrition Drink Jar,400 gm,600,https://chaldal.com/energy-boosters
Horlicks Lite Health And Nutrition Drink Jar,400 gm,650,https://chaldal.com/energy-boosters
Dabur Chyawanprash Awaleha,500 gm,600,https://chaldal.com/energy-boosters
Rinda Fruity Nata Jelly Flavoured,225 gm,365,https://chaldal.com/candies
Haribo Chamallows Party Candy,150 gm,400,https://chaldal.com/candies
Cavendish & Harvey Candy Wild Berry Drops,175 gm,449,https://chaldal.com/candies
Cavendish & Harvey Candy Citrus Fruit Drops,200 gm,490,https://chaldal.com/candies
Haribo Happy Grapes Candy,80 gm,250,https://chaldal.com/candies
Haribo Worms Zourr Candy,80 gm,250,https://chaldal.com/candies
Haribo Starmix Candy,160 gm,460,https://chaldal.com/candies
Haribo Happy Cola Candy,160 gm,460,https://chaldal.com/candies
Haribo Happy Cola Sour Candy,160 gm,460,https://chaldal.com/candies
Haribo Chamallows Pink & White Candy,150 gm,400,https://chaldal.com/candies
Haribo GoldBears Candy,160 gm,460,https://chaldal.com/candies
Cavendish & Harvey Sour Cherry Candy Poly,100 gm,250,https://chaldal.com/candies
Haribo Worms Candy,80 gm,250,https://chaldal.com/candies
Haribo Happy Cola Sour Candy,80 gm,250,https://chaldal.com/candies
Haribo Happy Cola Candy,80 gm,250,https://chaldal.com/candies
Haribo Goldbears Candy,80 gm,250,https://chaldal.com/candies
Olympic Green Mango Lozenge (Candy),50 pcs,50,https://chaldal.com/candies
Cavendish & Harvey Sour Lemon Drops,200 gm,490,https://chaldal.com/candies
Cavendish & Harvey Butterscotch Drops,175 gm,329,https://chaldal.com/candies
Fox's Crystal Clear Fruity Mints Candy,180 gm,345,https://chaldal.com/candies
Tic Tac Mint Mouth Freshener,13 gm,50,https://chaldal.com/mints-mouth-fresheners
Sargam Royal Crispy Mouth Freshener,40 gm,100,https://chaldal.com/mints-mouth-fresheners
Eclipse Sugar Free Winterfrost Mints,35 gm,290,https://chaldal.com/mints-mouth-fresheners
Eclipse Sugar Free Mints Spearmint Flavor,35 gm,370,https://chaldal.com/mints-mouth-fresheners
Mentos Pure Fresh Chewing Sugarfree Gum B.Lime Mint,29.7 gm,200,https://chaldal.com/mints-mouth-fresheners
Olympic First Choice Salted Biscuits,80 gm,20,https://chaldal.com/salted-biscuits
Bangas Grand Choice Salted Biscuit,70 gm,20,https://chaldal.com/salted-biscuits
Olympic Tip Crispy Salted Biscuits,60 gm,15,https://chaldal.com/salted-biscuits
Fresh Healthy Choice Salted Biscuit,80 gm,20,https://chaldal.com/salted-biscuits
Funtastic Nimok Halal Salted Biscuit,200 gm,50,https://chaldal.com/salted-biscuits
Olympic Saltes Biscuit,200 gm,60,https://chaldal.com/salted-biscuits
Olympic Dry Cake Biscuit,290 gm,150,https://chaldal.com/cakes
Wonder Muffin Cake 16 gm,6 pcs,60,https://chaldal.com/cakes
Ispahani Bakery Fresh Dry Cake,300 gm,150,https://chaldal.com/cakes
Olympic Chocolate Soft Cake,40 gm,20,https://chaldal.com/cakes
Dan Cake Vanilla Layer Cake 12 pack,324 gm,300,https://chaldal.com/cakes
Dan Cake Fruit Cake Sliced,300 gm,180,https://chaldal.com/cakes
Dan Cake Marble Dry Cake,280 gm,200,https://chaldal.com/cakes
Dan Cake Dry Cake,300 gm,200,https://chaldal.com/cakes
Dan Cake Marble cake,300 gm,200,https://chaldal.com/cakes
Kishwan Dry Cake,300 gm,150,https://chaldal.com/cakes
Olympic Ghee Soft Cake,40 gm,20,https://chaldal.com/cakes
Dan Cake Chocolate Pound Cake,220 gm,130,https://chaldal.com/cakes
Nestle Nescafe Creamy Latte,18 gm,20,https://chaldal.com/coffees
Fresh Coffee 3 in 1,15 gm,10,https://chaldal.com/coffees
AMA Coffee 3 In 1,15 gm,10,https://chaldal.com/coffees
Nestle Nescafe Classic Instant Coffee Jar,45 gm,275,https://chaldal.com/coffees
Nestle Coffee Mate Coffee Creamer Box,450 gm,380,https://chaldal.com/coffees
Nestle Nescafe Classic Instant Coffee Jar,90 gm,475,https://chaldal.com/coffees
MacCoffee Instant Coffee Pouch,200 gm,850,https://chaldal.com/coffees
Tora Bika Cappuccino 25 gm,6 pcs,300,https://chaldal.com/coffees
MacCoffee Coffee And Creamer 2 in 1 12 gm x 20,,425,https://chaldal.com/coffees
MacCoffee Original Jar,200 gm,1100,https://chaldal.com/coffees
Moccona Select Instant Coffee,190 gm,1420,https://chaldal.com/coffees
Nestle Nescafe Creamy Latte Coffee Mix Sachet 18 gm,12 pcs,240,https://chaldal.com/coffees
Kopiko Brown Coffee 20 gm,6 pcs,279,https://chaldal.com/coffees
MacCoffee Gold Jar,100 gm,850,https://chaldal.com/coffees
MacCoffee Gold Jar,50 gm,475,https://chaldal.com/coffees
MacCoffee Original Jar,50 gm,350,https://chaldal.com/coffees
Bru Pure Instant Coffee Jar,200 gm,1495,https://chaldal.com/coffees
Tora Bika Creamy Latte 25 gm,6 pcs,300,https://chaldal.com/coffees
Nestle Coffee Mate Creamer,1 kg,850,https://chaldal.com/coffees
Nestle Coffee Mate Coffee Creamer Jar,400 gm,400,https://chaldal.com/coffees
MacCoffee Original Jar,100 gm,675,https://chaldal.com/coffees
SMC Plus Lemon Electrolyte Drink 250 ml (Combo Pack),6 pcs,270,https://chaldal.com/juice
Bruvana Sports+ Electrolyte Beverage (Mango Flavor),250 ml,40,https://chaldal.com/juice
Malee Lychee Juice,1 ltr,630,https://chaldal.com/juice
SMC Plus Orange Electrolyte Drink 250 ml (Combo Pack),6 pcs,270,https://chaldal.com/juice
Pran Drinko Litchi Juice,250 ml,30,https://chaldal.com/juice
Pran Frooto Mango Fruit Drink,250 ml,25,https://chaldal.com/juice
Pran Frooto Mango Fruit Drink,500 ml,45,https://chaldal.com/juice
Frutika Mango Juice,1 ltr,90,https://chaldal.com/juice
Sunquick Orange Fruit Drink,1 ltr,140,https://chaldal.com/juice
Sunquick Mango Fruit Drink,1 ltr,120,https://chaldal.com/juice
Malee 100% Pomegranate & Mixed Fruit Juice,1 ltr,630,https://chaldal.com/juice
Malee 100% Pineapple Juice,1 ltr,630,https://chaldal.com/juice
Mr. Shammi Strawberry Juice,250 ml,190,https://chaldal.com/juice
Bruvana Sports+ Electrolyte Beverage (Pineapple Flavor),250 ml,40,https://chaldal.com/juice
Pran Pomegranate Fruit Drinks,200 ml,25,https://chaldal.com/juice
Sunquick Apple-Drink Concentrate,300 ml,375,https://chaldal.com/juice
Sunquick Pink Guava & Strawberry-Drink Concentrate,300 ml,495,https://chaldal.com/juice
Sunquick Fruit Cocktail-Drink Concentrate,300 ml,450,https://chaldal.com/juice
Frutika Mango Drinks,250 ml,30,https://chaldal.com/juice
Latina 100 % Juice (Mango),1 ltr,200,https://chaldal.com/juice
Nutrilife Guava Juice,160 ml,45,https://chaldal.com/juice
Nutrilife Orange Juice,160 ml,45,https://chaldal.com/juice
Nutrilife Apple Juice,160 ml,45,https://chaldal.com/juice
Fontana Mango Juice,1 ltr,550,https://chaldal.com/juice
Pran Drinko Mango Juice,250 ml,30,https://chaldal.com/juice
Nestle Fruita Vitals Chaunsa Mango Juice,1 ltr,354,https://chaldal.com/juice
Nestle Fruita Vitals Apple Juice,1 ltr,354,https://chaldal.com/juice
Cyprina Mango Nectar,1 ltr,560,https://chaldal.com/juice
Aaram Juice Orange,1 ltr,415,https://chaldal.com/juice
Aaram Juice Apple,1 ltr,415,https://chaldal.com/juice
Aaram Juice Mango,1 ltr,415,https://chaldal.com/juice
Nutrilife Orange Juice,1 ltr,295,https://chaldal.com/juice
Nutrilife Guava Juice,1 ltr,295,https://chaldal.com/juice
Pran Drinko Pineapple Juice,250 ml,30,https://chaldal.com/juice
Shezan Mango Fruit Drink,500 ml,45,https://chaldal.com/juice
Ribena Blackcurrant Juice,850 ml,1075,https://chaldal.com/juice
Sunquick Blackcurrant Juice,700 ml,750,https://chaldal.com/juice
Shezan Mango Fruit Drinks,1 ltr,85,https://chaldal.com/juice
Nutrilife Pomegranate Juice,1 ltr,350,https://chaldal.com/juice
Nutrilife Apple Juice,1 ltr,295,https://chaldal.com/juice
Sunquick Orange-Drink Concentrate,700 ml,890,https://chaldal.com/juice
Frutika Mango Juice,500 ml,55,https://chaldal.com/juice
Latina 100 % Juice (Orange),1 ltr,285,https://chaldal.com/juice
Latina 100 % Juice (Apple),1 ltr,285,https://chaldal.com/juice
Cyprina Grape Juice,1 ltr,560,https://chaldal.com/juice
Sammi Orange Juice Can,240 ml,180,https://chaldal.com/juice
Masafi Orange Juice,2 ltr,1120,https://chaldal.com/juice
Sammi Strawberry Juice Can,250 ml,190,https://chaldal.com/juice
Fontana Grape Juice,1 ltr,639,https://chaldal.com/juice
Fontana Apple Juice,1 ltr,475,https://chaldal.com/juice
Ion Alkaline Drinking Water,650 ml,65,https://chaldal.com/water
Ion Alkaline Drinking Water,330 ml,35,https://chaldal.com/water
Aquafina Drinking Water,1 ltr,30,https://chaldal.com/water
Mum Drinking Water,500 ml,20,https://chaldal.com/water
Super Fresh Drinking Water,500 ml,20,https://chaldal.com/water
Mum Drinking Water,5 ltr,100,https://chaldal.com/water
Mum Drinking Water,2 ltr,45,https://chaldal.com/water
Aquafina Drinking Water,500 ml,20,https://chaldal.com/water
Pureit Classic Germ Kill Kit,1500 ltr,800,https://chaldal.com/water
Mum Drinking Water,330 ml,15,https://chaldal.com/water
Muskan Drinking Water,500 ml,20,https://chaldal.com/water
Muskan Drinking Water,2 ltr,40,https://chaldal.com/water
Kinley Drinking Water,500 ml,20,https://chaldal.com/water
Perrier Mineral Water,750 ml,550,https://chaldal.com/water
Mum Drinking Water,1.5 ltr,35,https://chaldal.com/water
Teer Flour (Atta),2 kg,130,https://chaldal.com/flour
Chickpea Flour (Boot Beshon),500 gm,69,https://chaldal.com/flour
Farmer's Gold Atop Rice Flour (Chaler Gura),1 kg,110,https://chaldal.com/flour
White Flour (Maida),1 kg,59,https://chaldal.com/flour
Flour (Atta),1 kg,49,https://chaldal.com/flour
Fresh Flour (Atta),2 kg,130,https://chaldal.com/flour
Teer White Flour (Maida),2 kg,140,https://chaldal.com/flour
Fresh White Flour (Maida),2 kg,140,https://chaldal.com/flour
Shaad Brown Flour (Lal Atta),1 kg,70,https://chaldal.com/flour
ACI Nutrilife Brown Flour (Atta),1 kg,70,https://chaldal.com/flour
Shaad Flour (Atta),2 kg,130,https://chaldal.com/flour
Bashundhara Flour (Atta),2 kg,130,https://chaldal.com/flour
ACI Nutrilife Brown Atta,2 kg,140,https://chaldal.com/flour
ACI Pure Flour (Atta),2 kg,130,https://chaldal.com/flour
Teer Whole Wheat Flour (Atta),2 kg,140,https://chaldal.com/flour
Corn Flour (Loose),500 gm,69,https://chaldal.com/flour
ACI Pure White Flour (Maida),2 kg,140,https://chaldal.com/flour
White Rice Flour (Chaler Gura),1 kg,110,https://chaldal.com/flour
Sunshine Maida,2 kg,144,https://chaldal.com/flour
Ahmed Corn Flour,250 gm,120,https://chaldal.com/flour
Uncle Barn's Tempura Flour,500 gm,275,https://chaldal.com/flour
Golden Grain White Sesame Seed (Til),100 gm,85,https://chaldal.com/nuts-dried-fruits
Raisins (Kishmish),100 gm,89,https://chaldal.com/nuts-dried-fruits
Mazzak Badam Roasted Peanut,170 gm,150,https://chaldal.com/nuts-dried-fruits
Mazzak Badam Almond Roasted & Light Salt,40 gm,149,https://chaldal.com/nuts-dried-fruits
Mazzak Badam Cashews Roasted & Salt,40 gm,149,https://chaldal.com/nuts-dried-fruits
Mazzak Badam Pistachio Roasted & Light Salt,40 gm,169,https://chaldal.com/nuts-dried-fruits
Mazzak Sunflower Seeds Roasted & Light Salt,165 gm,259,https://chaldal.com/nuts-dried-fruits
Al Barakah Premium Dates,250 gm,190,https://chaldal.com/nuts-dried-fruits
Royal Gardens Salted Cashews,100 gm,435,https://chaldal.com/nuts-dried-fruits
Almonds (Kath Badam),100 gm,139,https://chaldal.com/nuts-dried-fruits
Walnuts (Akhrot),100 gm,179,https://chaldal.com/nuts-dried-fruits
Peanut Peeled (Vaja Cheena Badam),100 gm,35,https://chaldal.com/nuts-dried-fruits
Cashew Nut (Kaju Badam),100 gm,179,https://chaldal.com/nuts-dried-fruits
Medjool Dates (Khejur),500 gm,759,https://chaldal.com/nuts-dried-fruits
White Sesame Seed (Til),100 gm,45,https://chaldal.com/nuts-dried-fruits
Mazzak Pumpkin Seeds Roasted & Light Salt,165 gm,240,https://chaldal.com/nuts-dried-fruits
Ruchi Spicy Cashew Nut,150 gm,650,https://chaldal.com/nuts-dried-fruits
Ruchi Spicy Cashew Nut,40 gm,185,https://chaldal.com/nuts-dried-fruits
Blossoms Dried Mixed Plum,220 gm,300,https://chaldal.com/nuts-dried-fruits
Blossoms Dried Sakura Plum,220 gm,365,https://chaldal.com/nuts-dried-fruits
Royal Gardens Masala Cashews,150 gm,695,https://chaldal.com/nuts-dried-fruits
Farmer's Gold Mixed Nut,250 gm,380,https://chaldal.com/nuts-dried-fruits
Blue Diamond Almonds Bold Habanero BBQ,170 gm,850,https://chaldal.com/nuts-dried-fruits
Blue Diamond Almonds Honey Roasted,170 gm,850,https://chaldal.com/nuts-dried-fruits
Blue Diamond Almonds Bold Wasabi & Soy Sauce,170 gm,850,https://chaldal.com/nuts-dried-fruits
Fit Food Honey Roasted Almond,125 gm,260,https://chaldal.com/nuts-dried-fruits
BPM White Till,200 gm,90,https://chaldal.com/nuts-dried-fruits
Noi Salted Peanuts,110 gm,352,https://chaldal.com/nuts-dried-fruits
Nut Candy Salted Cashew Nuts (Kaju Badam),140 gm,989,https://chaldal.com/nuts-dried-fruits
Nut Candy Salted Peanuts,150 gm,490,https://chaldal.com/nuts-dried-fruits
Tong Garden Salted Almonds,35 gm,239,https://chaldal.com/nuts-dried-fruits
Tong Garden Japanese Rice Cracker Mixed Coated Peanut,150 gm,675,https://chaldal.com/nuts-dried-fruits
Crunchos Assorted Mix Nuts Tin,350 gm,1619,https://chaldal.com/nuts-dried-fruits
Khurma Dry Dates (Khejur) ± 30 gm,500 gm,179,https://chaldal.com/nuts-dried-fruits
Tong Garden Salted Pistachio (Pesta Badam),130 gm,995,https://chaldal.com/nuts-dried-fruits
Tong Garden Salted Almonds,140 gm,995,https://chaldal.com/nuts-dried-fruits
Tong Garden Salted Peanuts Can,150 gm,695,https://chaldal.com/nuts-dried-fruits
Tong Garden Salted Cocktail Nuts,160 gm,995,https://chaldal.com/nuts-dried-fruits
Tong Garden Salted Cashew Nuts Can,150 gm,995,https://chaldal.com/nuts-dried-fruits
Pistachio (Pesta Badam),100 gm,399,https://chaldal.com/nuts-dried-fruits
Goalini Plus Condensed Milk,400 gm,105,https://chaldal.com/baking-ingredients
Foster Clark's Corn Flour,400 gm,360,https://chaldal.com/baking-ingredients
Hershey's Chocolate Syrup,623 gm,1029,https://chaldal.com/baking-ingredients
Baking Soda,100 gm,25,https://chaldal.com/baking-ingredients
Anchor Yeast,35 gm,60,https://chaldal.com/baking-ingredients
Sugar Candy (Tal Misri),200 gm,39,https://chaldal.com/baking-ingredients
Chocolate Chips Dark,250 gm,439,https://chaldal.com/baking-ingredients
Chocolate Chips White,250 gm,429,https://chaldal.com/baking-ingredients
Silver Edible Paper (Tobok),25 gm,549,https://chaldal.com/baking-ingredients
Golden Edible Paper (Tobok),25 gm,549,https://chaldal.com/baking-ingredients
Sweet Ball Golden,150 gm,520,https://chaldal.com/baking-ingredients
Sweet Ball White,150 gm,375,https://chaldal.com/baking-ingredients
Saad Monosodium Glutamate,50 gm,25,https://chaldal.com/baking-ingredients
Vivo Ambient Whip Topping with Vegetable Fat,1100 gm,736,https://chaldal.com/baking-ingredients
Foster Clark's Culinary Essence Rose,28 ml,140,https://chaldal.com/baking-ingredients
Bread Crumbs Loose,200 gm,45,https://chaldal.com/baking-ingredients
Hershey's Strawberry Syrup,623 gm,939,https://chaldal.com/baking-ingredients
Sis White Sugar Cube,454 gm,500,https://chaldal.com/baking-ingredients
Foster Clark's Food Colour (Red),28 ml,140,https://chaldal.com/baking-ingredients
Silicon Spatula,2 pcs,219,https://chaldal.com/baking-tools
Silicone Chocolate Mould,each,269,https://chaldal.com/baking-tools
Lacy's Baking & Cooking Paper 10 m,each,649,https://chaldal.com/baking-tools
Wooden Silicone Spatula,each,379,https://chaldal.com/baking-tools
"Transparent Disposable Piping Bags (8.5""x12.5"")",100 pcs,719,https://chaldal.com/baking-tools
Cake Muffin Tin,each,379,https://chaldal.com/baking-tools
Heart Shaped Cake Pan,each,299,https://chaldal.com/baking-tools
Round Cake Pan,each,409,https://chaldal.com/baking-tools
Russian Flower Nozzle Set,7 pcs,480,https://chaldal.com/baking-tools
Cake Decoration Nozzle Set,12 pcs,179,https://chaldal.com/baking-tools
Pizza Cutter,each,250,https://chaldal.com/baking-tools
Small Whisk,each,159,https://chaldal.com/baking-tools
Boutique Straw,4 pcs,400,https://chaldal.com/baking-tools
Orange Medium Measurement Mug,each,359,https://chaldal.com/baking-tools
Foster Clark's Custard Powder Pack,200 gm,395,https://chaldal.com/baking-mixes
Foster Clark's Gelatin Jelly Dessert Lemon Flavour,80 gm,160,https://chaldal.com/baking-mixes
Foster Clark's Custard Powder Tin,300 gm,395,https://chaldal.com/baking-mixes
Foster Clark's Baking Powder,225 gm,360,https://chaldal.com/baking-mixes
Golden Harvest Mini Singara 20 pcs,300 gm,125,https://chaldal.com/vegetable-snacks
AG Food Vegetable Spring Roll 10 pcs,400 gm,120,https://chaldal.com/vegetable-snacks
Kazi Farms Kitchen Vegetable Spring Roll 10 pcs,400 gm,145,https://chaldal.com/vegetable-snacks
Jhatpot Aloo Puri 454 gm,10 pcs,140,https://chaldal.com/vegetable-snacks
Jhatpot Vegetables Spring Roll 360 gm,9 pcs,140,https://chaldal.com/vegetable-snacks
Jhatpot Vegetables Singara 400 gm,10 pcs,125,https://chaldal.com/vegetable-snacks
Kazi Farms Kitchen Dal Puri 10 pcs,450 gm,145,https://chaldal.com/vegetable-snacks
Country Natural Beef Sausage,300 gm,465,https://chaldal.com/beef-snacks
Quality Canadian Beef Bacon,200 gm,320,https://chaldal.com/beef-snacks
Quality Beef Italian Sausage,280 gm,370,https://chaldal.com/beef-snacks
Quality Beef Burger Patty,240 gm,330,https://chaldal.com/beef-snacks
Golden Harvest Frozen Tehari,400 gm,300,https://chaldal.com/beef-snacks
Blossoms Green Olives Pitted,340 gm,209,https://chaldal.com/canned-fruits
Blossoms Black Olives Pitted,330 gm,349,https://chaldal.com/canned-fruits
Borges Black Whole Olives,350 gm,335,https://chaldal.com/canned-fruits
Borges Green Whole Olives,350 gm,225,https://chaldal.com/canned-fruits
Borges Black Pitted Olives,340 gm,225,https://chaldal.com/canned-fruits
Hosen Pitted Black Olives,345 gm,355,https://chaldal.com/canned-fruits
Hosen Whole Green Olives,350 gm,355,https://chaldal.com/canned-fruits
Hosen Pitted Green Olives,345 gm,355,https://chaldal.com/canned-fruits
Figaro Pitted Black Olive,340 gm,395,https://chaldal.com/canned-fruits
Hosen Fiesta Fruit Cocktail,836 gm,1100,https://chaldal.com/canned-fruits
Figaro Green Olives,340 gm,359,https://chaldal.com/canned-fruits
Roja Crumbly Crumbly Shrimp Tempura,224 gm,495,https://chaldal.com/fish-snacks
OceanRia Lobster Ball,500 gm,830,https://chaldal.com/fish-snacks
OceanRia Imitation Crab Stick,500 gm,800,https://chaldal.com/fish-snacks
OceanRia Fish Sandwich,500 gm,850,https://chaldal.com/fish-snacks
OceanRia Crab Nugget,500 gm,800,https://chaldal.com/fish-snacks
OceanRia Vegie Fish Ball,500 gm,800,https://chaldal.com/fish-snacks
OceanRia Fried Fish Ball,500 gm,499,https://chaldal.com/fish-snacks
Roja Shrimp Samosa 19-21 pcs,240 gm,240,https://chaldal.com/fish-snacks
Roja Cheezy Cheezy Fish Kieves,240 gm,320,https://chaldal.com/fish-snacks
Roja Peri Peri Fish Nugget,240 gm,235,https://chaldal.com/fish-snacks
Roja Peri Peri Fish Stick,240 gm,265,https://chaldal.com/fish-snacks
Roja Kids Shrimp Nuggets,240 gm,245,https://chaldal.com/fish-snacks
Watteh Greens Red Amaranth Microgreen,25 gm,399,https://chaldal.com/diabetic-food
Watteh Greens Radish Microgreen,25 gm,149,https://chaldal.com/diabetic-food
Watteh Greens Mustard Microgreen,25 gm,149,https://chaldal.com/diabetic-food
Ahmed Sugar Free Orange Jelly,500 gm,265,https://chaldal.com/diabetic-food
ACI Nutrilife Brown Flour (Atta),1 kg,70,https://chaldal.com/diabetic-food
ACI Nutrilife Brown Atta,2 kg,140,https://chaldal.com/diabetic-food
Teer Whole Wheat Flour (Atta),2 kg,140,https://chaldal.com/diabetic-food
Zero Cal Box 150 Sachets,,400,https://chaldal.com/diabetic-food
ACI Nutrilife Rice Bran Oil,5 ltr,1160,https://chaldal.com/diabetic-food
Zero Cal Sugar 200 Tablets,each,200,https://chaldal.com/diabetic-food
Zero Cal Stevia Natural Sugar Substitute Sachets,30 pcs,120,https://chaldal.com/diabetic-food
Kellogg's Oats Cereal,400 gm,360,https://chaldal.com/diabetic-food
Trident Sugar Free Gum Spearmint Flavor,26.6 gm,140,https://chaldal.com/diabetic-food
Zerova Tablets,100 pcs,300,https://chaldal.com/diabetic-food
Sugar Free Natura Diet Sugar,80 gm,410,https://chaldal.com/diabetic-food
Eclipse Sugar Free Winterfrost Mints,35 gm,290,https://chaldal.com/diabetic-food
Iko Sugar Free Oat Bran Crackers,220 gm,730,https://chaldal.com/diabetic-food
Kellogg's Oats Cereal (Free Container),400 gm,360,https://chaldal.com/diabetic-food
Virginia White Oats,400 gm,500,https://chaldal.com/diabetic-food
Eclipse Sugar Free Mints Spearmint Flavor,35 gm,370,https://chaldal.com/diabetic-food
Iko Sugar Free Pumpkin Cookies,178 gm,610,https://chaldal.com/diabetic-food
Canderel Sucralose Jar,75 gm,790,https://chaldal.com/diabetic-food
Zero Cal Box 75 Sachets 1 box,,250,https://chaldal.com/diabetic-food
Zero Cal Sugar 100 tablets,each,120,https://chaldal.com/diabetic-food
Pran Sugar Free Orange Jelly,450 gm,270,https://chaldal.com/diabetic-food
Zero Cal Sugar Sachets,25 pcs,100,https://chaldal.com/diabetic-food
Quaker White Oats,500 gm,599,https://chaldal.com/diabetic-food
Trix Dishwashing Liquid Lemon Bottle,500 ml,145,https://chaldal.com/dish-wash
Gloz Dishwashing Bar,300 gm,40,https://chaldal.com/dish-wash
Gloz Dishwashing Bar,125 gm,15,https://chaldal.com/dish-wash
GoodMaid Dishwashing Paste Lemon,400 gm,320,https://chaldal.com/dish-wash
Vim Dishwashing Bar,125 gm,15,https://chaldal.com/dish-wash
Vim Dishwashing Bar,300 gm,40,https://chaldal.com/dish-wash
Vim Dishwashing Liquid Pouch,200 ml,50,https://chaldal.com/dish-wash
Trix Dishwashing Liquid Lemon Refill,250 ml,70,https://chaldal.com/dish-wash
Trix Dish Washing Bar Lemon,300 gm,40,https://chaldal.com/dish-wash
Vim Dishwashing Liquid,475 ml,130,https://chaldal.com/dish-wash
Vim Dishwashing Liquid,950 ml,240,https://chaldal.com/dish-wash
Vim Dishwashing Powder,500 gm,50,https://chaldal.com/dish-wash
Trix Dishwashing Liquid (Lemon),1 ltr,270,https://chaldal.com/dish-wash
Rok Lemon Liquid Dishwash,500 ml,135,https://chaldal.com/dish-wash
Trix Dishwashing Liquid Mega Refill Super Saver Pack,5 ltr,1110,https://chaldal.com/dish-wash
Shiny Dishwashing Liquid Lime,500 ml,300,https://chaldal.com/dish-wash
Shiny Dishwashing Paste Lemon,400 gm,250,https://chaldal.com/dish-wash
Shiny Dishwashing Paste Lime,400 gm,263,https://chaldal.com/dish-wash
Magiclean Kitchen Cleaner Green Apple,500 ml,690,https://chaldal.com/dish-wash
Fresh Hand Towel (250X1 Ply),each,100,https://chaldal.com/paper-products
Fresh Perfumed Facial Tissue (150 X 2) ply Box,each,100,https://chaldal.com/paper-products
Bashundhara Kitchen Towel Rolls,2 pcs,160,https://chaldal.com/paper-products
"Fresh Paper Napkins 13"" Perfumed (100X1 Ply)",each,75,https://chaldal.com/paper-products
Bashundhara Kitchen Towel Rolls,each,85,https://chaldal.com/paper-products
Fresh kitchen Towel Roll,each,85,https://chaldal.com/paper-products
Partex Cleen Toilet Tissue,4 pcs,95,https://chaldal.com/paper-products
Bashundhara Toilet Tissue White Extra Savings Pack,4 pcs,100,https://chaldal.com/paper-products
"Bashundhara Paper Napkins 13"" Unscented",100 pcs,75,https://chaldal.com/paper-products
Fresh Toilet Tissue (Family Value Pack),4 pcs,100,https://chaldal.com/paper-products
Bashundhara Facial Tissue Perfumed (120 X 2) ply,each,85,https://chaldal.com/paper-products
Fay Toilet Tissue White 180 Sheet,each,30,https://chaldal.com/paper-products
Fresh hand towel 250 Sheet,each,110,https://chaldal.com/paper-products
Fresh hand towel 200 Sheet,each,95,https://chaldal.com/paper-products
Bashundhara Hand Towel White (200 X 1) ply Box,each,100,https://chaldal.com/paper-products
Partex Cleen Toilet Tissue,2 pcs,46,https://chaldal.com/paper-products
Partex Cleen Toilet Tissue,12 pcs,285,https://chaldal.com/paper-products
Partex Cleen Toilet Tissue,each,28,https://chaldal.com/paper-products
Bashundhara Gold Toilet Tissue,each,38,https://chaldal.com/paper-products
Mortein 2 in 1 Mosquito & Cockroach Killer Aerosol Spray,400 ml,369,https://chaldal.com/pest-control
GoodKnight Liquid Mosquito Repellent Refill,45 ml,130,https://chaldal.com/pest-control
ACI Aerosol Insect Spray,475 ml,415,https://chaldal.com/pest-control
Black Hit Anti Mosquito Aerosol Spray Lime,475 ml,415,https://chaldal.com/pest-control
Mortein Mosquito Repellent Insta Vaporizer (Machine + Refill),each,220,https://chaldal.com/pest-control
Finis Max Jumbo Mosquito Coil,10 pcs,60,https://chaldal.com/pest-control
Baoma Mosquito Coil (No smoke),10 pcs,135,https://chaldal.com/pest-control
Finis Black Booster Mosquito Coil,10 pcs,60,https://chaldal.com/pest-control
Black Hit Anti Mosquito Aerosol Spray Lime Fresh,800 ml,620,https://chaldal.com/pest-control
ACI Aerosol Insect Spray Jumbo,800 ml,620,https://chaldal.com/pest-control
Finis Booster Mosquito Coil,10 pcs,60,https://chaldal.com/pest-control
Godrej Red Hit Cockroaches Spray Fresh Fragrance,625 ml,530,https://chaldal.com/pest-control
Godrej New Hit Cockroaches Spray,400 ml,350,https://chaldal.com/pest-control
Weidasi Multifunction Electric Mosquito Swatter With Led Light And Charger (Orange),each,719,https://chaldal.com/pest-control
Black Hit Anti Mosquito Lime Fresh Aerosol,200 ml,225,https://chaldal.com/pest-control
Mortein Mosquito Repellent Insta Vaporizer Refill,45 ml,130,https://chaldal.com/pest-control
Godrej Fresh Fragrance New Hit Cockroaches Aerosol (Red),200 ml,200,https://chaldal.com/pest-control
Godrej Good Knight Power Activ+ Twin Saver Pack 45 ml,each,230,https://chaldal.com/pest-control
Odomos Naturals Mosquito Repellent Spray,100 ml,670,https://chaldal.com/pest-control
Hit Chalk Kills Cockroach,15 gm,30,https://chaldal.com/pest-control
Black Hit Anti Mosquito Swatter Racquet,each,650,https://chaldal.com/pest-control
Baygon Cockroach Control,270 ml,769,https://chaldal.com/pest-control
Xpel Kids Spray & Lotion Twin Set,each,550,https://chaldal.com/pest-control
Xpel Kids Mosquito Bands Twin Pack,each,350,https://chaldal.com/pest-control
Bosny Non Poisonous Rat Glue,400 ml,570,https://chaldal.com/pest-control
Night Queen Magic Mosquito Net (Size 6'X7') Free USB LED Lamp,each,549,https://chaldal.com/pest-control
Yage Electronic Mosquito Swatter (White & Blue),each,799,https://chaldal.com/pest-control
Godrej Good Knight Power Activ+ (Machine + Refill),each,180,https://chaldal.com/pest-control
Finis Insect Powder,40 gm,30,https://chaldal.com/pest-control
Finis Insect Powder,100 gm,45,https://chaldal.com/pest-control
ACI Cockroach Spray,400 ml,350,https://chaldal.com/pest-control
Saf1 Lavender Floor Cleaner,1 ltr,250,https://chaldal.com/floor-glass-cleaners
Rok Glazeo Scented Glass Cleaner Refill (Free 100 ml + Scrubber),250 ml,120,https://chaldal.com/floor-glass-cleaners
Shinex Floor Cleaner Natural,1000 ml,270,https://chaldal.com/floor-glass-cleaners
Shinex Glass Cleaner Spray,350 ml,140,https://chaldal.com/floor-glass-cleaners
Finis Perfume Finyle Toilet & Floor Cleaner,1 ltr,165,https://chaldal.com/floor-glass-cleaners
Saf1 Pink Dream Floor Cleaner,1 ltr,250,https://chaldal.com/floor-glass-cleaners
Lizol Disinfectant Surface & Floor Cleaner Citrus,500 ml,160,https://chaldal.com/floor-glass-cleaners
Lizol Floor Cleaner Citrus Disinfectant Surface,1 ltr,300,https://chaldal.com/floor-glass-cleaners
Mr. Brasso Glass & Multisurface Cleaner Refill,500 ml,190,https://chaldal.com/floor-glass-cleaners
Lizol Disinfectant Surface & Floor Cleaner Lavender,500 ml,160,https://chaldal.com/floor-glass-cleaners
Mr. Brasso Glass & Multisurface Cleaner Spray,500 ml,230,https://chaldal.com/floor-glass-cleaners
Finis Phenyle Extra Strong Toilet & Floor Cleaner,3 ltr,185,https://chaldal.com/floor-glass-cleaners
Rok Pine Disinfectant Floor Cleaner,1 ltr,288,https://chaldal.com/floor-glass-cleaners
Lizol Floor Cleaner Floral Disinfectant Surface,1 ltr,300,https://chaldal.com/floor-glass-cleaners
Savlon Shinex Liquid Floor Cleaner Natural (Free Leona Soap 100 gm ),1 ltr,270,https://chaldal.com/floor-glass-cleaners
Sparkbliss Screen Cleaner,200 ml,170,https://chaldal.com/floor-glass-cleaners
Sparkbliss Spring Glass Cleaner,450 ml,160,https://chaldal.com/floor-glass-cleaners
Mr. Brasso Glass & Multisurface Cleaner Refill,250 ml,100,https://chaldal.com/floor-glass-cleaners
Lizol Disinfectant Surface Cleaner Neem,500 ml,160,https://chaldal.com/floor-glass-cleaners
Lizol Disinfectant Surface Cleaner Neem,1 ltr,300,https://chaldal.com/floor-glass-cleaners
Rok Lemon Disinfectant Floor Cleaner,1 ltr,295,https://chaldal.com/floor-glass-cleaners
Amana Citrus Disinfectant Surface & Floor Cleaner,1 ltr,295,https://chaldal.com/floor-glass-cleaners
Amana Glass & Household Cleaner,5 ltr,650,https://chaldal.com/floor-glass-cleaners
Rok Glazeo Scented Glass Cleaner Spray,750 ml,255,https://chaldal.com/floor-glass-cleaners
Rok Citrus Floor Cleaner,1 ltr,295,https://chaldal.com/floor-glass-cleaners
RFL Glass Cleaner Wiper,each,65,https://chaldal.com/floor-glass-cleaners
Mysol Glass Cleaner,500 ml,200,https://chaldal.com/floor-glass-cleaners
Finex Floor Cleaner Lime Fresh,1 ltr,250,https://chaldal.com/floor-glass-cleaners
Rok Rose Disinfectant Floor Cleaner,1 ltr,295,https://chaldal.com/floor-glass-cleaners
Rok Lemon Disinfectant Floor Cleaner,500 ml,155,https://chaldal.com/floor-glass-cleaners
Rok Pine Disinfectant Floor Cleaner,500 ml,155,https://chaldal.com/floor-glass-cleaners
Lizol Disinfectant Surface & Floor Cleaner Citrus,5 ltr,1250,https://chaldal.com/floor-glass-cleaners
Lizol Disinfectant Surface & Floor Cleaner Floral,5 ltr,1250,https://chaldal.com/floor-glass-cleaners
Shinex Floor Cleaner Floral,1 ltr,285,https://chaldal.com/floor-glass-cleaners
Shinex Floor Cleaner Citrus,1 ltr,300,https://chaldal.com/floor-glass-cleaners
Finis Wood Preservative Tin,480 ml,150,https://chaldal.com/floor-glass-cleaners
Glitter Glass & Surface Cleaner,500 ml,135,https://chaldal.com/floor-glass-cleaners
Lizol Disinfectant Surface & Floor Cleaner Floral,500 ml,160,https://chaldal.com/floor-glass-cleaners
Shinex Glass Cleaner Refill,350 ml,115,https://chaldal.com/floor-glass-cleaners
Lizol Disinfectant Surface & Floor Cleaner Jasmine,500 ml,160,https://chaldal.com/floor-glass-cleaners
Odonil Air Freshener Block Jasmine Mist,48 gm,65,https://chaldal.com/air-freshners
Godrej Aer Power Pocket Bathroom Fragrance Sea Breeze,10 gm,75,https://chaldal.com/air-freshners
Godrej Aer Power Pocket Bathroom Fragrance Rose Fresh Blossom,10 gm,75,https://chaldal.com/air-freshners
Odonil Air Freshener Block Lavender Meadows,48 gm,65,https://chaldal.com/air-freshners
Odonil Air Freshener Block Orchid Dew,48 gm,65,https://chaldal.com/air-freshners
Godrej Aer Room Air Freshener Spray Cool Surf Blue,300 ml,300,https://chaldal.com/air-freshners
Odonil Air Freshener Block Mystic Rose,48 gm,65,https://chaldal.com/air-freshners
Ermani Air Freshener (Lemon),300 ml,290,https://chaldal.com/air-freshners
Go Fresh Air Freshener Anti Tobacco,300 ml,195,https://chaldal.com/air-freshners
Go Fresh Air Freshener Strawberry,300 ml,195,https://chaldal.com/air-freshners
Bashundhara Air Freshener Orchid,300 ml,290,https://chaldal.com/air-freshners
Bashundhara Air Freshener Lotus,300 ml,240,https://chaldal.com/air-freshners
Fresh N Garden Air Freshener Orange,300 ml,220,https://chaldal.com/air-freshners
Godrej Aer Room Air Freshener Spray Monsoon Refresh,220 ml,240,https://chaldal.com/air-freshners
Godrej Aer Power Bathroom Fragrance Assorted (Buy 4 Get 1 Free),10 gm,300,https://chaldal.com/air-freshners
Fresh N Garden Oudh Air Freshener,300 ml,220,https://chaldal.com/air-freshners
Fantastik Air Freshener Natural Orchid,300 ml,280,https://chaldal.com/air-freshners
Shalimar Chandan Incense Sticks (Agarbatti),150 gm,170,https://chaldal.com/air-freshners
Fresh N Garden Air Freshener Lemon,300 ml,220,https://chaldal.com/air-freshners
Godrej Aer Room Air Freshener Spray Violet Valley Bloom,300 ml,300,https://chaldal.com/air-freshners
Odonil Air Freshener Room Spray Jasmin Fresh,300 ml,320,https://chaldal.com/air-freshners
Odonil Air Freshener Room Spray Citrus Fresh,300 ml,300,https://chaldal.com/air-freshners
Godrej Aer Power Pocket Bathroom Fragrance Fresh Blossom,10 gm,70,https://chaldal.com/air-freshners
Godrej Aer Power Pocket Bathroom Fragrance Lavender Bloom,10 gm,75,https://chaldal.com/air-freshners
Wave Air Freshener (Anti Tobacco),300 ml,290,https://chaldal.com/air-freshners
Armaf Enchanted Lemon Air Freshener,300 ml,440,https://chaldal.com/air-freshners
Spring Anti Tobacco Wild Pine Air Freshener,300 ml,300,https://chaldal.com/air-freshners
Wave Air Freshener (Lemongrass),300 ml,290,https://chaldal.com/air-freshners
Wave Air Freshener (Rojonigondha),300 ml,290,https://chaldal.com/air-freshners
Wave Air Freshener (Jasmine),300 ml,290,https://chaldal.com/air-freshners
Fresh N Fresh Air Freshener Jasmine,300 ml,400,https://chaldal.com/air-freshners
Fresh N Fresh Air Freshener Lemon,300 ml,450,https://chaldal.com/air-freshners
Fresh N Fresh Air Freshener Rose,300 ml,350,https://chaldal.com/air-freshners
Godrej Aer Cool Surf Blue Click Gel AC Vent Car Freshener,each,399,https://chaldal.com/air-freshners
Godrej Aer Twist Dashboard Car Freshener Cool Surf (Blue),45 gm,599,https://chaldal.com/air-freshners
Godrej Aer Room Air Freshener Spray Fresh Lush Green,300 ml,300,https://chaldal.com/air-freshners
Fay Air Freshener Lily 3 in 1,300 ml,320,https://chaldal.com/air-freshners
Fay Air Freshener Orchid 3 In 1,300 ml,320,https://chaldal.com/air-freshners
Fay Air Freshener Lime 3 in 1,300 ml,320,https://chaldal.com/air-freshners
Fay Air Freshener Jasmine 3 in 1,300 ml,340,https://chaldal.com/air-freshners
Fay Air Freshener Magnolia 3 in 1,300 ml,340,https://chaldal.com/air-freshners
Fay Air Freshener Rose 3 in 1,300 ml,340,https://chaldal.com/air-freshners
Fay Air Freshener Narcissus 3 in1,300 ml,320,https://chaldal.com/air-freshners
Spring Air Freshener Orange Fresh,300 ml,320,https://chaldal.com/air-freshners
Fay Air Freshener Lavender 3 in 1,300 ml,340,https://chaldal.com/air-freshners
Spring Air Freshener Lemon Fresh,300 ml,320,https://chaldal.com/air-freshners
Spring Air Freshener Floral Fresh,300 ml,320,https://chaldal.com/air-freshners
"Trash Bag Black (18"" x 24"")",10 pcs,230,https://chaldal.com/trash-bags
"Trash Bag Black - 20"" x 30""",12 pcs,283,https://chaldal.com/trash-bags
"Trash Bag White (18"" x 24"")",10 pcs,242,https://chaldal.com/trash-bags
"Trash Bag Black (32"" x 42"")",10 pcs,299,https://chaldal.com/trash-bags
"Transparent Disposable Piping Bags (8.5""x12.5"")",100 pcs,719,https://chaldal.com/trash-bags
Disposable Shoe Cover 25 pairs,,609,https://chaldal.com/trash-bags
Disposable Head Cover,100 pcs,489,https://chaldal.com/trash-bags
Net Bag,150 pcs,289,https://chaldal.com/trash-bags
"Trash Bag White - 20"" x 30""",10 pcs,230,https://chaldal.com/trash-bags
Award Shoe & Boot Polish (Brown),40 gm,90,https://chaldal.com/shoe-care
Award Shoe & Boot Polish (Black),40 gm,90,https://chaldal.com/shoe-care
RFL Shoe Rack 4 Step (Red),each,550,https://chaldal.com/shoe-care
Disposable Shoe Cover 25 pairs,,609,https://chaldal.com/shoe-care
Kiwi Liquid Shoe Polish Brown,75 ml,130,https://chaldal.com/shoe-care
Tiger Shoe Brush,each,110,https://chaldal.com/shoe-care
Kangaroo Liquid Shoe Shiner (Brown),75 ml,209,https://chaldal.com/shoe-care
Smart Diamond Liquid Shoe Polish (Brown),75 ml,185,https://chaldal.com/shoe-care
Fresh Hand Towel (250X1 Ply),each,100,https://chaldal.com/kitchen-accessories
Bashundhara Kitchen Towel Rolls,2 pcs,160,https://chaldal.com/kitchen-accessories
"Fresh Paper Napkins 13"" Perfumed (100X1 Ply)",each,75,https://chaldal.com/kitchen-accessories
Bashundhara Kitchen Towel Rolls,each,85,https://chaldal.com/kitchen-accessories
Fresh kitchen Towel Roll,each,85,https://chaldal.com/kitchen-accessories
RFL Stainless Steel Net Spoon 33 cm,each,105,https://chaldal.com/kitchen-accessories
RFL Vegetable Washing Net 37 cm (Red),each,115,https://chaldal.com/kitchen-accessories
Npoly Vegetable Washing Net (Red) 36 cm,each,70,https://chaldal.com/kitchen-accessories
RFL Plastic Dala Big (Red),each,240,https://chaldal.com/kitchen-accessories
"Bashundhara Paper Napkins 13"" Unscented",100 pcs,75,https://chaldal.com/kitchen-accessories
Rok Dishwashing Steel Scourer,each,35,https://chaldal.com/kitchen-accessories
Match Box,12 pcs,35,https://chaldal.com/kitchen-accessories
Dishwashing Stainless Steel Scrubber,4 pcs,150,https://chaldal.com/kitchen-accessories
Partex Cleen Kitchen Towel Roll,each,85,https://chaldal.com/kitchen-accessories
Dish Washing Scrubbing Pad,each,50,https://chaldal.com/kitchen-accessories
Partex Cleen Kitchen Towel Roll,2 pcs,160,https://chaldal.com/kitchen-accessories
BBQ Portable machine 17 inch,each,1489,https://chaldal.com/kitchen-accessories
BBQ Grill Tin Maker With 5 Stick Silver,each,599,https://chaldal.com/kitchen-accessories
BBQ Net Holder Clip Silver,each,929,https://chaldal.com/kitchen-accessories
Blossoms Quality Wax Paper (10 m X 30 cm),each,429,https://chaldal.com/kitchen-accessories
Spoon Stand Round,each,269,https://chaldal.com/kitchen-accessories
Stainless Steel Roncfa Knife,each,215,https://chaldal.com/kitchen-accessories
Stainless Steel Vegetable Peeler,each,269,https://chaldal.com/kitchen-accessories
BBQ Brush (Red),each,119,https://chaldal.com/kitchen-accessories
RFL Super Hero Tiffin Box,each,100,https://chaldal.com/kitchen-accessories
RFL Winner Tiffin Box Rectangular,each,150,https://chaldal.com/kitchen-accessories
RFL Modern Pen Holder Light Blue,each,65,https://chaldal.com/kitchen-accessories
RFL Two Color Magic Stool Medium Exclusive,each,375,https://chaldal.com/kitchen-accessories
RFL Two Color Magic Stool High Exclusive,each,475,https://chaldal.com/kitchen-accessories
RFL Dispo knife Trans Set,50 pcs,160,https://chaldal.com/kitchen-accessories
RFL English Dish Rack Red,each,670,https://chaldal.com/kitchen-accessories
RFL Deluxe Bowl Red 8 ltr,each,140,https://chaldal.com/kitchen-accessories
RFL Smart Kitchen Rack Mini Two Color,each,480,https://chaldal.com/kitchen-accessories
RFL Deluxe Bowl Red 3 ltr,each,80,https://chaldal.com/kitchen-accessories
RFL Caino Stool Medium Eagle Brown,each,300,https://chaldal.com/kitchen-accessories
RFL Chef Chopping Board,each,350,https://chaldal.com/kitchen-accessories
RFL Hefty Chopping Board (Lime Green),each,125,https://chaldal.com/kitchen-accessories
RFL Salad Cutting Board (Orange),each,275,https://chaldal.com/kitchen-accessories
RFL Oval Washing Net Sm Blue 32 cm,each,75,https://chaldal.com/kitchen-accessories
RFL Flower Cloth Clip Set,12 pcs,150,https://chaldal.com/kitchen-accessories
RFL Rice Washing Net Cyan Blue 40 cm,each,160,https://chaldal.com/kitchen-accessories
RFL Rice Washing Net Red 40 cm,each,160,https://chaldal.com/kitchen-accessories
RFL Apple Jug Trans 2.5 ltr,each,200,https://chaldal.com/kitchen-accessories
RFL Roman Wall Rack (Light Blue),each,330,https://chaldal.com/kitchen-accessories
RFL Rtg Spice Tray (Red),each,150,https://chaldal.com/kitchen-accessories
RFL Cherry Container Trans Set,3 pcs,310,https://chaldal.com/kitchen-accessories
RFL Family Basket,each,520,https://chaldal.com/kitchen-accessories
RFL Glass Stand Red,each,130,https://chaldal.com/kitchen-accessories
RFL Popular Chopping Board White 34 cm,each,260,https://chaldal.com/kitchen-accessories
RFL Classic Round Container Trans Set,5 pcs,190,https://chaldal.com/kitchen-accessories
Philips Deco LED Candle Bulb Yellow 0.5 Watt (Pin),each,85,https://chaldal.com/lights
Philips Ace Saver LED Bulb 2.7 Watt (Pin),each,175,https://chaldal.com/lights
Transtec Led Luster Blue Light (Screw),each,60,https://chaldal.com/lights
Transtec Backup CDL LED Bulb (Pin) 12 Watt,each,825,https://chaldal.com/lights
Transtec Bright CDL B22 LED Bulb (Pin) 18 Watt,each,355,https://chaldal.com/lights
Transtec Bright WW Led Bulb (Screw) 15 Watt,each,300,https://chaldal.com/lights
Transtec Bright CDL Led Bulb (Screw) 15 Watt,each,300,https://chaldal.com/lights
Transtec Green WW LED Bulb (Screw) 15 Watt,,400,https://chaldal.com/lights
Transtec Green CDL LED Bulb (Pin) 15 Watt,,400,https://chaldal.com/lights
Super Star LED Light White 18 W (Screw),each,525,https://chaldal.com/lights
Super Star LED Light White 15 W (Pin),each,440,https://chaldal.com/lights
Super Star LED Light White 18 W (Pin),each,525,https://chaldal.com/lights
Transtec Ceiling Rose,each,45,https://chaldal.com/electric-multiplug
Transtec 3 Pin Travel Adapter (13 AMP),each,130,https://chaldal.com/electric-multiplug
Transtec 3 Pin Plug (16 AMP),each,90,https://chaldal.com/electric-multiplug
Transtec 3 Pin Plug (13 AMP),each,80,https://chaldal.com/electric-multiplug
Transtec E27 Batten (Screw) Holder,each,40,https://chaldal.com/electric-multiplug
Many 3 Socket Power Converter Multi Plug (3 Pin),each,489,https://chaldal.com/electric-multiplug
RFL Click 3 Socket Multiplug (2 Pin),each,660,https://chaldal.com/electric-multiplug
RFL Click 4 Socket Multiplug (2 Pin),each,850,https://chaldal.com/electric-multiplug
Vision Electronic Iron Multi-Color (VIS-DEI-011),each,1400,https://chaldal.com/electronics
Vision Electric Heavy Iron (VIS-DEI-012),each,1350,https://chaldal.com/electronics
Vision Room Comforter Wall Mount,each,5900,https://chaldal.com/electronics
Vision Room Heater Fire with Smooth Moving System,each,3600,https://chaldal.com/electronics
Icon In-Ear Earphone 5D Sound Effects White (IEP-105),each,200,https://chaldal.com/electronics
"Icon Power Bank 10,000 mAh Fabric Ash (IPB-100)",each,1075,https://chaldal.com/electronics
Icon Genuine Earphone Type - C White (IEP-201),each,269,https://chaldal.com/electronics
RFL Click Room Heater (Black),each,1750,https://chaldal.com/electronics
Jackly Hardware Tools,each,249,https://chaldal.com/tools-hardware
Quality Clipper Nail Cutter,each,122,https://chaldal.com/tools-hardware
Stainless Steel Windbreak Clip,20 pcs,155,https://chaldal.com/tools-hardware
Portable Digital Weight Scale,,439,https://chaldal.com/tools-hardware
Glue Gun Stick 11 inch White,5 pcs,100,https://chaldal.com/tools-hardware
Can & Bottle Opener,each,269,https://chaldal.com/tools-hardware
Cutting Pliers (Red & Black),each,426,https://chaldal.com/tools-hardware
Feather Paint Brush,each,139,https://chaldal.com/tools-hardware
Nail Cutter,each,199,https://chaldal.com/tools-hardware
Mobaj Premium 7 Levers Lock,each,899,https://chaldal.com/tools-hardware
Stainless Steel Rice Spoon,each,197,https://chaldal.com/tools-hardware
Malik Seeds Mishti Kumra Beej (Rongila),each,60,https://chaldal.com/gardening
Malik Seeds Lau Beej (Pallabi),each,60,https://chaldal.com/gardening
Malik Seeds Chichinga Beej (Asha),each,60,https://chaldal.com/gardening
Malik Seeds Jhinga Beej (Raman),each,60,https://chaldal.com/gardening
Malik Seeds Begun Beej (Pritam),each,60,https://chaldal.com/gardening
Malik Seeds Begun Beej (Lalita),each,60,https://chaldal.com/gardening
Malik Seeds Tok Tomato Beej (Sour Round),each,60,https://chaldal.com/gardening
RFL RTG Flower Tub Small (Sandal Wood),each,99,https://chaldal.com/gardening
RFL RTG Flower Tub Big (Sandal Wood),each,200,https://chaldal.com/gardening
RFL RTG Flower Tub Big (Tulip Green),each,200,https://chaldal.com/gardening
RFL TEL Square Flower Tub (Sandal Wood) 12 inch,each,260,https://chaldal.com/gardening
RFL TEL Square Flower Tub (Rose Wood) 12 inch,each,260,https://chaldal.com/gardening
RFL TEL Flower Tub With Tray (Fanta Orange) 14 inch,each,180,https://chaldal.com/gardening
RFL TEL Hanging Flower Tub Small (Red) 6 inch,each,60,https://chaldal.com/gardening
RFL TEL Hanging Flower Tub Small (Brown) 6 inch,each,60,https://chaldal.com/gardening
RFL TEL Modern Flower Tub With Tray (Rose Wood) 8 inch,each,80,https://chaldal.com/gardening
RFL TEL Modern Flower Tub With Tray (Rose Wood) 6 inch,each,50,https://chaldal.com/gardening
RFL TEL Modern Flower Tub With Tray (Brown) 6 inch,each,50,https://chaldal.com/gardening
RFL Grill Mounted Flower Tub (Orange) 6 inch,each,62,https://chaldal.com/gardening
RFL Grill Mounted Flower Tub (Lime Green) 6 inch,each,62,https://chaldal.com/gardening
Areca Leaf Square Bowl,6 pcs,105,https://chaldal.com/disposables
One Time Plastic Fork Spoon,100 pcs,239,https://chaldal.com/disposables
Areca Leaf Lunch Container,6 pcs,155,https://chaldal.com/disposables
Areca Leaf Heart Shape Plate,6 pcs,185,https://chaldal.com/disposables
Areca Leaf Food Container with Lid,6 pcs,185,https://chaldal.com/disposables
One Time Plastic Spoon,100 pcs,189,https://chaldal.com/disposables
One Time Plastic Glass,100 pcs,249,https://chaldal.com/disposables
One Time Packaging Tray,100 pcs,299,https://chaldal.com/disposables
Kinder Comfy Fit Pants Diaper M (6-12 kg),5 pcs,129,https://chaldal.com/small-2
Good Care Baby Diaper 3 M Midi (4-9 kg),40 pcs,1170,https://chaldal.com/small-2
Avonee Baby Diaper Pants S (4-8 kg),5 pcs,119,https://chaldal.com/small-2
Comfort Baby Diaper Pant M (7-12 kg),40 pcs,639,https://chaldal.com/small-2
Comfort Baby Diaper Pant S (3-8 kg),42 pcs,699,https://chaldal.com/small-2
NeoCare Premium Baby Diaper Belt L (7-18 kg),50 pcs,1339,https://chaldal.com/small-2
NeoCare Premium Baby Diaper Belt S (3-6 kg),50 pcs,939,https://chaldal.com/small-2
Fresh Happy Nappy Pant Diaper S (4-8 kg),42 pcs,779,https://chaldal.com/small-2
Fresh Happy Nappy Pant Diaper S (4-8 kg),5 pcs,119,https://chaldal.com/small-2
Savlon Twinkle Baby Pant Diaper M 6-12 kg,40 pcs,869,https://chaldal.com/small-2
Savlon Twinkle Baby Pant Diaper S 8 kg,42 pcs,829,https://chaldal.com/small-2
Kidz Baby Diaper Belt New Born (0-4 kg),25 pcs,799,https://chaldal.com/small-2
Supermom Baby Diaper Belt S (3- 8 kg),5 pcs,139,https://chaldal.com/small-2
Standard Horlicks Health And Nutrition Drink Jar,250 gm,280,https://chaldal.com/milk-juice-drinks
Pran Mango Flavored Milk (Pouch),150 ml,25,https://chaldal.com/milk-juice-drinks
Pran Chocolate Flavored Milk (Pouch),150 ml,25,https://chaldal.com/milk-juice-drinks
Complan Chocolate Pack,350 gm,405,https://chaldal.com/milk-juice-drinks
Horlicks Chocolate Flavour Jar,500 gm,550,https://chaldal.com/milk-juice-drinks
Junior Horlicks Health And Nutrition Drink Container Stage-2,500 gm,550,https://chaldal.com/milk-juice-drinks
Standard Horlicks Health And Nutrition Drink Jar,500 gm,500,https://chaldal.com/milk-juice-drinks
Ovaltine Power 10 Chocolate Drink Jar,400 gm,1000,https://chaldal.com/milk-juice-drinks
Eldomilk 2+ Growing Up Milk Powder (2-3 Years),350 gm,495,https://chaldal.com/milk-juice-drinks
PediaSure Vanilla Delight,1 kg,3385,https://chaldal.com/milk-juice-drinks
Biomil 3 Follow Up Formula Milk Powder (1-2 Y),350 gm,645,https://chaldal.com/milk-juice-drinks
Biomil 2 Milk Powder (6-12 months),350 gm,645,https://chaldal.com/milk-juice-drinks
Biomil 1 Milk Powder (0-6 months),350 gm,625,https://chaldal.com/milk-juice-drinks
Nestle Cerelac 1 Wheat & Three Fruits (6 M+),350 gm,420,https://chaldal.com/toddler-food
Nestlé Cerelac Wheat & 4 Fruits With Milk Tin (10-24 Months),400 gm,720,https://chaldal.com/toddler-food
Baby Meal Wheat & 3 Fruits Cereal Jar (6 -12 Month),400 gm,410,https://chaldal.com/toddler-food
Similac Infant Formula 2 (After 6 Months),400 gm,1099,https://chaldal.com/toddler-food
Nestle Cerelac Honey & Wheat (12 M+),400 gm,989,https://chaldal.com/toddler-food
Heinz Pumpkin & Potato + Beef (4 months+),110 gm,350,https://chaldal.com/toddler-food
Gerber MultiGrain Cereal,227 gm,1230,https://chaldal.com/toddler-food
Gerber Whole Wheat Cereal,227 gm,750,https://chaldal.com/toddler-food
Nestle Cerelac Rice & Milk (6 months +) Tin,400 gm,1249,https://chaldal.com/toddler-food
Nestle Cerelac Mixed Fruits & Wheat With Milk (7 M+),1 kg,2699,https://chaldal.com/toddler-food
Nestle Cerelac Honey & Wheat With Milk (12 months +) Tin,1 kg,2799,https://chaldal.com/toddler-food
Cow & Gate Growing Up Milk 4 (From 2-3 Years),800 gm,4000,https://chaldal.com/toddler-food
Baby Meal Milk Wheat & 3 Fruits Cereal (6-24 M),350 gm,410,https://chaldal.com/toddler-food
Biomil 3 Follow-Up Milk Formula Powder (1-2 Y),400 gm,830,https://chaldal.com/toddler-food
Mother's Smile Cereal Rice & Milk Tin,400 gm,620,https://chaldal.com/toddler-food
Heinz Apple Pureed (4 Months+),110 gm,350,https://chaldal.com/toddler-food
Nestle Cerelac 2 Apple & Cherry Baby Food (8 M+),350 gm,450,https://chaldal.com/toddler-food
PediaSure Vanilla Delight,1 kg,3385,https://chaldal.com/toddler-food
Nestle Cerelac 1 Wheat & Milk (6 M+),350 gm,400,https://chaldal.com/toddler-food
Kinder Wet Wipes Jar,160 pcs,240,https://chaldal.com/wipes
Kinder Wet Wipes Jar,120 pcs,200,https://chaldal.com/wipes
Kinder Wet Wipes Pouch,120 pcs,235,https://chaldal.com/wipes
Supermom Premium Mild Baby Wipes,120 pcs,235,https://chaldal.com/wipes
Smart Care Baby Wet Wipes with Fliptop,120 pcs,220,https://chaldal.com/wipes
NeoCare Baby Wipes,180 pcs,260,https://chaldal.com/wipes
Comfort Baby Wet Wipes,120 pcs,185,https://chaldal.com/wipes
ACI Twinkle Baby Wipes Jar,120 pcs,200,https://chaldal.com/wipes
Savlon Baby Wipes Jar,160 pcs,230,https://chaldal.com/wipes
Dr Rhazes Sensitive Baby Wipes,120 pcs,220,https://chaldal.com/wipes
Bashundhara Baby Wipes (Sky Blue),120 pcs,180,https://chaldal.com/wipes
Smartcare Wet Wipes With Tube,160 pcs,220,https://chaldal.com/wipes
Freshmaker Baby Wet Wipes,120 pcs,335,https://chaldal.com/wipes
SMC Smile Baby Wipes,80 pcs,200,https://chaldal.com/wipes
NeoCare Baby Wipes,120 pcs,235,https://chaldal.com/wipes
Savlon Twinkle Baby Wipes,120 pcs,285,https://chaldal.com/wipes
Farlin Herbal Baby Wet Wipes,85 pcs,615,https://chaldal.com/wipes
Farlin Moisture Anti Rash Wet Wipes Pink,85 pcs,615,https://chaldal.com/wipes
Happy Fresh Wet Wipes (Rose),120 pcs,220,https://chaldal.com/wipes
Pozzy Premium Hygienic Baby Wet Towel Wipes,120 pcs,235,https://chaldal.com/wipes
Pepsodent Toothpaste Kids Strawbery,45 gm,90,https://chaldal.com/baby-oral-care
Pepsodent Awesome Orange Toothpaste,45 gm,85,https://chaldal.com/baby-oral-care
Aquafresh Baby Paste (6-8 years),50 ml,325,https://chaldal.com/baby-oral-care
Parachute Just For Baby Toothpaste (Mix Fruit),45 gm,100,https://chaldal.com/baby-oral-care
Farlin Baby Floss Toothpick,50 pcs,229,https://chaldal.com/baby-oral-care
Colgate Baby Strawberry Toothpaste (0-2 years),50 ml,368,https://chaldal.com/baby-oral-care
Meril Baby Toothbrush,each,70,https://chaldal.com/baby-oral-care
Meril Baby Gel Strawberry Toothpaste,45 gm,100,https://chaldal.com/baby-oral-care
Meril Baby Gel Orange Toothpaste,45 gm,100,https://chaldal.com/baby-oral-care
Aquafresh Little Teeth Toothpaste (3-5 Years),50 ml,440,https://chaldal.com/baby-oral-care
Kodomo Baby Toothpaste Strawberry Flavor,40 gm,133,https://chaldal.com/baby-oral-care
Farlin Glass Feeding Bottle S 120 cc,each,772,https://chaldal.com/feeders
Twinkle PP Baby Feeder,120 ml,150,https://chaldal.com/feeders
Smartcare Spoon Food Feeder,180 ml,530,https://chaldal.com/feeders
SmartCare PP Bottle Feeder L (6+ Months),240 ml,290,https://chaldal.com/feeders
Lion Nipple (S),each,40,https://chaldal.com/feeders
Smartcare Borosilicate Blue Glass Bottle M (3+ Month),120 ml,500,https://chaldal.com/feeders
Smartcare Borosilicate Pink Glass Bottle S (0+ Months),60 ml,460,https://chaldal.com/feeders
Smartcare Spoon Food Feeder,120 ml,430,https://chaldal.com/feeders
Angel Orthodontic Silicone Pacifier (P2A-S) 6M+,each,257,https://chaldal.com/feeders
Farlin Glass Feeding Bottle S 60 cc,each,772,https://chaldal.com/feeders
Angel Silicon Nipple (3-6 Months) M,each,55,https://chaldal.com/feeders
Angel Silicon Nipple (0-3 Months),each,55,https://chaldal.com/feeders
Farlin Milk Powder Container Mixed Color 4 layer,,345,https://chaldal.com/feeders
Farlin Standard Neck Feeding Bottle M 200 cc,each,659,https://chaldal.com/feeders
Angel Baby Feeding Bottle & Nipple Cleanser,300 ml,365,https://chaldal.com/feeders
Angel Drinking Cup (6M+) (DCA-06),200 ml,329,https://chaldal.com/feeders
Pur Baby New Born Feeder S,70 ml,350,https://chaldal.com/feeders
Meril Milk & Beli Soap Bar,100 gm,60,https://chaldal.com/womens-soaps
Radiant Raxoll Antibacterial Soap (Moisture),100 gm,75,https://chaldal.com/womens-soaps
Radiant Raxoll Antibacterial Soap (Moisture),75 gm,60,https://chaldal.com/womens-soaps
Radiant Raxoll Antibacterial Soap (Sport),100 gm,75,https://chaldal.com/womens-soaps
Dettol Soap Neem with Pure Neem Oil Shower Bar,125 gm,89,https://chaldal.com/womens-soaps
Dettol Soap Neem with Pure Neem Oil Shower Bar,75 gm,65,https://chaldal.com/womens-soaps
Dettol Original Germ Defence Soap,100 gm,80,https://chaldal.com/womens-soaps
ACI Savlon Soap Fresh 125 gm,3 pcs,225,https://chaldal.com/womens-soaps
"Dettol Soap Summer Pack (Cool, Fresh & Original) 75 gm",3 pcs,195,https://chaldal.com/womens-soaps
Dettol Soap Fresh Bathing Bar Soap With Odour Protection,125 gm,95,https://chaldal.com/womens-soaps
Dettol Soap Fresh Bathing Bar Soap With Odour Protection,75 gm,65,https://chaldal.com/womens-soaps
Pears Transparent Soap With Lemon Flower Extracts,125 gm,345,https://chaldal.com/womens-soaps
Dettol Soap Bathing Bar Original Germ Defence 125 gm (Combo Pack),2 pcs,190,https://chaldal.com/womens-soaps
ACI Neem Original (Olive & Aloe Vera) Soap,75 gm,45,https://chaldal.com/womens-soaps
ACI Savlon Mild Antiseptic Soap,125 gm,80,https://chaldal.com/womens-soaps
ACI Savlon Mild Antiseptic Soap,100 gm,70,https://chaldal.com/womens-soaps
Lifebuoy Soap Bar Care,150 gm,80,https://chaldal.com/womens-soaps
Lux Soap Bar Bright Glow,150 gm,90,https://chaldal.com/womens-soaps
Lux Soap Bar Flawless Glow,150 gm,90,https://chaldal.com/womens-soaps
Lux Soap Bar Flawless Glow,90 gm,60,https://chaldal.com/womens-soaps
Sandalina Sandal & Rose Soap,150 gm,90,https://chaldal.com/womens-soaps
Meril Milk & Beli Soap Bar,150 gm,90,https://chaldal.com/womens-soaps
Sandalina Sandal & Moisturiser Soap,100 gm,60,https://chaldal.com/womens-soaps
Lux Soap Bar Flawless Glow,25 gm,15,https://chaldal.com/womens-soaps
Lux Soap Bar Flawless Glow 90 gm,2 pcs,110,https://chaldal.com/womens-soaps
Lifebuoy Soap Bar Mild Care 100 gm,2 pcs,94,https://chaldal.com/womens-soaps
Akij Health + Original Soap,100 gm,60,https://chaldal.com/womens-soaps
Lux Jasmine Soap Bar Bright Glow,75 gm,50,https://chaldal.com/womens-soaps
Dettol Soap Original Germ Defence Bathing Bar,50 gm,40,https://chaldal.com/womens-soaps
Dettol Fresh Soap 125 gm (25 gm Extra),150 gm,90,https://chaldal.com/womens-soaps
Dettol Cool Soap 125 gm (25 gm Extra),150 gm,90,https://chaldal.com/womens-soaps
Dettol Skincare With Moisturizers Soap,100 gm,75,https://chaldal.com/womens-soaps
Dettol Aloe Vera Shower Bar,100 gm,80,https://chaldal.com/womens-soaps
ACI Savlon Soap Fresh 100 gm,3 pcs,210,https://chaldal.com/womens-soaps
ACI Savlon Soap Mild 100 gm,3 pcs,210,https://chaldal.com/womens-soaps
ACI Savlon Soap Mild 125 gm,3 pcs,225,https://chaldal.com/womens-soaps
Boroplus Neem Antibacterial Moisturising Soap 100 gm,3 pcs,210,https://chaldal.com/womens-soaps
Meril Milk & Kiwi Soap Bar,150 gm,80,https://chaldal.com/womens-soaps
Himalaya Neem & Turmeric Soap,75 gm,50,https://chaldal.com/womens-soaps
Godrej No.1 Jasmine Soap,75 gm,40,https://chaldal.com/womens-soaps
Godrej No.1 Lime Soap,75 gm,40,https://chaldal.com/womens-soaps
Ribana Saffron Goat's Milk Soap,110 gm,950,https://chaldal.com/womens-soaps
Dr Davey Black Soap,100 gm,189,https://chaldal.com/womens-soaps
Godrej No.1 Sandal Soap,100 gm,55,https://chaldal.com/womens-soaps
Himalaya Neem & Turmeric Soap 125 gm (Buy 3 Get 1 Free),4 pcs,240,https://chaldal.com/womens-soaps
Lux Soap Bar Velvet Glow,75 gm,50,https://chaldal.com/womens-soaps
Lux Soap Bar Bright Glow,90 gm,60,https://chaldal.com/womens-soaps
Lux Soap Bar Soft Glow,150 gm,90,https://chaldal.com/womens-soaps
Dettol Bathing Soap Bar Skincare 125 gm (Combo Pack),4 pcs,380,https://chaldal.com/womens-soaps
Dettol Soap Bathing Bar Original Germ Defence 125 gm (Combo Pack),4 pcs,380,https://chaldal.com/womens-soaps
Nihar Naturals Shanti Badam Amla Hair Oil,175 ml,175,https://chaldal.com/hair-care
Gondhraj Perfume Hair Oil,350 ml,320,https://chaldal.com/hair-care
Well's Almond Oil,70 ml,299,https://chaldal.com/hair-care
Parachute Advansed Beliphool Coconut Hair Oil,300 ml,310,https://chaldal.com/hair-care
Well's Castor Oil,70 ml,500,https://chaldal.com/hair-care
Parachute Coconut Oil (Extra 15 ml),175 ml,200,https://chaldal.com/hair-care
Parachute Coconut Oil,95 ml,110,https://chaldal.com/hair-care
Parachute Coconut Oil,500 ml,450,https://chaldal.com/hair-care
Jui Coconut Oil,200 ml,200,https://chaldal.com/hair-care
Ujjwala Care Anti Hairfall Herbal Shampoo,200 ml,320,https://chaldal.com/hair-care
Ujjwala Care Anti Hairfall Herbal Hair Oil,100 ml,200,https://chaldal.com/hair-care
Ujjwala Care Anti Hairfall Herbal Shampoo,350 ml,480,https://chaldal.com/hair-care
Natura Grow Hair Oil,200 ml,230,https://chaldal.com/hair-care
Dove Shampoo Intense Repair,450 ml,580,https://chaldal.com/hair-care
Parachute Naturale Shampoo Advanced Hair Fall Control,320 ml,265,https://chaldal.com/hair-care
Farmer's Gold Sweet Pumpkin Seed Oil,30 ml,450,https://chaldal.com/hair-care
Parachute Advansed Onion Enriched Coconut Hair Growth Oil,200 ml,215,https://chaldal.com/hair-care
B. Tech Expert Pure Herbal Hair Care Oil (Gold),200 ml,210,https://chaldal.com/hair-care
Farmer's Gold Onion Oil,30 ml,250,https://chaldal.com/hair-care
Farmer's Gold Neem Oil,100 ml,255,https://chaldal.com/hair-care
Dabur Amla Hair Oil (Extra 50 ml ),400 ml,440,https://chaldal.com/hair-care
Himalaya Anti Hair Fall Shampoo,180 ml,270,https://chaldal.com/hair-care
Sesa Herbal Hair Oil,100 ml,250,https://chaldal.com/hair-care
Ceylon Organic Extra Virgin Coconut Oil,200 ml,600,https://chaldal.com/hair-care
Agrilife Extra Virgin Coconut Oil,450 ml,1089,https://chaldal.com/hair-care
Dabur Amla Hair Oil,300 ml,290,https://chaldal.com/hair-care
Indulekha Bringha Ayurvedic Hair Oil,50 ml,549,https://chaldal.com/hair-care
My Organic BD Shikakai Powder,100 gm,85,https://chaldal.com/hair-care
Herbal Essences White Strawberry & Sweet Mint Shampoo,400 ml,1800,https://chaldal.com/hair-care
Dabur Amla Hair Oil,100 ml,110,https://chaldal.com/hair-care
Kumarika Spilt & Control Hair Oil,200 ml,200,https://chaldal.com/hair-care
Kumarika Anti Dandruff Control Hair Oil,200 ml,240,https://chaldal.com/hair-care
Parachute Advansed Coconut Hair Oil,275 ml,210,https://chaldal.com/hair-care
Emami 7 Oils In One Non Sticky Hair Oil,300 ml,380,https://chaldal.com/hair-care
Bigen Hair Color & Conditioner (Light Brown),80 gm,750,https://chaldal.com/hair-care
Bigen Hair Color & Conditioner (Natural Brown),80 gm,700,https://chaldal.com/hair-care
Bigen Hair Color & Conditioner (Dark Brown),80 gm,700,https://chaldal.com/hair-care
Bigen Hair Color & Conditioner (Natural Black),80 gm,700,https://chaldal.com/hair-care
Jui Coconut Oil Can,350 ml,340,https://chaldal.com/hair-care
Ceylon Organic Extra Virgin Coconut Oil,500 ml,1590,https://chaldal.com/hair-care
Naturel Organic Extra Virgin Coconut Oil,500 ml,1525,https://chaldal.com/hair-care
Disposable Head Cover,100 pcs,489,https://chaldal.com/hair-care
Dabur Vatika Enriched Coconut Hair Oil,150 ml,210,https://chaldal.com/hair-care
Dabur Methi Amla Hair Oil,200 ml,170,https://chaldal.com/hair-care
Parachute Advansed Beliphool Coconut Hair Oil,400 ml,410,https://chaldal.com/hair-care
Parachute Advansed Beliphool Coconut Hair Oil,200 ml,220,https://chaldal.com/hair-care
Bajaj Cool Almond Drops,95 ml,150,https://chaldal.com/hair-care
Sesa Herbal Hair Oil,200 ml,490,https://chaldal.com/hair-care
Emami 7 Oils In One Pumpkin Plus Hair Oil,200 ml,280,https://chaldal.com/hair-care
Clear Shampoo Anti Hairfall Anti Dandruff,330 ml,400,https://chaldal.com/hair-care
Head & Shoulders Smooth & Silky Anti Dandruff Shampoo,1 ltr,2799,https://chaldal.com/female-shampoo
Dove Shampoo Hair Fall Rescue,330 ml,440,https://chaldal.com/female-shampoo
Parachute Naturale Nourishing Care Shampoo (5.25 ml X 12 pcs),63 ml,24,https://chaldal.com/female-shampoo
Sunsilk Shampoo Stunning Black Shine,340 ml,350,https://chaldal.com/female-shampoo
Sunsilk Shampoo Stunning Black Shine,170 ml,180,https://chaldal.com/female-shampoo
Ujjwala Care Anti Hairfall Herbal Shampoo,200 ml,320,https://chaldal.com/female-shampoo
Ujjwala Care Anti Hairfall Herbal Shampoo,350 ml,480,https://chaldal.com/female-shampoo
Sunsilk Shampoo Stunning Black Shine,450 ml,550,https://chaldal.com/female-shampoo
Meril Tangerine Orange Shampoo,250 ml,300,https://chaldal.com/female-shampoo
Parachute Naturale Advanced Hair Fall Control Shampoo (Onion & Coconut Milk),175 ml,150,https://chaldal.com/female-shampoo
Sunsilk Lusciously Thick & Long Shampoo (Free Scalp Massager),650 ml,700,https://chaldal.com/female-shampoo
Herbal Essences White Strawberry & Sweet Mint Conditioner,400 ml,775,https://chaldal.com/female-shampoo
Herbal Essences Strength Whipped Cocoa Butter Conditioner,400 ml,775,https://chaldal.com/female-shampoo
Pantene Advanced Hair Fall Solution Anti-Dandruff Shampoo,180 ml,530,https://chaldal.com/female-shampoo
Head & Shoulders Cool Menthol Anti Dandruff Shampoo,1 ltr,1800,https://chaldal.com/female-shampoo
Pantene Hairfall Control Shampoo,340 ml,950,https://chaldal.com/female-shampoo
Head & Shoulders Smooth & Silky Anti Dandruff Shampoo,340 ml,990,https://chaldal.com/female-shampoo
Head & Shoulders 2 in 1 Cool Menthol Anti Dandruff Shampoo + Conditioner,340 ml,1200,https://chaldal.com/female-shampoo
Head & Shoulders 2 in 1 Smooth & Silky Shampoo + Conditioner,180 ml,650,https://chaldal.com/female-shampoo
Tresemmé Shampoo Color Revitalise,580 ml,850,https://chaldal.com/female-shampoo
Tresemmé Shampoo Keratin Smooth,340 ml,550,https://chaldal.com/female-shampoo
Herbal Essences White Strawberry & Sweet Mint Shampoo,400 ml,1800,https://chaldal.com/female-shampoo
Head & Shoulders Neem Anti Dandruff Shampoo,180 ml,650,https://chaldal.com/female-shampoo
Parachute Naturale Shampoo Hijab Fresh,340 ml,390,https://chaldal.com/female-shampoo
Sunsilk Shampoo Volume,375 ml,420,https://chaldal.com/female-shampoo
Parachute Naturale Anti Hair Fall Shampoo,160 ml,140,https://chaldal.com/female-shampoo
Parachute Naturale Damage Repair Shampoo,160 ml,140,https://chaldal.com/female-shampoo
Parachute Naturale Nourishing Care Shampoo,160 ml,140,https://chaldal.com/female-shampoo
Parachute Naturale Anti Hair Fall Shampoo,320 ml,265,https://chaldal.com/female-shampoo
Parachute Naturale Damage Repair Shampoo,320 ml,265,https://chaldal.com/female-shampoo
Parachute Naturale Nourishing Care Shampoo,320 ml,265,https://chaldal.com/female-shampoo
Head & Shoulders Cool Menthol Anti Dandruff Shampoo,340 ml,990,https://chaldal.com/female-shampoo
Head & Shoulders Anti Hairfall Anti Dandruff Shampoo,340 ml,990,https://chaldal.com/female-shampoo
Dove Shampoo Healthy Grow,330 ml,470,https://chaldal.com/female-shampoo
Dove Shampoo Healthy Grow,170 ml,200,https://chaldal.com/female-shampoo
Sunsilk Shampoo Lusciously Thick & Long,650 ml,700,https://chaldal.com/female-shampoo
Tresemmé Shampoo Hair Fall Defense,580 ml,850,https://chaldal.com/female-shampoo
Sunsilk Shampoo Hijab Recharge,330 ml,420,https://chaldal.com/female-shampoo
Biotique Natural Black & Shine Shampoo 12 pcs,3 ml,12,https://chaldal.com/female-shampoo
Sunsilk Shampoo Hair Fall Solution,170 ml,180,https://chaldal.com/female-shampoo
Tresemmé Shampoo Keratin Smooth,185 ml,350,https://chaldal.com/female-shampoo
Select Plus Ketoconazole Shampoo,75 ml,200,https://chaldal.com/female-shampoo
Tresemmé Shampoo Keratin Smooth,580 ml,850,https://chaldal.com/female-shampoo
Sunsilk Shampoo Lusciously Thick & Long,170 ml,180,https://chaldal.com/female-shampoo
Dove Shampoo Hairfall Rescue,650 ml,740,https://chaldal.com/female-shampoo
Sunsilk Shampoo Hair Fall Solution,340 ml,350,https://chaldal.com/female-shampoo
Veet Pure Hair Removal Cream (Free Dettol Original Soap 75 gm),100 gm,350,https://chaldal.com/feminine-care
GSN1 Grace Wings Sanitary Napkin Regular Flow (Panty) 5 pads,,65,https://chaldal.com/feminine-care
QSN4 Queen Sanitary Napkin Panty Liner,25 pcs,245,https://chaldal.com/feminine-care
VSN1 Venus Premium Sanitary Napkin (Panty),8 pcs,250,https://chaldal.com/feminine-care
QSN2 Queen Plus Sanitary Napkin (Panty),10 pcs,150,https://chaldal.com/feminine-care
Veet Pure Hair Removal Cream Normal Skin With Organic Aloe Vera & Rose Extracts,25 gm,110,https://chaldal.com/feminine-care
Veet Pure Hair Removal Cream Normal Skin With Organic Aloe Vera & Rose Extracts,100 gm,350,https://chaldal.com/feminine-care
Veet Pure Hair Removal Cream Sensitive Skin With Aloe Vera Extract,25 gm,110,https://chaldal.com/feminine-care
C17 Fresh Anonna Sanitary Napkin Belt system 15 pads,,110,https://chaldal.com/feminine-care
AF2  SMC Joya All Night Wings,8 pcs,120,https://chaldal.com/feminine-care
Intimia Ultra Thin Peaceful Night XL Sanitary Napkin,6 pcs,200,https://chaldal.com/feminine-care
Veet Expert All-in-One Women's Trimmer,,3200,https://chaldal.com/feminine-care
Veet Pure Hair Removal Cream With Organic Aelo Vera and Rose Extract,50 gm,200,https://chaldal.com/feminine-care
Sirona Oxo-Biodegradable Tampon & Condom Disposal Bag,50 pcs,350,https://chaldal.com/feminine-care
SS3 Shokhi Sanitary Napkin (Panty),8 pcs,70,https://chaldal.com/feminine-care
SS1 Shokhi Sanitary Napkin (Belt),8 pcs,60,https://chaldal.com/feminine-care
SS2 Shokhi Sanitary Napkin (Belt),15 pcs,110,https://chaldal.com/feminine-care
SS4 Shokhi Sanitary Napkin (Panty),15 pcs,120,https://chaldal.com/feminine-care
Freedom Hair Removal Cream,25 gm,100,https://chaldal.com/feminine-care
T3 Whisper Ultra Softs Air Fresh Sanitary Napkin XL+,7 pcs,160,https://chaldal.com/feminine-care
T5 Whisper Ultra Softs Air Fresh Sanitary Napkins XL+,15 pcs,360,https://chaldal.com/feminine-care
VWash Intimate Hygiene Wash,100 ml,527,https://chaldal.com/feminine-care
L17 Laurier Panty liner Cleanfresh Non Perfumed,20 pcs,170,https://chaldal.com/feminine-care
Beauty Formulas Aloe Vera Wax Strips,36 pcs,189,https://chaldal.com/feminine-care
L11 Laurier Healthy Skin Wing Sanitary Napkin14 pcs,,350,https://chaldal.com/feminine-care
Beauty Formulas Vitamin E Wax Strips,20 pcs,680,https://chaldal.com/feminine-care
AF3  SMC Joya Sanitary Napkin (Belt),8 pcs,60,https://chaldal.com/feminine-care
C3 Senora Sanitary Napkin Regular Flow (Belt),10 pcs,100,https://chaldal.com/feminine-care
C5 Senora Sanitary Napkin (Belt),15 pcs,130,https://chaldal.com/feminine-care
C9 Senora Confidence Regular Flow (Panty System),10 pcs,120,https://chaldal.com/feminine-care
Veet Hair Removal Cream Normal Skin With Lotus Milk,50 gm,200,https://chaldal.com/feminine-care
A5 Freedom Panty System Sanitary Napkin 10 pads,,100,https://chaldal.com/feminine-care
Nivea Express Hydration Body Lotion,380 ml,1250,https://chaldal.com/female-moisturizer
Nivea Soft Light Moisturiser Cream,50 ml,425,https://chaldal.com/female-moisturizer
Enchanteur Perfumed Body Lotion Charming Satin Smooth,500 ml,1700,https://chaldal.com/female-moisturizer
Dove Nourishing Radiance Body Care Lotion,250 ml,380,https://chaldal.com/female-moisturizer
Ponds Super Light Gel,49 gm,230,https://chaldal.com/female-moisturizer
Nature Republic Soothing & Moisture Aloe Vera Gel,300 ml,849,https://chaldal.com/female-moisturizer
Olay Moisturising Cream,50 gm,280,https://chaldal.com/female-moisturizer
Vaseline Intensive Care Cocoa Radiant Lotion,200 ml,425,https://chaldal.com/female-moisturizer
Vaseline Intensive Care Advance Strength Lotion,400 ml,825,https://chaldal.com/female-moisturizer
Nivea Soft Light Moisturiser Cream,200 ml,830,https://chaldal.com/female-moisturizer
Parachute SkinPure Skin Lotion Natural Moisture,200 ml,250,https://chaldal.com/female-moisturizer
Parachute SkinPure Skin Lotion Natural White,200 ml,260,https://chaldal.com/female-moisturizer
Parachute SkinPure Skin Lotion Natural Moisture,300 ml,340,https://chaldal.com/female-moisturizer
Parachute SkinPure Skin Lotion Natural White,100 ml,160,https://chaldal.com/female-moisturizer
Parachute SkinPure Skin Lotion Natural Moisture,100 ml,150,https://chaldal.com/female-moisturizer
Parachute SkinPure Aloe Vera Gel,100 ml,205,https://chaldal.com/female-moisturizer
Parachute SkinPure Aloe Vera Gel,50 ml,120,https://chaldal.com/female-moisturizer
Creme 21 Vitamin E Moisturizing Soft Cream,150 ml,605,https://chaldal.com/female-moisturizer
Boots Cocoa Butter Body Lotion,390 ml,1550,https://chaldal.com/female-moisturizer
Dove Nourishing Body Care Intensive Body Lotion,400 ml,715,https://chaldal.com/female-moisturizer
Koelcia Grape Soothing Gel,300 gm,1100,https://chaldal.com/female-moisturizer
Eunyul Tomato Soothing Gel,300 gm,1400,https://chaldal.com/female-moisturizer
Enchanteur Perfumed Body Lotion Gorgeous Satin Smooth,500 ml,1500,https://chaldal.com/female-moisturizer
Boroplus Moisturising Lotion Aloe Vera & Milk,300 ml,390,https://chaldal.com/female-moisturizer
O'uyuey Aloe Vera Soothing Moisturizing Gel,250 ml,440,https://chaldal.com/female-moisturizer
Enchanteur Perfumed Body Lotion Romantic Satin Smooth,500 ml,1150,https://chaldal.com/female-moisturizer
Revive Moisturizing Lotion,200 ml,260,https://chaldal.com/female-moisturizer
Vaseline Lotion Deep Restore,400 ml,850,https://chaldal.com/female-moisturizer
Vaseline Lotion Healthy Bright,100 ml,190,https://chaldal.com/female-moisturizer
Vaseline Lotion Healthy Bright,200 ml,300,https://chaldal.com/female-moisturizer
Vaseline Lotion Healthy Bright,300 ml,420,https://chaldal.com/female-moisturizer
Nivea Intensive Moisture Body Milk Lotion,250 ml,725,https://chaldal.com/female-moisturizer
Tibet Pomade,50 ml,70,https://chaldal.com/female-moisturizer
Dabur Gulabari Premium Rose Water,60 ml,45,https://chaldal.com/face-wash-scrub
Himalaya Natural Glow Saffron Face Wash,100 ml,225,https://chaldal.com/face-wash-scrub
Himalaya Pollution Detox Charcoal Face Wash,100 ml,225,https://chaldal.com/face-wash-scrub
Himalaya Purifying Neem Pack,50 ml,130,https://chaldal.com/face-wash-scrub
Earth Beauty & You Neem Face Wash,100 ml,180,https://chaldal.com/face-wash-scrub
Pond's Face Wash Bright Beauty,50 gm,120,https://chaldal.com/face-wash-scrub
Pierre Cardin Cleansing Gel,150 ml,1380,https://chaldal.com/face-wash-scrub
Clariss Face Wash Papaya Blemish Reduction,100 ml,345,https://chaldal.com/face-wash-scrub
Olay Face Wash Total Effects 7 in 1 Exfoliating Cleanser,100 gm,425,https://chaldal.com/face-wash-scrub
Clean & Clear Foaming Face Wash,150 ml,430,https://chaldal.com/face-wash-scrub
Neutrogena Spot Controlling Facial Wash,200 ml,1440,https://chaldal.com/face-wash-scrub
YC Lemon & Honey Whitening Facial Scrub,175 ml,795,https://chaldal.com/face-wash-scrub
YC Acne Facial Gel,250 ml,750,https://chaldal.com/face-wash-scrub
YC Neem Extract Whitening Face Wash,100 ml,650,https://chaldal.com/face-wash-scrub
Himalaya Aloevera Moisturizing Face Wash,100 ml,225,https://chaldal.com/face-wash-scrub
Himalaya Fairness Kesar Face Wash,100 ml,225,https://chaldal.com/face-wash-scrub
Boroplus Neem Face Wash,50 ml,130,https://chaldal.com/face-wash-scrub
Biore Womens Acne Care Face Wash,100 gm,700,https://chaldal.com/face-wash-scrub
Dove Face Wash Beauty Serum Sensitive,130 gm,330,https://chaldal.com/face-wash-scrub
Biore Bright and Oil Clear Face Wash,100 gm,850,https://chaldal.com/face-wash-scrub
L'Oréal Paris Pure Clay Detox Face Wash,150 ml,900,https://chaldal.com/face-wash-scrub
Johnson's Daily Essential Face Care For Normal Skin,150 ml,900,https://chaldal.com/face-wash-scrub
Neutrogena Spot Stress Control Daily Scrub,150 ml,1150,https://chaldal.com/face-wash-scrub
Neutrogena Pore & Shine Daily Scrub,150 ml,815,https://chaldal.com/face-wash-scrub
Johnson's Daily Essential Face Care,150 ml,800,https://chaldal.com/face-wash-scrub
Himalaya Oil Clear Face Wash Blueberry,100 ml,199,https://chaldal.com/face-wash-scrub
Himalaya Oil Clear Face Wash Strawberry,100 ml,199,https://chaldal.com/face-wash-scrub
Beauty Formulas Tea Tree Facial Wash,150 ml,850,https://chaldal.com/face-wash-scrub
Glow & Lovely Instaglow Facewash with Multivitamins,50 gm,85,https://chaldal.com/face-wash-scrub
Clean & Clear Morning Energy Face Wash Lemon,50 ml,247,https://chaldal.com/face-wash-scrub
Garnier Bright Complete Vitamin C Face Wash,100 gm,415,https://chaldal.com/face-wash-scrub
Dabur Gulabari Premium Rose Water,120 ml,100,https://chaldal.com/face-wash-scrub
Clean & Clear Blackhead Daily Scrub Oil Free,150 ml,920,https://chaldal.com/face-wash-scrub
Clean & Clear Morning Energy Face Wash Berry,50 ml,247,https://chaldal.com/face-wash-scrub
Garnier Pure Active Neem Face Wash,100 gm,390,https://chaldal.com/face-wash-scrub
Pond's Face Wash Bright Beauty,100 gm,210,https://chaldal.com/face-wash-scrub
Pond's Pure Detox Face Wash,100 gm,220,https://chaldal.com/face-wash-scrub
Pond's Nourishing Facial Scrub,100 gm,165,https://chaldal.com/face-wash-scrub
Pond's Face Wash Daily,50 gm,85,https://chaldal.com/face-wash-scrub
Layer'r Wottagirl Secret Crush Body Spray,135 ml,595,https://chaldal.com/female-deo
Layer'r Shot Red Stallion Body Spray,135 ml,595,https://chaldal.com/female-deo
Layer'r Shot Power Play Body Spray,135 ml,595,https://chaldal.com/female-deo
Colour Me Women's Body Spray Pink,150 ml,775,https://chaldal.com/female-deo
Lafz Premium Body Spray Dariush,120 ml,390,https://chaldal.com/female-deo
Fa Roll On Aqua Auatic Fresh,50 ml,289,https://chaldal.com/female-deo
Fa Roll On Sport,50 ml,279,https://chaldal.com/female-deo
Fa Roll On Caribbean Lemon,50 ml,299,https://chaldal.com/female-deo
CA Active Women Body Spray,200 ml,680,https://chaldal.com/female-deo
Lafz Ibadet Body Spray,90 ml,300,https://chaldal.com/female-deo
Lafz Gul Wissal Body Spray,100 ml,294,https://chaldal.com/female-deo
Enchanteur Pocket Perfume Romantic,18 ml,350,https://chaldal.com/female-deo
Enchanteur Pocket Perfume Charming,18 ml,300,https://chaldal.com/female-deo
Enchanteur Perfumed Deo Roll On Alluring,50 ml,500,https://chaldal.com/female-deo
Royal Mirage Sport Perfume,120 ml,1750,https://chaldal.com/female-deo
Royal Mirage Sport Body Spray,150 ml,620,https://chaldal.com/female-deo
Eternal Love Xlouis Women Body Spray,200 ml,780,https://chaldal.com/female-deo
Layer'r Wottagirl Pure Paradise Body Spray,135 ml,545,https://chaldal.com/female-deo
Layer'r Wottagirl Pink Angel Body Spray,135 ml,595,https://chaldal.com/female-deo
Ossum Body Spray Teaser,120 ml,550,https://chaldal.com/female-deo
Ossum Body Spray Desire,120 ml,550,https://chaldal.com/female-deo
Ossum Body Spray Cherish,120 ml,550,https://chaldal.com/female-deo
Ossum Body Spray Appeal,120 ml,550,https://chaldal.com/female-deo
Ossum Body Mist Pleasere,115 ml,580,https://chaldal.com/female-deo
Ossum Body Mist Blossom,115 ml,670,https://chaldal.com/female-deo
Enchanteur Perfumed Deo Spary Gorgeous,150 ml,400,https://chaldal.com/female-deo
Enchanteur Perfumed Deo Spary Charming,150 ml,400,https://chaldal.com/female-deo
Colour Me Perfume Volt,50 ml,625,https://chaldal.com/female-deo
Ossum Perfumed Body Mist Delight,115 ml,750,https://chaldal.com/female-deo
Ossum Perfumed Body Mist Romance,115 ml,750,https://chaldal.com/female-deo
Fogg Scent Women (I Am Queen),100 ml,900,https://chaldal.com/female-deo
Layer'r Wattagirl Fresh Citrus Body Spray,135 ml,699,https://chaldal.com/female-deo
Nivea Female Roll On Fresh Natural Deodorant,50 ml,240,https://chaldal.com/female-deo
Enchanteur Perfumed Deo Spary Romantic,150 ml,450,https://chaldal.com/female-deo
Enchanteur Perfumed Deo Roll On Romantic,50 ml,319,https://chaldal.com/female-deo
Neutrogena Deep Clean Facial Cleanser,40 gm,499,https://chaldal.com/masks-cleansers
Lafz Apple Cider Vinegar Foaming Cleanser,100 ml,399,https://chaldal.com/masks-cleansers
Xpel Body Care Cleansing Charcoal Nose Strips (6 Strips),each,250,https://chaldal.com/masks-cleansers
Clean & Clear Lemon Facial Cleanser,100 ml,380,https://chaldal.com/masks-cleansers
Clean & Clear Daily Pore Cleanser,100 ml,450,https://chaldal.com/masks-cleansers
YC Aloe Vera Peel of Mask,120 ml,280,https://chaldal.com/masks-cleansers
YC Cucumber Peel of Mask,120 ml,650,https://chaldal.com/masks-cleansers
Garnier Skin Naturals Light Complete Serum Mask,each,135,https://chaldal.com/masks-cleansers
Beauty Formulas Charcoal Detox Cleanser,150 ml,460,https://chaldal.com/masks-cleansers
Ujjwala Care Gloss Hair Serum,100 ml,490,https://chaldal.com/serum-oil-toners
Angelina Hyaluronic Booster,60 ml,160,https://chaldal.com/serum-oil-toners
Lafz Luminous Skin Face Serum Alpha Arbutin,30 ml,1399,https://chaldal.com/serum-oil-toners
Garnier Skin Naturals Light Complete Serum Mask,each,135,https://chaldal.com/serum-oil-toners
Garnier Bright Complete Serum Cream UV,45 gm,310,https://chaldal.com/serum-oil-toners
Dove Face Wash Beauty Serum Sensitive,130 gm,330,https://chaldal.com/serum-oil-toners
Beauty Formulas Tea Tree Nose Pore Strips,6 pcs,220,https://chaldal.com/serum-oil-toners
White Tone Face Powder,50 gm,300,https://chaldal.com/serum-oil-toners
The Dermalix Acne Treatment Serum,30ml,890,https://chaldal.com/serum-oil-toners
Radiant Raxoll Antibacterial Soap (Moisture),100 gm,75,https://chaldal.com/mens-soaps
Radiant Raxoll Antibacterial Soap (Moisture),75 gm,60,https://chaldal.com/mens-soaps
Radiant Raxoll Antibacterial Soap (Sport),100 gm,75,https://chaldal.com/mens-soaps
Dettol Soap Neem with Pure Neem Oil Shower Bar,125 gm,89,https://chaldal.com/mens-soaps
Dettol Soap Neem with Pure Neem Oil Shower Bar,75 gm,65,https://chaldal.com/mens-soaps
Dettol Original Germ Defence Soap,100 gm,80,https://chaldal.com/mens-soaps
ACI Savlon Soap Fresh 125 gm,3 pcs,225,https://chaldal.com/mens-soaps
Dettol Soap Fresh Bathing Bar Soap With Odour Protection,125 gm,95,https://chaldal.com/mens-soaps
Dettol Soap Fresh Bathing Bar Soap With Odour Protection,75 gm,65,https://chaldal.com/mens-soaps
Dettol Soap Bathing Bar Original Germ Defence 125 gm (Combo Pack),2 pcs,190,https://chaldal.com/mens-soaps
ACI Savlon Men Soap,100 gm,70,https://chaldal.com/mens-soaps
Lifebuoy Soap Bar Total,150 gm,80,https://chaldal.com/mens-soaps
Dettol Bathing Soap Bar Skincare,125 gm,95,https://chaldal.com/mens-soaps
Dettol Skincare Bodywash,250 ml,225,https://chaldal.com/mens-soaps
Lifebuoy Soap Bar Lemon Fresh,90 gm,55,https://chaldal.com/mens-soaps
Lifebuoy Soap Bar Mild Care 100 gm,2 pcs,94,https://chaldal.com/mens-soaps
Akij Health + Original Soap,100 gm,60,https://chaldal.com/mens-soaps
Lux Jasmine Soap Bar Bright Glow,75 gm,50,https://chaldal.com/mens-soaps
Dettol Soap Original Germ Defence Bathing Bar,50 gm,40,https://chaldal.com/mens-soaps
Dettol Fresh Soap 125 gm (25 gm Extra),150 gm,90,https://chaldal.com/mens-soaps
Dettol Cool Soap 125 gm (25 gm Extra),150 gm,90,https://chaldal.com/mens-soaps
Dettol Skincare With Moisturizers Soap,100 gm,75,https://chaldal.com/mens-soaps
Dettol Aloe Vera Shower Bar,100 gm,80,https://chaldal.com/mens-soaps
ACI Savlon Soap Fresh 100 gm,3 pcs,210,https://chaldal.com/mens-soaps
ACI Savlon Soap Mild 100 gm,3 pcs,210,https://chaldal.com/mens-soaps
ACI Savlon Soap Mild 125 gm,3 pcs,225,https://chaldal.com/mens-soaps
ACI Savlon Fresh Antiseptic Soap,125 gm,80,https://chaldal.com/mens-soaps
Irish Spring Original Body Wash,532 ml,1360,https://chaldal.com/mens-soaps
Irish Spring Aloe Soap,104.8 gm,270,https://chaldal.com/mens-soaps
Dr Davey Black Soap,100 gm,189,https://chaldal.com/mens-soaps
Lifebuoy Mild Care Antibacterial Body Wash,300 ml,450,https://chaldal.com/mens-soaps
Godrej No.1 Sandal Soap,100 gm,55,https://chaldal.com/mens-soaps
Himalaya Neem & Turmeric Soap 125 gm (Buy 3 Get 1 Free),4 pcs,240,https://chaldal.com/mens-soaps
Dettol Original Bodywash,250 ml,200,https://chaldal.com/mens-soaps
Dettol Fresh Antibacterial Bodywash Citrus & Orange Blossom,250 ml,350,https://chaldal.com/mens-soaps
Studio X Clean & Fresh Soap For Men,75 gm,60,https://chaldal.com/mens-soaps
Dettol Bathing Soap Bar Skincare 125 gm (Combo Pack),4 pcs,380,https://chaldal.com/mens-soaps
Dettol Soap Bathing Bar Original Germ Defence 125 gm (Combo Pack),4 pcs,380,https://chaldal.com/mens-soaps
Studio X Clean & Fresh Soap for Men,125 gm,90,https://chaldal.com/mens-soaps
Nivea Fresh Natural Body Spray,150 ml,525,https://chaldal.com/mens-soaps
Wild Stone Forest Spice Soap,125 gm,188,https://chaldal.com/mens-soaps
ACI Septex Deep Clean Antiseptic Bar,100 gm,55,https://chaldal.com/mens-soaps
ACI Septex Antiseptic Bar,100 gm,50,https://chaldal.com/mens-soaps
Cute Lemon Soap,125 gm,60,https://chaldal.com/mens-soaps
Dettol Soap Bathing Bar Aloe Vera,75 gm,65,https://chaldal.com/mens-soaps
Dettol Bathing Soap Bar Skincare,27 gm,15,https://chaldal.com/mens-soaps
ACI Neem Original Pure Neem Soap,100 gm,55,https://chaldal.com/mens-soaps
"Dettol Soap Bathing Bar Family Pack (Cool, Skincare & Original) 75 gm",3 pcs,195,https://chaldal.com/mens-soaps
Dettol Soap Bathing Bar Original Germ Defence 75 gm (Combo Pack),3 pcs,195,https://chaldal.com/mens-soaps
Camay Romantic Beauty Soap,170 gm,350,https://chaldal.com/mens-soaps
Head & Shoulders Smooth & Silky Anti Dandruff Shampoo,1 ltr,2799,https://chaldal.com/shampoo
Clear Men Shampoo Deep Cleanse,170 ml,270,https://chaldal.com/shampoo
Clear Shampoo Men Cool Sport Menthol Anti Dandruff,330 ml,500,https://chaldal.com/shampoo
Ujjwala Care Hair Protect Men Shampoo + Conditioner,200 ml,320,https://chaldal.com/shampoo
Clear Men Shampoo Deep Cleanse,330 ml,500,https://chaldal.com/shampoo
Herbal Essences White Strawberry & Sweet Mint Conditioner,400 ml,775,https://chaldal.com/shampoo
Herbal Essences Strength Whipped Cocoa Butter Conditioner,400 ml,775,https://chaldal.com/shampoo
Head & Shoulders Cool Menthol Anti Dandruff Shampoo,1 ltr,1800,https://chaldal.com/shampoo
Head & Shoulders Smooth & Silky Anti Dandruff Shampoo,340 ml,990,https://chaldal.com/shampoo
Head & Shoulders 2 in 1 Cool Menthol Anti Dandruff Shampoo + Conditioner,340 ml,1200,https://chaldal.com/shampoo
Head & Shoulders 2 in 1 Smooth & Silky Shampoo + Conditioner,180 ml,650,https://chaldal.com/shampoo
Head & Shoulders Cool Menthol Anti Dandruff Shampoo,180 ml,530,https://chaldal.com/shampoo
Head & Shoulders Silky Black Anti Dandruff Shampoo,340 ml,990,https://chaldal.com/shampoo
Sunsilk Lively Clean & Fresh Shampoo,300 ml,725,https://chaldal.com/shampoo
Clear Shampoo Complete Active Care Anti Dandruff,330 ml,400,https://chaldal.com/shampoo
Dove Shampoo Oxygen Moisture,330 ml,470,https://chaldal.com/shampoo
Dove Shampoo Intense Repair,170 ml,200,https://chaldal.com/shampoo
Dove Shampoo Intense Repair,330 ml,440,https://chaldal.com/shampoo
Dove Shampoo Nourishing Oil Care,170 ml,200,https://chaldal.com/shampoo
Dove Shampoo Nourishing Oil Care,330 ml,470,https://chaldal.com/shampoo
Sunsilk Shampoo Lusciously Thick & Long,330 ml,350,https://chaldal.com/shampoo
Clear Shampoo Men Cool Sport Menthol Anti Dandruff,170 ml,270,https://chaldal.com/shampoo
Clear Shampoo Complete Active Care Anti Dandruff,170 ml,240,https://chaldal.com/shampoo
Kool 2 In 1 After Shave Gel Cream,50 gm,140,https://chaldal.com/shaving-needs
Gillette Blue 2 Disposable Razor,each,55,https://chaldal.com/shaving-needs
Gillette Guard Cartridges Single Cartridge,each,30,https://chaldal.com/shaving-needs
Gillette Mach3 Turbo Men's Shaving Razor,each,665,https://chaldal.com/shaving-needs
Gillette Proglide Men's Grooming Razor With Flexible Technology,each,1090,https://chaldal.com/shaving-needs
Nivea Men Cool Kick Shaving Gel,200 ml,375,https://chaldal.com/shaving-needs
Kool After Shave Lotion,50 ml,200,https://chaldal.com/shaving-needs
Nivea Men Sensitive After Shave Lotion,100 ml,1250,https://chaldal.com/shaving-needs
Nivea Men Sensitive After Shave Lotion,100 ml,550,https://chaldal.com/shaving-needs
Kool Ultra Glide Shaving Foam,200 ml,350,https://chaldal.com/shaving-needs
Kool After Shave Lotion,100 ml,300,https://chaldal.com/shaving-needs
Gillette Mach3 New Blade Razor,each,655,https://chaldal.com/shaving-needs
Gillette Fusion Manual Razor,each,1090,https://chaldal.com/shaving-needs
Kool Frosty Shaving Cream,50 gm,55,https://chaldal.com/shaving-needs
Gillette Blue 2 Disposable Razor,each,55,https://chaldal.com/beard-grooming
Gillette Guard Cartridges Single Cartridge,each,30,https://chaldal.com/beard-grooming
Beardo Beard & Hair Growth Oil,50 ml,1599,https://chaldal.com/beard-grooming
Kool After Shave Lotion,50 ml,200,https://chaldal.com/beard-grooming
Aichun Beauty Beard Growth Beard Essential Oil,30 ml,450,https://chaldal.com/beard-grooming
Nivea Men Sensitive After Shave Lotion,100 ml,1250,https://chaldal.com/beard-grooming
Nivea Men Sensitive After Shave Lotion,100 ml,550,https://chaldal.com/beard-grooming
Kool Ultra Glide Shaving Foam,200 ml,350,https://chaldal.com/beard-grooming
Kool After Shave Lotion,100 ml,300,https://chaldal.com/beard-grooming
Gillette Mach3 New Blade Razor,each,655,https://chaldal.com/beard-grooming
Gillette Fusion Manual Razor,each,1090,https://chaldal.com/beard-grooming
Kool Frosty Shaving Cream,50 gm,55,https://chaldal.com/beard-grooming
Gillette Blue 2 Disposable Razor,each,55,https://chaldal.com/razors-blades
Gillette Guard Cartridges Single Cartridge,each,30,https://chaldal.com/razors-blades
Gillette Mach3 Turbo Men's Shaving Razor,each,665,https://chaldal.com/razors-blades
Gillette Proglide Men's Grooming Razor With Flexible Technology,each,1090,https://chaldal.com/razors-blades
Gillette Mach3 New Blade Razor,each,655,https://chaldal.com/razors-blades
Gillette Fusion Manual Razor,each,1090,https://chaldal.com/razors-blades
Red King Men's Cooling Oil,100 ml,139,https://chaldal.com/mens-hair-care
Godrej Expert Shampoo Black Hair Color (Bowl Free),,50,https://chaldal.com/mens-hair-care
Ujjwala Care Gloss Hair Serum,100 ml,490,https://chaldal.com/mens-hair-care
Ujjwala Care Anti Hairfall Men Hair Oil,100 ml,200,https://chaldal.com/mens-hair-care
Beardo Mustache & Beard Extra Strong Wax,50 gm,1099,https://chaldal.com/mens-hair-care
Red King Men's Cooling Oil,200 ml,280,https://chaldal.com/mens-hair-care
Bigen Hair Color & Conditioner (Light Brown),80 gm,750,https://chaldal.com/mens-hair-care
Bigen Hair Color & Conditioner (Natural Brown),80 gm,700,https://chaldal.com/mens-hair-care
Bigen Hair Color & Conditioner (Dark Brown),80 gm,700,https://chaldal.com/mens-hair-care
Bigen Hair Color & Conditioner (Natural Black),80 gm,700,https://chaldal.com/mens-hair-care
Livon Hair Serum,18 ml,140,https://chaldal.com/mens-hair-care
Parachute Advansed Aloe Vera Hair Oil 250 ml,2 pcs,640,https://chaldal.com/mens-hair-care
Livon Hair Serum,50 ml,300,https://chaldal.com/mens-hair-care
Gatsby Water Gloss Soft,150 gm,519,https://chaldal.com/mens-hair-care
Enchanteur Perfumed Body Lotion Charming Satin Smooth,500 ml,1700,https://chaldal.com/lotion-cream
Emami Fair And Handsome Fairness Cream,30 gm,200,https://chaldal.com/lotion-cream
Lafz Aqua Sunscreen,100 ml,750,https://chaldal.com/lotion-cream
Parachute SkinPure Aloe Vera Gel,100 ml,205,https://chaldal.com/lotion-cream
Parachute SkinPure Aloe Vera Gel,50 ml,120,https://chaldal.com/lotion-cream
Eunyul Tomato Soothing Gel,300 gm,1400,https://chaldal.com/lotion-cream
Garnier Body Bright Complete Serum Milk UV,400 ml,1480,https://chaldal.com/lotion-cream
Emami Fair And Handsome Fairness Cream,60 gm,350,https://chaldal.com/lotion-cream
Tibet Pomade,50 ml,70,https://chaldal.com/lotion-cream
Lifebuoy Handwash Total Refill,170 ml,90,https://chaldal.com/liquid-handwash
Dettol Fresh Liquid Handwash Refill,170 ml,80,https://chaldal.com/liquid-handwash
Dettol Fresh Liquid Handwash Pump,200 ml,110,https://chaldal.com/liquid-handwash
Savlon Handwash Lemon Burst,170 ml,80,https://chaldal.com/liquid-handwash
Lifebuoy Handwash Care Refill,170 ml,90,https://chaldal.com/liquid-handwash
ACI Savlon Iris Herbal Liquid Handwash Refill,170 ml,80,https://chaldal.com/liquid-handwash
Lifebuoy Handwash Lemon Fresh Pump,200 ml,115,https://chaldal.com/liquid-handwash
ACI Savlon Herbal Iris Handwash,500 ml,200,https://chaldal.com/liquid-handwash
Dettol Handwash Original Liquid Refill,170 ml,80,https://chaldal.com/liquid-handwash
ACI Savlon Aloe Vera Antiseptic Handwash Refill,170 ml,80,https://chaldal.com/liquid-handwash
Dettol Handwash Original Liquid Pump,200 ml,110,https://chaldal.com/liquid-handwash
ACI Savlon Ocean Blue Antiseptic Handwash Refill,170 ml,80,https://chaldal.com/liquid-handwash
Dettol Handwash Skincare Liquid Refill,170 ml,80,https://chaldal.com/liquid-handwash
ACI Savlon Ocean Blue Handwash,1 ltr,380,https://chaldal.com/liquid-handwash
Sepnil Sanitizing Hand Wash Marigold (Refill),170 ml,80,https://chaldal.com/liquid-handwash
ACI Savlon Lavender Handwash Refill,170 ml,80,https://chaldal.com/liquid-handwash
Dettol Handwash Re-Energize Liquid Refill,750 ml,270,https://chaldal.com/liquid-handwash
Sepnil Extra Mild Tea Oil Handwash Refill,170 ml,75,https://chaldal.com/liquid-handwash
Godrej Magic Handwash Refill Lime & Aloevera 9 gm,4 pcs,124,https://chaldal.com/liquid-handwash
Lifebuoy Handwash Total Bottle,1 ltr,400,https://chaldal.com/liquid-handwash
Sparkbliss Lavender Liquid Handwash,250 ml,115,https://chaldal.com/liquid-handwash
Sparkbliss Lemon Green Liquid Handwash,250 ml,115,https://chaldal.com/liquid-handwash
Sparkbliss Lemon Yellow Liquid Handwash,250 ml,115,https://chaldal.com/liquid-handwash
Sparkbliss Moisturizing Antibacterial Aloe Vera Liquid Handwash,250 ml,120,https://chaldal.com/liquid-handwash
Sparkbliss Aquriaum Liquid Handwash,250 ml,115,https://chaldal.com/liquid-handwash
Sparkbliss Japanese Cherry Blossom Liquid Handwash,250 ml,115,https://chaldal.com/liquid-handwash
Godrej Magic Handwash Refill Lime & Aloevera,9 gm,30,https://chaldal.com/liquid-handwash
Godrej Magic Handwash Refill Neem & Aloevera 9 gm,4 pcs,120,https://chaldal.com/liquid-handwash
Rok Handwash Apple,175 ml,84,https://chaldal.com/liquid-handwash
Lifebuoy Handwash Lemon Fresh Refill Multipack 170 ml,4 pcs,300,https://chaldal.com/liquid-handwash
Lifebuoy Handwash Care Refill Multipack 170 ml,4 pcs,300,https://chaldal.com/liquid-handwash
Original Source Hand Wash Coconut,300 ml,310,https://chaldal.com/liquid-handwash
Dettol Handwash Re-Energize Liquid,5 ltr,1400,https://chaldal.com/liquid-handwash
Lifebuoy Handwash Lemon Fresh,1 ltr,400,https://chaldal.com/liquid-handwash
Dettol Handwash Aloe Vera Bottle With Push-Pull Cap,200 ml,110,https://chaldal.com/liquid-handwash
Biore Anti Bacterial Guard Hand Soap Bottle,250 ml,660,https://chaldal.com/liquid-handwash
ACI Savlon Herbal Iris Handwash,1 ltr,380,https://chaldal.com/liquid-handwash
Dettol Handwash Aloe Vera Liquid Pump,200 ml,110,https://chaldal.com/liquid-handwash
Dettol Handwash Aloe Vera Liquid Refill,170 ml,80,https://chaldal.com/liquid-handwash
Godrej Magic Handwash Refill Pack,9 gm,30,https://chaldal.com/liquid-handwash
Lifebuoy Handwash Lemon Fresh Refill,170 ml,90,https://chaldal.com/liquid-handwash
ACI Savlon Active Antiseptic Handwash,5 ltr,1400,https://chaldal.com/liquid-handwash
Lifebuoy Handwash Total,5 ltr,1400,https://chaldal.com/liquid-handwash
Dettol Handwash Cool Liquid Refill,170 ml,80,https://chaldal.com/liquid-handwash
Dettol Handwash Cool Liquid Pump,200 ml,110,https://chaldal.com/liquid-handwash
Dettol Handwash Skincare Liquid Pump,200 ml,110,https://chaldal.com/liquid-handwash
ACI Savlon Herbal Marigold Handwash,500 ml,200,https://chaldal.com/liquid-handwash
ACI Savlon Herbal Lavender Handwash,500 ml,200,https://chaldal.com/liquid-handwash
Sepnil Sanitizing Hand Wash Marigold,200 ml,110,https://chaldal.com/liquid-handwash
ACI Savlon Aloe Vera Antiseptic Handwash Bottle,200 ml,110,https://chaldal.com/liquid-handwash
Fresh Hand Towel (250X1 Ply),each,100,https://chaldal.com/tissue-wipes
Fresh Perfumed Facial Tissue (150 X 2) ply Box,each,100,https://chaldal.com/tissue-wipes
"Fresh Paper Napkins 13"" Perfumed (100X1 Ply)",each,75,https://chaldal.com/tissue-wipes
Fresh White Paper Napkin Non-Perfumed,100 pcs,75,https://chaldal.com/tissue-wipes
Partex Cleen Hand Towel (200X2 Ply),each,85,https://chaldal.com/tissue-wipes
"Bashundhara Paper Napkins 13"" Unscented",100 pcs,75,https://chaldal.com/tissue-wipes
Fay Facial Tissue Non-Perfume (150 X 2 ply) Box,each,105,https://chaldal.com/tissue-wipes
Fresh Toilet Tissue (Family Value Pack),4 pcs,100,https://chaldal.com/tissue-wipes
Bashundhara Toilet Tissue,4 pcs,112,https://chaldal.com/tissue-wipes
Fay Perfume Facial Tissue Perfume (150 X 2 ply) Box,each,105,https://chaldal.com/tissue-wipes
Fay Toilet Tissue White 180 Sheet,each,30,https://chaldal.com/tissue-wipes
Fay Multi-fold Hand Towel 1 Ply,150 pcs,160,https://chaldal.com/tissue-wipes
Bashundhara Gold Toilet Tissue,each,38,https://chaldal.com/tissue-wipes
Sensodyne Daily Protection Toothpaste,20 gm,55,https://chaldal.com/toothpastes
Closeup Toothpaste Menthol Fresh,145 gm,155,https://chaldal.com/toothpastes
Medident Sensitive Care Toothpaste,100 gm,120,https://chaldal.com/toothpastes
Medident-G Gum Care Toothpaste,140 gm,170,https://chaldal.com/toothpastes
Mediplus Toothpaste,70 gm,70,https://chaldal.com/toothpastes
Sensodyne Fresh Mint Toothpaste,40 gm,110,https://chaldal.com/toothpastes
Closeup Toothpaste Menthol Fresh,85 gm,105,https://chaldal.com/toothpastes
Mediplus DS Toothpaste,140 gm,135,https://chaldal.com/toothpastes
Mediplus Fluoride Gel Toothpaste,100 gm,100,https://chaldal.com/toothpastes
Colgate Max Fresh Blue Gel Toothpaste,150 gm,200,https://chaldal.com/toothpastes
Pepsodent Toothpaste Germi Check +,190 gm,170,https://chaldal.com/toothpastes
Pepsodent Toothpaste Germi Check +,140 gm,125,https://chaldal.com/toothpastes
Pepsodent Toothpaste Germi Check +,85 gm,95,https://chaldal.com/toothpastes
Sensodyne Repair & Protect Toothpaste,100 gm,475,https://chaldal.com/toothpastes
Parodontax ultra Clean Toothpaste,75 gm,250,https://chaldal.com/toothpastes
Parodntax Daily Flouride Toothpaste,75 gm,220,https://chaldal.com/toothpastes
Magic Herbal Toothpaste,100 gm,90,https://chaldal.com/toothpastes
Colgate Kids Premium Toothpaste (3-5 Years),80 gm,320,https://chaldal.com/toothpastes
Colgate Kids Premium Toothpaste (0-2 Years),70 gm,320,https://chaldal.com/toothpastes
Dabur Red Toothpaste,50 gm,45,https://chaldal.com/toothpastes
Dabur Red Toothpaste (Super Saver Pack),300 gm,155,https://chaldal.com/toothpastes
Pepsodent Awesome Orange Toothpaste,45 gm,85,https://chaldal.com/toothpastes
Sensodyne Fresh Gel Toothpaste (Free Brush 1 pcs),150 gm,350,https://chaldal.com/toothpastes
Sensodyne Fresh Mint Toothpaste (Free Brush 1 pcs),150 gm,350,https://chaldal.com/toothpastes
Sensodyne Rapid Relief Toothpaste,40 gm,180,https://chaldal.com/toothpastes
Sensodyne Repair and Protect Toothpaste,70 gm,360,https://chaldal.com/toothpastes
WhitePlus Toothpaste,200 gm,160,https://chaldal.com/toothpastes
Himalaya Complete Care Toothpaste,175 gm,280,https://chaldal.com/toothpastes
Pepsodent Toothpaste Sensitive Expert Gum Care,140 gm,250,https://chaldal.com/toothpastes
Sensodyne Deep Clean Toothpaste,70 gm,200,https://chaldal.com/toothpastes
Pepsodent Toothpaste Sensitive Expert Professional,140 gm,220,https://chaldal.com/toothpastes
WhitePlus Enamel Guard Toothpaste,100 gm,110,https://chaldal.com/toothpastes
BrushUp Fresh Alpine Mint Toothpaste,100 gm,70,https://chaldal.com/toothpastes
Sensodyne Rapid Relief Toothpaste,80 gm,330,https://chaldal.com/toothpastes
Colgate Total Advance Health Toothpaste,120 gm,320,https://chaldal.com/toothpastes
Sensodyne Fresh Mint Toothpaste,75 gm,200,https://chaldal.com/toothpastes
Zact Whitening Toothpaste,150 gm,347,https://chaldal.com/toothpastes
Sensodyne Fresh Gel Toothpaste,75 gm,200,https://chaldal.com/toothpastes
Sensodyne Fresh Gel Toothpaste,150 gm,350,https://chaldal.com/toothpastes
Colgate Anticavity Active Salt Toothpaste,190 gm,220,https://chaldal.com/toothpastes
Colgate Max Fresh Red Gel Toothpaste,150 gm,200,https://chaldal.com/toothpastes
Colgate Visible White Toothpaste,100 gm,350,https://chaldal.com/toothpastes
Zact Smokers' Toothpaste,150 gm,320,https://chaldal.com/toothpastes
Sensodyne Fresh Mint Toothpaste,150 gm,350,https://chaldal.com/toothpastes
Mediplus DS Toothpaste,90 gm,90,https://chaldal.com/toothpastes
Meril Milk & Beli Soap Bar,100 gm,60,https://chaldal.com/soaps
Radiant Raxoll Antibacterial Soap (Moisture),100 gm,75,https://chaldal.com/soaps
Radiant Raxoll Antibacterial Soap (Moisture),75 gm,60,https://chaldal.com/soaps
Radiant Raxoll Antibacterial Soap (Sport),100 gm,75,https://chaldal.com/soaps
Tibet Luxury Pink Soap Natural Glow,100 gm,55,https://chaldal.com/soaps
Lux Jasmine Soap Bar Bright Glow,75 gm,50,https://chaldal.com/soaps
Meril Milk & Kiwi Soap Bar,150 gm,80,https://chaldal.com/soaps
"Dettol Bathing Soap (Original, Skincare, Cool & Fresh) 75 gm",4 pcs,260,https://chaldal.com/soaps
Dettol Soap Bathing Bar Aloe Vera,125 gm,95,https://chaldal.com/soaps
Dettol Bathing Soap Bar Skincare 125 gm (Combo Pack),4 pcs,380,https://chaldal.com/soaps
Dettol Soap Bathing Bar Original Germ Defence 125 gm (Combo Pack),4 pcs,380,https://chaldal.com/soaps
Wild Stone Forest Spice Soap,125 gm,188,https://chaldal.com/soaps
Dettol Soap Bathing Bar Original Germ Defence,125 gm,95,https://chaldal.com/soaps
Dettol Soap Bathing Bar Original Germ Defence,75 gm,65,https://chaldal.com/soaps
Pond's Bright Beauty Anti-Spot-Formula Serum Cream,35 gm,180,https://chaldal.com/creams
Pond's Bright Beauty Anti-Spot-Formula Serum Cream,23 gm,130,https://chaldal.com/creams
Ligion Active Gold Mehedi,25 gm,50,https://chaldal.com/creams
Creme 21 Vitamin E Moisturizing Soft Cream,150 ml,605,https://chaldal.com/creams
Dove Silky Cream,300 ml,1450,https://chaldal.com/creams
Dove Intensive Cream,75 ml,495,https://chaldal.com/creams
Pond's White Beauty Day Cream,35 gm,240,https://chaldal.com/creams
Glow & Lovely Advanced Multivitamin Cream,100 gm,300,https://chaldal.com/creams
Beauty Formulas Intensive Foot Cream,100 ml,509,https://chaldal.com/creams
Sudocrem Antiseptic Healing Cream,125 gm,980,https://chaldal.com/creams
Fair And Lovely Cream Advanced Multivitamin,80 gm,400,https://chaldal.com/creams
Neutrogena Ultra Sheer Dry Touch Sunblock SPF,88 ml,1299,https://chaldal.com/creams
Glow & Lovely Face Cream Blemish Balm,40 gm,240,https://chaldal.com/creams
Glow & Lovely Advanced Multi Vitamin Cream,47 gm,165,https://chaldal.com/creams
Pond's Vanishing Cream,28 gm,60,https://chaldal.com/creams
Glow & Lovely Advanced Multi Vitamin Cream,23 gm,95,https://chaldal.com/creams
Pond's Bright Beauty Spot-less Glow Day Cream,23 gm,130,https://chaldal.com/creams
Olay Night Moisturiser Total Effects 7 in 1 Anti Ageing,50 gm,1470,https://chaldal.com/creams
Tibet Snow,50 gm,70,https://chaldal.com/creams
Glow & Lovely Winter Glow Face Cream,50 gm,170,https://chaldal.com/creams
Neutrogena Deep Clean Gel Wash,200 ml,1000,https://chaldal.com/face-wash-mask
Himalaya Purifying Neem Face Wash,150 ml,275,https://chaldal.com/face-wash-mask
Parachute SkinPure Aloe Vera Gel,100 ml,205,https://chaldal.com/face-wash-mask
Parachute SkinPure Aloe Vera Gel,200 ml,355,https://chaldal.com/face-wash-mask
Parachute SkinPure Aloe Vera Gel,50 ml,120,https://chaldal.com/face-wash-mask
Garnier Skin Naturals Light Complete Serum Mask,each,135,https://chaldal.com/face-wash-mask
Biore Mild Smooth Face Wash,100 gm,700,https://chaldal.com/face-wash-mask
Himalaya Fresh Start Oil Clear Face Wash Lemon,100 ml,199,https://chaldal.com/face-wash-mask
YC Peel Off Black Mask With Bamboo Charcoal,100 ml,650,https://chaldal.com/face-wash-mask
Himalaya Purifying Neem Face Wash,100 ml,230,https://chaldal.com/face-wash-mask
Pond's Face Wash Bright Beauty,100 gm,210,https://chaldal.com/face-wash-mask
Pond's Face Wash Daily,100 gm,150,https://chaldal.com/face-wash-mask
La Espanola Extra Virgin Olive Oil,500 ml,1350,https://chaldal.com/body-hair-oil
Ujjwala Care Anti Hairfall Herbal Hair Oil,100 ml,200,https://chaldal.com/body-hair-oil
Ujjwala Care Skin Lightening Body Oil,200 ml,380,https://chaldal.com/body-hair-oil
Ujjwala Care Skin Lightening Body Oil,100 ml,200,https://chaldal.com/body-hair-oil
Maya All Natural Moroccan Argan Oil,30 ml,850,https://chaldal.com/body-hair-oil
Maya All Natural Spanish Rosehip Seed Oil,30 ml,850,https://chaldal.com/body-hair-oil
Maya True Herbs Marula Oil,30 ml,850,https://chaldal.com/body-hair-oil
Kd Natures Aid Rose Oil,50 ml,280,https://chaldal.com/body-hair-oil
Olio Orolio Massage Oil,250 ml,480,https://chaldal.com/body-hair-oil
Ambassador Spanish Olive Oil,250 ml,780,https://chaldal.com/body-hair-oil
Oillina Natural Skin Care Olive Oil,100 ml,220,https://chaldal.com/body-hair-oil
Nivea Men Oil Control Moisturizer,50 ml,850,https://chaldal.com/body-hair-oil
Parachute SkinPure Beauty Olive Oil,200 ml,320,https://chaldal.com/body-hair-oil
Olitalia Italian Olive Oil,100 ml,475,https://chaldal.com/body-hair-oil
Parachute Advansed Aloe Vera Hair Oil 250 ml,2 pcs,640,https://chaldal.com/body-hair-oil
Livon Hair Serum,50 ml,300,https://chaldal.com/body-hair-oil
Bio Oil Specialist Skincare Oil,60 ml,650,https://chaldal.com/body-hair-oil
Meril Olive Oil Tin Jar,150 ml,450,https://chaldal.com/body-hair-oil
Himani Navaratna Cool Ayurvedic Hair Oil,200 ml,280,https://chaldal.com/body-hair-oil
Ice Cool Prickly Heat Powder,100 gm,65,https://chaldal.com/talcom-powder
Dermicool Prickly Heat Powder Regular,150 gm,546,https://chaldal.com/talcom-powder
White Tone Face Powder,50 gm,300,https://chaldal.com/talcom-powder
Cuticura Talcum Powder All Purpose,250 gm,650,https://chaldal.com/talcom-powder
Enchanteur Perfumed Talc Powder Romantic,125 gm,399,https://chaldal.com/talcom-powder
Revive Active Sun Block Powder,200 gm,105,https://chaldal.com/talcom-powder
Johnson's Baby Powder,300 gm,750,https://chaldal.com/talcom-powder
Tibet Luxuary Sun Protect Talcum Powder,200 gm,105,https://chaldal.com/talcom-powder
Tibet Prickly Heat Powder,100 gm,60,https://chaldal.com/talcom-powder
Deli Calculator 12 Digits (Black),each,700,https://chaldal.com/calculators
Citiplus Scientific Electronic Calculator (Sx-991 Es) Plus,each,1229,https://chaldal.com/calculators
Citiplus Scientific Electronic Calculator (Sx-991 Ms),each,729,https://chaldal.com/calculators
Casio Hand Held Calculator 8 Digit (HL-4A),25 gm,190,https://chaldal.com/calculators
Casio Scientific Calculator (FX 991ES Plus),each,1339,https://chaldal.com/calculators
Deli (M198) Basic Calculator 12 Digit,each,689,https://chaldal.com/calculators
Casio Calculator 12 Digit (MJ-120 D),each,780,https://chaldal.com/calculators
Kangaro Stapler Pin No.10 Small 1000 staples,,39,https://chaldal.com/stapler-punch
Deli Stapler Machine (Green),each,90,https://chaldal.com/stapler-punch
Deli Stapler Machine (Blue),each,90,https://chaldal.com/stapler-punch
Kangaro Punch Machine (Light Yellow Green),each,179,https://chaldal.com/stapler-punch
Kangaro Pin Remover (Red),each,109,https://chaldal.com/stapler-punch
Kangaro Pin Remover (Black),each,149,https://chaldal.com/stapler-punch
Deli Stapler Machine (White),each,80,https://chaldal.com/stapler-punch
Deli Pin Remover,each,79,https://chaldal.com/stapler-punch
Deli Stapler Machine,each,215,https://chaldal.com/stapler-punch
Kangaro Stapler Machine Medium,each,189,https://chaldal.com/stapler-punch
Kangaro Punch Machine,each,169,https://chaldal.com/stapler-punch
Kangaro Pin Remover,each,99,https://chaldal.com/stapler-punch
Mouse Pad,each,119,https://chaldal.com/organizing-accessories
Deli Colored Push Pins,100 pcs,99,https://chaldal.com/organizing-accessories
RFL Good Luck Sponge Damper,each,25,https://chaldal.com/organizing-accessories
RFL Good Luck Multiple Organizer,each,220,https://chaldal.com/organizing-accessories
Rubber Bands,100 gm,119,https://chaldal.com/organizing-accessories
Deli Office Pin 1 box,50 gm,40,https://chaldal.com/organizing-accessories
Deli Colored Paper Clips,100 pcs,69,https://chaldal.com/organizing-accessories
A4 Tech Optical USB Mouse,each,595,https://chaldal.com/organizing-accessories
"Binder Clip (1"")",12 pcs,90,https://chaldal.com/organizing-accessories
Board Duster,each,59,https://chaldal.com/organizing-accessories
ID Card Holder (T-014H),each,29,https://chaldal.com/organizing-accessories
Binding Needle,each,49,https://chaldal.com/organizing-accessories
Deli Clip Box,each,70,https://chaldal.com/organizing-accessories
ID Card Holder (T-014V),each,29,https://chaldal.com/organizing-accessories
Pin Holder,each,89,https://chaldal.com/organizing-accessories
Artline Stamp Pad 106×67 mm,each,99,https://chaldal.com/organizing-accessories
"Binder Clip (2"")",12 pcs,159,https://chaldal.com/organizing-accessories
Deli Fingertip Moistener,each,150,https://chaldal.com/organizing-accessories
Bili Management File A4 (Purple),each,39,https://chaldal.com/file-folder
Bili Management File A4 (Blue),each,39,https://chaldal.com/file-folder
Bili Management File A4 (Green),each,39,https://chaldal.com/file-folder
Transparent File Folder,each,39,https://chaldal.com/file-folder
Court File (Orange),each,79,https://chaldal.com/file-folder
Court File (Blue),each,79,https://chaldal.com/file-folder
Court File (Yellow),each,69,https://chaldal.com/file-folder
RFL Good Luck Three Station File Organizer,each,300,https://chaldal.com/file-folder
Deli Management File,each,35,https://chaldal.com/file-folder
Bag File,each,649,https://chaldal.com/file-folder
Court File,each,49,https://chaldal.com/file-folder
Deli Student Ruler Compass Set Blue,each,125,https://chaldal.com/measuring
Deli Student Ruler Compass Set Pink,each,125,https://chaldal.com/measuring
Deli Compass With Lead Pencil (Pink),each,100,https://chaldal.com/measuring
Deli Compass With Lead Pencil (Blue),each,200,https://chaldal.com/measuring
RFL Good Luck Scale Super 30 cm,each,15,https://chaldal.com/measuring
RFL Good Luck Scale Scholar 30 cm,each,15,https://chaldal.com/measuring
Deli Orbit Classic Metal Compass Set,each,235,https://chaldal.com/measuring
Deli Compass Set,each,400,https://chaldal.com/measuring
Red Leaf 707 Permanent Marker (Red),each,79,https://chaldal.com/highlighters
Red Leaf 707 Permanent Marker (Blue),each,79,https://chaldal.com/highlighters
Red Leaf White Board Marker Pen 737 (Black),each,139,https://chaldal.com/highlighters
Faber Castell Highlighter Marker (Nion Red),each,79,https://chaldal.com/highlighters
Deli Liquid Highlighter Chisel Tip (Yellow),each,35,https://chaldal.com/highlighters
Red Leaf 707 Permanent Marker (Black),each,109,https://chaldal.com/highlighters
Red Leaf 303 Flourescent Highlighter (Pink),each,59,https://chaldal.com/highlighters
Red Leaf 303 Flourescent Highlighter (Blue),each,59,https://chaldal.com/highlighters
Red Leaf 303 Flourescent Highlighter (Orange),each,59,https://chaldal.com/highlighters
Red Leaf 303 Flourescent Highlighter (Green),each,59,https://chaldal.com/highlighters
Faber Castell Highlighter Marker (Green),each,45,https://chaldal.com/highlighters
Faber Castell Highlighter Marker (Blue),each,45,https://chaldal.com/highlighters
Faber Castell Highlighter Marker (Yellow),each,45,https://chaldal.com/highlighters
Red Leaf White Board Marker Pen (Black),each,139,https://chaldal.com/highlighters
Horse Refill Ink For Stamp Pad 30 cc (Violet),each,71,https://chaldal.com/printer-ink
Horse Stamp Pad (UN-Ink),each,179,https://chaldal.com/printer-ink
Printex Laser Toner Cartridge (48A),each,2459,https://chaldal.com/printer-ink
Printex Laser Toner Cartridge (85A),each,999,https://chaldal.com/printer-ink
Printex Laser Toner Cartridge (79A),each,1209,https://chaldal.com/printer-ink
Visa Laser Toner Cartridge (48A),each,1999,https://chaldal.com/printer-ink
Visa Laser Toner Cartridge (79A),each,839,https://chaldal.com/printer-ink
Visa Laser Toner Cartridge (285A - P1102),each,929,https://chaldal.com/printer-ink
Faber Castell Pencil 7420 HB,12 pcs,125,https://chaldal.com/pencils
Faber Castell Pencil HB (Gold Faber),12 pcs,320,https://chaldal.com/pencils
Faber Castell Red Matt Pencil HB,12 pcs,156,https://chaldal.com/pencils
Fresh Campus 4B Pencil 66 gm,12 pcs,120,https://chaldal.com/pencils
Fresh Campus 2B Pencil 68 gm,12 pcs,120,https://chaldal.com/pencils
Faber Castell HB pencil (with Eraser),12 pcs,249,https://chaldal.com/pencils
Deli Whiteboard Eraser (Grey),each,50,https://chaldal.com/erasers-correction-fluid
RFL Good Luck Duster Blue,each,35,https://chaldal.com/erasers-correction-fluid
RFL Good Luck Duster Red,each,30,https://chaldal.com/erasers-correction-fluid
Deli Correction Pen Quick Drying 8 ml,each,55,https://chaldal.com/erasers-correction-fluid
Pencil Sharpner (94529),each,19,https://chaldal.com/erasers-correction-fluid
Sonali A4 Size Paper (65 GSM) 1 Rim,,419,https://chaldal.com/printing-paper
Sonali A4 Size Paper (80 GSM) 1 Rim,,589,https://chaldal.com/printing-paper
Double A A3 Size Paper (80 GSM) 1 rim,,1479,https://chaldal.com/printing-paper
Fresh A4 Size Paper (80 GSM) 1 Rim,,520,https://chaldal.com/printing-paper
Double A Legal Size (80 GSM) 1 rim,,1079,https://chaldal.com/printing-paper
Bashundhara Paper A4 Size (70 GSM) 1 Rim,each,465,https://chaldal.com/printing-paper
Paper Tech  A4 Size (80 GSM) 1 Rim,each,499,https://chaldal.com/printing-paper
Century A4 Size Paper (80 GSM) 1 Rim,each,779,https://chaldal.com/printing-paper
University khata 300 Pages,each,169,https://chaldal.com/school-supplies
Pencil Bag (Yellow),each,40,https://chaldal.com/school-supplies
Pencil Box (Red),each,114,https://chaldal.com/school-supplies
Pencil Box (Pink),each,114,https://chaldal.com/school-supplies
Pencil Box (Purple),each,114,https://chaldal.com/school-supplies
Pencil Box (Blue),each,114,https://chaldal.com/school-supplies
Matador i-teen Aroma Ball Pen Black Ink,6 pcs,73,https://chaldal.com/school-supplies
Deli Compass Set,each,400,https://chaldal.com/school-supplies
Casio Scientific Calculator (FX 991ES Plus),each,1339,https://chaldal.com/school-supplies
Faber Castell HB pencil (with Eraser),12 pcs,249,https://chaldal.com/school-supplies
Titi Artists Oil pastel 12 Color,each,259,https://chaldal.com/color-pencil
Faber Castell Wax Crayons 90 mm 12 Color,each,140,https://chaldal.com/color-pencil
Faber Castell Oil Pastel 12 Color,each,115,https://chaldal.com/color-pencil
Deli Color Pencil,12 pcs,119,https://chaldal.com/color-pencil
Deli Felt Pen,24 pcs,125,https://chaldal.com/color-pencil
Deli Color Emotion Color Pencils,12 pcs,140,https://chaldal.com/color-pencil
Faber Castell Water Color Pencil,12 pcs,249,https://chaldal.com/color-pencil
Faber Castell Long Color Pencil Round Tin,12 pcs,369,https://chaldal.com/color-pencil
SmartHeart Creamy Treat Tuna,60 gm,279,https://chaldal.com/cat-food
Royal Canin Adult Persian,2 kg,3169,https://chaldal.com/cat-food
Foodinnova Toro Toro Cat Soup Tuna & Katsuobushi,75 gm,239,https://chaldal.com/cat-food
Foodinnova Toro Toro Cat Soup Tuna & Mix Seafood,75 gm,249,https://chaldal.com/cat-food
Foodinnova Toro Toro Cat Soup Tuna Fiber,75 gm,249,https://chaldal.com/cat-food
Foodinnova Toro Toro Cat Soup Chicken & Vegetable,75 gm,249,https://chaldal.com/cat-food
Foodinnova Cat Food Nekko Tuna In Gravy,70 gm,99,https://chaldal.com/cat-food
Foodinnova Cat Food Nekko Real Tuna In Jelly,70 gm,99,https://chaldal.com/cat-food
SmartHeart Adult Cat Food Seafood,3 kg,1649,https://chaldal.com/cat-food
SmartHeart Cat Food Adult Mackerel Flavor,3 kg,1969,https://chaldal.com/cat-food
Whiskas Adult Cat Food Tuna,80 gm,99,https://chaldal.com/cat-food
Whiskas Adult Cat Food Ocean Fish,80 gm,99,https://chaldal.com/cat-food
SmartHeart Adult Cat Food Sardine Chicken & Rice,85 gm,99,https://chaldal.com/cat-food
Paw Paw Kitten Dry Cat Food Chicken,1.5 kg,699,https://chaldal.com/kitten-food
Bonacibo Cat Food Kitten Chicken With Anchovy & Rice,1.5 kg,1139,https://chaldal.com/kitten-food
Foodinnova Nekko Kitten Chicken Mousse,70 gm,99,https://chaldal.com/kitten-food
Foodinnova Nekko Kitten Tuna Mousse with Goat Milk,70 gm,99,https://chaldal.com/kitten-food
SmartHeart Kitten Food Tuna,85 gm,119,https://chaldal.com/kitten-food
Whiskas Junior Cat Food Mackerel,80 gm,99,https://chaldal.com/kitten-food
Whiskas Cat Food Junior Tuna Kitten,80 gm,99,https://chaldal.com/kitten-food
SmartHeart Puppy Dog Food Beef & Milk,500 gm,249,https://chaldal.com/dog-food
SmartHeart Adult Dog Chicken & Egg Flavor,500 gm,319,https://chaldal.com/dog-food
SmartHeart Puppy Food Beef & Milk,8 kg,2749,https://chaldal.com/dog-food
SmartHeart Puppy Food Chicken Egg & Milk,8 kg,2749,https://chaldal.com/dog-food
SmartHeart Adult Dog Food Smoked Liver Flavor,500 gm,219,https://chaldal.com/dog-food
RFL Pakhir Basha (Bird Nest),each,400,https://chaldal.com/pet-grooming-cleaning
Bearing Tick And Flea Dog Shampoo Short Hair,300 ml,549,https://chaldal.com/pet-grooming-cleaning
Bearing Tick & Flea Dog Spray,250 ml,1795,https://chaldal.com/pet-grooming-cleaning
Versele Laga Cat Attract,200 ml,1519,https://chaldal.com/pet-grooming-cleaning
Versele Laga Oropharme Oral Spary,150 ml,579,https://chaldal.com/pet-grooming-cleaning
Versele Laga Cat Dry Shampoo,150 ml,1049,https://chaldal.com/pet-grooming-cleaning
Petme Oral +Plus Gel,30 gm,469,https://chaldal.com/pet-grooming-cleaning
Pierre Cardin Natural Look Foundation,30 ml,1250,https://chaldal.com/beauty
Lipsilk Lip Balm Strawberry,7 gm,210,https://chaldal.com/beauty
Zayn & Myza Breathable Nail Enamel Strawberry Jelly,6 ml,390,https://chaldal.com/beauty
Zayn & Myza Breathable Nail Enamel Red Velvet,6 ml,390,https://chaldal.com/beauty
Zayn & Myza Breathable Nail Enamel Pink Popsicle,6 ml,390,https://chaldal.com/beauty
Zayn & Myza Breathable Nail Enamel Mauve Cheesecake,6 ml,390,https://chaldal.com/beauty
Lafz Lip Color Valley Of Roses,5.5 ml,990,https://chaldal.com/beauty
Ligion Face Magic Gold,50 gm,200,https://chaldal.com/beauty
Ligion Ladies Uptan,70 gm,70,https://chaldal.com/beauty
Woman's World Uptan,150 gm,100,https://chaldal.com/beauty
Mobil Delvac MX 15W-40,5 ltr,2900,https://chaldal.com/vehicle-essentials
Alex Car Wash,500 ml,345,https://chaldal.com/vehicle-essentials
Petronas Mach 5 Plus 20w-50 (API SJ),4 ltr,1480,https://chaldal.com/vehicle-essentials
Super V Multi Grade Engine Oil 20W-50,1 ltr,689,https://chaldal.com/vehicle-essentials
Godrej Aer Cool Surf Blue Click Gel AC Vent Car Freshener,each,399,https://chaldal.com/vehicle-essentials
Alex Car Shampoo & Wax,500 ml,495,https://chaldal.com/vehicle-essentials
SMC Orsaline-N,25 pcs,150,https://chaldal.com/antiseptics
ACI Savlon Antiseptic Liquid,56 ml,45,https://chaldal.com/antiseptics
Dettol Antiseptic Disinfectant Liquid,100 ml,60,https://chaldal.com/antiseptics
ACI Savlon Antiseptic,5 ltr,1149,https://chaldal.com/antiseptics
ACI Savlon Liquid Antiseptic,1000 ml,280,https://chaldal.com/antiseptics
ACI Savlon Liquid Antiseptic,500 ml,175,https://chaldal.com/antiseptics
Alcohol Prep Pads,100 pcs,155,https://chaldal.com/antiseptics
Himani Fast Relief,50 ml,500,https://chaldal.com/antiseptics
Hexisol Hand Rub,50 ml,55,https://chaldal.com/antiseptics
Hexisol Hand Rub,250 ml,140,https://chaldal.com/antiseptics
Dettol Antiseptic Disinfectant Liquid,500 ml,175,https://chaldal.com/antiseptics
Dettol Antiseptic Disinfectant Liquid,5 ltr,1500,https://chaldal.com/antiseptics
Dettol Fresh Liquid Handwash Refill,170 ml,80,https://chaldal.com/handwash-handrub
Dettol Fresh Liquid Handwash Pump,200 ml,110,https://chaldal.com/handwash-handrub
Dettol Handwash Original Liquid Refill,170 ml,80,https://chaldal.com/handwash-handrub
Dettol Handwash Original Liquid Pump,200 ml,110,https://chaldal.com/handwash-handrub
ACI Savlon Ocean Blue Antiseptic Handwash Refill,170 ml,80,https://chaldal.com/handwash-handrub
Dettol Handwash Skincare Liquid Refill,170 ml,80,https://chaldal.com/handwash-handrub
Dettol Handwash Re-Energize Liquid Refill,750 ml,270,https://chaldal.com/handwash-handrub
Savlon Instant Hand Sanitizer,200 ml,200,https://chaldal.com/handwash-handrub
Savlon Hand Sanitizer,50 ml,80,https://chaldal.com/handwash-handrub
Dettol Handwash Re-Energize Liquid,5 ltr,1400,https://chaldal.com/handwash-handrub
Hexisol Hand Rub,50 ml,55,https://chaldal.com/handwash-handrub
Hexisol Hand Rub,250 ml,140,https://chaldal.com/handwash-handrub
Sepnil Instant Hand Sanitizer,40 ml,80,https://chaldal.com/handwash-handrub
Dettol Handwash Aloe Vera Liquid Pump,200 ml,110,https://chaldal.com/handwash-handrub
Dettol Handwash Aloe Vera Liquid Refill,170 ml,80,https://chaldal.com/handwash-handrub
Sepnil Instant Hand Sanitizer,200 ml,250,https://chaldal.com/handwash-handrub
Dettol Handwash Cool Liquid Refill,170 ml,80,https://chaldal.com/handwash-handrub
Dettol Handwash Cool Liquid Pump,200 ml,110,https://chaldal.com/handwash-handrub
Dettol Handwash Skincare Liquid Pump,200 ml,110,https://chaldal.com/handwash-handrub
Lifebuoy Handwash Total Pump,200 ml,120,https://chaldal.com/handwash-handrub
Colgate Plax Peppermint Mouth Wash,750 ml,1160,https://chaldal.com/mouthwashes
Colgate Plax Peppermint Mouth Wash,500 ml,585,https://chaldal.com/mouthwashes
Colgate Plax Herbal Salt Mouth Wash,500 ml,1260,https://chaldal.com/mouthwashes
Colgate Plax Freshmint Mouth Wash,750 ml,815,https://chaldal.com/mouthwashes
Colgate Plax Freshmint Mouth Wash,250 ml,540,https://chaldal.com/mouthwashes
Zandu Balm Ultra Power,8 ml,210,https://chaldal.com/mouthwashes
Ring Guard Fast Relief Balm,12 gm,180,https://chaldal.com/mouthwashes
Thai Adult Pant Diaper M Waist Size 27-45 Inch,10 pcs,679,https://chaldal.com/adult-diapers
SmartCare Adult Diaper M 60-110 cm,10 pcs,920,https://chaldal.com/adult-diapers
Thai Adult Pant Diaper L Waist Size 30-55 Inch,10 pcs,739,https://chaldal.com/adult-diapers
Aspire Adult Diaper Belt M 76- 116 cm,8 pcs,719,https://chaldal.com/adult-diapers
Glory Adult Diaper Large (110-150 cm),8 pcs,839,https://chaldal.com/adult-diapers
Safe-Accu Blood Glucose Monitor Device Kit,,1500,https://chaldal.com/medical-devices
Hot Water Bottle With Flees Cover (Assorted Color),2000 ml,299,https://chaldal.com/medical-devices
Digital Thermometer,each,189,https://chaldal.com/medical-devices
Safe-Accu Blood Glucose Test Strip In Foil Pack,25 pcs,520,https://chaldal.com/medical-devices
Safe-Accu Blood Glucose Test Strip In Foil Pack,50 pcs,1000,https://chaldal.com/medical-devices
Safe-Accu Blood Glucose Monitor Device Kit (Free Sir 750 ml),,1500,https://chaldal.com/medical-devices
Rohs Fingertip Pulse Oximeter,each,819,https://chaldal.com/medical-devices
Digital Thermometer with Beeper,each,849,https://chaldal.com/medical-devices
