Item Name,Quantity/Volume,Price (BDT),Link
Potato Regular (± 50 gm),1 kg,26,https://chaldal.com/fresh-vegetable
Red Tomato ± 25 gm,500 gm,79,https://chaldal.com/fresh-vegetable
Coriander Leaves (Dhonia Pata) ± 10 gm,100 gm,19,https://chaldal.com/fresh-vegetable
Roshun (Garlic Imported) ± 25 gm,500 gm,75,https://chaldal.com/fresh-vegetable
Kacha Morich (Green Chilli) ±12 gm,250 gm,29,https://chaldal.com/fresh-vegetable
Lal Alu (Red Potato Cardinal) ± 50 gm,1 kg,25,https://chaldal.com/fresh-vegetable
Lal Shak (Red Spinach),1 bundle,19,https://chaldal.com/fresh-vegetable
Deshi Shosha (Local Cucumber) ± 25 gm,500 gm,39,https://chaldal.com/fresh-vegetable
Ada (Imported Ginger) ± 25 gm,500 gm,89,https://chaldal.com/fresh-vegetable
Lomba Lebu (Long Lemon),4 pcs,25,https://chaldal.com/fresh-vegetable
Misti Kumra Fali (Sweet Pumpkin Slice) ± 40 gm,1 kg,45,https://chaldal.com/fresh-vegetable
Deshi Roshun (Garlic Local) ±25 gm,500 gm,59,https://chaldal.com/fresh-vegetable
Kacha Pepe (Green Papaya) ± 70 gm,1.4 kg,59,https://chaldal.com/fresh-vegetable
Kacha Morich (Green Chilli) ± 12 gm,100 gm,12,https://chaldal.com/fresh-vegetable
Misti Alu (Sweet Potato) ± 25 gm,500 gm,39,https://chaldal.com/fresh-vegetable
Deshi Ada (Local Ginger) ± 25 gm,500 gm,75,https://chaldal.com/fresh-vegetable
Palong Shak (Palong Spinach),1 bundle,29,https://chaldal.com/fresh-vegetable
Kolmi Shak (Water Spinach),1 bundle,19,https://chaldal.com/fresh-vegetable
Shosha (Cucumber) ± 25 gm,500 gm,35,https://chaldal.com/fresh-vegetable
Chichinga (Snake Gourd) ± 25 gm,500 gm,29,https://chaldal.com/fresh-vegetable
Gol Lebu (Round Lemon),4 pcs,29,https://chaldal.com/fresh-vegetable
Lau (Bottle Gourd),each,65,https://chaldal.com/fresh-vegetable
Fulkopi (Cauliflower),each,75,https://chaldal.com/fresh-vegetable
Green Capsicum ± 15 gm,300 gm,89,https://chaldal.com/fresh-vegetable
Beetroot ±25 gm,500 gm,45,https://chaldal.com/fresh-vegetable
Badhakopi (Cabbage),each,65,https://chaldal.com/fresh-vegetable
Uchche (Local Bitter Gourd) ± 25 gm,500 gm,39,https://chaldal.com/fresh-vegetable
Korola (Bitter Gourd) ± 25 gm,500 gm,39,https://chaldal.com/fresh-vegetable
Pui Shak (Pui Spinach),1 bundle,39,https://chaldal.com/fresh-vegetable
Kochur Mukhi (Taro Roots) ± 25 gm,500 gm,45,https://chaldal.com/fresh-vegetable
Kacha Kola (Banana Green),4 pcs,55,https://chaldal.com/fresh-vegetable
Lomba Kalo Begun (Long Brinjal Black) ± 25 gm,500 gm,45,https://chaldal.com/fresh-vegetable
Sobuj Gol Begun (Round Brinjals Green) ±35 gm,700 gm,59,https://chaldal.com/fresh-vegetable
Jali Kumra (Water Pumpkin),each,59,https://chaldal.com/fresh-vegetable
Pudina Pata (Mint Leaves) ± 10 gm,100 gm,29,https://chaldal.com/fresh-vegetable
Data Shak (Data Spinach),1 bundle,19,https://chaldal.com/fresh-vegetable
Dhundhul (Sponge Gourd) ±20 gm,500 gm,35,https://chaldal.com/fresh-vegetable
Thankuni Pata (Pennywort Leaves),1 bundle,9,https://chaldal.com/fresh-vegetable
Kochur Loti (Stolon Of Taro) ± 25 gm,500 gm,39,https://chaldal.com/fresh-vegetable
Lal Alu (Red Potato) ± 25 gm,500 gm,29,https://chaldal.com/fresh-vegetable
Kalo Gol Begun (Round Brinjals Black) ±35 gm,800 gm,75,https://chaldal.com/fresh-vegetable
Ada (Imported Ginger) ± 25 gm,250 gm,49,https://chaldal.com/fresh-vegetable
Roshun (Garlic Imported) ± 25 gm,250 gm,39,https://chaldal.com/fresh-vegetable
Bombay Chilli,5 pcs,29,https://chaldal.com/fresh-vegetable
Potato Regular (± 25 gm),600 gm,16,https://chaldal.com/fresh-vegetable
Mula (Radish) ± 25 gm,500 gm,35,https://chaldal.com/fresh-vegetable
Lau Shak (Sweet Bitter Melon Leaves),1 bundle,45,https://chaldal.com/fresh-vegetable
Lettuce Leaves ± 10 gm,100 gm,39,https://chaldal.com/fresh-vegetable
Deshi Roshun (Garlic Local) ±25 gm,250 gm,35,https://chaldal.com/fresh-vegetable
Kacha Holud (Raw Turmeric) ± 12 gm,250 gm,45,https://chaldal.com/fresh-vegetable
Broiler Whole Chicken Leg Skin On (± 50 gm),1 kg,489,https://chaldal.com/chicken-poultry
Broiler Chicken Skin On ± 50 gm,1 kg,289,https://chaldal.com/chicken-poultry
Broiler Chicken Skin Off ± 50 gm,1 kg,319,https://chaldal.com/chicken-poultry
Broiler Chicken Skin Off ± 50 gm,1.4 kg,439,https://chaldal.com/chicken-poultry
Broiler Chicken Breast Boneless ± 50 gm,1 kg,599,https://chaldal.com/chicken-poultry
Broiler Chicken Thigh Boneless ± 50 gm,1 kg,449,https://chaldal.com/chicken-poultry
Broiler Chicken Drumsticks ± 50 gm (9-12 pcs),1 kg,499,https://chaldal.com/chicken-poultry
Broiler Chicken Breast Boneless ± 25 gm,500 gm,299,https://chaldal.com/chicken-poultry
Chicken Liver (Kolija) ± 25 gm,500 gm,199,https://chaldal.com/chicken-poultry
Bengal Meat Chicken Thigh Keema ± 50 gm,1 kg,635,https://chaldal.com/chicken-poultry
Bengal Meat Whole Chicken Curry Cut ± 50 gm,1 kg,465,https://chaldal.com/chicken-poultry
Broiler Chicken Drumsticks ± 25 gm (6-8 pcs),500 gm,249,https://chaldal.com/chicken-poultry
Broiler Chicken Thigh Boneless ± 25 gm,500 gm,199,https://chaldal.com/chicken-poultry
Broiler Chicken Skin On ± 50 gm,1.4 kg,399,https://chaldal.com/chicken-poultry
Chaldal Premium Broiler Chicken Wings ± 50 gm,500 gm,219,https://chaldal.com/chicken-poultry
Chicken Liver Gizzard Mix,1 kg,239,https://chaldal.com/chicken-poultry
Chicken Keema (Net Weight ± 50 gm),1 kg,679,https://chaldal.com/chicken-poultry
Broiler Chicken Wings (± 50 gm),1 kg,459,https://chaldal.com/chicken-poultry
Broiler Chicken Breast With Bone (± 50 gm),1 kg,499,https://chaldal.com/chicken-poultry
Live Cock Chicken (Processed) ± 25 gm,500 gm,299,https://chaldal.com/chicken-poultry
Beijing Duck Meat (Net Weight ± 50 gm),1500 gm,999,https://chaldal.com/chicken-poultry
Chaldal Premium Broiler Chicken Wings ± 50 gm,500 gm,219,https://chaldal.com/premium-perishables
Whole Deshi Chicken Skin Off ± 25 gm,500 gm,639,https://chaldal.com/meat-new
Broiler Whole Chicken Leg Skin On (± 50 gm),1 kg,489,https://chaldal.com/meat-new
Broiler Chicken Skin On ± 50 gm,1 kg,289,https://chaldal.com/meat-new
Broiler Chicken Skin Off ± 50 gm,1 kg,319,https://chaldal.com/meat-new
Cock Chicken Skin Off ± 25 gm,500 gm,329,https://chaldal.com/meat-new
Beef Bone In ± 50 gm,1 kg,799,https://chaldal.com/meat-new
Beef Boneless ± 25 gm,500 gm,619,https://chaldal.com/meat-new
Roast Chicken ± 10 gm,275 gm,189,https://chaldal.com/meat-new
Beef Liver (Kolija),500 gm,429,https://chaldal.com/meat-new
Broiler Chicken Breast Boneless ± 50 gm,1 kg,599,https://chaldal.com/meat-new
Broiler Chicken Thigh Boneless ± 50 gm,1 kg,449,https://chaldal.com/meat-new
Beef Ribs (Shinar Mangsho),1 kg,799,https://chaldal.com/meat-new
Broiler Chicken Drumsticks ± 50 gm (9-12 pcs),1 kg,499,https://chaldal.com/meat-new
Broiler Chicken Breast Boneless ± 25 gm,500 gm,299,https://chaldal.com/meat-new
Bengal Meat Beef Keema ± 50 gm,1 kg,1050,https://chaldal.com/meat-new
Chicken Liver (Kolija) ± 25 gm,500 gm,199,https://chaldal.com/meat-new
Beef Bone In (Net Weight ± 25 gm),500 gm,409,https://chaldal.com/meat-new
Bengal Meat Beef Head Meat,1 kg,550,https://chaldal.com/meat-new
Bengal Meat Chicken Thigh Keema ± 50 gm,1 kg,635,https://chaldal.com/meat-new
Beef Head Meat Regular,1 kg,499,https://chaldal.com/meat-new
Beef Brain (Mogoz),each,519,https://chaldal.com/meat-new
Bengal Meat Whole Chicken Curry Cut ± 50 gm,1 kg,465,https://chaldal.com/meat-new
Beef Bone In ± 20 gm,250 gm,209,https://chaldal.com/meat-new
Broiler Chicken Breast With Bone ± 25 gm,500 gm,235,https://chaldal.com/meat-new
Mutton Paya,5 pcs,199,https://chaldal.com/meat-new
Broiler Chicken Drumsticks ± 25 gm (6-8 pcs),500 gm,249,https://chaldal.com/meat-new
Broiler Chicken Thigh Boneless ± 25 gm,500 gm,199,https://chaldal.com/meat-new
Quail Meat,2 pcs,169,https://chaldal.com/meat-new
Mutton Head Meat Regular (Net Weight ± 50 gm),1 kg,639,https://chaldal.com/meat-new
Halim Meat (Beef) ± 20 gm,300 gm,249,https://chaldal.com/meat-new
Chaldal Premium Broiler Chicken Wings ± 50 gm,500 gm,219,https://chaldal.com/meat-new
Whole Layer Chicken Skin Off (Net Weight ± 50 gm),1330 gm,859,https://chaldal.com/meat-new
Chicken Liver Gizzard Mix,1 kg,239,https://chaldal.com/meat-new
Beef Keema,500 gm,639,https://chaldal.com/meat-new
Chicken Keema (Net Weight ± 50 gm),1 kg,679,https://chaldal.com/meat-new
Broiler Chicken Wings (± 50 gm),1 kg,459,https://chaldal.com/meat-new
Broiler Chicken Breast With Bone (± 50 gm),1 kg,499,https://chaldal.com/meat-new
Mutton Brain (Mogoz),2 pcs,259,https://chaldal.com/meat-new
Beef Paya ± 100 gm,2 kg,1099,https://chaldal.com/meat-new
Mutton Paya,10 pcs,399,https://chaldal.com/meat-new
Mutton Bone in (Khashi) ± 50 gm,1 kg,1199,https://chaldal.com/meat-new
Pigeon Meat,each,189,https://chaldal.com/meat-new
Quail Meat,4 pcs,299,https://chaldal.com/meat-new
Bengal Meat Beef Paya,2 kg,1120,https://chaldal.com/meat-new
Live Cock Chicken (Processed) ± 25 gm,500 gm,299,https://chaldal.com/meat-new
Whole Deshi Duck Skin On (Net Weight ± 50 gm),900 gm,789,https://chaldal.com/meat-new
Beef Tripe (Vuri),1 kg,499,https://chaldal.com/meat-new
Cow Lungs ± 25 gm,500 gm,249,https://chaldal.com/meat-new
Deshi Duck With Skin After Cutting (Net Weight ± 50 gm),1 kg,899,https://chaldal.com/meat-new
Beijing Duck Meat After Cutting (Net Weight ± 50 gm),1 kg,799,https://chaldal.com/meat-new
Welcome Light Meat Tuna In Sunflower Oil (Flake),170 gm,190,https://chaldal.com/tofu-meat-alternatives
King Bell Tuna Salad Vegetables,170 gm,320,https://chaldal.com/tofu-meat-alternatives
King Bell Tuna Salad In Tomato Sauce,170 gm,310,https://chaldal.com/tofu-meat-alternatives
King Bell Whole Baby Corn Tin,425 gm,180,https://chaldal.com/tofu-meat-alternatives
Nautilus Lite Sandwich Tuna In Spring Water,165 gm,429,https://chaldal.com/tofu-meat-alternatives
Nautilus Sandwich Tuna In Soybean Oil,165 gm,319,https://chaldal.com/tofu-meat-alternatives
Nautilus Lite Tuna Chunk Soybean Oil,165 gm,319,https://chaldal.com/tofu-meat-alternatives
ACI Pure Salt,1 kg,42,https://chaldal.com/salt-sugar
Fresh Super Premium (Vacuum) Salt,1 kg,42,https://chaldal.com/salt-sugar
AJI-NO-MOTO Monosodium Glutamate,200 gm,95,https://chaldal.com/salt-sugar
Fresh Refined Sugar,1 kg,110,https://chaldal.com/salt-sugar
Teer Sugar,1 kg,110,https://chaldal.com/salt-sugar
ACI Pure Salt,500 gm,22,https://chaldal.com/salt-sugar
Starship Refined Sugar,1 kg,110,https://chaldal.com/salt-sugar
Rock Salt (Bit Lobon),100 gm,55,https://chaldal.com/salt-sugar
Sugar Candy (Tal Misri),200 gm,39,https://chaldal.com/salt-sugar
AJI-NO-MOTO Monosodium Glutamate,100 gm,50,https://chaldal.com/salt-sugar
Saad Bit Salt,100 gm,50,https://chaldal.com/salt-sugar
ACI Sprinkle Salt & Pepper Mix,100 gm,125,https://chaldal.com/salt-sugar
AJI-NO-MOTO Monosodium Glutamate,40 gm,20,https://chaldal.com/salt-sugar
Pran Iodized Salt,1 kg,42,https://chaldal.com/salt-sugar
Sis White Icing Sugar,500 gm,359,https://chaldal.com/salt-sugar
Sis Brown Sugar,800 gm,759,https://chaldal.com/salt-sugar
Sis White Sugar Cube,454 gm,500,https://chaldal.com/salt-sugar
Farina Laccha Shemai,500 gm,140,https://chaldal.com/shemai-suji
Farina Chutki Shemai,200 gm,40,https://chaldal.com/shemai-suji
Rahul Vermicelli Chikon Shemai,200 gm,40,https://chaldal.com/shemai-suji
Banoful Lashcha Shemai,200 gm,50,https://chaldal.com/shemai-suji
Kolson Cock Vermicelli (Shemai),200 gm,45,https://chaldal.com/shemai-suji
Teer Semolina Suji,500 gm,48,https://chaldal.com/shemai-suji
Kolson Special Lascha Semai,180 gm,50,https://chaldal.com/shemai-suji
ACI Pure Suji,500 gm,48,https://chaldal.com/shemai-suji
Radhuni Shemai,200 gm,45,https://chaldal.com/shemai-suji
Bombay Sweets Instant Laccha Shemai,180 gm,60,https://chaldal.com/shemai-suji
Olympic Lascha Shemai,200 gm,50,https://chaldal.com/shemai-suji
Rahul Vermicelli Chikon Shemai,500 gm,90,https://chaldal.com/shemai-suji
Banoful Vermicelli Shemai,200 gm,45,https://chaldal.com/shemai-suji
Dekko Laccha Shemai,180 gm,50,https://chaldal.com/shemai-suji
Pran Vermicelli Shemai,200 gm,45,https://chaldal.com/shemai-suji
Dekko Shahi Shemai,180 gm,45,https://chaldal.com/shemai-suji
Thai Choice Rice Noodles,200 gm,350,https://chaldal.com/shemai-suji
Fresh Suji,500 gm,48,https://chaldal.com/shemai-suji
Dekko Apyayan Lachsa Semai,180 gm,50,https://chaldal.com/shemai-suji
Rahul Vermicelli I Shape Shemai,200 gm,40,https://chaldal.com/shemai-suji
Rahul Vermicelli U Shape Shemai,200 gm,45,https://chaldal.com/shemai-suji
Chickpea Flour (Boot Beshon),500 gm,69,https://chaldal.com/miscellaneous
Sagudana,200 gm,45,https://chaldal.com/miscellaneous
Foster Clark's Corn Flour,400 gm,360,https://chaldal.com/miscellaneous
Tamarind peeled (Tetul),200 gm,55,https://chaldal.com/miscellaneous
Pumpkin Seed,100 gm,99,https://chaldal.com/miscellaneous
Nutmeg (Jayfal) Whole,5 pcs,49,https://chaldal.com/miscellaneous
Fit Food Italian Seasoning,80 gm,250,https://chaldal.com/miscellaneous
Fit Food Cajun Seasoning,80 gm,250,https://chaldal.com/miscellaneous
Barilla Pasta Sauce Jar Napoletana,400 gm,599,https://chaldal.com/miscellaneous
Barilla Pasta Sauce Jar Arrabbiata,400 gm,599,https://chaldal.com/miscellaneous
Barilla Pasta Sauce Jar Basilico,400 gm,599,https://chaldal.com/miscellaneous
Kidney Bean,500 gm,129,https://chaldal.com/miscellaneous
Remia Dijon Mustard,370 gm,520,https://chaldal.com/miscellaneous
BBQ Coal Bag,1 kg,149,https://chaldal.com/miscellaneous
Bread Crumbs Loose,200 gm,45,https://chaldal.com/miscellaneous
Uncle Barn's Tempura Flour,500 gm,275,https://chaldal.com/miscellaneous
Chia Seed,100 gm,59,https://chaldal.com/premium-ingredients
Farmer's Gold Raw Turmeric powder,100 gm,140,https://chaldal.com/premium-ingredients
Farmer's Gold Protein Powder,200 gm,450,https://chaldal.com/premium-ingredients
Ligion Black Seed With Sesame Seed,100 gm,130,https://chaldal.com/premium-ingredients
Saffron (Jafran),1 gm,299,https://chaldal.com/premium-ingredients
Pran Tomato Sauce,340 gm,125,https://chaldal.com/tomato-sauces
Pran Tomato Sauce,1 kg,320,https://chaldal.com/tomato-sauces
Best's Tomato Ketchup,330 ml,182,https://chaldal.com/tomato-sauces
Saad Hot Tomato Sauce,340 gm,120,https://chaldal.com/tomato-sauces
Ahmed Tomato Sauce,340 gm,115,https://chaldal.com/tomato-sauces
Ahmed Tomato Ketchup,340 gm,115,https://chaldal.com/tomato-sauces
Ruchi Hot Tomato Sauce,350 gm,125,https://chaldal.com/tomato-sauces
Pran Hot Tomato Sauce Mini 8 gm,10 pcs,30,https://chaldal.com/tomato-sauces
Ruchi Tomato Ketchup,350 gm,125,https://chaldal.com/tomato-sauces
Best's Tomato Puree,400 gm,174,https://chaldal.com/tomato-sauces
Ruchi Hot Tomato Sauce,200 gm,80,https://chaldal.com/tomato-sauces
Chef Le Tomato Paste,400 gm,136,https://chaldal.com/tomato-sauces
Sajeeb Hot Tomato Sauce,340 gm,115,https://chaldal.com/tomato-sauces
Shezan Tomato Ketchup,340 gm,115,https://chaldal.com/tomato-sauces
Pran Tomato Ketchup,340 gm,125,https://chaldal.com/tomato-sauces
Ching's Green Chilli Sauce,680 gm,350,https://chaldal.com/cooking-sauces
Ching's Green Chilli Sauce,190 gm,150,https://chaldal.com/cooking-sauces
Ching's Chilli Sauce,680 gm,350,https://chaldal.com/cooking-sauces
Saad Sweet Chilli Sauce,340 gm,150,https://chaldal.com/cooking-sauces
Maekrua Oyster Sauce,600 ml,639,https://chaldal.com/cooking-sauces
Kikkoman Premium Soy Sauce,600 ml,679,https://chaldal.com/cooking-sauces
Sajeeb Soya Sauce,300 ml,100,https://chaldal.com/cooking-sauces
Best's Tomato Puree,400 gm,174,https://chaldal.com/cooking-sauces
Kikkoman Soy Sauce,1 ltr,1499,https://chaldal.com/cooking-sauces
Ruchi Sweet Chili Sauce,200 gm,90,https://chaldal.com/cooking-sauces
Ruchi BBQ Sauce,200 gm,150,https://chaldal.com/cooking-sauces
Blossoms Dark Soya Sauce,500 ml,429,https://chaldal.com/cooking-sauces
Chef Le Dark Soya Sauce,500 ml,310,https://chaldal.com/cooking-sauces
Chef Le Dark Soya Sauce,250 ml,174,https://chaldal.com/cooking-sauces
Chef Le Light Soya Sauce,500 ml,294,https://chaldal.com/cooking-sauces
American Garden Pizza Sauce Classic,397 ml,670,https://chaldal.com/cooking-sauces
Ahmed Garlic Sauce,340 gm,140,https://chaldal.com/cooking-sauces
Nando's Garlic Sauce,250 gm,550,https://chaldal.com/cooking-sauces
Umami BBQ Sauce,300 ml,275,https://chaldal.com/cooking-sauces
American Garden BBQ Sauce Original,510 gm,639,https://chaldal.com/cooking-sauces
Remia Garlic Sauce,250 ml,299,https://chaldal.com/cooking-sauces
Bachun Oyster Sauce,350 ml,450,https://chaldal.com/cooking-sauces
Life Oyster Flavoured Sauce,510 gm,382,https://chaldal.com/cooking-sauces
Best's Chilli & Garlic Sauce,320 gm,210,https://chaldal.com/cooking-sauces
Suree Premium Oyster Sauce,295 ml,435,https://chaldal.com/cooking-sauces
Aarong Dairy Sour Curd,500 gm,120,https://chaldal.com/yogurt
Aarong Dairy Low Fat Yogurt (Sour),500 gm,110,https://chaldal.com/yogurt
Aarong Dairy Sweetened Yogurt,500 gm,150,https://chaldal.com/yogurt
Pran Sour Curd,500 ml,120,https://chaldal.com/yogurt
Shokti+ Mishti Doi,75 gm,25,https://chaldal.com/yogurt
Pran Drinking Yogurt,200 ml,30,https://chaldal.com/yogurt
Pran Sweetened Yogurt,100 gm,30,https://chaldal.com/yogurt
Aarong Dairy Pantoa,600 gm,210,https://chaldal.com/yogurt
Aarong Dairy Roshogolla,600 gm,200,https://chaldal.com/yogurt
Aarong Dairy Roshogolla (20±2 pcs),1 kg,350,https://chaldal.com/yogurt
Aarong Dairy Butter,200 gm,270,https://chaldal.com/butter-sour-cream
Milk Vita Butter,200 gm,270,https://chaldal.com/butter-sour-cream
Vivo Ambient Whip Topping with Vegetable Fat,1100 gm,736,https://chaldal.com/butter-sour-cream
Pran Butter (Fresco Container),200 gm,280,https://chaldal.com/butter-sour-cream
Lurpak Butter Unsalted,200 gm,880,https://chaldal.com/butter-sour-cream
Lurpak Salted Spreadable Butter,250 gm,990,https://chaldal.com/butter-sour-cream
Tata Tea Premium,400 gm,149,https://chaldal.com/tea-coffee-2
Dilmah Ceylon Moroccan Mint Green Tea,40 gm,549,https://chaldal.com/tea-coffee-2
Ispahani Mirzapore Best Leaf Tea,500 gm,270,https://chaldal.com/tea-coffee-2
Dilmah Premium Ceylon Tea 50 gm,25 pcs,480,https://chaldal.com/tea-coffee-2
Nestle Nescafe 3 in 1 Iced Frappe Cold Coffee Mix,30 gm,50,https://chaldal.com/tea-coffee-2
Sylhet Golden Premium Black Tea,400 gm,210,https://chaldal.com/tea-coffee-2
Tetley Green Tea Bag Masala Cha 25 pcs,35 gm,160,https://chaldal.com/tea-coffee-2
Dilmah Ceylon Green Tea With Cardamom,40 gm,715,https://chaldal.com/tea-coffee-2
Fresh Premium Tea Bag,100 gm,95,https://chaldal.com/tea-coffee-2
Lipton Green Tea Bag Honey and Lemon,25 pcs,170,https://chaldal.com/tea-coffee-2
Tetley Green Tea Bag Pure and Original 25 pcs,32.5 gm,140,https://chaldal.com/tea-coffee-2
AMA Coffee 3 In 1,15 gm,10,https://chaldal.com/tea-coffee-2
Seylon Instant Milk Tea 3 in 1,15 gm,10,https://chaldal.com/tea-coffee-2
Ispahani Mirzapore Tea Bag,50 pcs,100,https://chaldal.com/tea-coffee-2
Fresh Coffee 3 in 1,15 gm,10,https://chaldal.com/tea-coffee-2
Ispahani Mirzapore Best Leaf Tea,400 gm,230,https://chaldal.com/tea-coffee-2
Ispahani Mirzapore Best Leaf Tea,200 gm,116,https://chaldal.com/tea-coffee-2
Brooke Bond Taaza Black Tea,400 gm,250,https://chaldal.com/tea-coffee-2
Seylon Gold Tea,500 gm,240,https://chaldal.com/tea-coffee-2
Nestle Nescafe Classic Instant Coffee Jar,45 gm,275,https://chaldal.com/tea-coffee-2
Brooke Bond Taaza Black Tea,200 gm,130,https://chaldal.com/tea-coffee-2
Nestle Coffee Mate Coffee Creamer Box,450 gm,380,https://chaldal.com/tea-coffee-2
Kazi & Kazi Organic Green Tea 40 pcs,60 gm,215,https://chaldal.com/tea-coffee-2
Nestle Nescafe Classic Instant Coffee Jar,90 gm,475,https://chaldal.com/tea-coffee-2
MacCoffee Instant Coffee Pouch,200 gm,850,https://chaldal.com/tea-coffee-2
Tora Bika Cappuccino 25 gm,6 pcs,300,https://chaldal.com/tea-coffee-2
Dilmah Geen Tea with Jasmine 40 gm,20 pcs,595,https://chaldal.com/tea-coffee-2
Dilmah Green Tea with Camomile 30 gm,20 pcs,630,https://chaldal.com/tea-coffee-2
Dilmah Darjeeling Tea 50 gm,25 pcs,790,https://chaldal.com/tea-coffee-2
Seylon Instant Milk Tea 3 in 1 Stick Pouch,25 pcs,250,https://chaldal.com/tea-coffee-2
Seylon Instant Milk Tea,150 gm,100,https://chaldal.com/tea-coffee-2
Tetley Green Tea Bag Lemon & Honey 25 pcs,35 gm,170,https://chaldal.com/tea-coffee-2
Halda Valley Red Robe Oolong Tea,45 gm,245,https://chaldal.com/tea-coffee-2
Revival Karak Masala Tea,200 gm,220,https://chaldal.com/tea-coffee-2
Dr. H&H Slimming Tea Bags 30 pcs,60 gm,400,https://chaldal.com/tea-coffee-2
Kericho Gold Round Tea Bag 50 pcs,100 gm,329,https://chaldal.com/tea-coffee-2
MacCoffee Coffee And Creamer 2 in 1 12 gm x 20,,425,https://chaldal.com/tea-coffee-2
ACME Tea Premium Gold,200 gm,110,https://chaldal.com/tea-coffee-2
Dilmah Ginger & Honey Black Tea,30 gm,405,https://chaldal.com/tea-coffee-2
MacCoffee Original Jar,200 gm,1100,https://chaldal.com/tea-coffee-2
Moccona Select Instant Coffee,190 gm,1420,https://chaldal.com/tea-coffee-2
Kazi & Kazi Organic Tea Turmeric Infusion 40 pcs,60 gm,295,https://chaldal.com/tea-coffee-2
Nestle Nescafe Creamy Latte Coffee Mix Sachet 18 gm,12 pcs,240,https://chaldal.com/tea-coffee-2
Halda Valley Golden Eyebrow Black Tea,50 gm,500,https://chaldal.com/tea-coffee-2
Dilmah Ceylon Green Tea With Ceylon Cinnamon,40 gm,715,https://chaldal.com/tea-coffee-2
Ispahani Blender's Choice Premium Green Tea Bag 70 gm,50 pcs,205,https://chaldal.com/tea-coffee-2
Kopiko Brown Coffee 20 gm,6 pcs,279,https://chaldal.com/tea-coffee-2
Kazi & Kazi Organic Green Mint Tea 25 pcs,37.5 gm,295,https://chaldal.com/tea-coffee-2
Paragon Hajinagar PD Tea,500 gm,225,https://chaldal.com/tea-coffee-2
Paragon Hajinagar BOP Tea,500 gm,220,https://chaldal.com/tea-coffee-2
Golden Grain Puffed Rice (Hand Made),400 gm,90,https://chaldal.com/local-breakfast
Pran Puffed Rice (Muri),500 gm,75,https://chaldal.com/local-breakfast
Bread Pit White Bread,500 gm,110,https://chaldal.com/local-breakfast
Ruchi Puffed Rice (Muri),400 gm,65,https://chaldal.com/local-breakfast
Golden Harvest Premium Deshi Paratha 20 pcs,1300 gm,320,https://chaldal.com/local-breakfast
Golden Harvest Mega Deshi Paratha 1600 gm,20 pcs,380,https://chaldal.com/local-breakfast
Pran Flattened Rice (Chira),500 gm,70,https://chaldal.com/local-breakfast
Ruchi Puffed Rice (Muri),200 gm,35,https://chaldal.com/local-breakfast
White Bread,500 gm,70,https://chaldal.com/local-breakfast
Bread Pit Milk Bread,300 gm,120,https://chaldal.com/local-breakfast
Pran Puffed Rice (Muri),250 gm,40,https://chaldal.com/local-breakfast
Ispahani Bakery Fresh Dry Cake,300 gm,150,https://chaldal.com/local-breakfast
Bread Pit Multigrain Bread,300 gm,149,https://chaldal.com/local-breakfast
Farmer's Gold White Flattened Rice (Sada Chira),1 kg,120,https://chaldal.com/local-breakfast
BPM Homemade Puffed Rice (Muri),500 gm,135,https://chaldal.com/local-breakfast
Tiffany Crunch 'n' Cream Orange Wafers,65 gm,250,https://chaldal.com/local-breakfast
Hershey's Chocolate Syrup,623 gm,1029,https://chaldal.com/spreads-syrups
Milk Vita Butter,200 gm,270,https://chaldal.com/spreads-syrups
American Garden Strawberry Pie Filling,595 gm,1360,https://chaldal.com/spreads-syrups
American Garden Blueberry Pie Filling,595 gm,1360,https://chaldal.com/spreads-syrups
Aarong Dairy Cream Cheese Spread,180 gm,500,https://chaldal.com/spreads-syrups
Naples Mayonnaise,475 ml,275,https://chaldal.com/spreads-syrups
Naples Mayonnaise,170 ml,140,https://chaldal.com/spreads-syrups
Nucella+ Chocolate Bread Spread Cocoa & Almond,230 gm,380,https://chaldal.com/spreads-syrups
American Garden Pancake Syrup Original,710 ml,1215,https://chaldal.com/spreads-syrups
Nocilla Two Flavor Cocoa Spread,190 gm,750,https://chaldal.com/spreads-syrups
Herman Garlic Mayonnaise,500 gm,520,https://chaldal.com/spreads-syrups
American Garden Real Mayonnaise,473 ml,965,https://chaldal.com/spreads-syrups
Nutella Hazelnut Cocoa Spread,750 gm,2200,https://chaldal.com/spreads-syrups
Almarai spreadable Cream Cheese,500 gm,1290,https://chaldal.com/spreads-syrups
Almarai Spreadable Cream Cheese,200 gm,619,https://chaldal.com/spreads-syrups
Lurpak Butter Unsalted,200 gm,880,https://chaldal.com/spreads-syrups
Nutella Hazelnut Cocoa Spread,350 gm,1150,https://chaldal.com/spreads-syrups
Ruchi Orange Jam,500 gm,220,https://chaldal.com/spreads-syrups
Lurpak Salted Spreadable Butter,250 gm,990,https://chaldal.com/spreads-syrups
Crown Peanut Butter Smooth & Creamy,510 gm,850,https://chaldal.com/spreads-syrups
Crown Peanut Butter Chunky,510 gm,750,https://chaldal.com/spreads-syrups
Alfa Mayonnaise,473 ml,335,https://chaldal.com/spreads-syrups
Mother's Smile Profom Milk Jar,400 gm,630,https://chaldal.com/energy-boosters
Standard Horlicks Health And Nutrition Drink Jar,250 gm,280,https://chaldal.com/energy-boosters
Complan Chocolate Pack,350 gm,405,https://chaldal.com/energy-boosters
Mother's Horlicks Health and Nutrition Drink BIB,350 gm,620,https://chaldal.com/energy-boosters
Horlicks Chocolate Flavour Jar,500 gm,550,https://chaldal.com/energy-boosters
Junior Horlicks Health And Nutrition Drink Container Stage-2,500 gm,550,https://chaldal.com/energy-boosters
Standard Horlicks Health And Nutrition Drink Jar,500 gm,500,https://chaldal.com/energy-boosters
Maltova Health And Nutrition Drink BIB,400 gm,550,https://chaldal.com/energy-boosters
Ovaltine Power 10 Chocolate Drink Jar,400 gm,1000,https://chaldal.com/energy-boosters
Boost Chocolate Jar,400 gm,550,https://chaldal.com/energy-boosters
Women's Plus Horlicks Health And Nutrition Drink Jar,400 gm,600,https://chaldal.com/energy-boosters
Horlicks Lite Health And Nutrition Drink Jar,400 gm,650,https://chaldal.com/energy-boosters
Dabur Chyawanprash Awaleha,500 gm,600,https://chaldal.com/energy-boosters
Erko Mallow World Mmas,180 gm,395,https://chaldal.com/chocolates
Kinder Joy (Girls),20 gm,120,https://chaldal.com/chocolates
Cadbury Dairy Milk Chocolate Bar,12 gm,45,https://chaldal.com/chocolates
Kinder Joy (Boys),20 gm,120,https://chaldal.com/chocolates
Cadbury Dairy Milk Silk Plain Chocolate,40 gm,180,https://chaldal.com/chocolates
Ferrero Rocher Collection Pralines 269.4 gm,24 pcs,1800,https://chaldal.com/chocolates
Cadbury Dairy Milk Silk Roast Almond Chocolate Bar,143 gm,550,https://chaldal.com/chocolates
Divino Chocolate Little Angel,120 gm,160,https://chaldal.com/chocolates
Kind Salted Caramel Dark Chocolate,40 gm,295,https://chaldal.com/chocolates
Cadbury Celebrations,230 gm,850,https://chaldal.com/chocolates
First Choice Whipped Topping Mixed,72 gm,250,https://chaldal.com/chocolates
Bluebell Premium Dark Compound Baking Chocolate,500 gm,360,https://chaldal.com/chocolates
Erko Mallow World Blue & White Mallow,100 gm,209,https://chaldal.com/chocolates
Erko Mallow Plus Twist Mallow,180 gm,395,https://chaldal.com/chocolates
Cadbury Dairy Milk Silk Chocolate Family Pack,123 gm,500,https://chaldal.com/chocolates
Cadbury Dairy Milk Silk Fruit & Nut Chocolate Bar,137 gm,580,https://chaldal.com/chocolates
Cadbury Dairy Milk Silk Roast Almond Chocolate Bar,52 gm,250,https://chaldal.com/chocolates
Cadbury Dairy Milk Silk Plain Chocolate Bar,140 gm,580,https://chaldal.com/chocolates
Cadbury Dairy Milk Silk Fruit & Nut Chocolate Bar,51 gm,240,https://chaldal.com/chocolates
Cadbury Dairy Milk Silk Bubbly Chocolate,120 gm,550,https://chaldal.com/chocolates
Amul Happy Birthday Milk Chocolate,150 gm,555,https://chaldal.com/chocolates
Amul I love You Fruit N Nut Chocolate,150 gm,470,https://chaldal.com/chocolates
Amul Dark Chocolate Minis Gable Pouch,100 gm,469,https://chaldal.com/chocolates
Amul Dark Chocolate,150 gm,570,https://chaldal.com/chocolates
Cadbury Dairy Milk Silk Plain Chocolate,60 gm,249,https://chaldal.com/chocolates
Amul Dark Chocolate Bar,125 gm,459,https://chaldal.com/chocolates
Munchy's Oat Krunch Dark Chocolate Cookies,208 gm,480,https://chaldal.com/chocolates
Cavendish & Harvey Mango Kiwi Drops,200 gm,399,https://chaldal.com/chocolates
Cadbury Dairy Milk Silk Fruit & Nut,55 gm,240,https://chaldal.com/chocolates
Ferrero Rocher Premium Chocolates 16 Pcs,200 gm,1100,https://chaldal.com/chocolates
Cadbury Dairy Milk Silk Chocolate,60 gm,240,https://chaldal.com/chocolates
Rinda Fruity Nata Jelly Flavoured,225 gm,365,https://chaldal.com/candies
Haribo Chamallows Party Candy,150 gm,400,https://chaldal.com/candies
Cavendish & Harvey Candy Wild Berry Drops,175 gm,449,https://chaldal.com/candies
Cavendish & Harvey Candy Citrus Fruit Drops,200 gm,490,https://chaldal.com/candies
Haribo Happy Grapes Candy,80 gm,250,https://chaldal.com/candies
Haribo Worms Zourr Candy,80 gm,250,https://chaldal.com/candies
Haribo Starmix Candy,160 gm,460,https://chaldal.com/candies
Haribo Happy Cola Candy,160 gm,460,https://chaldal.com/candies
Haribo Happy Cola Sour Candy,160 gm,460,https://chaldal.com/candies
Haribo Chamallows Pink & White Candy,150 gm,400,https://chaldal.com/candies
Haribo GoldBears Candy,160 gm,460,https://chaldal.com/candies
Cavendish & Harvey Sour Cherry Candy Poly,100 gm,250,https://chaldal.com/candies
Haribo Worms Candy,80 gm,250,https://chaldal.com/candies
Haribo Happy Cola Sour Candy,80 gm,250,https://chaldal.com/candies
Haribo Happy Cola Candy,80 gm,250,https://chaldal.com/candies
Haribo Goldbears Candy,80 gm,250,https://chaldal.com/candies
Olympic Green Mango Lozenge (Candy),50 pcs,50,https://chaldal.com/candies
Cavendish & Harvey Sour Lemon Drops,200 gm,490,https://chaldal.com/candies
Cavendish & Harvey Butterscotch Drops,175 gm,329,https://chaldal.com/candies
Fox's Crystal Clear Fruity Mints Candy,180 gm,345,https://chaldal.com/candies
Cocola Egg Noodles,125 gm,20,https://chaldal.com/noodles
Nestle Maggi 2 Minute Masala Instant Noodles,16 pack,340,https://chaldal.com/noodles
Nestle Maggi 2-Minute Masala Instant Noodles,4 pack,95,https://chaldal.com/noodles
Cocola Chicken Masala Noodles,150 gm,25,https://chaldal.com/noodles
Samyang Hot Chicken Ramen Jjajang Flavor Noodles,140 gm,239,https://chaldal.com/noodles
Samyang Hot Chicken Ramen Noodles 2X Spicy,140 gm,239,https://chaldal.com/noodles
Mr. Noodles Rice Stick Noodles,454 gm,370,https://chaldal.com/noodles
Cocola Egg & Chicken Masala Noodles,150 gm,25,https://chaldal.com/noodles
Nestle Maggi 2-Minute Masala Instant Noodles,8 pack,180,https://chaldal.com/noodles
Mr.Noodles Magic Masala Easy Instant,496 gm,170,https://chaldal.com/noodles
Mr. Noodles Korean Super Spicy,496 gm,210,https://chaldal.com/noodles
Mr. Noodles Cup Noodles Magic Masala,40 gm,35,https://chaldal.com/noodles
Mama Noodles (Hot And Spicy Flavour) 10 pcs,620 gm,220,https://chaldal.com/noodles
Nestle Maggi 2-Minute Masala Instant Noodles,12 pack,265,https://chaldal.com/noodles
Dragon Brand Noodles,300 gm,60,https://chaldal.com/noodles
MAGGI Hot & Spicy Blast Noodles,8 pack,200,https://chaldal.com/noodles
Chopstick Instant Noodles Masala Delight 496 gm,8 pack,175,https://chaldal.com/noodles
Mr. Noodles Korean Super Spicy,248 gm,110,https://chaldal.com/noodles
Mr. Noodles Korean Kimchi Ramen 8 pcs,480 gm,210,https://chaldal.com/noodles
Mama Noodles (Chicken Flavour) 8 pcs,496 gm,175,https://chaldal.com/noodles
Chopstick Ramen Hot Chicken Instant Noodles 8 pack,640 gm,650,https://chaldal.com/noodles
Chopstick Ramen Hot Cheese Instant Noodles 8 pack,640 gm,650,https://chaldal.com/noodles
Samyang Hot Chicken Ramen 3X Spicy,140 gm,199,https://chaldal.com/noodles
Nongshim Chapagetti Original Noodles,140 gm,175,https://chaldal.com/noodles
Mama Noodles (Chicken Flavour) 10 pcs,620 gm,220,https://chaldal.com/noodles
Samyang Hot Chicken Ramen 2X Spicy Cup Noodles,70 gm,160,https://chaldal.com/noodles
Samyang Hot Chicken Ramen Stew Noodles,145 gm,239,https://chaldal.com/noodles
Samyang Hot Chicken Ramen Cheese Noodles,140 gm,239,https://chaldal.com/noodles
How How Rice Stick Noodles,500 gm,369,https://chaldal.com/noodles
Nissin Cup Noodles Japanese Style Beef,66 gm,109,https://chaldal.com/noodles
Nissin Cup Noodles Japanese Style Chicken,67 gm,109,https://chaldal.com/noodles
Mama OK Instant Noodles Fried Shrimp Tom Yum Flavor,85 gm,140,https://chaldal.com/noodles
Samyang Hot Chicken Cheese Noodles,700 gm,1050,https://chaldal.com/noodles
Samyang Jjajang Hot Chicken Noodles,700 gm,1240,https://chaldal.com/noodles
Samyang Hot Chicken Karba Noodles,650 gm,1075,https://chaldal.com/noodles
Mama Cup Noodles (Hot & Spicy Flavour) 62 gm,each,110,https://chaldal.com/noodles
Nestle Maggi 2-Minute Noodles Masala,12 pack,265,https://chaldal.com/noodles
Mama Cup Noodles Instant Shrimp Tom Yum,each,190,https://chaldal.com/noodles
Imee Chicken Curry Instant Noodles,65 gm,175,https://chaldal.com/noodles
Ifad Eggy Instant Masala Noodles 4 pcs,300 gm,90,https://chaldal.com/noodles
Mama Instant Noodles (Hot & Spicy Flavour) 4 pcs,248 gm,95,https://chaldal.com/noodles
Mama Noodles (Hot & Spicy Flavour) 8 pcs,496 gm,175,https://chaldal.com/noodles
Mama Cup Noodles (Shrimp Tomyum Flavour) 62 gm,each,110,https://chaldal.com/noodles
Sedaap Supreme Instant Korean Spicy Chicken Noodles,4 pcs,300,https://chaldal.com/noodles
Ifad Eggy Stix Bar-B-Q Chips,16 gm,10,https://chaldal.com/chips-pretzels
Bombay Sweets Potato Crackers,28 gm,20,https://chaldal.com/chips-pretzels
Kurkure Naughty Tomato Chips,70 gm,50,https://chaldal.com/chips-pretzels
Sun Chips Tomato Tango,35 gm,30,https://chaldal.com/chips-pretzels
Cheese Puff,14 gm,10,https://chaldal.com/chips-pretzels
Bombay Sweets Mr. Twist,22 gm,25,https://chaldal.com/chips-pretzels
Bombay Sweets Ring Chips,25 gm,20,https://chaldal.com/chips-pretzels
Sun Chips Mix Masala,20 gm,20,https://chaldal.com/chips-pretzels
Kurkure American Style Cream & Onion Chips,25 gm,20,https://chaldal.com/chips-pretzels
Pran Potato Cracker,15 gm,10,https://chaldal.com/chips-pretzels
Sun Chips Tomato Tango,20 gm,20,https://chaldal.com/chips-pretzels
Bombay Sweets Cheese Ball Cheezee Corn Snacks,10 gm,10,https://chaldal.com/chips-pretzels
Bombay Sweets Alooz Spanish Tomato Flavor,20 gm,20,https://chaldal.com/chips-pretzels
Bombay Sweets Nachoz Chutney & Lime,30 gm,20,https://chaldal.com/chips-pretzels
Kurkure Chilli Chatka Chips,25 gm,20,https://chaldal.com/chips-pretzels
Pringles Saucy BBQ Potato Chips,134 gm,350,https://chaldal.com/chips-pretzels
Kurkure Masala Munch Chips,70 gm,50,https://chaldal.com/chips-pretzels
Mister Potato Hot & Spicy Crisps,100 gm,310,https://chaldal.com/chips-pretzels
Mister Potato BBQ Crisps,100 gm,275,https://chaldal.com/chips-pretzels
Pringles Cheddar Cheese Potato Chips,158 gm,510,https://chaldal.com/chips-pretzels
Sun Chips Tomato Tango,75 gm,60,https://chaldal.com/chips-pretzels
Sun Chips Mix Masala,75 gm,60,https://chaldal.com/chips-pretzels
Pringles Potato Chips Sour Cream & Onion,158 gm,439,https://chaldal.com/chips-pretzels
Olympic Energy Plus Biscuits,62 gm,15,https://chaldal.com/plain-biscuits
Haque Original Milk Marie Biscuit,225 gm,60,https://chaldal.com/plain-biscuits
Haque La Kokonat Cookies Biscuit,100 gm,30,https://chaldal.com/plain-biscuits
Pran Potata Spicy Biscuit,100 gm,30,https://chaldal.com/plain-biscuits
Olympic Energy Plus Biscuits,185 gm,50,https://chaldal.com/plain-biscuits
Olympic Nutty Real Peanut Biscuit,50 gm,15,https://chaldal.com/plain-biscuits
Olympic Milk Marie Biscuits,200 gm,50,https://chaldal.com/plain-biscuits
Olympic Chocolate Plus Biscuit,42 gm,10,https://chaldal.com/plain-biscuits
Olympic Butter Bite Biscuits,165 gm,50,https://chaldal.com/plain-biscuits
Haque Digestive Biscuit,120 gm,30,https://chaldal.com/plain-biscuits
Dekko Marie Classic Biscuit,222 gm,60,https://chaldal.com/plain-biscuits
Olympic Digestive High Fiber Biscuit,110 gm,30,https://chaldal.com/plain-biscuits
Haque Mr. Energy Instant Energy Biscuit,185 gm,50,https://chaldal.com/plain-biscuits
Haque Kheer Malai Biscuit,161 gm,50,https://chaldal.com/plain-biscuits
Dekko Oroma Orange Biscuits,150 gm,40,https://chaldal.com/plain-biscuits
Bakeman's Glaze Sugar Glazed Biscuit,180 gm,50,https://chaldal.com/plain-biscuits
Funtastic Milk Mate Biscuit,203 gm,50,https://chaldal.com/plain-biscuits
Ispahani Milk Marie Biscuit,200 gm,60,https://chaldal.com/plain-biscuits
Olympic First Choice Salted Biscuits,180 gm,50,https://chaldal.com/plain-biscuits
Ifad Choco Delight Biscuit,175 gm,60,https://chaldal.com/plain-biscuits
Ifad Kaju Delight Biscuit,175 gm,60,https://chaldal.com/plain-biscuits
Munchy's Lexus Chocolate Cream Sandwich Cracker,225 gm,490,https://chaldal.com/plain-biscuits
Danish Milk Marie Biscuit,200 gm,60,https://chaldal.com/plain-biscuits
Olympic Marie Gold Biscuit,190 gm,40,https://chaldal.com/plain-biscuits
Cocola Champion Chocolate Cream Biscuit,65 gm,20,https://chaldal.com/cream-biscuits
Bisk Club Shero Cream Biscuit,85 gm,30,https://chaldal.com/cream-biscuits
Fresh Fantasy Chocolate Filled Cookies Biscuit,175 gm,150,https://chaldal.com/cream-biscuits
Olympic Pineapple Cream Biscuits,40 gm,10,https://chaldal.com/cream-biscuits
Haque Milk Chocolate Digestive Biscuit,137 gm,40,https://chaldal.com/cream-biscuits
Olympic Tim Tim Orange Biscuit,40 gm,10,https://chaldal.com/cream-biscuits
Fresh Fun Fill Sandwich Chocolate Cream Biscuit,34 gm,10,https://chaldal.com/cream-biscuits
Tiffany Crunch 'n' Cream Vanilla Wafers,135 gm,320,https://chaldal.com/cream-biscuits
Munchy's Topmix Assorted Biscuits,295 gm,580,https://chaldal.com/cream-biscuits
Munchy's Lexus Cheese Cream Sandwich Cracker Biscuit,225 gm,490,https://chaldal.com/cream-biscuits
Tiffany Delights Bourbon Creams,200 gm,470,https://chaldal.com/cream-biscuits
Parle Hide & Seek Black Bourbon Choco Creme Biscuit,100 gm,195,https://chaldal.com/cream-biscuits
Ifad Butter Delight Biscuit,150 gm,50,https://chaldal.com/cream-biscuits
Ifad Orange Delight Biscuit,140 gm,40,https://chaldal.com/cream-biscuits
Munchy's Lexus Choco Coated Chocolate Cream Biscuit,200 gm,480,https://chaldal.com/cream-biscuits
Munchy's Topmix Assorted Biscuits Tin,700 gm,1870,https://chaldal.com/cream-biscuits
Olympic First Choice Salted Biscuits,80 gm,20,https://chaldal.com/salted-biscuits
Bangas Grand Choice Salted Biscuit,70 gm,20,https://chaldal.com/salted-biscuits
Olympic Tip Crispy Salted Biscuits,60 gm,15,https://chaldal.com/salted-biscuits
Fresh Healthy Choice Salted Biscuit,80 gm,20,https://chaldal.com/salted-biscuits
Funtastic Nimok Halal Salted Biscuit,200 gm,50,https://chaldal.com/salted-biscuits
Olympic Saltes Biscuit,200 gm,60,https://chaldal.com/salted-biscuits
Wonder Muffin Cake 16 gm,6 pcs,60,https://chaldal.com/cakes
Olympic Dry Cake Biscuit,290 gm,150,https://chaldal.com/cakes
Ispahani Bakery Fresh Dry Cake,300 gm,150,https://chaldal.com/cakes
Olympic Chocolate Soft Cake,40 gm,20,https://chaldal.com/cakes
Dan Cake Vanilla Layer Cake 12 pack,324 gm,300,https://chaldal.com/cakes
Dan Cake Fruit Cake Sliced,300 gm,180,https://chaldal.com/cakes
Dan Cake Marble Dry Cake,280 gm,200,https://chaldal.com/cakes
Dan Cake Dry Cake,300 gm,200,https://chaldal.com/cakes
Dan Cake Marble cake,300 gm,200,https://chaldal.com/cakes
Kishwan Dry Cake,300 gm,150,https://chaldal.com/cakes
Olympic Ghee Soft Cake,40 gm,20,https://chaldal.com/cakes
Dan Cake Chocolate Pound Cake,220 gm,130,https://chaldal.com/cakes
Sprite,250 ml,23,https://chaldal.com/soft-drinks
Coca-Cola,1 ltr,79,https://chaldal.com/soft-drinks
Coca-Cola,400 ml,38,https://chaldal.com/soft-drinks
RC Q Lemon Pet,250 ml,25,https://chaldal.com/soft-drinks
Fanta Orange Flavored,1 ltr,79,https://chaldal.com/soft-drinks
Rooh Afza (Free Ispaghol Bhusi 20 gm),750 ml,550,https://chaldal.com/soft-drinks
Fanta Orange Flavored,400 ml,38,https://chaldal.com/soft-drinks
Fanta Orange Flavored,250 ml,23,https://chaldal.com/soft-drinks
Fresh Mojito,250 ml,25,https://chaldal.com/soft-drinks
Rooh Afza,300 ml,300,https://chaldal.com/soft-drinks
Rooh Afza,750 ml,550,https://chaldal.com/soft-drinks
Sprite Can,250 ml,65,https://chaldal.com/soft-drinks
Sprite,1 ltr,79,https://chaldal.com/soft-drinks
Fanta Can Orange Flavored,250 ml,65,https://chaldal.com/soft-drinks
Coca-Cola Zero Sugar,250 ml,20,https://chaldal.com/soft-drinks
Mojo Pet,250 ml,20,https://chaldal.com/soft-drinks
Coca-Cola,1.75 ltr,140,https://chaldal.com/soft-drinks
Mojo Soft Drink,2 ltr,110,https://chaldal.com/soft-drinks
Sprite,1.75 ltr,140,https://chaldal.com/soft-drinks
Mojo Pet,1 ltr,60,https://chaldal.com/soft-drinks
Mountain Dew,500 ml,50,https://chaldal.com/soft-drinks
Maxx Cola,2 ltr,100,https://chaldal.com/soft-drinks
Maxx Cola,500 ml,35,https://chaldal.com/soft-drinks
Fresh Cola,500 ml,40,https://chaldal.com/soft-drinks
Clemon Mojito Can,250 ml,50,https://chaldal.com/soft-drinks
Sunquick Orange Fruit Drink,250 ml,40,https://chaldal.com/soft-drinks
Sunquick Mango Fruit Drink,250 ml,35,https://chaldal.com/soft-drinks
RC Cola,250 ml,20,https://chaldal.com/soft-drinks
Fresh Googly,250 ml,20,https://chaldal.com/soft-drinks
Pepsi,1.75 ltr,150,https://chaldal.com/soft-drinks
Houston Soft Drink Can,250 ml,40,https://chaldal.com/soft-drinks
RC Q Orange Pet,250 ml,20,https://chaldal.com/soft-drinks
Fresh Cola,1 ltr,60,https://chaldal.com/soft-drinks
Pran Up,500 ml,35,https://chaldal.com/soft-drinks
Fresh Cola,250 ml,20,https://chaldal.com/soft-drinks
Speed Can,250 ml,50,https://chaldal.com/soft-drinks
Clemon Can,250 ml,40,https://chaldal.com/soft-drinks
Mojo Can,250 ml,40,https://chaldal.com/soft-drinks
Dolphin Nata De Coco Lychee Drink,350 ml,280,https://chaldal.com/soft-drinks
Basil Seed Drink (Mixed Fruit),290 ml,270,https://chaldal.com/soft-drinks
Basil Seed Drink (White Grape),290 ml,270,https://chaldal.com/soft-drinks
Basil Seed Drink (Lychee),290 ml,270,https://chaldal.com/soft-drinks
Pepsi Can (Imported),330 ml,300,https://chaldal.com/soft-drinks
7 Up Can,250 ml,70,https://chaldal.com/soft-drinks
Sprite Can (Imported),320 ml,349,https://chaldal.com/soft-drinks
Pepsi Can,250 ml,70,https://chaldal.com/soft-drinks
Mountain Dew Can,250 ml,70,https://chaldal.com/soft-drinks
Mirinda Can,250 ml,70,https://chaldal.com/soft-drinks
Pepsi,1 ltr,80,https://chaldal.com/soft-drinks
7 Up,500 ml,50,https://chaldal.com/soft-drinks
SMC Plus Lemon Electrolyte Drink 250 ml (Combo Pack),6 pcs,270,https://chaldal.com/juice
Bruvana Sports+ Electrolyte Beverage (Mango Flavor),250 ml,40,https://chaldal.com/juice
Malee Lychee Juice,1 ltr,630,https://chaldal.com/juice
SMC Plus Orange Electrolyte Drink 250 ml (Combo Pack),6 pcs,270,https://chaldal.com/juice
Pran Drinko Litchi Juice,250 ml,30,https://chaldal.com/juice
Pran Frooto Mango Fruit Drink,250 ml,25,https://chaldal.com/juice
Pran Frooto Mango Fruit Drink,500 ml,45,https://chaldal.com/juice
Frutika Mango Juice,1 ltr,90,https://chaldal.com/juice
Sunquick Orange Fruit Drink,1 ltr,140,https://chaldal.com/juice
Sunquick Mango Fruit Drink,1 ltr,120,https://chaldal.com/juice
Malee 100% Pomegranate & Mixed Fruit Juice,1 ltr,630,https://chaldal.com/juice
Malee 100% Pineapple Juice,1 ltr,630,https://chaldal.com/juice
Mr. Shammi Strawberry Juice,250 ml,190,https://chaldal.com/juice
Bruvana Sports+ Electrolyte Beverage (Pineapple Flavor),250 ml,40,https://chaldal.com/juice
Pran Pomegranate Fruit Drinks,200 ml,25,https://chaldal.com/juice
Sunquick Apple-Drink Concentrate,300 ml,375,https://chaldal.com/juice
Sunquick Pink Guava & Strawberry-Drink Concentrate,300 ml,495,https://chaldal.com/juice
Sunquick Fruit Cocktail-Drink Concentrate,300 ml,450,https://chaldal.com/juice
Frutika Mango Drinks,250 ml,30,https://chaldal.com/juice
Latina 100 % Juice (Mango),1 ltr,200,https://chaldal.com/juice
Nutrilife Guava Juice,160 ml,45,https://chaldal.com/juice
Nutrilife Orange Juice,160 ml,45,https://chaldal.com/juice
Nutrilife Apple Juice,160 ml,45,https://chaldal.com/juice
Fontana Mango Juice,1 ltr,550,https://chaldal.com/juice
Pran Drinko Mango Juice,250 ml,30,https://chaldal.com/juice
Nestle Fruita Vitals Chaunsa Mango Juice,1 ltr,354,https://chaldal.com/juice
Nestle Fruita Vitals Apple Juice,1 ltr,354,https://chaldal.com/juice
Cyprina Mango Nectar,1 ltr,560,https://chaldal.com/juice
Aaram Juice Orange,1 ltr,415,https://chaldal.com/juice
Aaram Juice Apple,1 ltr,415,https://chaldal.com/juice
Aaram Juice Mango,1 ltr,415,https://chaldal.com/juice
Nutrilife Orange Juice,1 ltr,295,https://chaldal.com/juice
Nutrilife Guava Juice,1 ltr,295,https://chaldal.com/juice
Pran Drinko Pineapple Juice,250 ml,30,https://chaldal.com/juice
Shezan Mango Fruit Drink,500 ml,45,https://chaldal.com/juice
Ribena Blackcurrant Juice,850 ml,1075,https://chaldal.com/juice
Sunquick Blackcurrant Juice,700 ml,750,https://chaldal.com/juice
Shezan Mango Fruit Drinks,1 ltr,85,https://chaldal.com/juice
Nutrilife Pomegranate Juice,1 ltr,350,https://chaldal.com/juice
Nutrilife Apple Juice,1 ltr,295,https://chaldal.com/juice
Sunquick Orange-Drink Concentrate,700 ml,890,https://chaldal.com/juice
Frutika Mango Juice,500 ml,55,https://chaldal.com/juice
Latina 100 % Juice (Orange),1 ltr,285,https://chaldal.com/juice
Latina 100 % Juice (Apple),1 ltr,285,https://chaldal.com/juice
Cyprina Grape Juice,1 ltr,560,https://chaldal.com/juice
Sammi Orange Juice Can,240 ml,180,https://chaldal.com/juice
Masafi Orange Juice,2 ltr,1120,https://chaldal.com/juice
Sammi Strawberry Juice Can,250 ml,190,https://chaldal.com/juice
Fontana Grape Juice,1 ltr,639,https://chaldal.com/juice
Fontana Apple Juice,1 ltr,475,https://chaldal.com/juice
Silicon Spatula,2 pcs,219,https://chaldal.com/baking-tools
Silicone Chocolate Mould,each,269,https://chaldal.com/baking-tools
Lacy's Baking & Cooking Paper 10 m,each,649,https://chaldal.com/baking-tools
Wooden Silicone Spatula,each,379,https://chaldal.com/baking-tools
"Transparent Disposable Piping Bags (8.5""x12.5"")",100 pcs,719,https://chaldal.com/baking-tools
Cake Muffin Tin,each,379,https://chaldal.com/baking-tools
Heart Shaped Cake Pan,each,299,https://chaldal.com/baking-tools
Round Cake Pan,each,409,https://chaldal.com/baking-tools
Russian Flower Nozzle Set,7 pcs,480,https://chaldal.com/baking-tools
Cake Decoration Nozzle Set,12 pcs,179,https://chaldal.com/baking-tools
Pizza Cutter,each,250,https://chaldal.com/baking-tools
Small Whisk,each,159,https://chaldal.com/baking-tools
Boutique Straw,4 pcs,400,https://chaldal.com/baking-tools
Orange Medium Measurement Mug,each,359,https://chaldal.com/baking-tools
Cake Decoration Nozzle Set,24 pcs,355,https://chaldal.com/baking-tools
Silicone Lace,each,379,https://chaldal.com/baking-tools
Foster Clark's Custard Powder Pack,200 gm,395,https://chaldal.com/baking-mixes
Foster Clark's Gelatin Jelly Dessert Lemon Flavour,80 gm,160,https://chaldal.com/baking-mixes
Foster Clark's Custard Powder Tin,300 gm,395,https://chaldal.com/baking-mixes
Foster Clark's Baking Powder,225 gm,360,https://chaldal.com/baking-mixes
Jhatpot Deshi Paratha 650 gm,10 pcs,170,https://chaldal.com/frozen-parathas-roti
Jhatpot Low Fat Paratha 1200 gm,20 pcs,250,https://chaldal.com/frozen-parathas-roti
Golden Harvest Premium Deshi Paratha 20 pcs,1300 gm,320,https://chaldal.com/frozen-parathas-roti
Golden Harvest Mega Deshi Paratha 1600 gm,20 pcs,380,https://chaldal.com/frozen-parathas-roti
Kazi Farms Kitchen Plain Paratha Family 1300 gm,20 pcs,320,https://chaldal.com/frozen-parathas-roti
Jhatpot Paratha Low Fat 600 gm,10 pcs,130,https://chaldal.com/frozen-parathas-roti
Kazi Farms Kitchen Plain Paratha 10 pcs,650 gm,170,https://chaldal.com/frozen-parathas-roti
Quality Plain Paratha 600 gm,10 pcs,155,https://chaldal.com/frozen-parathas-roti
Jhatpot Deshi Paratha Family Pack 1300 gm,20 pcs,320,https://chaldal.com/frozen-parathas-roti
Best's Mushroom Choice Whole Tin,425 gm,182,https://chaldal.com/mushroom-cans
Greencan Champignons Mushroom Whole,425 gm,220,https://chaldal.com/mushroom-cans
Champion Mushroom,400 gm,190,https://chaldal.com/mushroom-cans
Hosen Mushroom Choice Whole Can,425 gm,350,https://chaldal.com/mushroom-cans
Hibiscus Mushrooms Choice Whole Can,425 gm,229,https://chaldal.com/mushroom-cans
Nana Mushrooms Whole,425 gm,169,https://chaldal.com/mushroom-cans
Victoria Red Kidney Beans,400 gm,159,https://chaldal.com/vegetable-cans
Nana Green Peas,400 gm,125,https://chaldal.com/vegetable-cans
Nana Baby Corn,425 gm,120,https://chaldal.com/vegetable-cans
Nana Sweet Corn,425 gm,125,https://chaldal.com/vegetable-cans
Blossoms Red Kidney Beans,420 gm,239,https://chaldal.com/vegetable-cans
Welcome Tomato Puree,425 gm,190,https://chaldal.com/vegetable-cans
Hosen Asparagus,430 gm,399,https://chaldal.com/vegetable-cans
Hibiscus Premium Whole Baby Corn In Brine,425 gm,360,https://chaldal.com/vegetable-cans
Saporito Whole Peeled Tomatos Can,800 gm,520,https://chaldal.com/vegetable-cans
Highway Corned Beef,340 gm,370,https://chaldal.com/vegetable-cans
Hosen Baked Beans In Tomato Sauce Can,425 gm,249,https://chaldal.com/vegetable-cans
Hosen Red Kidney Beans Can,425 gm,329,https://chaldal.com/vegetable-cans
Hosen Baby Corn Young Spear Can,425 gm,289,https://chaldal.com/vegetable-cans
Hosen Baby Corn Young Cut Can,400 gm,219,https://chaldal.com/vegetable-cans
Hosen Green Peas Choice Whole Can,397 gm,200,https://chaldal.com/vegetable-cans
Hosen Gherkins Original Flavour Jar,680 gm,529,https://chaldal.com/vegetable-cans
King Bell Whole Baby Corn Tin,425 gm,180,https://chaldal.com/vegetable-cans
Best's Baby Corn Tin,425 gm,171,https://chaldal.com/vegetable-cans
Best's Green Peas Tin,400 gm,127,https://chaldal.com/vegetable-cans
Welcome Light Meat Tuna In Sunflower Oil (Flake),170 gm,190,https://chaldal.com/fish-cans
King Bell Tuna Salad Vegetables,170 gm,320,https://chaldal.com/fish-cans
King Bell Tuna Salad In Tomato Sauce,170 gm,310,https://chaldal.com/fish-cans
Nautilus Lite Sandwich Tuna In Spring Water,165 gm,429,https://chaldal.com/fish-cans
Nautilus Sandwich Tuna In Soybean Oil,165 gm,319,https://chaldal.com/fish-cans
Nautilus Lite Tuna Chunk Soybean Oil,165 gm,319,https://chaldal.com/fish-cans
Blossoms Green Olives Pitted,340 gm,209,https://chaldal.com/canned-fruits
Blossoms Black Olives Pitted,330 gm,349,https://chaldal.com/canned-fruits
Borges Black Whole Olives,350 gm,335,https://chaldal.com/canned-fruits
Borges Green Whole Olives,350 gm,225,https://chaldal.com/canned-fruits
Borges Black Pitted Olives,340 gm,225,https://chaldal.com/canned-fruits
Hosen Pitted Black Olives,345 gm,355,https://chaldal.com/canned-fruits
Hosen Whole Green Olives,350 gm,355,https://chaldal.com/canned-fruits
Hosen Pitted Green Olives,345 gm,355,https://chaldal.com/canned-fruits
Figaro Pitted Black Olive,340 gm,395,https://chaldal.com/canned-fruits
Hosen Fiesta Fruit Cocktail,836 gm,1100,https://chaldal.com/canned-fruits
Figaro Green Olives,340 gm,359,https://chaldal.com/canned-fruits
Hosen Lychee,565 gm,680,https://chaldal.com/canned-fruits
Roja Crumbly Crumbly Shrimp Tempura,224 gm,495,https://chaldal.com/fish-snacks
OceanRia Lobster Ball,500 gm,830,https://chaldal.com/fish-snacks
OceanRia Imitation Crab Stick,500 gm,800,https://chaldal.com/fish-snacks
OceanRia Fish Sandwich,500 gm,850,https://chaldal.com/fish-snacks
OceanRia Crab Nugget,500 gm,800,https://chaldal.com/fish-snacks
OceanRia Vegie Fish Ball,500 gm,800,https://chaldal.com/fish-snacks
OceanRia Fried Fish Ball,500 gm,499,https://chaldal.com/fish-snacks
Roja Shrimp Samosa 19-21 pcs,240 gm,240,https://chaldal.com/fish-snacks
Roja Cheezy Cheezy Fish Kieves,240 gm,320,https://chaldal.com/fish-snacks
Roja Peri Peri Fish Nugget,240 gm,235,https://chaldal.com/fish-snacks
Roja Peri Peri Fish Stick,240 gm,265,https://chaldal.com/fish-snacks
Roja Kids Shrimp Nuggets,240 gm,245,https://chaldal.com/fish-snacks
Trix Dishwashing Liquid Lemon Bottle,500 ml,145,https://chaldal.com/dish-wash
Gloz Dishwashing Bar,300 gm,40,https://chaldal.com/dish-wash
Gloz Dishwashing Bar,125 gm,15,https://chaldal.com/dish-wash
GoodMaid Dishwashing Paste Lemon,400 gm,320,https://chaldal.com/dish-wash
Vim Dishwashing Bar,125 gm,15,https://chaldal.com/dish-wash
Vim Dishwashing Bar,300 gm,40,https://chaldal.com/dish-wash
Vim Dishwashing Liquid Pouch,200 ml,50,https://chaldal.com/dish-wash
Trix Dishwashing Liquid Lemon Refill,250 ml,70,https://chaldal.com/dish-wash
Vim Dishwashing Liquid,475 ml,130,https://chaldal.com/dish-wash
Trix Dish Washing Bar Lemon,300 gm,40,https://chaldal.com/dish-wash
Vim Dishwashing Liquid,950 ml,240,https://chaldal.com/dish-wash
Vim Dishwashing Powder,500 gm,50,https://chaldal.com/dish-wash
Trix Dishwashing Liquid (Lemon),1 ltr,270,https://chaldal.com/dish-wash
Rok Lemon Liquid Dishwash,500 ml,135,https://chaldal.com/dish-wash
Trix Dishwashing Liquid Mega Refill Super Saver Pack,5 ltr,1110,https://chaldal.com/dish-wash
Shiny Dishwashing Liquid Lime,500 ml,300,https://chaldal.com/dish-wash
Shiny Dishwashing Paste Lemon,400 gm,250,https://chaldal.com/dish-wash
Shiny Dishwashing Paste Lime,400 gm,263,https://chaldal.com/dish-wash
Magiclean Kitchen Cleaner Green Apple,500 ml,690,https://chaldal.com/dish-wash
Fresh Hand Towel (250X1 Ply),each,100,https://chaldal.com/paper-products
Fresh Perfumed Facial Tissue (150 X 2) ply Box,each,100,https://chaldal.com/paper-products
Bashundhara Kitchen Towel Rolls,2 pcs,160,https://chaldal.com/paper-products
"Fresh Paper Napkins 13"" Perfumed (100X1 Ply)",each,75,https://chaldal.com/paper-products
Bashundhara Kitchen Towel Rolls,each,85,https://chaldal.com/paper-products
Fresh kitchen Towel Roll,each,85,https://chaldal.com/paper-products
Partex Cleen Toilet Tissue,4 pcs,95,https://chaldal.com/paper-products
Bashundhara Toilet Tissue White Extra Savings Pack,4 pcs,100,https://chaldal.com/paper-products
"Bashundhara Paper Napkins 13"" Unscented",100 pcs,75,https://chaldal.com/paper-products
Fresh Toilet Tissue (Family Value Pack),4 pcs,100,https://chaldal.com/paper-products
Bashundhara Facial Tissue Perfumed (120 X 2) ply,each,85,https://chaldal.com/paper-products
Fay Toilet Tissue White 180 Sheet,each,30,https://chaldal.com/paper-products
Fresh hand towel 250 Sheet,each,110,https://chaldal.com/paper-products
Fresh hand towel 200 Sheet,each,95,https://chaldal.com/paper-products
Bashundhara Hand Towel White (200 X 1) ply Box,each,100,https://chaldal.com/paper-products
Partex Cleen Toilet Tissue,2 pcs,46,https://chaldal.com/paper-products
Bashundhara Gold Toilet Tissue,each,38,https://chaldal.com/paper-products
Partex Cleen Toilet Tissue,12 pcs,285,https://chaldal.com/paper-products
Partex Cleen Toilet Tissue,each,28,https://chaldal.com/paper-products
Mortein 2 in 1 Mosquito & Cockroach Killer Aerosol Spray,400 ml,369,https://chaldal.com/pest-control
GoodKnight Liquid Mosquito Repellent Refill,45 ml,130,https://chaldal.com/pest-control
ACI Aerosol Insect Spray,475 ml,415,https://chaldal.com/pest-control
Black Hit Anti Mosquito Aerosol Spray Lime,475 ml,415,https://chaldal.com/pest-control
Mortein Mosquito Repellent Insta Vaporizer (Machine + Refill),each,220,https://chaldal.com/pest-control
Finis Black Booster Mosquito Coil,10 pcs,60,https://chaldal.com/pest-control
Finis Max Jumbo Mosquito Coil,10 pcs,60,https://chaldal.com/pest-control
Baoma Mosquito Coil (No smoke),10 pcs,135,https://chaldal.com/pest-control
ACI Aerosol Insect Spray Jumbo,800 ml,620,https://chaldal.com/pest-control
Godrej New Hit Cockroaches Spray,400 ml,350,https://chaldal.com/pest-control
Black Hit Anti Mosquito Aerosol Spray Lime Fresh,800 ml,620,https://chaldal.com/pest-control
Godrej Red Hit Cockroaches Spray Fresh Fragrance,625 ml,530,https://chaldal.com/pest-control
Finis Booster Mosquito Coil,10 pcs,60,https://chaldal.com/pest-control
Mortein Mosquito Repellent Insta Vaporizer Refill,45 ml,130,https://chaldal.com/pest-control
Weidasi Multifunction Electric Mosquito Swatter With Led Light And Charger (Orange),each,719,https://chaldal.com/pest-control
Black Hit Anti Mosquito Lime Fresh Aerosol,200 ml,225,https://chaldal.com/pest-control
Godrej Fresh Fragrance New Hit Cockroaches Aerosol (Red),200 ml,200,https://chaldal.com/pest-control
Godrej Good Knight Power Activ+ Twin Saver Pack 45 ml,each,230,https://chaldal.com/pest-control
Odomos Naturals Mosquito Repellent Spray,100 ml,670,https://chaldal.com/pest-control
Hit Chalk Kills Cockroach,15 gm,30,https://chaldal.com/pest-control
Black Hit Anti Mosquito Swatter Racquet,each,650,https://chaldal.com/pest-control
Baygon Cockroach Control,270 ml,769,https://chaldal.com/pest-control
Xpel Kids Spray & Lotion Twin Set,each,550,https://chaldal.com/pest-control
Xpel Kids Mosquito Bands Twin Pack,each,350,https://chaldal.com/pest-control
Bosny Non Poisonous Rat Glue,400 ml,570,https://chaldal.com/pest-control
Night Queen Magic Mosquito Net (Size 6'X7') Free USB LED Lamp,each,549,https://chaldal.com/pest-control
Yage Electronic Mosquito Swatter (White & Blue),each,799,https://chaldal.com/pest-control
Godrej Good Knight Power Activ+ (Machine + Refill),each,180,https://chaldal.com/pest-control
Finis Insect Powder,40 gm,30,https://chaldal.com/pest-control
Finis Insect Powder,100 gm,45,https://chaldal.com/pest-control
ACI Cockroach Spray,400 ml,350,https://chaldal.com/pest-control
Comode Long Handle Clean Brush,each,179,https://chaldal.com/cleaning-accessories
Rok Dishwashing Steel Scourer,each,35,https://chaldal.com/cleaning-accessories
ACI Wonder Stainless Steel Scrubber,each,25,https://chaldal.com/cleaning-accessories
Dishwashing Stainless Steel Scrubber,4 pcs,150,https://chaldal.com/cleaning-accessories
Dish Washing Scrubbing Pad,each,30,https://chaldal.com/cleaning-accessories
"Trash Bag Black - 20"" x 30""",12 pcs,283,https://chaldal.com/cleaning-accessories
Flower Broom (Ful Jharu) Large,each,159,https://chaldal.com/cleaning-accessories
Flower Broom (Ful Jharu) Medium,each,125,https://chaldal.com/cleaning-accessories
RFL China Bed Jharu (Lime Green),each,109,https://chaldal.com/cleaning-accessories
RFL Magic Clean Bucket With Mop (Green),each,2000,https://chaldal.com/cleaning-accessories
RFL Dust Pan Small (Red),each,40,https://chaldal.com/cleaning-accessories
RFL Flat Floor Mop,each,270,https://chaldal.com/cleaning-accessories
RFL Supreme Floor Mop,each,220,https://chaldal.com/cleaning-accessories
RFL Elegant Floor Mop,each,290,https://chaldal.com/cleaning-accessories
RFL Long Handle Floor Brush,each,230,https://chaldal.com/cleaning-accessories
RFL Super Premium Floor Mop,each,315,https://chaldal.com/cleaning-accessories
RFL Toilet Brush Economy 51 cm,each,65,https://chaldal.com/cleaning-accessories
RFL Glass Cleaner Wiper,each,65,https://chaldal.com/cleaning-accessories
Scotch-Brite Floor Cotton Mop,each,990,https://chaldal.com/cleaning-accessories
Planet Large Sweeping Broom,each,75,https://chaldal.com/cleaning-accessories
Npoly Dust Pan (Red) 8 x 6 inch,each,60,https://chaldal.com/cleaning-accessories
Plastic Dust Pan,each,106,https://chaldal.com/cleaning-accessories
Magic Fiber Twist Floor Steel Mop (China),each,399,https://chaldal.com/cleaning-accessories
SS Long Handle Cotton Mop China,each,540,https://chaldal.com/cleaning-accessories
Cloth Pin 4 Color,16 pcs,119,https://chaldal.com/cleaning-accessories
Sponge Mop Pva Refill 11 inch (Yellow),each,235,https://chaldal.com/cleaning-accessories
Lacy's Chefwrap 45 cm X 300 mtr,each,1159,https://chaldal.com/cleaning-accessories
"Plastic Red Broom (62"") Handle Jhul Jharu (China)",each,249,https://chaldal.com/cleaning-accessories
"Floor Hand Brush 6"" Local",each,200,https://chaldal.com/cleaning-accessories
"Comod Pump Local 17"" (Red)",each,145,https://chaldal.com/cleaning-accessories
"Comode Handle Box Brush 23""",each,244,https://chaldal.com/cleaning-accessories
"Big Broom 31"" (Shola)",each,145,https://chaldal.com/cleaning-accessories
Basin Curve Clean Brush,each,119,https://chaldal.com/cleaning-accessories
"Trash Bag White - 20"" x 30""",10 pcs,230,https://chaldal.com/cleaning-accessories
Disposable Vinyl Gloves Pack (L),each,770,https://chaldal.com/cleaning-accessories
"Plastic Floor Trapper Mat Red 23""x15"" (China)",each,249,https://chaldal.com/cleaning-accessories
Fresh Hand Towel (250X1 Ply),each,100,https://chaldal.com/kitchen-accessories
Bashundhara Kitchen Towel Rolls,2 pcs,160,https://chaldal.com/kitchen-accessories
"Fresh Paper Napkins 13"" Perfumed (100X1 Ply)",each,75,https://chaldal.com/kitchen-accessories
Bashundhara Kitchen Towel Rolls,each,85,https://chaldal.com/kitchen-accessories
Fresh kitchen Towel Roll,each,85,https://chaldal.com/kitchen-accessories
RFL Stainless Steel Net Spoon 33 cm,each,105,https://chaldal.com/kitchen-accessories
RFL Vegetable Washing Net 37 cm (Red),each,115,https://chaldal.com/kitchen-accessories
Npoly Vegetable Washing Net (Red) 36 cm,each,70,https://chaldal.com/kitchen-accessories
RFL Plastic Dala Big (Red),each,240,https://chaldal.com/kitchen-accessories
"Bashundhara Paper Napkins 13"" Unscented",100 pcs,75,https://chaldal.com/kitchen-accessories
Rok Dishwashing Steel Scourer,each,35,https://chaldal.com/kitchen-accessories
Partex Cleen Kitchen Towel Roll,each,85,https://chaldal.com/kitchen-accessories
Match Box,12 pcs,35,https://chaldal.com/kitchen-accessories
Dishwashing Stainless Steel Scrubber,4 pcs,150,https://chaldal.com/kitchen-accessories
Partex Cleen Kitchen Towel Roll,2 pcs,160,https://chaldal.com/kitchen-accessories
Dish Washing Scrubbing Pad,each,30,https://chaldal.com/kitchen-accessories
Diamond Plastic Stretch Wrap 200 sq ft,each,289,https://chaldal.com/kitchen-accessories
BBQ Portable machine 17 inch,each,1489,https://chaldal.com/kitchen-accessories
BBQ Grill Tin Maker With 5 Stick Silver,each,599,https://chaldal.com/kitchen-accessories
BBQ Net Holder Clip Silver,each,929,https://chaldal.com/kitchen-accessories
Blossoms Quality Wax Paper (10 m X 30 cm),each,429,https://chaldal.com/kitchen-accessories
Spoon Stand Round,each,269,https://chaldal.com/kitchen-accessories
Stainless Steel Roncfa Knife,each,215,https://chaldal.com/kitchen-accessories
Stainless Steel Vegetable Peeler,each,269,https://chaldal.com/kitchen-accessories
BBQ Brush (Red),each,119,https://chaldal.com/kitchen-accessories
RFL Super Hero Tiffin Box,each,100,https://chaldal.com/kitchen-accessories
RFL Winner Tiffin Box Rectangular,each,150,https://chaldal.com/kitchen-accessories
RFL Modern Pen Holder Light Blue,each,65,https://chaldal.com/kitchen-accessories
RFL Two Color Magic Stool Medium Exclusive,each,375,https://chaldal.com/kitchen-accessories
RFL Two Color Magic Stool High Exclusive,each,475,https://chaldal.com/kitchen-accessories
RFL Dispo knife Trans Set,50 pcs,160,https://chaldal.com/kitchen-accessories
RFL English Dish Rack Red,each,670,https://chaldal.com/kitchen-accessories
RFL Deluxe Bowl Red 8 ltr,each,140,https://chaldal.com/kitchen-accessories
RFL Smart Kitchen Rack Mini Two Color,each,480,https://chaldal.com/kitchen-accessories
RFL Deluxe Bowl Red 3 ltr,each,80,https://chaldal.com/kitchen-accessories
RFL Caino Stool Medium Eagle Brown,each,300,https://chaldal.com/kitchen-accessories
RFL Chef Chopping Board,each,350,https://chaldal.com/kitchen-accessories
RFL Hefty Chopping Board (Lime Green),each,125,https://chaldal.com/kitchen-accessories
RFL Salad Cutting Board (Orange),each,275,https://chaldal.com/kitchen-accessories
RFL Oval Washing Net Sm Blue 32 cm,each,75,https://chaldal.com/kitchen-accessories
RFL Flower Cloth Clip Set,12 pcs,150,https://chaldal.com/kitchen-accessories
RFL Rice Washing Net Cyan Blue 40 cm,each,160,https://chaldal.com/kitchen-accessories
RFL Rice Washing Net Red 40 cm,each,160,https://chaldal.com/kitchen-accessories
RFL Apple Jug Trans 2.5 ltr,each,200,https://chaldal.com/kitchen-accessories
RFL Roman Wall Rack (Light Blue),each,330,https://chaldal.com/kitchen-accessories
RFL Rtg Spice Tray (Red),each,150,https://chaldal.com/kitchen-accessories
RFL Cherry Container Trans Set,3 pcs,310,https://chaldal.com/kitchen-accessories
RFL Family Basket,each,520,https://chaldal.com/kitchen-accessories
RFL Glass Stand Red,each,130,https://chaldal.com/kitchen-accessories
RFL Popular Chopping Board White 34 cm,each,260,https://chaldal.com/kitchen-accessories
Vision Electronic Iron Multi-Color (VIS-DEI-011),each,1400,https://chaldal.com/electronics
Vision Electric Heavy Iron (VIS-DEI-012),each,1350,https://chaldal.com/electronics
Vision Room Comforter Wall Mount,each,5900,https://chaldal.com/electronics
Vision Room Heater Fire with Smooth Moving System,each,3600,https://chaldal.com/electronics
Icon In-Ear Earphone 5D Sound Effects White (IEP-105),each,200,https://chaldal.com/electronics
"Icon Power Bank 10,000 mAh Fabric Ash (IPB-100)",each,1075,https://chaldal.com/electronics
Icon Genuine Earphone Type - C White (IEP-201),each,269,https://chaldal.com/electronics
RFL Click Room Heater (Black),each,1750,https://chaldal.com/electronics
RFL Super Hero Tiffin Box,each,100,https://chaldal.com/box-container
RFL Winner Tiffin Box Rectangular,each,150,https://chaldal.com/box-container
RFL Cherry Container Trans Set,3 pcs,310,https://chaldal.com/box-container
RFL Classic Round Container Trans Set,5 pcs,190,https://chaldal.com/box-container
Npoly Round Food Box,3 pcs,255,https://chaldal.com/box-container
Npoly Printed Container (Tr Pink) 15 ltr,each,270,https://chaldal.com/box-container
Npoly Printed Container (Tr Pink) 10 ltr,each,195,https://chaldal.com/box-container
Malik Seeds Mishti Kumra Beej (Rongila),each,60,https://chaldal.com/gardening
Malik Seeds Lau Beej (Pallabi),each,60,https://chaldal.com/gardening
Malik Seeds Chichinga Beej (Asha),each,60,https://chaldal.com/gardening
Malik Seeds Jhinga Beej (Raman),each,60,https://chaldal.com/gardening
Malik Seeds Begun Beej (Pritam),each,60,https://chaldal.com/gardening
Malik Seeds Begun Beej (Lalita),each,60,https://chaldal.com/gardening
Malik Seeds Tok Tomato Beej (Sour Round),each,60,https://chaldal.com/gardening
RFL RTG Flower Tub Small (Sandal Wood),each,99,https://chaldal.com/gardening
RFL RTG Flower Tub Big (Sandal Wood),each,200,https://chaldal.com/gardening
RFL RTG Flower Tub Big (Tulip Green),each,200,https://chaldal.com/gardening
RFL TEL Square Flower Tub (Sandal Wood) 12 inch,each,260,https://chaldal.com/gardening
RFL TEL Square Flower Tub (Rose Wood) 12 inch,each,260,https://chaldal.com/gardening
RFL TEL Flower Tub With Tray (Fanta Orange) 14 inch,each,180,https://chaldal.com/gardening
RFL TEL Hanging Flower Tub Small (Red) 6 inch,each,60,https://chaldal.com/gardening
RFL TEL Hanging Flower Tub Small (Brown) 6 inch,each,60,https://chaldal.com/gardening
RFL TEL Modern Flower Tub With Tray (Rose Wood) 8 inch,each,80,https://chaldal.com/gardening
RFL TEL Modern Flower Tub With Tray (Rose Wood) 6 inch,each,50,https://chaldal.com/gardening
RFL TEL Modern Flower Tub With Tray (Brown) 6 inch,each,50,https://chaldal.com/gardening
RFL Grill Mounted Flower Tub (Orange) 6 inch,each,62,https://chaldal.com/gardening
RFL Grill Mounted Flower Tub (Lime Green) 6 inch,each,62,https://chaldal.com/gardening
Malik Seeds Borboti Beej (Nice Green),each,60,https://chaldal.com/gardening
Malik Seeds Mishti Kumra Beej (Black Sweet),each,60,https://chaldal.com/gardening
Malik Seeds Dhundol Beej (Aarti),each,60,https://chaldal.com/gardening
Malik Seeds Boro Korola Beej (Apon),each,60,https://chaldal.com/gardening
Malik Seeds Choto Korola Beej (Malik 1315),each,60,https://chaldal.com/gardening
Malik Seeds Dherosh beej (Shomy),each,60,https://chaldal.com/gardening
Malik Seeds Morich Beej (Bijlee),each,60,https://chaldal.com/gardening
RFL English Dish Rack Red,each,670,https://chaldal.com/rack-organizer
RFL Smart Kitchen Rack Mini Two Color,each,480,https://chaldal.com/rack-organizer
RFL Flower Cloth Clip Set,12 pcs,150,https://chaldal.com/rack-organizer
RFL Heavy Rehal Red,each,200,https://chaldal.com/rack-organizer
RFL Roman Wall Rack (Light Blue),each,330,https://chaldal.com/rack-organizer
RFL Wall Hanger 10 Hooks (SM Blue),each,120,https://chaldal.com/rack-organizer
RFL Standard Mini Rack (Red & White),each,220,https://chaldal.com/rack-organizer
RFL Mini Rack (SM Blue),each,260,https://chaldal.com/rack-organizer
RFL Shoe Rack 4 Step (Red),each,550,https://chaldal.com/rack-organizer
Npoly Round Cloth Hanger (Red),each,200,https://chaldal.com/rack-organizer
"Steel Wire (22""x6"") Wall 6 Hook Hanger (China)",each,299,https://chaldal.com/rack-organizer
RFL Smart Dish Rack With Tray (Red),each,190,https://chaldal.com/rack-organizer
Smart Care Ultra Thin Baby Pant Diaper XL (12-17 kg),46 pcs,1629,https://chaldal.com/extra-large-15-kg-diapers
Fresh Happy Nappy Pant Diaper XL (12 -17 kg),32 pcs,699,https://chaldal.com/extra-large-15-kg-diapers
Fresh Happy Nappy Pant Diaper XXL (12-25 kg),24 pcs,719,https://chaldal.com/extra-large-15-kg-diapers
Comfort Baby Diaper Pant XXXL (20-30 kg),24 pcs,829,https://chaldal.com/extra-large-15-kg-diapers
Savlon Twinkle Baby Pant Diaper XXL 14-25 kg,24 pcs,749,https://chaldal.com/extra-large-15-kg-diapers
Fresh Happy Nappy Pant Diaper XXL (12-25 kg),4 pcs,119,https://chaldal.com/extra-large-15-kg-diapers
Nannys Baby Love Diaper Belt 4 Maxi 8-18 kg (Free Wipes 72 pcs),25 pcs,925,https://chaldal.com/extra-large-15-kg-diapers
Comfort Baby Diaper Pant XXL (16-25 kg),26 pcs,829,https://chaldal.com/extra-large-15-kg-diapers
Comfort Baby Diaper Pant XL (12-17 kg),32 pcs,649,https://chaldal.com/extra-large-15-kg-diapers
Fresh Happy Nappy Pant Diaper XL (12 -17 kg),4 pcs,119,https://chaldal.com/extra-large-15-kg-diapers
Savlon Twinkle Baby Pant Diaper XL 12-20 kg,32 pcs,789,https://chaldal.com/extra-large-15-kg-diapers
Molfix Baby Diaper Pants Super Pack Extra Large 15+ kg,58 pcs,3480,https://chaldal.com/extra-large-15-kg-diapers
Molfix Baby Diaper Pants Super Pack Juni 12-17 kg,68 pcs,3340,https://chaldal.com/extra-large-15-kg-diapers
Pampers Baby Dry 8 Jumbo Plus Belt 17+ kg,52 pcs,4499,https://chaldal.com/extra-large-15-kg-diapers
Kidstar Baby Diaper Belt L (9-18 kg),56 pcs,929,https://chaldal.com/extra-large-15-kg-diapers
Kidstar Baby Diaper Belt XL (12-25 kg),50 pcs,979,https://chaldal.com/extra-large-15-kg-diapers
Savlon Twinkle Baby Belt Diaper XL 11-25 Kg,32 pcs,929,https://chaldal.com/extra-large-15-kg-diapers
Smart Care Ultra Thin Baby Pant Diaper XXL (15-25 kg),42 pcs,1629,https://chaldal.com/extra-large-15-kg-diapers
Kinder Comfy Fit Pants Diaper XL (12-20 kg),4 pcs,129,https://chaldal.com/extra-large-15-kg-diapers
Huggies Dry Pants Baby Diaper Pant XL (12-17 kg),40 pcs,2019,https://chaldal.com/extra-large-15-kg-diapers
Kinder Comfy Fit Pants Diaper M (6-12 kg),5 pcs,129,https://chaldal.com/small-2
Good Care Baby Diaper 3 M Midi (4-9 kg),40 pcs,1170,https://chaldal.com/small-2
Avonee Baby Diaper Pants S (4-8 kg),5 pcs,119,https://chaldal.com/small-2
Comfort Baby Diaper Pant M (7-12 kg),40 pcs,639,https://chaldal.com/small-2
Comfort Baby Diaper Pant S (3-8 kg),42 pcs,699,https://chaldal.com/small-2
NeoCare Premium Baby Diaper Belt L (7-18 kg),50 pcs,1339,https://chaldal.com/small-2
NeoCare Premium Baby Diaper Belt S (3-6 kg),50 pcs,939,https://chaldal.com/small-2
Fresh Happy Nappy Pant Diaper S (4-8 kg),42 pcs,779,https://chaldal.com/small-2
Fresh Happy Nappy Pant Diaper S (4-8 kg),5 pcs,119,https://chaldal.com/small-2
Savlon Twinkle Baby Pant Diaper M 6-12 kg,40 pcs,869,https://chaldal.com/small-2
Savlon Twinkle Baby Pant Diaper S 8 kg,42 pcs,829,https://chaldal.com/small-2
Kidz Baby Diaper Belt New Born (0-4 kg),25 pcs,799,https://chaldal.com/small-2
Supermom Baby Diaper Belt S (3- 8 kg),5 pcs,139,https://chaldal.com/small-2
Kinder Comfy Fit Pants Diaper S (3-8 kg),42 pcs,799,https://chaldal.com/small-2
SMC Smile Baby Diaper Belt S (3-6 kg),5 pcs,89,https://chaldal.com/small-2
Savlon Twinkle Baby Pant Diaper S 8 kg,60 pcs,1089,https://chaldal.com/small-2
Smart Care Ultra Thin Baby Diaper Belt New Born (2-5 kg),25 pcs,850,https://chaldal.com/newborn-2
Avonee Baby Diaper Pants S (4-8 kg),5 pcs,119,https://chaldal.com/newborn-2
Comfort Baby Diaper Pant S (3-8 kg),42 pcs,699,https://chaldal.com/newborn-2
NeoCare Premium Baby Diaper Belt S (3-6 kg),50 pcs,939,https://chaldal.com/newborn-2
Kidz Baby Diaper Belt New Born (0-4 kg),25 pcs,799,https://chaldal.com/newborn-2
Supermom Baby Diaper Belt S (3- 8 kg),5 pcs,139,https://chaldal.com/newborn-2
Kinder Comfy Fit Pants Diaper S (3-8 kg),42 pcs,799,https://chaldal.com/newborn-2
SMC Smile Baby Diaper Belt S (3-6 kg),5 pcs,89,https://chaldal.com/newborn-2
Parachute Just for Baby - Baby Shampoo,100 ml,199,https://chaldal.com/bath-skincare
Parachute Just For Baby - Baby Face Cream,100 gm,239,https://chaldal.com/bath-skincare
Kodomo Baby Lotion,180 ml,680,https://chaldal.com/bath-skincare
Baby Soft Baby Face Cream,50 ml,140,https://chaldal.com/bath-skincare
Baby Soft Baby Lotion,100 ml,190,https://chaldal.com/bath-skincare
Baby Soft Baby Wash,100 ml,190,https://chaldal.com/bath-skincare
Himalaya Baby Lotion,200 ml,300,https://chaldal.com/bath-skincare
Johnson's Baby Soap 50 gm (Buy 3 Get 1 Free),4 pcs,300,https://chaldal.com/bath-skincare
Johnson's Milk + Rice Baby Bath,500 ml,723,https://chaldal.com/bath-skincare
Parachute Just For Baby - Milky Glow Baby Face Cream,100 ml,285,https://chaldal.com/bath-skincare
Parachute Just For Baby - Milky Glow Baby Lotion,200 ml,415,https://chaldal.com/bath-skincare
Meril Baby Shampoo,200 ml,290,https://chaldal.com/bath-skincare
Parachute Just for Baby - Baby Shampoo,200 ml,325,https://chaldal.com/bath-skincare
Johnson's Baby Bath Milk + Rice,100 ml,175,https://chaldal.com/bath-skincare
Johnson's Baby Lotion Milk + Rice,50 gm,145,https://chaldal.com/bath-skincare
Johnson's Baby Powder Blossoms,200 gm,490,https://chaldal.com/bath-skincare
Johnson's Baby Lotion Milk + Rice,100 ml,286,https://chaldal.com/bath-skincare
Johnson's Baby Cream,50 gm,177,https://chaldal.com/bath-skincare
Johnson's Baby Soap,50 gm,114,https://chaldal.com/bath-skincare
Johnson's Baby Oil With Vitamin E,100 ml,357,https://chaldal.com/bath-skincare
Johnson's Baby Lotion With Coconut Oil,100 ml,276,https://chaldal.com/bath-skincare
Johnson's Baby Milk Soap,75 gm,140,https://chaldal.com/bath-skincare
Johnson's Baby Powder Blossoms,100 gm,260,https://chaldal.com/bath-skincare
Johnson's Baby Powder,200 gm,480,https://chaldal.com/bath-skincare
Johnson's Baby Powder,100 gm,240,https://chaldal.com/bath-skincare
Himalaya Baby Lotion,100 ml,220,https://chaldal.com/bath-skincare
Himalaya Gentle Baby Soap,75 gm,85,https://chaldal.com/bath-skincare
Himalaya Gentle Baby Shampoo,200 ml,320,https://chaldal.com/bath-skincare
Parachute Just For Baby - Baby Face Cream,50 gm,150,https://chaldal.com/bath-skincare
Parachute Just For Baby - Baby Oil,100 ml,210,https://chaldal.com/bath-skincare
Parachute Just For Baby - Baby Wash,100 ml,225,https://chaldal.com/bath-skincare
Parachute Just For Baby - Baby Soap,75 gm,95,https://chaldal.com/bath-skincare
Twinkle Baby Soap,75 gm,95,https://chaldal.com/bath-skincare
Johnson's Baby Powder,380 gm,790,https://chaldal.com/bath-skincare
Parachute Just For Baby - Baby Powder,200 gm,265,https://chaldal.com/bath-skincare
Johnson's Face Care For Normal Skin,150 ml,720,https://chaldal.com/bath-skincare
Parachute Just For Baby - Baby Lotion,200 ml,365,https://chaldal.com/bath-skincare
Parachute Just For Baby - Baby Wash,200 ml,325,https://chaldal.com/bath-skincare
Parachute Just For Baby - Baby Oil,200 ml,425,https://chaldal.com/bath-skincare
Dove Baby Sensitive Moisture Lotion,200 ml,550,https://chaldal.com/bath-skincare
Johnson's Baby Jelly Lightly Fragranced,100 ml,419,https://chaldal.com/bath-skincare
Johnson's Baby Jelly Lightly Fragranced,250 ml,900,https://chaldal.com/bath-skincare
Meril Baby Powder,100 gm,130,https://chaldal.com/bath-skincare
Johnson's Baby Oil,300 ml,850,https://chaldal.com/bath-skincare
Kodomo Baby Soap Moisturizer,75 gm,187,https://chaldal.com/bath-skincare
Kodomo Rice Milk Bath (Family),750 ml,1533,https://chaldal.com/bath-skincare
Johnson's Baby Soap,150 gm,380,https://chaldal.com/bath-skincare
Johnson's Baby Lotion Milk + Rice,200 ml,588,https://chaldal.com/bath-skincare
Kodomo Baby Powder (3+) Natural Soft Protection,180 gm,432,https://chaldal.com/bath-skincare
Kodomo Baby Bath Rice Milk Refill,650 ml,1000,https://chaldal.com/bath-skincare
Kinder Wet Wipes Jar,160 pcs,240,https://chaldal.com/wipes
Kinder Wet Wipes Jar,120 pcs,200,https://chaldal.com/wipes
Kinder Wet Wipes Pouch,120 pcs,235,https://chaldal.com/wipes
Supermom Premium Mild Baby Wipes,120 pcs,235,https://chaldal.com/wipes
NeoCare Baby Wipes,120 pcs,235,https://chaldal.com/wipes
Smart Care Baby Wet Wipes with Fliptop,120 pcs,220,https://chaldal.com/wipes
NeoCare Baby Wipes,180 pcs,260,https://chaldal.com/wipes
Comfort Baby Wet Wipes,120 pcs,185,https://chaldal.com/wipes
ACI Twinkle Baby Wipes Jar,120 pcs,200,https://chaldal.com/wipes
Savlon Baby Wipes Jar,160 pcs,230,https://chaldal.com/wipes
Dr Rhazes Sensitive Baby Wipes,120 pcs,220,https://chaldal.com/wipes
Bashundhara Baby Wipes (Sky Blue),120 pcs,180,https://chaldal.com/wipes
Smartcare Wet Wipes With Tube,160 pcs,220,https://chaldal.com/wipes
Freshmaker Baby Wet Wipes,120 pcs,335,https://chaldal.com/wipes
SMC Smile Baby Wipes,80 pcs,200,https://chaldal.com/wipes
Savlon Twinkle Baby Wipes,120 pcs,285,https://chaldal.com/wipes
Farlin Herbal Baby Wet Wipes,85 pcs,615,https://chaldal.com/wipes
Farlin Moisture Anti Rash Wet Wipes Pink,85 pcs,615,https://chaldal.com/wipes
Happy Fresh Wet Wipes (Rose),120 pcs,220,https://chaldal.com/wipes
Pozzy Premium Hygienic Baby Wet Towel Wipes,120 pcs,235,https://chaldal.com/wipes
ACI Savlon Baby Wipes (Antibacterial),120 pcs,285,https://chaldal.com/wipes
Meril Milk & Beli Soap Bar,100 gm,60,https://chaldal.com/womens-soaps
Radiant Raxoll Antibacterial Soap (Moisture),100 gm,75,https://chaldal.com/womens-soaps
Radiant Raxoll Antibacterial Soap (Moisture),75 gm,60,https://chaldal.com/womens-soaps
Radiant Raxoll Antibacterial Soap (Sport),100 gm,75,https://chaldal.com/womens-soaps
Dettol Soap Neem with Pure Neem Oil Shower Bar,125 gm,89,https://chaldal.com/womens-soaps
Dettol Soap Neem with Pure Neem Oil Shower Bar,75 gm,65,https://chaldal.com/womens-soaps
Dettol Original Germ Defence Soap,100 gm,80,https://chaldal.com/womens-soaps
ACI Savlon Soap Fresh 125 gm,3 pcs,225,https://chaldal.com/womens-soaps
"Dettol Soap Summer Pack (Cool, Fresh & Original) 75 gm",3 pcs,195,https://chaldal.com/womens-soaps
Dettol Soap Fresh Bathing Bar Soap With Odour Protection,125 gm,95,https://chaldal.com/womens-soaps
Dettol Soap Fresh Bathing Bar Soap With Odour Protection,75 gm,65,https://chaldal.com/womens-soaps
Pears Transparent Soap With Lemon Flower Extracts,125 gm,345,https://chaldal.com/womens-soaps
Dettol Soap Bathing Bar Original Germ Defence 125 gm (Combo Pack),2 pcs,190,https://chaldal.com/womens-soaps
ACI Neem Original (Olive & Aloe Vera) Soap,75 gm,45,https://chaldal.com/womens-soaps
ACI Savlon Mild Antiseptic Soap,125 gm,80,https://chaldal.com/womens-soaps
ACI Savlon Mild Antiseptic Soap,100 gm,70,https://chaldal.com/womens-soaps
Lifebuoy Soap Bar Care,150 gm,80,https://chaldal.com/womens-soaps
Lux Soap Bar Flawless Glow,150 gm,90,https://chaldal.com/womens-soaps
Lux Soap Bar Bright Glow,150 gm,90,https://chaldal.com/womens-soaps
Lux Soap Bar Flawless Glow,90 gm,60,https://chaldal.com/womens-soaps
Sandalina Sandal & Moisturiser Soap,100 gm,60,https://chaldal.com/womens-soaps
Lux Soap Bar Flawless Glow,25 gm,15,https://chaldal.com/womens-soaps
Sandalina Sandal & Rose Soap,150 gm,90,https://chaldal.com/womens-soaps
Meril Milk & Beli Soap Bar,150 gm,90,https://chaldal.com/womens-soaps
Dettol Bathing Soap Bar Skincare,27 gm,15,https://chaldal.com/womens-soaps
Lifebuoy Soap Bar Mild Care 100 gm,2 pcs,94,https://chaldal.com/womens-soaps
Meril Milk & Kiwi Soap Bar,150 gm,80,https://chaldal.com/womens-soaps
Lux Soap Bar Bright Glow,90 gm,60,https://chaldal.com/womens-soaps
Lux Soap Bar Flawless Glow 90 gm,2 pcs,110,https://chaldal.com/womens-soaps
Akij Health + Original Soap,100 gm,60,https://chaldal.com/womens-soaps
Lux Jasmine Soap Bar Bright Glow,75 gm,50,https://chaldal.com/womens-soaps
Dettol Soap Original Germ Defence Bathing Bar,50 gm,40,https://chaldal.com/womens-soaps
Dettol Fresh Soap 125 gm (25 gm Extra),150 gm,90,https://chaldal.com/womens-soaps
Dettol Cool Soap 125 gm (25 gm Extra),150 gm,90,https://chaldal.com/womens-soaps
Dettol Skincare With Moisturizers Soap,100 gm,75,https://chaldal.com/womens-soaps
Dettol Aloe Vera Shower Bar,100 gm,80,https://chaldal.com/womens-soaps
ACI Savlon Soap Fresh 100 gm,3 pcs,210,https://chaldal.com/womens-soaps
ACI Savlon Soap Mild 100 gm,3 pcs,210,https://chaldal.com/womens-soaps
ACI Savlon Soap Mild 125 gm,3 pcs,225,https://chaldal.com/womens-soaps
Boroplus Neem Antibacterial Moisturising Soap 100 gm,3 pcs,210,https://chaldal.com/womens-soaps
Himalaya Neem & Turmeric Soap,75 gm,50,https://chaldal.com/womens-soaps
Godrej No.1 Jasmine Soap,75 gm,40,https://chaldal.com/womens-soaps
Godrej No.1 Lime Soap,75 gm,40,https://chaldal.com/womens-soaps
Ribana Saffron Goat's Milk Soap,110 gm,950,https://chaldal.com/womens-soaps
Dr Davey Black Soap,100 gm,189,https://chaldal.com/womens-soaps
Godrej No.1 Sandal Soap,100 gm,55,https://chaldal.com/womens-soaps
Himalaya Neem & Turmeric Soap 125 gm (Buy 3 Get 1 Free),4 pcs,240,https://chaldal.com/womens-soaps
Lux Soap Bar Velvet Glow,75 gm,50,https://chaldal.com/womens-soaps
Lux Soap Bar Soft Glow,150 gm,90,https://chaldal.com/womens-soaps
Dettol Bathing Soap Bar Skincare 125 gm (Combo Pack),4 pcs,380,https://chaldal.com/womens-soaps
Head & Shoulders Smooth & Silky Anti Dandruff Shampoo,1 ltr,2799,https://chaldal.com/female-shampoo
Dove Shampoo Hair Fall Rescue,330 ml,440,https://chaldal.com/female-shampoo
Parachute Naturale Nourishing Care Shampoo (5.25 ml X 12 pcs),63 ml,24,https://chaldal.com/female-shampoo
Sunsilk Shampoo Stunning Black Shine,170 ml,180,https://chaldal.com/female-shampoo
Sunsilk Shampoo Stunning Black Shine,340 ml,350,https://chaldal.com/female-shampoo
Sunsilk Shampoo Hair Fall Solution,340 ml,350,https://chaldal.com/female-shampoo
Ujjwala Care Anti Hairfall Herbal Shampoo,200 ml,320,https://chaldal.com/female-shampoo
Ujjwala Care Anti Hairfall Herbal Shampoo,350 ml,480,https://chaldal.com/female-shampoo
Sunsilk Shampoo Stunning Black Shine,450 ml,550,https://chaldal.com/female-shampoo
Meril Tangerine Orange Shampoo,250 ml,300,https://chaldal.com/female-shampoo
Parachute Naturale Advanced Hair Fall Control Shampoo (Onion & Coconut Milk),175 ml,150,https://chaldal.com/female-shampoo
Sunsilk Lusciously Thick & Long Shampoo (Free Scalp Massager),650 ml,700,https://chaldal.com/female-shampoo
Herbal Essences White Strawberry & Sweet Mint Conditioner,400 ml,775,https://chaldal.com/female-shampoo
Herbal Essences Strength Whipped Cocoa Butter Conditioner,400 ml,775,https://chaldal.com/female-shampoo
Pantene Advanced Hair Fall Solution Anti-Dandruff Shampoo,180 ml,530,https://chaldal.com/female-shampoo
Head & Shoulders Cool Menthol Anti Dandruff Shampoo,1 ltr,1800,https://chaldal.com/female-shampoo
Pantene Hairfall Control Shampoo,340 ml,950,https://chaldal.com/female-shampoo
Head & Shoulders Smooth & Silky Anti Dandruff Shampoo,340 ml,990,https://chaldal.com/female-shampoo
Head & Shoulders 2 in 1 Cool Menthol Anti Dandruff Shampoo + Conditioner,340 ml,1200,https://chaldal.com/female-shampoo
Head & Shoulders 2 in 1 Smooth & Silky Shampoo + Conditioner,180 ml,650,https://chaldal.com/female-shampoo
Tresemmé Shampoo Color Revitalise,580 ml,850,https://chaldal.com/female-shampoo
Tresemmé Shampoo Keratin Smooth,340 ml,550,https://chaldal.com/female-shampoo
Herbal Essences White Strawberry & Sweet Mint Shampoo,400 ml,1800,https://chaldal.com/female-shampoo
Head & Shoulders Neem Anti Dandruff Shampoo,180 ml,650,https://chaldal.com/female-shampoo
Parachute Naturale Shampoo Hijab Fresh,340 ml,390,https://chaldal.com/female-shampoo
Sunsilk Shampoo Volume,375 ml,420,https://chaldal.com/female-shampoo
Parachute Naturale Anti Hair Fall Shampoo,160 ml,140,https://chaldal.com/female-shampoo
Parachute Naturale Damage Repair Shampoo,160 ml,140,https://chaldal.com/female-shampoo
Parachute Naturale Nourishing Care Shampoo,160 ml,140,https://chaldal.com/female-shampoo
Parachute Naturale Anti Hair Fall Shampoo,320 ml,265,https://chaldal.com/female-shampoo
Parachute Naturale Damage Repair Shampoo,320 ml,265,https://chaldal.com/female-shampoo
Parachute Naturale Nourishing Care Shampoo,320 ml,265,https://chaldal.com/female-shampoo
Head & Shoulders Cool Menthol Anti Dandruff Shampoo,340 ml,990,https://chaldal.com/female-shampoo
Head & Shoulders Anti Hairfall Anti Dandruff Shampoo,340 ml,990,https://chaldal.com/female-shampoo
Dove Shampoo Healthy Grow,330 ml,470,https://chaldal.com/female-shampoo
Dove Shampoo Healthy Grow,170 ml,200,https://chaldal.com/female-shampoo
Sunsilk Shampoo Lusciously Thick & Long,650 ml,700,https://chaldal.com/female-shampoo
Tresemmé Shampoo Hair Fall Defense,580 ml,850,https://chaldal.com/female-shampoo
Sunsilk Shampoo Hijab Recharge,330 ml,420,https://chaldal.com/female-shampoo
Biotique Natural Black & Shine Shampoo 12 pcs,3 ml,12,https://chaldal.com/female-shampoo
Sunsilk Shampoo Hair Fall Solution,170 ml,180,https://chaldal.com/female-shampoo
Tresemmé Shampoo Keratin Smooth,185 ml,350,https://chaldal.com/female-shampoo
Select Plus Ketoconazole Shampoo,75 ml,200,https://chaldal.com/female-shampoo
Tresemmé Shampoo Keratin Smooth,580 ml,850,https://chaldal.com/female-shampoo
Sunsilk Shampoo Lusciously Thick & Long,170 ml,180,https://chaldal.com/female-shampoo
Dove Shampoo Hairfall Rescue,650 ml,740,https://chaldal.com/female-shampoo
Tresemmé Shampoo Ultimate Repair,425 ml,1570,https://chaldal.com/female-shampoo
Veet Pure Hair Removal Cream (Free Dettol Original Soap 75 gm),100 gm,350,https://chaldal.com/feminine-care
GSN1 Grace Wings Sanitary Napkin Regular Flow (Panty) 5 pads,,65,https://chaldal.com/feminine-care
QSN4 Queen Sanitary Napkin Panty Liner,25 pcs,245,https://chaldal.com/feminine-care
VSN1 Venus Premium Sanitary Napkin (Panty),8 pcs,250,https://chaldal.com/feminine-care
QSN2 Queen Plus Sanitary Napkin (Panty),10 pcs,150,https://chaldal.com/feminine-care
Veet Pure Hair Removal Cream Normal Skin With Organic Aloe Vera & Rose Extracts,25 gm,110,https://chaldal.com/feminine-care
Veet Pure Hair Removal Cream Normal Skin With Organic Aloe Vera & Rose Extracts,100 gm,350,https://chaldal.com/feminine-care
Veet Pure Hair Removal Cream Sensitive Skin With Aloe Vera Extract,25 gm,110,https://chaldal.com/feminine-care
C17 Fresh Anonna Sanitary Napkin Belt system 15 pads,,110,https://chaldal.com/feminine-care
AF2  SMC Joya All Night Wings,8 pcs,120,https://chaldal.com/feminine-care
Intimia Ultra Thin Peaceful Night XL Sanitary Napkin,6 pcs,200,https://chaldal.com/feminine-care
Veet Expert All-in-One Women's Trimmer,,3200,https://chaldal.com/feminine-care
Veet Pure Hair Removal Cream With Organic Aelo Vera and Rose Extract,50 gm,200,https://chaldal.com/feminine-care
Sirona Oxo-Biodegradable Tampon & Condom Disposal Bag,50 pcs,350,https://chaldal.com/feminine-care
SS3 Shokhi Sanitary Napkin (Panty),8 pcs,70,https://chaldal.com/feminine-care
SS1 Shokhi Sanitary Napkin (Belt),8 pcs,60,https://chaldal.com/feminine-care
SS2 Shokhi Sanitary Napkin (Belt),15 pcs,110,https://chaldal.com/feminine-care
SS4 Shokhi Sanitary Napkin (Panty),15 pcs,120,https://chaldal.com/feminine-care
Freedom Hair Removal Cream,25 gm,100,https://chaldal.com/feminine-care
T3 Whisper Ultra Softs Air Fresh Sanitary Napkin XL+,7 pcs,160,https://chaldal.com/feminine-care
T5 Whisper Ultra Softs Air Fresh Sanitary Napkins XL+,15 pcs,360,https://chaldal.com/feminine-care
VWash Intimate Hygiene Wash,100 ml,527,https://chaldal.com/feminine-care
L17 Laurier Panty liner Cleanfresh Non Perfumed,20 pcs,170,https://chaldal.com/feminine-care
Beauty Formulas Aloe Vera Wax Strips,36 pcs,189,https://chaldal.com/feminine-care
L11 Laurier Healthy Skin Wing Sanitary Napkin14 pcs,,350,https://chaldal.com/feminine-care
Beauty Formulas Vitamin E Wax Strips,20 pcs,680,https://chaldal.com/feminine-care
AF3  SMC Joya Sanitary Napkin (Belt),8 pcs,60,https://chaldal.com/feminine-care
C3 Senora Sanitary Napkin Regular Flow (Belt),10 pcs,100,https://chaldal.com/feminine-care
C5 Senora Sanitary Napkin (Belt),15 pcs,130,https://chaldal.com/feminine-care
C9 Senora Confidence Regular Flow (Panty System),10 pcs,120,https://chaldal.com/feminine-care
Veet Hair Removal Cream Normal Skin With Lotus Milk,50 gm,200,https://chaldal.com/feminine-care
A5 Freedom Panty System Sanitary Napkin 10 pads,,100,https://chaldal.com/feminine-care
GSN3 Grace Wings Sanitary Napkin Regular Flow (Panty) 15 pads,,150,https://chaldal.com/feminine-care
GSN2 Grace Wings Sanitary Napkin Regular Flow (Panty) 10 pads,,120,https://chaldal.com/feminine-care
VSN4 Venus Sanitary Napkin Panty Liner,25 pcs,245,https://chaldal.com/feminine-care
QSN1 Queen Sanitary Napkin (Panty),10 pcs,125,https://chaldal.com/feminine-care
C20 Fresh Anonna Sanitary Napkin Heavy Flow 290 Wings 8 pads,,110,https://chaldal.com/feminine-care
C16 Fresh Anonna Sanitary Napkin Belt system 8 pads,,60,https://chaldal.com/feminine-care
A11 Freedom Belt System Sanitary Napkin 15 pads,,130,https://chaldal.com/feminine-care
Nivea Express Hydration Body Lotion,380 ml,1250,https://chaldal.com/female-moisturizer
Nivea Soft Light Moisturiser Cream,50 ml,425,https://chaldal.com/female-moisturizer
Enchanteur Perfumed Body Lotion Charming Satin Smooth,500 ml,1700,https://chaldal.com/female-moisturizer
Dove Nourishing Radiance Body Care Lotion,250 ml,380,https://chaldal.com/female-moisturizer
Ponds Super Light Gel,49 gm,230,https://chaldal.com/female-moisturizer
Nature Republic Soothing & Moisture Aloe Vera Gel,300 ml,849,https://chaldal.com/female-moisturizer
Olay Moisturising Cream,50 gm,280,https://chaldal.com/female-moisturizer
Vaseline Intensive Care Cocoa Radiant Lotion,200 ml,425,https://chaldal.com/female-moisturizer
Vaseline Intensive Care Advance Strength Lotion,400 ml,825,https://chaldal.com/female-moisturizer
Nivea Soft Light Moisturiser Cream,200 ml,830,https://chaldal.com/female-moisturizer
Parachute SkinPure Skin Lotion Natural Moisture,200 ml,250,https://chaldal.com/female-moisturizer
Parachute SkinPure Skin Lotion Natural White,200 ml,260,https://chaldal.com/female-moisturizer
Parachute SkinPure Skin Lotion Natural Moisture,300 ml,340,https://chaldal.com/female-moisturizer
Parachute SkinPure Skin Lotion Natural White,100 ml,160,https://chaldal.com/female-moisturizer
Parachute SkinPure Skin Lotion Natural Moisture,100 ml,150,https://chaldal.com/female-moisturizer
Parachute SkinPure Aloe Vera Gel,100 ml,205,https://chaldal.com/female-moisturizer
Parachute SkinPure Aloe Vera Gel,50 ml,120,https://chaldal.com/female-moisturizer
Creme 21 Vitamin E Moisturizing Soft Cream,150 ml,605,https://chaldal.com/female-moisturizer
Boots Cocoa Butter Body Lotion,390 ml,1550,https://chaldal.com/female-moisturizer
Dove Nourishing Body Care Intensive Body Lotion,400 ml,715,https://chaldal.com/female-moisturizer
Koelcia Grape Soothing Gel,300 gm,1100,https://chaldal.com/female-moisturizer
Eunyul Tomato Soothing Gel,300 gm,1400,https://chaldal.com/female-moisturizer
Enchanteur Perfumed Body Lotion Gorgeous Satin Smooth,500 ml,1500,https://chaldal.com/female-moisturizer
Boroplus Moisturising Lotion Aloe Vera & Milk,300 ml,390,https://chaldal.com/female-moisturizer
O'uyuey Aloe Vera Soothing Moisturizing Gel,250 ml,440,https://chaldal.com/female-moisturizer
Enchanteur Perfumed Body Lotion Romantic Satin Smooth,500 ml,1150,https://chaldal.com/female-moisturizer
Revive Moisturizing Lotion,200 ml,260,https://chaldal.com/female-moisturizer
Vaseline Lotion Deep Restore,400 ml,850,https://chaldal.com/female-moisturizer
Vaseline Lotion Healthy Bright,100 ml,190,https://chaldal.com/female-moisturizer
Vaseline Lotion Healthy Bright,200 ml,300,https://chaldal.com/female-moisturizer
Vaseline Lotion Healthy Bright,300 ml,420,https://chaldal.com/female-moisturizer
Nivea Intensive Moisture Body Milk Lotion,250 ml,725,https://chaldal.com/female-moisturizer
Tibet Pomade,50 ml,70,https://chaldal.com/female-moisturizer
Johnson's 24 Hour Moisture Soft Cream,200 ml,849,https://chaldal.com/female-moisturizer
Care:Nel Anti-Melasma Cica Cream,40 ml,1373,https://chaldal.com/female-moisturizer
Simple Kind to Skin Hydrating Light Moisturiser,125 ml,887,https://chaldal.com/female-moisturizer
Enchanteur Perfumed Body Lotion Enticing Satin Smooth,250 ml,900,https://chaldal.com/female-moisturizer
Enchanteur Perfumed Body Lotion Charming Satin Smooth,250 ml,900,https://chaldal.com/female-moisturizer
Nivea Soft Light Moisturiser Cream,100 ml,800,https://chaldal.com/female-moisturizer
Go Fresh pocket Perfume Red Hot Fragrance,17 ml,130,https://chaldal.com/womens-perfume
Go Fresh Pocket Perfume Miracle Fragrance,17 ml,130,https://chaldal.com/womens-perfume
Go Fresh Pocket Perfume player Fragrance,17 ml,130,https://chaldal.com/womens-perfume
Go Fresh Pocket Perfume Wild Game Fragrance,17 ml,130,https://chaldal.com/womens-perfume
Go Fresh Pocket Perfume Secret Fragrance,17 ml,130,https://chaldal.com/womens-perfume
Layer'r Wottagirl Secret Crush Body Spray,135 ml,595,https://chaldal.com/womens-perfume
Layer'r Shot Red Stallion Body Spray,135 ml,595,https://chaldal.com/womens-perfume
Layer'r Shot Power Play Body Spray,135 ml,595,https://chaldal.com/womens-perfume
Colour Me Women's Body Spray Pink,150 ml,775,https://chaldal.com/womens-perfume
Lafz Premium Body Spray Dariush,120 ml,390,https://chaldal.com/womens-perfume
Fa Roll On Aqua Auatic Fresh,50 ml,289,https://chaldal.com/womens-perfume
Fa Roll On Sport,50 ml,279,https://chaldal.com/womens-perfume
Fa Roll On Caribbean Lemon,50 ml,299,https://chaldal.com/womens-perfume
CA Active Women Body Spray,200 ml,680,https://chaldal.com/womens-perfume
Lafz Ibadet Body Spray,90 ml,300,https://chaldal.com/womens-perfume
Lafz Gul Wissal Body Spray,100 ml,294,https://chaldal.com/womens-perfume
Enchanteur Pocket Perfume Romantic,18 ml,350,https://chaldal.com/womens-perfume
Enchanteur Pocket Perfume Charming,18 ml,300,https://chaldal.com/womens-perfume
Enchanteur Perfumed Deo Roll On Alluring,50 ml,500,https://chaldal.com/womens-perfume
Royal Mirage Sport Perfume,120 ml,1750,https://chaldal.com/womens-perfume
Royal Mirage Sport Body Spray,150 ml,620,https://chaldal.com/womens-perfume
Eternal Love Xlouis Women Body Spray,200 ml,780,https://chaldal.com/womens-perfume
Layer'r Wottagirl Pure Paradise Body Spray,135 ml,545,https://chaldal.com/womens-perfume
Layer'r Wottagirl Pink Angel Body Spray,135 ml,595,https://chaldal.com/womens-perfume
Ossum Body Spray Teaser,120 ml,550,https://chaldal.com/womens-perfume
Ossum Body Spray Desire,120 ml,550,https://chaldal.com/womens-perfume
Ossum Body Spray Cherish,120 ml,550,https://chaldal.com/womens-perfume
Ossum Body Spray Appeal,120 ml,550,https://chaldal.com/womens-perfume
Ossum Body Mist Pleasere,115 ml,580,https://chaldal.com/womens-perfume
Ossum Body Mist Blossom,115 ml,670,https://chaldal.com/womens-perfume
Enchanteur Perfumed Deo Spary Gorgeous,150 ml,400,https://chaldal.com/womens-perfume
Enchanteur Perfumed Deo Spary Charming,150 ml,400,https://chaldal.com/womens-perfume
Colour Me Perfume Volt,50 ml,625,https://chaldal.com/womens-perfume
Ossum Perfumed Body Mist Delight,115 ml,750,https://chaldal.com/womens-perfume
Ossum Perfumed Body Mist Romance,115 ml,750,https://chaldal.com/womens-perfume
Fogg Scent Women (I Am Queen),100 ml,900,https://chaldal.com/womens-perfume
Layer'r Wattagirl Fresh Citrus Body Spray,135 ml,699,https://chaldal.com/womens-perfume
Enchanteur Perfumed Deo Spary Romantic,150 ml,450,https://chaldal.com/womens-perfume
Enchanteur Perfumed Deo Roll On Romantic,50 ml,319,https://chaldal.com/womens-perfume
Comely Shower Gel (Sunshine Garden),350 ml,300,https://chaldal.com/womens-shower-gel
The Dermalix Rose Soothing Shower Gel,250 ml,350,https://chaldal.com/womens-shower-gel
Nivea Female Shower Gel Lemongrass & Oil,250 ml,700,https://chaldal.com/womens-shower-gel
Dettol Lasting Fresh Bodywash,250 ml,225,https://chaldal.com/womens-shower-gel
Dettol Skincare Bodywash,250 ml,225,https://chaldal.com/womens-shower-gel
Lux Body Wash French Rose & Almond Oil,245 ml,220,https://chaldal.com/womens-shower-gel
Dettol Aloe Vera Bodywash,250 ml,225,https://chaldal.com/womens-shower-gel
Dettol Cool Bodywash,250 ml,225,https://chaldal.com/womens-shower-gel
Dettol Skincare Bodywash Refill,170 ml,125,https://chaldal.com/womens-shower-gel
Dettol Lasting Fresh Bodywash Refill,170 ml,125,https://chaldal.com/womens-shower-gel
"Dettol Lasting Fresh Bodywash (Scan, Run & Win)",250 ml,225,https://chaldal.com/womens-shower-gel
YC Beautiful Day Body Shower Gel,400 ml,650,https://chaldal.com/womens-shower-gel
Palmolive Aroma Morning Tonic Shower Gel,250 ml,650,https://chaldal.com/womens-shower-gel
Palmolive Body Wash Luminous Oils,250 ml,650,https://chaldal.com/womens-shower-gel
Dettol Original Bodywash,250 ml,200,https://chaldal.com/womens-shower-gel
Dettol Fresh Antibacterial Bodywash Citrus & Orange Blossom,250 ml,350,https://chaldal.com/womens-shower-gel
Biore Mens Hygienic Energy Shower Gel,250 ml,750,https://chaldal.com/womens-shower-gel
Biore Mens Cool Energy Shower Gel,250 ml,750,https://chaldal.com/womens-shower-gel
St. Ives Sooting Oatmeal & Shea Butters Body Wash,400 ml,1550,https://chaldal.com/womens-shower-gel
St. Ives Fresh Skin Apricot Body Wash,400 ml,850,https://chaldal.com/womens-shower-gel
Lux Body Wash Bright Camellia,500 ml,1250,https://chaldal.com/womens-shower-gel
Lux Body Wash Soft Rose,500 ml,1250,https://chaldal.com/womens-shower-gel
Palmolive Aroma Alluring Love Body Wash For Women&Men,250 ml,650,https://chaldal.com/womens-shower-gel
Palmolive Aroma Sweet Delight Body Wash,250 ml,650,https://chaldal.com/womens-shower-gel
Neutrogena Deep Clean Facial Cleanser,40 gm,499,https://chaldal.com/masks-cleansers
Lafz Apple Cider Vinegar Foaming Cleanser,100 ml,399,https://chaldal.com/masks-cleansers
Xpel Body Care Cleansing Charcoal Nose Strips (6 Strips),each,250,https://chaldal.com/masks-cleansers
Clean & Clear Lemon Facial Cleanser,100 ml,380,https://chaldal.com/masks-cleansers
Clean & Clear Daily Pore Cleanser,100 ml,450,https://chaldal.com/masks-cleansers
YC Aloe Vera Peel of Mask,120 ml,280,https://chaldal.com/masks-cleansers
YC Cucumber Peel of Mask,120 ml,650,https://chaldal.com/masks-cleansers
Garnier Skin Naturals Light Complete Serum Mask,each,135,https://chaldal.com/masks-cleansers
Beauty Formulas Charcoal Detox Cleanser,150 ml,460,https://chaldal.com/masks-cleansers
Radiant Raxoll Antibacterial Soap (Moisture),100 gm,75,https://chaldal.com/mens-soaps
Radiant Raxoll Antibacterial Soap (Moisture),75 gm,60,https://chaldal.com/mens-soaps
Radiant Raxoll Antibacterial Soap (Sport),100 gm,75,https://chaldal.com/mens-soaps
Dettol Soap Neem with Pure Neem Oil Shower Bar,125 gm,89,https://chaldal.com/mens-soaps
Dettol Soap Neem with Pure Neem Oil Shower Bar,75 gm,65,https://chaldal.com/mens-soaps
Dettol Original Germ Defence Soap,100 gm,80,https://chaldal.com/mens-soaps
ACI Savlon Soap Fresh 125 gm,3 pcs,225,https://chaldal.com/mens-soaps
Dettol Soap Fresh Bathing Bar Soap With Odour Protection,125 gm,95,https://chaldal.com/mens-soaps
Dettol Soap Fresh Bathing Bar Soap With Odour Protection,75 gm,65,https://chaldal.com/mens-soaps
Dettol Soap Bathing Bar Original Germ Defence 125 gm (Combo Pack),2 pcs,190,https://chaldal.com/mens-soaps
ACI Savlon Men Soap,100 gm,70,https://chaldal.com/mens-soaps
Lifebuoy Soap Bar Total,150 gm,80,https://chaldal.com/mens-soaps
Dettol Bathing Soap Bar Skincare,125 gm,95,https://chaldal.com/mens-soaps
Dettol Skincare Bodywash,250 ml,225,https://chaldal.com/mens-soaps
Lifebuoy Soap Bar Lemon Fresh,90 gm,55,https://chaldal.com/mens-soaps
Dettol Bathing Soap Bar Skincare,27 gm,15,https://chaldal.com/mens-soaps
Lifebuoy Soap Bar Mild Care 100 gm,2 pcs,94,https://chaldal.com/mens-soaps
ACI Savlon Fresh Antiseptic Soap,125 gm,80,https://chaldal.com/mens-soaps
Akij Health + Original Soap,100 gm,60,https://chaldal.com/mens-soaps
Lux Jasmine Soap Bar Bright Glow,75 gm,50,https://chaldal.com/mens-soaps
Dettol Soap Original Germ Defence Bathing Bar,50 gm,40,https://chaldal.com/mens-soaps
Dettol Fresh Soap 125 gm (25 gm Extra),150 gm,90,https://chaldal.com/mens-soaps
Dettol Cool Soap 125 gm (25 gm Extra),150 gm,90,https://chaldal.com/mens-soaps
Dettol Skincare With Moisturizers Soap,100 gm,75,https://chaldal.com/mens-soaps
Dettol Aloe Vera Shower Bar,100 gm,80,https://chaldal.com/mens-soaps
ACI Savlon Soap Fresh 100 gm,3 pcs,210,https://chaldal.com/mens-soaps
ACI Savlon Soap Mild 100 gm,3 pcs,210,https://chaldal.com/mens-soaps
ACI Savlon Soap Mild 125 gm,3 pcs,225,https://chaldal.com/mens-soaps
Irish Spring Original Body Wash,532 ml,1360,https://chaldal.com/mens-soaps
Irish Spring Aloe Soap,104.8 gm,270,https://chaldal.com/mens-soaps
Dr Davey Black Soap,100 gm,189,https://chaldal.com/mens-soaps
Lifebuoy Mild Care Antibacterial Body Wash,300 ml,450,https://chaldal.com/mens-soaps
Godrej No.1 Sandal Soap,100 gm,55,https://chaldal.com/mens-soaps
Himalaya Neem & Turmeric Soap 125 gm (Buy 3 Get 1 Free),4 pcs,240,https://chaldal.com/mens-soaps
Dettol Original Bodywash,250 ml,200,https://chaldal.com/mens-soaps
Dettol Fresh Antibacterial Bodywash Citrus & Orange Blossom,250 ml,350,https://chaldal.com/mens-soaps
Studio X Clean & Fresh Soap For Men,75 gm,60,https://chaldal.com/mens-soaps
Dettol Bathing Soap Bar Skincare 125 gm (Combo Pack),4 pcs,380,https://chaldal.com/mens-soaps
Dettol Soap Bathing Bar Original Germ Defence 125 gm (Combo Pack),4 pcs,380,https://chaldal.com/mens-soaps
Studio X Clean & Fresh Soap for Men,125 gm,90,https://chaldal.com/mens-soaps
Nivea Fresh Natural Body Spray,150 ml,525,https://chaldal.com/mens-soaps
Wild Stone Forest Spice Soap,125 gm,188,https://chaldal.com/mens-soaps
ACI Septex Deep Clean Antiseptic Bar,100 gm,55,https://chaldal.com/mens-soaps
ACI Septex Antiseptic Bar,100 gm,50,https://chaldal.com/mens-soaps
Cute Lemon Soap,125 gm,60,https://chaldal.com/mens-soaps
Dettol Soap Bathing Bar Aloe Vera,75 gm,65,https://chaldal.com/mens-soaps
ACI Neem Original Pure Neem Soap,100 gm,55,https://chaldal.com/mens-soaps
"Dettol Soap Bathing Bar Family Pack (Cool, Skincare & Original) 75 gm",3 pcs,195,https://chaldal.com/mens-soaps
Dettol Soap Bathing Bar Original Germ Defence 75 gm (Combo Pack),3 pcs,195,https://chaldal.com/mens-soaps
Camay Romantic Beauty Soap,170 gm,350,https://chaldal.com/mens-soaps
Go Fresh pocket Perfume Red Hot Fragrance,17 ml,130,https://chaldal.com/mens-perfume
Go Fresh Pocket Perfume Miracle Fragrance,17 ml,130,https://chaldal.com/mens-perfume
Go Fresh Pocket Perfume player Fragrance,17 ml,130,https://chaldal.com/mens-perfume
Go Fresh Pocket Perfume Wild Game Fragrance,17 ml,130,https://chaldal.com/mens-perfume
Fogg Body spray Royal,120 ml,520,https://chaldal.com/mens-perfume
Go Fresh Pocket Perfume Secret Fragrance,17 ml,130,https://chaldal.com/mens-perfume
Kool Deodorant Body Spray (Storm),150 ml,325,https://chaldal.com/mens-perfume
Layer'r Shot Red Stallion Body Spray,135 ml,595,https://chaldal.com/mens-perfume
Layer'r Shot Power Play Body Spray,135 ml,595,https://chaldal.com/mens-perfume
Denim Musk Deodorant Body Spray,150 ml,625,https://chaldal.com/mens-perfume
Rasasi Relation Men Body Spray,200 ml,530,https://chaldal.com/mens-perfume
Lafz Kaveh Body Spray,100 ml,350,https://chaldal.com/mens-perfume
Beverly Hills Polo Club Eight Men's Body Spray,175 ml,750,https://chaldal.com/mens-perfume
Layer'r Shot Royal Jade Men's Body Spray,135 ml,595,https://chaldal.com/mens-perfume
Layer'r Shot Deep Desire Men's Body Spray,135 ml,595,https://chaldal.com/mens-perfume
Wild Stone Pocket Perfume (Charge),18 ml,150,https://chaldal.com/mens-perfume
Wild Stone Pocket Perfume (Blast),18 ml,150,https://chaldal.com/mens-perfume
Wild Stone Pocket Perfume (Fresh),18 ml,150,https://chaldal.com/mens-perfume
Fogg Scent Czar,30 ml,680,https://chaldal.com/mens-perfume
Fogg Body Spray Absolute,120 ml,530,https://chaldal.com/mens-perfume
Fogg Body Spray Fresh Fougere,120 ml,555,https://chaldal.com/mens-perfume
Clariss Note Men Perfume,120 ml,295,https://chaldal.com/mens-perfume
Axe Signature Intense Body Perfume Ticket,17 ml,220,https://chaldal.com/mens-perfume
Axe Signature Champion Body Perfume Ticket,17 ml,211,https://chaldal.com/mens-perfume
Eternal Love Xlouis Men Body Spray,200 ml,453,https://chaldal.com/mens-perfume
Eternal Love Men Body Spray For Men,200 ml,750,https://chaldal.com/mens-perfume
Nivea Fresh Natural Body Spray,150 ml,525,https://chaldal.com/mens-perfume
Wild Stone P.B.S Iron Perfume,120 ml,710,https://chaldal.com/mens-perfume
Wild Stone P.B.S Bronze Perfume,120 ml,710,https://chaldal.com/mens-perfume
Wild Stone P.B.S Chrome Perfume,120 ml,660,https://chaldal.com/mens-perfume
Red Hunt Savage Storm Body Spray,125 ml,500,https://chaldal.com/mens-perfume
Red Hunt Rain Forest Body Spray,125 ml,490,https://chaldal.com/mens-perfume
Red Hunt Wild Chase Body Spray,125 ml,402,https://chaldal.com/mens-perfume
Red Hunt Premium Alpha Tribe Body Spray,125 ml,490,https://chaldal.com/mens-perfume
Colour Me Black Man Deo Spray,150 ml,590,https://chaldal.com/mens-perfume
HE Advanced Grooming Power Body Perfume,120 ml,500,https://chaldal.com/mens-perfume
Engage On Man Pocket Perfume (Classic Woody),18 ml,170,https://chaldal.com/mens-perfume
Fogg Scent Men Impressio,100 ml,1450,https://chaldal.com/mens-perfume
Fogg Body spray Victor,120 ml,520,https://chaldal.com/mens-perfume
HE Advanced Grooming Innovator Perfumed Body Spray,150 ml,400,https://chaldal.com/mens-perfume
Wild Stone Body Perfume Steel,120 ml,699,https://chaldal.com/mens-perfume
Wild Stone Body Perfume Titanium,120 ml,650,https://chaldal.com/mens-perfume
Denim Original Body Spray,150 ml,625,https://chaldal.com/mens-perfume
Wild Stone Legend Body Deodorant,150 ml,450,https://chaldal.com/mens-perfume
Wild Stone Forest Spice Deodorant,150 ml,650,https://chaldal.com/mens-perfume
Fogg Body Spray Fresh Spicy,120 ml,555,https://chaldal.com/mens-perfume
Fogg Body Spray Fresh Aqua,120 ml,555,https://chaldal.com/mens-perfume
Wild Stone Red Body Deodorant,150 ml,530,https://chaldal.com/mens-perfume
Kool Deodorant Body Spray (Blue),150 ml,325,https://chaldal.com/mens-perfume
Kool Classic Deodorant Body Spray,150 ml,325,https://chaldal.com/mens-perfume
Gillette Blue 2 Disposable Razor,each,55,https://chaldal.com/beard-grooming
Gillette Guard Cartridges Single Cartridge,each,30,https://chaldal.com/beard-grooming
Beardo Beard & Hair Growth Oil,50 ml,1599,https://chaldal.com/beard-grooming
Kool After Shave Lotion,50 ml,200,https://chaldal.com/beard-grooming
Aichun Beauty Beard Growth Beard Essential Oil,30 ml,450,https://chaldal.com/beard-grooming
Nivea Men Sensitive After Shave Lotion,100 ml,1250,https://chaldal.com/beard-grooming
Nivea Men Sensitive After Shave Lotion,100 ml,550,https://chaldal.com/beard-grooming
Kool Ultra Glide Shaving Foam,200 ml,350,https://chaldal.com/beard-grooming
Kool After Shave Lotion,100 ml,300,https://chaldal.com/beard-grooming
Gillette Mach3 New Blade Razor,each,655,https://chaldal.com/beard-grooming
Gillette Fusion Manual Razor,each,1090,https://chaldal.com/beard-grooming
Kool Frosty Shaving Cream,50 gm,55,https://chaldal.com/beard-grooming
Red King Men's Cooling Oil,100 ml,139,https://chaldal.com/mens-hair-care
Godrej Expert Shampoo Black Hair Color (Bowl Free),,50,https://chaldal.com/mens-hair-care
Ujjwala Care Gloss Hair Serum,100 ml,490,https://chaldal.com/mens-hair-care
Ujjwala Care Anti Hairfall Men Hair Oil,100 ml,200,https://chaldal.com/mens-hair-care
Beardo Mustache & Beard Extra Strong Wax,50 gm,1099,https://chaldal.com/mens-hair-care
Red King Men's Cooling Oil,200 ml,280,https://chaldal.com/mens-hair-care
Bigen Hair Color & Conditioner (Light Brown),80 gm,750,https://chaldal.com/mens-hair-care
Bigen Hair Color & Conditioner (Natural Brown),80 gm,700,https://chaldal.com/mens-hair-care
Bigen Hair Color & Conditioner (Dark Brown),80 gm,700,https://chaldal.com/mens-hair-care
Bigen Hair Color & Conditioner (Natural Black),80 gm,700,https://chaldal.com/mens-hair-care
Livon Hair Serum,18 ml,140,https://chaldal.com/mens-hair-care
Parachute Advansed Aloe Vera Hair Oil 250 ml,2 pcs,640,https://chaldal.com/mens-hair-care
Livon Hair Serum,50 ml,300,https://chaldal.com/mens-hair-care
Gatsby Water Gloss Soft,150 gm,519,https://chaldal.com/mens-hair-care
Gatsby Hair Spray,250 ml,699,https://chaldal.com/mens-hair-care
Enchanteur Perfumed Body Lotion Charming Satin Smooth,500 ml,1700,https://chaldal.com/lotion-cream
Emami Fair And Handsome Fairness Cream,30 gm,200,https://chaldal.com/lotion-cream
Lafz Aqua Sunscreen,100 ml,750,https://chaldal.com/lotion-cream
Parachute SkinPure Aloe Vera Gel,100 ml,205,https://chaldal.com/lotion-cream
Parachute SkinPure Aloe Vera Gel,50 ml,120,https://chaldal.com/lotion-cream
Eunyul Tomato Soothing Gel,300 gm,1400,https://chaldal.com/lotion-cream
Garnier Body Bright Complete Serum Milk UV,400 ml,1480,https://chaldal.com/lotion-cream
Emami Fair And Handsome Fairness Cream,60 gm,350,https://chaldal.com/lotion-cream
Tibet Pomade,50 ml,70,https://chaldal.com/lotion-cream
Care:Nel Anti-Melasma Cica Cream,40 ml,1373,https://chaldal.com/lotion-cream
Simple Kind to Skin Hydrating Light Moisturiser,125 ml,887,https://chaldal.com/lotion-cream
YC Men Oil Control Face Wash,100 ml,624,https://chaldal.com/mens-facewash
Biore Men's Acne Bacterior Face Wash,100 gm,700,https://chaldal.com/mens-facewash
Himalaya Men Power Glow Licorice Face Wash,100 ml,250,https://chaldal.com/mens-facewash
Himalaya Men Acne Clear Neem Face Wash,100 ml,250,https://chaldal.com/mens-facewash
Biore Mens Acne Action Face Wash,100 gm,450,https://chaldal.com/mens-facewash
Garnier Men Power White Fairness Face Wash,100 gm,505,https://chaldal.com/mens-facewash
Biore Mans Bright Action Face Wash,100 gm,450,https://chaldal.com/mens-facewash
Men's Glow & Handsome Face Wash Rapid Action,100 gm,190,https://chaldal.com/mens-facewash
St. Ives Acne Control Apricot Scrub,283 gm,1050,https://chaldal.com/mens-facewash
Garnier Men Acno Fight Face Wash,100 gm,505,https://chaldal.com/mens-facewash
Nivea Men Protect & Care Face Wash,100 ml,500,https://chaldal.com/mens-facewash
Glow & Handsome Rapid Action Instant Brightness Facewash,50 gm,140,https://chaldal.com/mens-facewash
Himalaya Men Intense Oil Clear Lemon Face Wash,100 ml,250,https://chaldal.com/mens-facewash
Garnier Skin Active Micellar Cleansing Water,125 ml,549,https://chaldal.com/mens-facewash
Lifebuoy Handwash Total Refill,170 ml,90,https://chaldal.com/liquid-handwash
Dettol Fresh Liquid Handwash Refill,170 ml,80,https://chaldal.com/liquid-handwash
Dettol Fresh Liquid Handwash Pump,200 ml,110,https://chaldal.com/liquid-handwash
Savlon Handwash Lemon Burst,170 ml,80,https://chaldal.com/liquid-handwash
Lifebuoy Handwash Care Refill,170 ml,90,https://chaldal.com/liquid-handwash
ACI Savlon Iris Herbal Liquid Handwash Refill,170 ml,80,https://chaldal.com/liquid-handwash
Lifebuoy Handwash Lemon Fresh Pump,200 ml,115,https://chaldal.com/liquid-handwash
ACI Savlon Herbal Iris Handwash,500 ml,200,https://chaldal.com/liquid-handwash
Dettol Handwash Original Liquid Refill,170 ml,80,https://chaldal.com/liquid-handwash
ACI Savlon Aloe Vera Antiseptic Handwash Refill,170 ml,80,https://chaldal.com/liquid-handwash
Dettol Handwash Original Liquid Pump,200 ml,110,https://chaldal.com/liquid-handwash
ACI Savlon Ocean Blue Antiseptic Handwash Refill,170 ml,80,https://chaldal.com/liquid-handwash
Dettol Handwash Skincare Liquid Refill,170 ml,80,https://chaldal.com/liquid-handwash
Sepnil Sanitizing Hand Wash Marigold (Refill),170 ml,80,https://chaldal.com/liquid-handwash
ACI Savlon Ocean Blue Handwash,1 ltr,380,https://chaldal.com/liquid-handwash
ACI Savlon Lavender Handwash Refill,170 ml,80,https://chaldal.com/liquid-handwash
Dettol Handwash Re-Energize Liquid Refill,750 ml,270,https://chaldal.com/liquid-handwash
Sepnil Extra Mild Tea Oil Handwash Refill,170 ml,75,https://chaldal.com/liquid-handwash
Lifebuoy Handwash Total Bottle,1 ltr,400,https://chaldal.com/liquid-handwash
Godrej Magic Handwash Refill Lime & Aloevera 9 gm,4 pcs,124,https://chaldal.com/liquid-handwash
Godrej Magic Handwash Refill Pack,9 gm,30,https://chaldal.com/liquid-handwash
Sparkbliss Lavender Liquid Handwash,250 ml,115,https://chaldal.com/liquid-handwash
Sparkbliss Lemon Green Liquid Handwash,250 ml,115,https://chaldal.com/liquid-handwash
Sparkbliss Lemon Yellow Liquid Handwash,250 ml,115,https://chaldal.com/liquid-handwash
Sparkbliss Moisturizing Antibacterial Aloe Vera Liquid Handwash,250 ml,120,https://chaldal.com/liquid-handwash
Sparkbliss Aquriaum Liquid Handwash,250 ml,115,https://chaldal.com/liquid-handwash
Sparkbliss Japanese Cherry Blossom Liquid Handwash,250 ml,115,https://chaldal.com/liquid-handwash
Godrej Magic Handwash Refill Lime & Aloevera,9 gm,30,https://chaldal.com/liquid-handwash
Godrej Magic Handwash Refill Neem & Aloevera 9 gm,4 pcs,120,https://chaldal.com/liquid-handwash
Rok Handwash Apple,175 ml,84,https://chaldal.com/liquid-handwash
Lifebuoy Handwash Lemon Fresh Refill Multipack 170 ml,4 pcs,300,https://chaldal.com/liquid-handwash
Lifebuoy Handwash Care Refill Multipack 170 ml,4 pcs,300,https://chaldal.com/liquid-handwash
Original Source Hand Wash Coconut,300 ml,310,https://chaldal.com/liquid-handwash
Dettol Handwash Re-Energize Liquid,5 ltr,1400,https://chaldal.com/liquid-handwash
Lifebuoy Handwash Lemon Fresh,1 ltr,400,https://chaldal.com/liquid-handwash
Dettol Handwash Aloe Vera Bottle With Push-Pull Cap,200 ml,110,https://chaldal.com/liquid-handwash
Biore Anti Bacterial Guard Hand Soap Bottle,250 ml,660,https://chaldal.com/liquid-handwash
ACI Savlon Herbal Iris Handwash,1 ltr,380,https://chaldal.com/liquid-handwash
Dettol Handwash Aloe Vera Liquid Pump,200 ml,110,https://chaldal.com/liquid-handwash
Dettol Handwash Aloe Vera Liquid Refill,170 ml,80,https://chaldal.com/liquid-handwash
Lifebuoy Handwash Lemon Fresh Refill,170 ml,90,https://chaldal.com/liquid-handwash
ACI Savlon Active Antiseptic Handwash,5 ltr,1400,https://chaldal.com/liquid-handwash
Lifebuoy Handwash Total,5 ltr,1400,https://chaldal.com/liquid-handwash
Dettol Handwash Cool Liquid Refill,170 ml,80,https://chaldal.com/liquid-handwash
Dettol Handwash Cool Liquid Pump,200 ml,110,https://chaldal.com/liquid-handwash
Dettol Handwash Skincare Liquid Pump,200 ml,110,https://chaldal.com/liquid-handwash
ACI Savlon Herbal Marigold Handwash,500 ml,200,https://chaldal.com/liquid-handwash
ACI Savlon Herbal Lavender Handwash,500 ml,200,https://chaldal.com/liquid-handwash
Sepnil Sanitizing Hand Wash Marigold,200 ml,110,https://chaldal.com/liquid-handwash
ACI Savlon Aloe Vera Antiseptic Handwash Bottle,200 ml,110,https://chaldal.com/liquid-handwash
Sensodyne Daily Protection Toothpaste,20 gm,55,https://chaldal.com/toothpastes
Closeup Toothpaste Menthol Fresh,145 gm,155,https://chaldal.com/toothpastes
Medident Sensitive Care Toothpaste,100 gm,120,https://chaldal.com/toothpastes
Medident-G Gum Care Toothpaste,140 gm,170,https://chaldal.com/toothpastes
Mediplus Toothpaste,70 gm,70,https://chaldal.com/toothpastes
Sensodyne Fresh Mint Toothpaste,40 gm,110,https://chaldal.com/toothpastes
Closeup Toothpaste Menthol Fresh,85 gm,105,https://chaldal.com/toothpastes
Mediplus DS Toothpaste,140 gm,135,https://chaldal.com/toothpastes
Mediplus Fluoride Gel Toothpaste,100 gm,100,https://chaldal.com/toothpastes
Colgate Max Fresh Blue Gel Toothpaste,150 gm,200,https://chaldal.com/toothpastes
Pepsodent Toothpaste Germi Check +,190 gm,170,https://chaldal.com/toothpastes
Pepsodent Toothpaste Germi Check +,140 gm,125,https://chaldal.com/toothpastes
Sensodyne Repair & Protect Toothpaste,100 gm,475,https://chaldal.com/toothpastes
Pepsodent Toothpaste Germi Check +,85 gm,95,https://chaldal.com/toothpastes
Colgate Anticavity Active Salt Toothpaste,190 gm,220,https://chaldal.com/toothpastes
Mediplus DS Toothpaste,90 gm,90,https://chaldal.com/toothpastes
Parodontax ultra Clean Toothpaste,75 gm,250,https://chaldal.com/toothpastes
Parodntax Daily Flouride Toothpaste,75 gm,220,https://chaldal.com/toothpastes
Magic Herbal Toothpaste,100 gm,90,https://chaldal.com/toothpastes
Colgate Kids Premium Toothpaste (3-5 Years),80 gm,320,https://chaldal.com/toothpastes
Colgate Kids Premium Toothpaste (0-2 Years),70 gm,320,https://chaldal.com/toothpastes
Dabur Red Toothpaste,50 gm,45,https://chaldal.com/toothpastes
Dabur Red Toothpaste (Super Saver Pack),300 gm,155,https://chaldal.com/toothpastes
Pepsodent Awesome Orange Toothpaste,45 gm,85,https://chaldal.com/toothpastes
Sensodyne Fresh Gel Toothpaste (Free Brush 1 pcs),150 gm,350,https://chaldal.com/toothpastes
Sensodyne Fresh Mint Toothpaste (Free Brush 1 pcs),150 gm,350,https://chaldal.com/toothpastes
Sensodyne Rapid Relief Toothpaste,40 gm,180,https://chaldal.com/toothpastes
Sensodyne Repair and Protect Toothpaste,70 gm,360,https://chaldal.com/toothpastes
WhitePlus Toothpaste,200 gm,160,https://chaldal.com/toothpastes
Himalaya Complete Care Toothpaste,175 gm,280,https://chaldal.com/toothpastes
Pepsodent Toothpaste Sensitive Expert Gum Care,140 gm,250,https://chaldal.com/toothpastes
Sensodyne Deep Clean Toothpaste,70 gm,200,https://chaldal.com/toothpastes
Pepsodent Toothpaste Sensitive Expert Professional,140 gm,220,https://chaldal.com/toothpastes
WhitePlus Enamel Guard Toothpaste,100 gm,110,https://chaldal.com/toothpastes
BrushUp Fresh Alpine Mint Toothpaste,100 gm,70,https://chaldal.com/toothpastes
Sensodyne Rapid Relief Toothpaste,80 gm,330,https://chaldal.com/toothpastes
Colgate Total Advance Health Toothpaste,120 gm,320,https://chaldal.com/toothpastes
Sensodyne Fresh Mint Toothpaste,75 gm,200,https://chaldal.com/toothpastes
Zact Whitening Toothpaste,150 gm,347,https://chaldal.com/toothpastes
Sensodyne Fresh Gel Toothpaste,75 gm,200,https://chaldal.com/toothpastes
Sensodyne Fresh Gel Toothpaste,150 gm,350,https://chaldal.com/toothpastes
Colgate Max Fresh Red Gel Toothpaste,150 gm,200,https://chaldal.com/toothpastes
Colgate Visible White Toothpaste,100 gm,350,https://chaldal.com/toothpastes
Zact Smokers' Toothpaste,150 gm,320,https://chaldal.com/toothpastes
Sensodyne Fresh Mint Toothpaste,150 gm,350,https://chaldal.com/toothpastes
Medident-G Gum Care 140 gm & Sensitive Care Toothpaste 40 gm (Combo),,170,https://chaldal.com/toothpastes
Colgate Herbal Toothpaste,200 gm,230,https://chaldal.com/toothpastes
Colgate Strong Teeth Toothpaste,190 gm,220,https://chaldal.com/toothpastes
Sensodyne Complete Protection Toothbrush (Buy 2 Get 1 Free),3 pcs,349,https://chaldal.com/toothbrushes
Sensodyne Sensitivity & Gum Toothbrush,each,169,https://chaldal.com/toothbrushes
Sensodyne Gentle Care (Buy 1 Get 1 Free),2 pcs,229,https://chaldal.com/toothbrushes
Sensodyne Expert Brush (Buy 2 Get 1 Free),3 pcs,329,https://chaldal.com/toothbrushes
Parodontax Toothbrush,each,179,https://chaldal.com/toothbrushes
ProDentalB Dynamite Toothbrush,each,219,https://chaldal.com/toothbrushes
Sensodyne Sensitivity & Gum Toothbrush (Buy 2 Get 1 Free),3 pcs,400,https://chaldal.com/toothbrushes
Sensodyne Expert Brush,each,210,https://chaldal.com/toothbrushes
Sensodyne Daily Care Toothbrush,each,70,https://chaldal.com/toothbrushes
Sensodyne Sensitive Toothbrush (Ultra Soft),each,110,https://chaldal.com/toothbrushes
Sensodyne Multicare Toothbrush,each,140,https://chaldal.com/toothbrushes
Sensodyne Deep Clean Toothbrush (Buy 2 Get 1 Free),3 pcs,280,https://chaldal.com/toothbrushes
Colgate 360 Whole Mouth Clean Toothbrush,each,212,https://chaldal.com/toothbrushes
Oral-B Crisscross Toothbrush,each,180,https://chaldal.com/toothbrushes
Trisa Toothbrush Pearl White Soft (Assorted colour),each,290,https://chaldal.com/toothbrushes
Trisa Toothbrush Pearl White Medium (Assorted colour),each,290,https://chaldal.com/toothbrushes
Trisa Toothbrush Perfect White Medium (Assorted colour),each,500,https://chaldal.com/toothbrushes
Trisa Tooth Brush Focus Pro Clean Soft (Assorted colour),each,200,https://chaldal.com/toothbrushes
Trisa Tooth Brush Focus Pro Clean Medium (Assorted colour),each,290,https://chaldal.com/toothbrushes
Trisa Junior Toothbrush 6+ Years (Assorted colour),each,370,https://chaldal.com/toothbrushes
Dr West Toothbrush Hard,each,169,https://chaldal.com/toothbrushes
Colgate Gentle Sensitive 4 pcs Promo Toothbrush,each,318,https://chaldal.com/toothbrushes
Colgate Gentle Sensitive Toothbrush,each,105,https://chaldal.com/toothbrushes
ProDentalB Rice Husk Toothbrush,2 pcs,495,https://chaldal.com/toothbrushes
Colgate Charcoal Gold 360 Toothbrush,each,212,https://chaldal.com/toothbrushes
Sensodyne Toothbrush Family Pack (Buy 2 Get 1 Free),3 pcs,220,https://chaldal.com/toothbrushes
ProDentalB Flexible Toothbrush,each,120,https://chaldal.com/toothbrushes
Sensodyne Complete Protection Toothbrush,each,179,https://chaldal.com/toothbrushes
Dr West Tooth Brush Soft,each,189,https://chaldal.com/toothbrushes
Colgate Slim Fit Charcoal Soft Toothbrush,each,160,https://chaldal.com/toothbrushes
Watson Dental Floss Picks Charcoal,50 pcs,269,https://chaldal.com/mouthwash-others
Colgate Mouthwash Plax Peppermint,500 ml,869,https://chaldal.com/mouthwash-others
Listerine Cool Mint Liquid Mouthwash,250 ml,370,https://chaldal.com/mouthwash-others
Listerine Original Liquid Mouthwash,250 ml,410,https://chaldal.com/mouthwash-others
Listerine Original Liquid Mouthwash,500 ml,553,https://chaldal.com/mouthwash-others
Listerine Cavity Fighter Liquid Mouthwash,500 ml,541,https://chaldal.com/mouthwash-others
Colgate Plax Peppermint Mouth Wash,750 ml,1160,https://chaldal.com/mouthwash-others
Colgate Plax Peppermint Mouth Wash,500 ml,585,https://chaldal.com/mouthwash-others
Colgate Plax Herbal Salt Mouth Wash,500 ml,1260,https://chaldal.com/mouthwash-others
Colgate Plax Freshmint Mouth Wash,750 ml,815,https://chaldal.com/mouthwash-others
Listerine Original Mouth Wash (Thai),250 ml,750,https://chaldal.com/mouthwash-others
Magic Tooth Powder,100 gm,58,https://chaldal.com/mouthwash-others
Colgate Plax Gentle Care Mouth Wash,250 ml,372,https://chaldal.com/mouthwash-others
Oral-B Essential Dental Floss 50 mtr,,600,https://chaldal.com/mouthwash-others
Listerine Cool Mint Mouth Wash (Thai),250 ml,595,https://chaldal.com/mouthwash-others
Toothpick,4 pcs,189,https://chaldal.com/mouthwash-others
Toothpick Local 1 box,,60,https://chaldal.com/mouthwash-others
ProDentalB Tongue Cleaner,each,210,https://chaldal.com/mouthwash-others
ProDentalB Dental Stain Remover,each,375,https://chaldal.com/mouthwash-others
ProDentalB Tooth Floss Pick,50 pcs,270,https://chaldal.com/mouthwash-others
Listerine Cool Mint Mouth Wash (Thai),500 ml,690,https://chaldal.com/mouthwash-others
Pepsodent Tooth Powder,95 gm,60,https://chaldal.com/mouthwash-others
Magic Tooth Powder,50 gm,35,https://chaldal.com/mouthwash-others
ProDentalB Cool Mint Mouthwash,250 ml,360,https://chaldal.com/mouthwash-others
Meril Milk & Beli Soap Bar,100 gm,60,https://chaldal.com/soaps
Radiant Raxoll Antibacterial Soap (Moisture),100 gm,75,https://chaldal.com/soaps
Radiant Raxoll Antibacterial Soap (Moisture),75 gm,60,https://chaldal.com/soaps
Radiant Raxoll Antibacterial Soap (Sport),100 gm,75,https://chaldal.com/soaps
Tibet Luxury Pink Soap Natural Glow,100 gm,55,https://chaldal.com/soaps
Meril Milk & Kiwi Soap Bar,150 gm,80,https://chaldal.com/soaps
Lux Jasmine Soap Bar Bright Glow,75 gm,50,https://chaldal.com/soaps
"Dettol Bathing Soap (Original, Skincare, Cool & Fresh) 75 gm",4 pcs,260,https://chaldal.com/soaps
Dettol Soap Bathing Bar Aloe Vera,125 gm,95,https://chaldal.com/soaps
Dettol Bathing Soap Bar Skincare 125 gm (Combo Pack),4 pcs,380,https://chaldal.com/soaps
Dettol Soap Bathing Bar Original Germ Defence 125 gm (Combo Pack),4 pcs,380,https://chaldal.com/soaps
Wild Stone Forest Spice Soap,125 gm,188,https://chaldal.com/soaps
Dettol Soap Bathing Bar Original Germ Defence,125 gm,95,https://chaldal.com/soaps
Dettol Soap Bathing Bar Original Germ Defence,75 gm,65,https://chaldal.com/soaps
Radiant Raxoll Antibacterial Soap (Active),100 gm,75,https://chaldal.com/soaps
Radiant Raxoll Antibacterial Soap (Active),75 gm,60,https://chaldal.com/soaps
Nivea Express Hydration Body Lotion,380 ml,1250,https://chaldal.com/lotions
Enchanteur Perfumed Body Lotion Charming Satin Smooth,500 ml,1700,https://chaldal.com/lotions
Vaseline Lotion Deep Restore,200 ml,270,https://chaldal.com/lotions
Garnier Body Bright Complete Serum Milk,400 gm,1480,https://chaldal.com/lotions
B. Tech Expert Virgin Moisturising Stretch Mark Lotion,100 ml,380,https://chaldal.com/lotions
B. Tech Expert Goat Milk Whitening Body Lotion,200 ml,265,https://chaldal.com/lotions
Vaseline Intensive Care Cocoa Radiant Lotion,200 ml,425,https://chaldal.com/lotions
Vaseline Intensive Care Advance Strength Lotion,400 ml,825,https://chaldal.com/lotions
Parachute SkinPure Skin Lotion Natural Moisture,200 ml,250,https://chaldal.com/lotions
Parachute SkinPure Skin Lotion Natural White,200 ml,260,https://chaldal.com/lotions
Parachute SkinPure Skin Lotion Natural Moisture,300 ml,340,https://chaldal.com/lotions
Parachute SkinPure Skin Lotion Natural White,100 ml,160,https://chaldal.com/lotions
Parachute SkinPure Skin Lotion Natural Moisture,100 ml,150,https://chaldal.com/lotions
Boots Cocoa Butter Body Lotion,390 ml,1550,https://chaldal.com/lotions
Dove Nourishing Body Care Intensive Body Lotion,400 ml,715,https://chaldal.com/lotions
Enchanteur Perfumed Body Lotion Gorgeous Satin Smooth,500 ml,1500,https://chaldal.com/lotions
Garnier Body Bright Complete Serum Milk UV,400 ml,1480,https://chaldal.com/lotions
Boroplus Moisturising Lotion Aloe Vera & Milk,300 ml,390,https://chaldal.com/lotions
Xpel Kids Spray & Lotion Twin Set,each,550,https://chaldal.com/lotions
Vaseline Intensive Care Body Lotion,400 ml,1250,https://chaldal.com/lotions
Enchanteur Perfumed Body Lotion Romantic Satin Smooth,500 ml,1150,https://chaldal.com/lotions
Revive Moisturizing Lotion,200 ml,260,https://chaldal.com/lotions
Vaseline Lotion Deep Restore,400 ml,850,https://chaldal.com/lotions
Vaseline Lotion Healthy Bright,100 ml,190,https://chaldal.com/lotions
Vaseline Lotion Healthy Bright,200 ml,300,https://chaldal.com/lotions
Vaseline Lotion Healthy Bright,300 ml,420,https://chaldal.com/lotions
Nivea Intensive Moisture Body Milk Lotion,250 ml,725,https://chaldal.com/lotions
Enchanteur Perfumed Body Lotion Enticing Satin Smooth,250 ml,900,https://chaldal.com/lotions
Enchanteur Perfumed Body Lotion Charming Satin Smooth,250 ml,900,https://chaldal.com/lotions
Pond's Bright Beauty Anti-Spot-Formula Serum Cream,35 gm,180,https://chaldal.com/creams
Pond's Bright Beauty Anti-Spot-Formula Serum Cream,23 gm,130,https://chaldal.com/creams
Ligion Active Gold Mehedi,25 gm,50,https://chaldal.com/creams
Creme 21 Vitamin E Moisturizing Soft Cream,150 ml,605,https://chaldal.com/creams
Dove Silky Cream,300 ml,1450,https://chaldal.com/creams
Dove Intensive Cream,75 ml,495,https://chaldal.com/creams
Pond's White Beauty Day Cream,35 gm,240,https://chaldal.com/creams
Glow & Lovely Advanced Multivitamin Cream,100 gm,300,https://chaldal.com/creams
Beauty Formulas Intensive Foot Cream,100 ml,509,https://chaldal.com/creams
Sudocrem Antiseptic Healing Cream,125 gm,980,https://chaldal.com/creams
Fair And Lovely Cream Advanced Multivitamin,80 gm,400,https://chaldal.com/creams
Neutrogena Ultra Sheer Dry Touch Sunblock SPF,88 ml,1299,https://chaldal.com/creams
Glow & Lovely Face Cream Blemish Balm,40 gm,240,https://chaldal.com/creams
Glow & Lovely Advanced Multi Vitamin Cream,47 gm,165,https://chaldal.com/creams
Pond's Vanishing Cream,28 gm,60,https://chaldal.com/creams
Glow & Lovely Advanced Multi Vitamin Cream,23 gm,95,https://chaldal.com/creams
Pond's Bright Beauty Spot-less Glow Day Cream,23 gm,130,https://chaldal.com/creams
Olay Night Moisturiser Total Effects 7 in 1 Anti Ageing,50 gm,1470,https://chaldal.com/creams
Tibet Snow,50 gm,70,https://chaldal.com/creams
Glow & Lovely Winter Glow Face Cream,50 gm,170,https://chaldal.com/creams
Neutrogena Ultra Sheer Dry-Touch Sunblock SPF 50+,118 ml,930,https://chaldal.com/creams
Care:Nel Anti-Melasma Cica Cream,40 ml,1373,https://chaldal.com/creams
Simple Kind to Skin Hydrating Light Moisturiser,125 ml,887,https://chaldal.com/creams
Dove Beauty Cream,75 ml,449,https://chaldal.com/creams
Vaseline Lip Therapy Original,4.8 gm,225,https://chaldal.com/lipsticks-lip-balm
Vaseline Lip Therapy Rosy Lips,20 gm,350,https://chaldal.com/lipsticks-lip-balm
Meril Lip Balm Lemon,4.8 gm,50,https://chaldal.com/lipsticks-lip-balm
Vaseline Lip Therapy Original,20 gm,259,https://chaldal.com/lipsticks-lip-balm
Vaseline Lip Therapy Aloe Vera,20 gm,309,https://chaldal.com/lipsticks-lip-balm
Lilac Lip Balm Rose,30 gm,200,https://chaldal.com/lipsticks-lip-balm
Lipsilk Lip Balm Strawberry,7 gm,210,https://chaldal.com/lipsticks-lip-balm
Nivea Soft Rose Lip Care,4.8 gm,500,https://chaldal.com/lipsticks-lip-balm
Meril Lip Balm Strawberry,4.8 gm,50,https://chaldal.com/lipsticks-lip-balm
Glow & Lovely Face Cream Blemish Balm,40 gm,240,https://chaldal.com/lipsticks-lip-balm
Vaseline Lip Therapy Rose & Almond Oil,20 gm,350,https://chaldal.com/lipsticks-lip-balm
Keya Lipgel Tube,6 gm,18,https://chaldal.com/lipsticks-lip-balm
Meril Lipgel,each,50,https://chaldal.com/lipsticks-lip-balm
Ice Cool Prickly Heat Powder,100 gm,65,https://chaldal.com/talcom-powder
Dermicool Prickly Heat Powder Regular,150 gm,546,https://chaldal.com/talcom-powder
White Tone Face Powder,50 gm,300,https://chaldal.com/talcom-powder
Cuticura Talcum Powder All Purpose,250 gm,650,https://chaldal.com/talcom-powder
Enchanteur Perfumed Talc Powder Romantic,125 gm,399,https://chaldal.com/talcom-powder
Revive Active Sun Block Powder,200 gm,105,https://chaldal.com/talcom-powder
Johnson's Baby Powder,300 gm,750,https://chaldal.com/talcom-powder
Tibet Luxuary Sun Protect Talcum Powder,200 gm,105,https://chaldal.com/talcom-powder
Tibet Prickly Heat Powder,100 gm,60,https://chaldal.com/talcom-powder
Pond's Talcum Powder Sandal,100 gm,375,https://chaldal.com/talcom-powder
Godrej Permanent Liquid Hair Dye Black (Buy 1 Get 1 Free),40 ml,150,https://chaldal.com/hair-color
Godrej Expert Easy 5 Minute Shampoo Based Hair Color (Black),10 gm,30,https://chaldal.com/hair-color
Bigen Hair Color & Conditioner (Light Brown),80 gm,750,https://chaldal.com/hair-color
Bigen Hair Color & Conditioner (Natural Brown),80 gm,700,https://chaldal.com/hair-color
Bigen Hair Color & Conditioner (Dark Brown),80 gm,700,https://chaldal.com/hair-color
Bigen Hair Color & Conditioner (Natural Black),80 gm,700,https://chaldal.com/hair-color
Alteco Super Glue 3 gm,each,35,https://chaldal.com/glue-tapes
Osaka PVC Tape Red (18 mm),3 pcs,72,https://chaldal.com/glue-tapes
Osaka PVC Tape White (18 mm),3 pcs,71,https://chaldal.com/glue-tapes
Deli Stick Up Glue,36 gm,99,https://chaldal.com/glue-tapes
Deli Packing Tape Dispenser,each,610,https://chaldal.com/glue-tapes
Rubber Bands,100 gm,119,https://chaldal.com/glue-tapes
Scotia Transparent Packaging 200 mtr Tape,each,175,https://chaldal.com/glue-tapes
Camel Glue Gun 100 W GG-5 Machine,each,390,https://chaldal.com/glue-tapes
Osaka PVC Tape Black (18 mm),3 pcs,75,https://chaldal.com/glue-tapes
Hunter Both Sided Gum Tape (0.5 inch),each,55,https://chaldal.com/glue-tapes
Deli Strick Up Glue White,15 gm,65,https://chaldal.com/glue-tapes
Deli Anti Cutter (Blue),each,159,https://chaldal.com/cutting-2
Deli Scissors (Pink),each,60,https://chaldal.com/cutting-2
Deli Anti Cutter (E2091),each,180,https://chaldal.com/cutting-2
Deli Stainless Steel Multi Purpose Scissors 7 Inch,each,100,https://chaldal.com/cutting-2
Deli Stainless Steel Scissors 7.5 inch,each,199,https://chaldal.com/cutting-2
Deli Anti Cutter (E2041),each,129,https://chaldal.com/cutting-2
Deli Cutter (E2056),each,198,https://chaldal.com/cutting-2
Deli Anti Cutter Knife Blade Small,10 pcs,45,https://chaldal.com/cutting-2
Deli Stainless Steel Scissors 8 1/4 inch,each,199,https://chaldal.com/cutting-2
Bili Management File A4 (Purple),each,39,https://chaldal.com/file-folder
Bili Management File A4 (Blue),each,39,https://chaldal.com/file-folder
Bili Management File A4 (Green),each,39,https://chaldal.com/file-folder
Transparent File Folder,each,39,https://chaldal.com/file-folder
Court File (Orange),each,79,https://chaldal.com/file-folder
Court File (Blue),each,79,https://chaldal.com/file-folder
Court File (Yellow),each,69,https://chaldal.com/file-folder
RFL Good Luck Three Station File Organizer,each,300,https://chaldal.com/file-folder
Deli Management File,each,35,https://chaldal.com/file-folder
Bag File,each,649,https://chaldal.com/file-folder
Court File,each,49,https://chaldal.com/file-folder
Bili Management File A4 (Orange),each,39,https://chaldal.com/file-folder
Deli Student Ruler Compass Set Blue,each,125,https://chaldal.com/measuring
Deli Student Ruler Compass Set Pink,each,125,https://chaldal.com/measuring
Deli Compass With Lead Pencil (Pink),each,100,https://chaldal.com/measuring
Deli Compass With Lead Pencil (Blue),each,200,https://chaldal.com/measuring
RFL Good Luck Scale Super 30 cm,each,15,https://chaldal.com/measuring
RFL Good Luck Scale Scholar 30 cm,each,15,https://chaldal.com/measuring
Deli Orbit Classic Metal Compass Set,each,235,https://chaldal.com/measuring
Deli Compass Set,each,400,https://chaldal.com/measuring
Red Leaf 707 Permanent Marker (Red),each,79,https://chaldal.com/highlighters
Red Leaf 707 Permanent Marker (Blue),each,79,https://chaldal.com/highlighters
Red Leaf White Board Marker Pen 737 (Black),each,139,https://chaldal.com/highlighters
Faber Castell Highlighter Marker (Nion Red),each,79,https://chaldal.com/highlighters
Deli Liquid Highlighter Chisel Tip (Yellow),each,35,https://chaldal.com/highlighters
Red Leaf 707 Permanent Marker (Black),each,109,https://chaldal.com/highlighters
Red Leaf 303 Flourescent Highlighter (Pink),each,59,https://chaldal.com/highlighters
Red Leaf 303 Flourescent Highlighter (Blue),each,59,https://chaldal.com/highlighters
Red Leaf 303 Flourescent Highlighter (Orange),each,59,https://chaldal.com/highlighters
Red Leaf 303 Flourescent Highlighter (Green),each,59,https://chaldal.com/highlighters
Faber Castell Highlighter Marker (Green),each,45,https://chaldal.com/highlighters
Faber Castell Highlighter Marker (Blue),each,45,https://chaldal.com/highlighters
Faber Castell Highlighter Marker (Yellow),each,45,https://chaldal.com/highlighters
Red Leaf White Board Marker Pen (Black),each,139,https://chaldal.com/highlighters
Horse Refill Ink For Stamp Pad 30 cc (Violet),each,71,https://chaldal.com/printer-ink
Horse Stamp Pad (UN-Ink),each,179,https://chaldal.com/printer-ink
Printex Laser Toner Cartridge (48A),each,2459,https://chaldal.com/printer-ink
Printex Laser Toner Cartridge (85A),each,999,https://chaldal.com/printer-ink
Printex Laser Toner Cartridge (79A),each,1209,https://chaldal.com/printer-ink
Visa Laser Toner Cartridge (48A),each,1999,https://chaldal.com/printer-ink
Visa Laser Toner Cartridge (79A),each,839,https://chaldal.com/printer-ink
Visa Laser Toner Cartridge (285A - P1102),each,929,https://chaldal.com/printer-ink
Faber Castell Pencil 7420 HB,12 pcs,125,https://chaldal.com/pencils
Faber Castell Pencil HB (Gold Faber),12 pcs,320,https://chaldal.com/pencils
Faber Castell Red Matt Pencil HB,12 pcs,156,https://chaldal.com/pencils
Fresh Campus 4B Pencil 66 gm,12 pcs,120,https://chaldal.com/pencils
Fresh Campus 2B Pencil 68 gm,12 pcs,120,https://chaldal.com/pencils
Faber Castell HB pencil (with Eraser),12 pcs,249,https://chaldal.com/pencils
University khata 300 Pages,each,169,https://chaldal.com/school-supplies
Pencil Bag (Yellow),each,40,https://chaldal.com/school-supplies
Pencil Box (Red),each,114,https://chaldal.com/school-supplies
Pencil Box (Pink),each,114,https://chaldal.com/school-supplies
Pencil Box (Purple),each,114,https://chaldal.com/school-supplies
Pencil Box (Blue),each,114,https://chaldal.com/school-supplies
Matador i-teen Aroma Ball Pen Black Ink,6 pcs,73,https://chaldal.com/school-supplies
Deli Compass Set,each,400,https://chaldal.com/school-supplies
Casio Scientific Calculator (FX 991ES Plus),each,1339,https://chaldal.com/school-supplies
Faber Castell HB pencil (with Eraser),12 pcs,249,https://chaldal.com/school-supplies
LCD Writing Tablet 8.5 Inches,each,299,https://chaldal.com/school-supplies
Titi Artists Oil pastel 12 Color,each,259,https://chaldal.com/color-pencil
Faber Castell Wax Crayons 90 mm 12 Color,each,140,https://chaldal.com/color-pencil
Faber Castell Oil Pastel 12 Color,each,115,https://chaldal.com/color-pencil
Deli Color Pencil,12 pcs,119,https://chaldal.com/color-pencil
Deli Felt Pen,24 pcs,125,https://chaldal.com/color-pencil
Deli Color Emotion Color Pencils,12 pcs,140,https://chaldal.com/color-pencil
Faber Castell Water Color Pencil,12 pcs,249,https://chaldal.com/color-pencil
Faber Castell Long Color Pencil Round Tin,12 pcs,369,https://chaldal.com/color-pencil
SmartHeart Creamy Treat Tuna,60 gm,279,https://chaldal.com/cat-food
Royal Canin Adult Persian,2 kg,3169,https://chaldal.com/cat-food
Foodinnova Toro Toro Cat Soup Tuna & Katsuobushi,75 gm,239,https://chaldal.com/cat-food
Foodinnova Toro Toro Cat Soup Tuna & Mix Seafood,75 gm,249,https://chaldal.com/cat-food
Foodinnova Toro Toro Cat Soup Tuna Fiber,75 gm,249,https://chaldal.com/cat-food
Foodinnova Toro Toro Cat Soup Chicken & Vegetable,75 gm,249,https://chaldal.com/cat-food
Foodinnova Cat Food Nekko Tuna In Gravy,70 gm,99,https://chaldal.com/cat-food
Foodinnova Cat Food Nekko Real Tuna In Jelly,70 gm,99,https://chaldal.com/cat-food
SmartHeart Adult Cat Food Seafood,3 kg,1649,https://chaldal.com/cat-food
SmartHeart Cat Food Adult Mackerel Flavor,3 kg,1969,https://chaldal.com/cat-food
Whiskas Adult Cat Food Tuna,80 gm,99,https://chaldal.com/cat-food
Whiskas Adult Cat Food Ocean Fish,80 gm,99,https://chaldal.com/cat-food
SmartHeart Adult Cat Food Sardine Chicken & Rice,85 gm,99,https://chaldal.com/cat-food
RFL Pakhir Basha (Bird Nest),each,400,https://chaldal.com/pet-grooming-cleaning
Bearing Tick And Flea Dog Shampoo Short Hair,300 ml,549,https://chaldal.com/pet-grooming-cleaning
Bearing Tick & Flea Dog Spray,250 ml,1795,https://chaldal.com/pet-grooming-cleaning
Versele Laga Cat Attract,200 ml,1519,https://chaldal.com/pet-grooming-cleaning
Versele Laga Oropharme Oral Spary,150 ml,579,https://chaldal.com/pet-grooming-cleaning
Versele Laga Cat Dry Shampoo,150 ml,1049,https://chaldal.com/pet-grooming-cleaning
Petme Oral +Plus Gel,30 gm,469,https://chaldal.com/pet-grooming-cleaning
Petslife Lorikeet Diet Bird Food,250 gm,599,https://chaldal.com/bird-food
Petslife Fruit Mix Pellets For Parrots,150 gm,350,https://chaldal.com/bird-food
Gold Wings Premium Budgies Mix,1 kg,529,https://chaldal.com/bird-food
SmartHeart Rabbit Food Veggies & Cereals,200 gm,99,https://chaldal.com/bird-food
Varsele Laga Nutri A19 Bird Food,800 gm,1799,https://chaldal.com/bird-food
Versele Laga Rabbit Food Crock Complete (Carrot),50 gm,359,https://chaldal.com/bird-food
Pierre Cardin Natural Look Foundation,30 ml,1250,https://chaldal.com/beauty
Lipsilk Lip Balm Strawberry,7 gm,210,https://chaldal.com/beauty
Zayn & Myza Breathable Nail Enamel Strawberry Jelly,6 ml,390,https://chaldal.com/beauty
Zayn & Myza Breathable Nail Enamel Red Velvet,6 ml,390,https://chaldal.com/beauty
Zayn & Myza Breathable Nail Enamel Pink Popsicle,6 ml,390,https://chaldal.com/beauty
Zayn & Myza Breathable Nail Enamel Mauve Cheesecake,6 ml,390,https://chaldal.com/beauty
Lafz Lip Color Valley Of Roses,5.5 ml,990,https://chaldal.com/beauty
Ligion Face Magic Gold,50 gm,200,https://chaldal.com/beauty
Ligion Ladies Uptan,70 gm,70,https://chaldal.com/beauty
Woman's World Uptan,150 gm,100,https://chaldal.com/beauty
Sagudana,200 gm,45,https://chaldal.com/herbal-products
Psyllium Husk (Isubgul Vushi),100 gm,159,https://chaldal.com/herbal-products
Sajeeb Pure Psyllium Husk (Isubgul Vushi),75 gm,175,https://chaldal.com/herbal-products
ACI Fruit Sal Tasty Saline 1 Box,20 pcs,140,https://chaldal.com/herbal-products
Eno Digestive Orange Flavour 30 pcs,150 gm,450,https://chaldal.com/herbal-products
Eno Digestive Lemon Flavour 30 pcs,150 gm,450,https://chaldal.com/herbal-products
Farmer's Gold Rose Petal Powder,25 gm,150,https://chaldal.com/herbal-products
Hajmola Borhani 100 Tablets,74 gm,110,https://chaldal.com/herbal-products
Eno Orange Flavor,5 pcs,75,https://chaldal.com/herbal-products
Hajmola Regular 90 Tablets,68 gm,110,https://chaldal.com/herbal-products
Dabur Chyawanprash Awaleha,500 gm,600,https://chaldal.com/herbal-products
Mother's Smile Profom Milk Jar,400 gm,630,https://chaldal.com/food-supplements
Standard Horlicks Health And Nutrition Drink Jar,250 gm,280,https://chaldal.com/food-supplements
Mother's Horlicks Health and Nutrition Drink BIB,350 gm,620,https://chaldal.com/food-supplements
Horlicks Chocolate Flavour Jar,500 gm,550,https://chaldal.com/food-supplements
Junior Horlicks Health And Nutrition Drink Container Stage-2,500 gm,550,https://chaldal.com/food-supplements
Standard Horlicks Health And Nutrition Drink Jar,500 gm,500,https://chaldal.com/food-supplements
Maltova Health And Nutrition Drink BIB,400 gm,550,https://chaldal.com/food-supplements
Boost Chocolate Jar,400 gm,550,https://chaldal.com/food-supplements
Women's Plus Horlicks Health And Nutrition Drink Jar,400 gm,600,https://chaldal.com/food-supplements
Horlicks Lite Health And Nutrition Drink Jar,400 gm,650,https://chaldal.com/food-supplements
PediaSure Vanilla Delight,1 kg,3385,https://chaldal.com/food-supplements
KS5 Kamasutra LongLast Condom,3 pcs,65,https://chaldal.com/family-planning
T1 Hero 3S Condom,3 pcs,20,https://chaldal.com/family-planning
M2 Sensation Strawberry Dotted Condoms,3 pcs,40,https://chaldal.com/family-planning
M1 Sensation Classic Dotted Condoms,3 pcs,40,https://chaldal.com/family-planning
K1 U & ME Long Love Condoms,3 pcs,70,https://chaldal.com/family-planning
J2 Xtreme Ultra Thin Premium Condom,3 pcs,90,https://chaldal.com/family-planning
KS4 Kamasutra Mango Flavoured Dotted Condom,3 pcs,60,https://chaldal.com/family-planning
KS3 Kamasutra Strawberry Flavoured Dotted Condom,3 pcs,60,https://chaldal.com/family-planning
KS2 Kamasutra Chocolate Flavoured Dotted Condom,3 pcs,60,https://chaldal.com/family-planning
KS1 Kamasutra Dotted Condom,3 pcs,60,https://chaldal.com/family-planning
Sirona Oxo-Biodegradable Tampon & Condom Disposal Bag,50 pcs,350,https://chaldal.com/family-planning
MN3 Manforce Strawberry Condom,10 pcs,319,https://chaldal.com/family-planning
MN2 Manforce Chocolate Condom,10 pcs,189,https://chaldal.com/family-planning
DC1 Durex Extra Dotted Condom,10 pcs,629,https://chaldal.com/family-planning
L3 Coral Long Lasting Condom (Width 52 ± 2 mm),3 pcs,60,https://chaldal.com/family-planning
L7 Coral Extra Dotted Condom (Width 52 ± 2 mm),3 pcs,60,https://chaldal.com/family-planning
L1 Coral Ultra Thin Extra Time Condom,3 pcs,70,https://chaldal.com/family-planning
L5 Coral Long Lasting Condom (Width 52 ± 2 mm),3 pcs,60,https://chaldal.com/family-planning
J1 Xtreme 3 in 1 Premium Condom,3 pcs,90,https://chaldal.com/family-planning
K3 U & ME Anatomic Condoms,3 pcs,70,https://chaldal.com/family-planning
G2 Durex Strawberry Condom,3 pcs,99,https://chaldal.com/family-planning
H7 Moods Dotted Condom,3 pcs,99,https://chaldal.com/family-planning
I1 Panther Doted Condom,3 pcs,25,https://chaldal.com/family-planning
Thai Adult Pant Diaper M Waist Size 27-45 Inch,10 pcs,679,https://chaldal.com/adult-diapers
SmartCare Adult Diaper M 60-110 cm,10 pcs,920,https://chaldal.com/adult-diapers
Thai Adult Pant Diaper L Waist Size 30-55 Inch,10 pcs,739,https://chaldal.com/adult-diapers
Aspire Adult Diaper Belt M 76- 116 cm,8 pcs,719,https://chaldal.com/adult-diapers
Glory Adult Diaper Large (110-150 cm),8 pcs,839,https://chaldal.com/adult-diapers
SmartCare Disposable Underpads XL (60 X 90 cm),10 pcs,649,https://chaldal.com/adult-diapers
Aspire Premium Adult Wet Towel,80 pcs,400,https://chaldal.com/adult-diapers
Safe-Accu Blood Glucose Monitor Device Kit,,1500,https://chaldal.com/medical-devices
Hot Water Bottle With Flees Cover (Assorted Color),2000 ml,299,https://chaldal.com/medical-devices
Digital Thermometer,each,189,https://chaldal.com/medical-devices
Safe-Accu Blood Glucose Test Strip In Foil Pack,25 pcs,520,https://chaldal.com/medical-devices
Safe-Accu Blood Glucose Test Strip In Foil Pack,50 pcs,1000,https://chaldal.com/medical-devices
Safe-Accu Blood Glucose Monitor Device Kit (Free Sir 750 ml),,1500,https://chaldal.com/medical-devices
Rohs Fingertip Pulse Oximeter,each,819,https://chaldal.com/medical-devices
Digital Thermometer with Beeper,each,849,https://chaldal.com/medical-devices
