Item Name,Quantity/Volume,Price (BDT),Link
Potato Regular (± 50 gm),1 kg,26,https://chaldal.com/fresh-vegetable
Red Tomato ± 25 gm,500 gm,99,https://chaldal.com/fresh-vegetable
Coriander Leaves (Dhonia Pata) ± 10 gm,100 gm,19,https://chaldal.com/fresh-vegetable
Roshun (Garlic Imported) ± 25 gm,500 gm,75,https://chaldal.com/fresh-vegetable
Kacha Morich (Green Chilli) ±12 gm,250 gm,45,https://chaldal.com/fresh-vegetable
Lal Alu (Red Potato Cardinal) ± 50 gm,1 kg,25,https://chaldal.com/fresh-vegetable
Lal Shak (Red Spinach),1 bundle,19,https://chaldal.com/fresh-vegetable
Deshi Shosha (Local Cucumber) ± 25 gm,500 gm,45,https://chaldal.com/fresh-vegetable
Ada (Imported Ginger) ± 25 gm,500 gm,89,https://chaldal.com/fresh-vegetable
Lomba Lebu (Long Lemon),4 pcs,25,https://chaldal.com/fresh-vegetable
Misti Kumra Fali (Sweet Pumpkin Slice) ± 40 gm,1 kg,45,https://chaldal.com/fresh-vegetable
Deshi Roshun (Garlic Local) ±25 gm,500 gm,59,https://chaldal.com/fresh-vegetable
Misti Alu (Sweet Potato) ± 25 gm,500 gm,79,https://chaldal.com/fresh-vegetable
Kacha Morich (Green Chilli) ± 12 gm,100 gm,18,https://chaldal.com/fresh-vegetable
Kacha Pepe (Green Papaya) ± 70 gm,1.4 kg,59,https://chaldal.com/fresh-vegetable
Deshi Ada (Local Ginger) ± 25 gm,500 gm,75,https://chaldal.com/fresh-vegetable
Kolmi Shak (Water Spinach),1 bundle,19,https://chaldal.com/fresh-vegetable
Palong Shak (Palong Spinach),1 bundle,29,https://chaldal.com/fresh-vegetable
Shosha (Cucumber) ± 25 gm,500 gm,45,https://chaldal.com/fresh-vegetable
Chichinga (Snake Gourd) ± 25 gm,500 gm,35,https://chaldal.com/fresh-vegetable
Gol Lebu (Round Lemon),4 pcs,29,https://chaldal.com/fresh-vegetable
Fulkopi (Cauliflower),each,75,https://chaldal.com/fresh-vegetable
Lau (Bottle Gourd),each,65,https://chaldal.com/fresh-vegetable
Green Capsicum ± 15 gm,300 gm,89,https://chaldal.com/fresh-vegetable
Beetroot ±25 gm,500 gm,49,https://chaldal.com/fresh-vegetable
Badhakopi (Cabbage),each,65,https://chaldal.com/fresh-vegetable
Uchche (Local Bitter Gourd) ± 25 gm,500 gm,49,https://chaldal.com/fresh-vegetable
Korola (Bitter Gourd) ± 25 gm,500 gm,55,https://chaldal.com/fresh-vegetable
Pui Shak (Pui Spinach),1 bundle,39,https://chaldal.com/fresh-vegetable
Kochur Mukhi (Taro Roots) ± 25 gm,500 gm,45,https://chaldal.com/fresh-vegetable
Kacha Kola (Banana Green),4 pcs,55,https://chaldal.com/fresh-vegetable
Lomba Kalo Begun (Long Brinjal Black) ± 25 gm,500 gm,55,https://chaldal.com/fresh-vegetable
Sobuj Gol Begun (Round Brinjals Green) ±35 gm,700 gm,85,https://chaldal.com/fresh-vegetable
Jali Kumra (Water Pumpkin),each,65,https://chaldal.com/fresh-vegetable
Data Shak (Data Spinach),1 bundle,25,https://chaldal.com/fresh-vegetable
Dhundhul (Sponge Gourd) ±20 gm,500 gm,45,https://chaldal.com/fresh-vegetable
Pudina Pata (Mint Leaves) ± 10 gm,100 gm,29,https://chaldal.com/fresh-vegetable
Kochur Loti (Stolon Of Taro) ± 25 gm,500 gm,39,https://chaldal.com/fresh-vegetable
Thankuni Pata (Pennywort Leaves),1 bundle,9,https://chaldal.com/fresh-vegetable
Lal Alu (Red Potato) ± 25 gm,500 gm,29,https://chaldal.com/fresh-vegetable
Kalo Gol Begun (Round Brinjals Black) ±35 gm,800 gm,89,https://chaldal.com/fresh-vegetable
Roshun (Garlic Imported) ± 25 gm,250 gm,39,https://chaldal.com/fresh-vegetable
Ada (Imported Ginger) ± 25 gm,250 gm,49,https://chaldal.com/fresh-vegetable
Mula (Radish) ± 25 gm,500 gm,35,https://chaldal.com/fresh-vegetable
Bombay Chilli,5 pcs,29,https://chaldal.com/fresh-vegetable
Lau Shak (Sweet Bitter Melon Leaves),1 bundle,45,https://chaldal.com/fresh-vegetable
Kacha Holud (Raw Turmeric) ± 12 gm,250 gm,45,https://chaldal.com/fresh-vegetable
Lettuce Leaves ± 10 gm,100 gm,45,https://chaldal.com/fresh-vegetable
Deshi Roshun (Garlic Local) ±25 gm,250 gm,35,https://chaldal.com/fresh-vegetable
Potato Regular (± 25 gm),600 gm,16,https://chaldal.com/fresh-vegetable
Mango Himshagor ± 50 gm,3 kg,269,https://chaldal.com/fresh-fruit
Shagor Kola (Banana Sagor),4 pcs,55,https://chaldal.com/fresh-fruit
Banana Chompa (Ready To Eat),4 pcs,29,https://chaldal.com/fresh-fruit
Guava Premium (± 50 gm),1 kg,129,https://chaldal.com/fresh-fruit
Malta ± 50 gm,1 kg,299,https://chaldal.com/fresh-fruit
Bangla Kola,4 pcs,45,https://chaldal.com/fresh-fruit
Daab (Green Coconut),each,159,https://chaldal.com/fresh-fruit
Paka Pape ± 50 gm,1 kg,199,https://chaldal.com/fresh-fruit
Dalim (Pomegranate),2 pcs,329,https://chaldal.com/fresh-fruit
China Fuji Apple ± 50 gm,1 kg,419,https://chaldal.com/fresh-fruit
Anaros (Pineapple),each,79,https://chaldal.com/fresh-fruit
Shada Nashpati ± 50 gm (Pear White),2 pcs,185,https://chaldal.com/fresh-fruit
Komola (Orange) Imported ± 50 gm,1 kg,389,https://chaldal.com/fresh-fruit
Gala Apple ± 50 gm,1 kg,499,https://chaldal.com/fresh-fruit
Bel (Wood Apple),each,149,https://chaldal.com/fresh-fruit
Narikel (Coconut),each,169,https://chaldal.com/fresh-fruit
Pomegranate Peeled (± 50 gm),300 gm,439,https://chaldal.com/fresh-fruit
Sobuj Angur (Green Grapes) ± 12 gm,250 gm,169,https://chaldal.com/fresh-fruit
Banana Sobri,4 pcs,55,https://chaldal.com/fresh-fruit
Green Apple ± 50 gm,1 kg,519,https://chaldal.com/fresh-fruit
Watermelon Large 5 kg + (Tormuj),each,359,https://chaldal.com/fresh-fruit
Lychee Premium,50 pcs,279,https://chaldal.com/fresh-fruit
Jamrul (Java Apple Red),1 kg,179,https://chaldal.com/fresh-fruit
Koromcha Fruit,500 gm,99,https://chaldal.com/fresh-fruit
Jamrul (Java Apple White),500 gm,79,https://chaldal.com/fresh-fruit
Dragon Fruit Local (± 50 gm),1 kg,229,https://chaldal.com/fresh-fruit
Broiler Whole Chicken Leg Skin On (± 50 gm),1 kg,489,https://chaldal.com/chicken-poultry
Broiler Chicken Skin On ± 50 gm,1 kg,289,https://chaldal.com/chicken-poultry
Broiler Chicken Skin Off ± 50 gm,1 kg,319,https://chaldal.com/chicken-poultry
Broiler Chicken Skin Off ± 50 gm,1.4 kg,439,https://chaldal.com/chicken-poultry
Broiler Chicken Breast Boneless ± 50 gm,1 kg,599,https://chaldal.com/chicken-poultry
Broiler Chicken Thigh Boneless ± 50 gm,1 kg,449,https://chaldal.com/chicken-poultry
Broiler Chicken Drumsticks ± 50 gm (9-12 pcs),1 kg,499,https://chaldal.com/chicken-poultry
Broiler Chicken Breast Boneless ± 25 gm,500 gm,299,https://chaldal.com/chicken-poultry
Chicken Liver (Kolija) ± 25 gm,500 gm,199,https://chaldal.com/chicken-poultry
Bengal Meat Chicken Thigh Keema ± 50 gm,1 kg,635,https://chaldal.com/chicken-poultry
Bengal Meat Whole Chicken Curry Cut ± 50 gm,1 kg,465,https://chaldal.com/chicken-poultry
Broiler Chicken Drumsticks ± 25 gm (6-8 pcs),500 gm,249,https://chaldal.com/chicken-poultry
Broiler Chicken Thigh Boneless ± 25 gm,500 gm,199,https://chaldal.com/chicken-poultry
Broiler Chicken Skin On ± 50 gm,1.4 kg,399,https://chaldal.com/chicken-poultry
Chaldal Premium Broiler Chicken Wings ± 50 gm,500 gm,219,https://chaldal.com/chicken-poultry
Chicken Liver Gizzard Mix,1 kg,239,https://chaldal.com/chicken-poultry
Chicken Keema (Net Weight ± 50 gm),1 kg,679,https://chaldal.com/chicken-poultry
Broiler Chicken Wings (± 50 gm),1 kg,459,https://chaldal.com/chicken-poultry
Broiler Chicken Breast With Bone (± 50 gm),1 kg,499,https://chaldal.com/chicken-poultry
Live Cock Chicken (Processed) ± 25 gm,500 gm,299,https://chaldal.com/chicken-poultry
Beijing Duck Meat (Net Weight ± 50 gm),1500 gm,999,https://chaldal.com/chicken-poultry
Whole Deshi Chicken Skin Off ± 25 gm,500 gm,639,https://chaldal.com/meat-new
Broiler Whole Chicken Leg Skin On (± 50 gm),1 kg,489,https://chaldal.com/meat-new
Broiler Chicken Skin On ± 50 gm,1 kg,289,https://chaldal.com/meat-new
Broiler Chicken Skin Off ± 50 gm,1 kg,319,https://chaldal.com/meat-new
Cock Chicken Skin Off ± 25 gm,500 gm,329,https://chaldal.com/meat-new
Beef Bone In ± 50 gm,1 kg,799,https://chaldal.com/meat-new
Beef Boneless ± 25 gm,500 gm,619,https://chaldal.com/meat-new
Roast Chicken ± 10 gm,275 gm,189,https://chaldal.com/meat-new
Beef Liver (Kolija),500 gm,429,https://chaldal.com/meat-new
Broiler Chicken Breast Boneless ± 50 gm,1 kg,599,https://chaldal.com/meat-new
Broiler Chicken Thigh Boneless ± 50 gm,1 kg,449,https://chaldal.com/meat-new
Beef Ribs (Shinar Mangsho),1 kg,799,https://chaldal.com/meat-new
Broiler Chicken Drumsticks ± 50 gm (9-12 pcs),1 kg,499,https://chaldal.com/meat-new
Broiler Chicken Breast Boneless ± 25 gm,500 gm,299,https://chaldal.com/meat-new
Bengal Meat Beef Keema ± 50 gm,1 kg,1050,https://chaldal.com/meat-new
Beef Bone In (Net Weight ± 25 gm),500 gm,409,https://chaldal.com/meat-new
Chicken Liver (Kolija) ± 25 gm,500 gm,199,https://chaldal.com/meat-new
Bengal Meat Beef Head Meat,1 kg,550,https://chaldal.com/meat-new
Bengal Meat Chicken Thigh Keema ± 50 gm,1 kg,635,https://chaldal.com/meat-new
Beef Head Meat Regular,1 kg,499,https://chaldal.com/meat-new
Beef Brain (Mogoz),each,519,https://chaldal.com/meat-new
Bengal Meat Whole Chicken Curry Cut ± 50 gm,1 kg,465,https://chaldal.com/meat-new
Beef Bone In ± 20 gm,250 gm,209,https://chaldal.com/meat-new
Broiler Chicken Breast With Bone ± 25 gm,500 gm,235,https://chaldal.com/meat-new
Mutton Paya,5 pcs,199,https://chaldal.com/meat-new
Broiler Chicken Drumsticks ± 25 gm (6-8 pcs),500 gm,249,https://chaldal.com/meat-new
Broiler Chicken Thigh Boneless ± 25 gm,500 gm,199,https://chaldal.com/meat-new
Quail Meat,2 pcs,169,https://chaldal.com/meat-new
Mutton Head Meat Regular (Net Weight ± 50 gm),1 kg,639,https://chaldal.com/meat-new
Halim Meat (Beef) ± 20 gm,300 gm,249,https://chaldal.com/meat-new
Chaldal Premium Broiler Chicken Wings ± 50 gm,500 gm,219,https://chaldal.com/meat-new
Whole Layer Chicken Skin Off (Net Weight ± 50 gm),1330 gm,859,https://chaldal.com/meat-new
Chicken Liver Gizzard Mix,1 kg,239,https://chaldal.com/meat-new
Beef Keema,500 gm,639,https://chaldal.com/meat-new
Chicken Keema (Net Weight ± 50 gm),1 kg,679,https://chaldal.com/meat-new
Broiler Chicken Wings (± 50 gm),1 kg,459,https://chaldal.com/meat-new
Broiler Chicken Breast With Bone (± 50 gm),1 kg,499,https://chaldal.com/meat-new
Mutton Brain (Mogoz),2 pcs,259,https://chaldal.com/meat-new
Beef Paya ± 100 gm,2 kg,1099,https://chaldal.com/meat-new
Mutton Paya,10 pcs,399,https://chaldal.com/meat-new
Mutton Bone in (Khashi) ± 50 gm,1 kg,1199,https://chaldal.com/meat-new
Pigeon Meat,each,189,https://chaldal.com/meat-new
Quail Meat,4 pcs,299,https://chaldal.com/meat-new
Bengal Meat Beef Paya,2 kg,1120,https://chaldal.com/meat-new
Live Cock Chicken (Processed) ± 25 gm,500 gm,299,https://chaldal.com/meat-new
Whole Deshi Duck Skin On (Net Weight ± 50 gm),900 gm,789,https://chaldal.com/meat-new
Beef Tripe (Vuri),1 kg,499,https://chaldal.com/meat-new
Cow Lungs ± 25 gm,500 gm,249,https://chaldal.com/meat-new
Deshi Duck With Skin After Cutting (Net Weight ± 50 gm),1 kg,899,https://chaldal.com/meat-new
Beijing Duck Meat After Cutting (Net Weight ± 50 gm),1 kg,799,https://chaldal.com/meat-new
Welcome Light Meat Tuna In Sunflower Oil (Flake),170 gm,190,https://chaldal.com/tofu-meat-alternatives
King Bell Tuna Salad Vegetables,170 gm,320,https://chaldal.com/tofu-meat-alternatives
King Bell Tuna Salad In Tomato Sauce,170 gm,310,https://chaldal.com/tofu-meat-alternatives
King Bell Whole Baby Corn Tin,425 gm,180,https://chaldal.com/tofu-meat-alternatives
Nautilus Lite Sandwich Tuna In Spring Water,165 gm,429,https://chaldal.com/tofu-meat-alternatives
Nautilus Sandwich Tuna In Soybean Oil,165 gm,319,https://chaldal.com/tofu-meat-alternatives
Nautilus Lite Tuna Chunk Soybean Oil,165 gm,319,https://chaldal.com/tofu-meat-alternatives
Golden Grain Dried Chillies (Shukna Morich),100 gm,70,https://chaldal.com/spices
Golden Grain Poppy Seed (Posto Dana),50 gm,195,https://chaldal.com/spices
Golden Grain Black Pepper (Gol Morich) Whole,100 gm,195,https://chaldal.com/spices
Golden Grain Mustard Seed (Red),100 gm,35,https://chaldal.com/spices
Golden Grain Cumin (Jira),100 gm,120,https://chaldal.com/spices
Golden Grain Cardamom (Elachi) Whole,50 gm,350,https://chaldal.com/spices
Golden Grain Black Cumin (Kalo Jira),100 gm,100,https://chaldal.com/spices
Golden Grain Coriander (Dhonia),100 gm,45,https://chaldal.com/spices
Golden Grain Clove (Lobongo),50 gm,145,https://chaldal.com/spices
Golden Grain Bay Leaf (Tejpata),100 gm,55,https://chaldal.com/spices
Golden Grain Mix Spice (Pach Foron),100 gm,60,https://chaldal.com/spices
Cinnamon (Daruchini) Whole,100 gm,59,https://chaldal.com/spices
Radhuni Chilli (Morich) Powder,100 gm,75,https://chaldal.com/spices
Radhuni Coriander (Dhonia) Powder,100 gm,60,https://chaldal.com/spices
Radhuni Cumin (Jira) Powder,100 gm,160,https://chaldal.com/spices
Fenugreek (Methi) Seed,100 gm,25,https://chaldal.com/spices
Radhuni Turmeric (Holud) Powder,50 gm,40,https://chaldal.com/spices
Radhuni Garam Masala,15 gm,40,https://chaldal.com/spices
Mustard Seed (Yellow),100 gm,25,https://chaldal.com/spices
Fresh Chilli Powder,200 gm,125,https://chaldal.com/spices
Ramisa Tokma,100 gm,60,https://chaldal.com/spices
Betel Nut (Shupari),250 gm,169,https://chaldal.com/spices
Mustard Seed (Red),100 gm,25,https://chaldal.com/spices
Walnuts (Akhrot),100 gm,179,https://chaldal.com/spices
Cumin (Jira),100 gm,79,https://chaldal.com/spices
Radhuni Chilli (Morich) Powder,200 gm,140,https://chaldal.com/spices
Dried Chillies (Shukna Morich),100 gm,45,https://chaldal.com/spices
Cardamom (Elachi) Whole,25 gm,139,https://chaldal.com/spices
Radhuni Turmeric (Holud) Powder,200 gm,145,https://chaldal.com/spices
Radhuni Turmeric (Holud) Powder,100 gm,75,https://chaldal.com/spices
Radhuni Garam Masala,40 gm,95,https://chaldal.com/spices
Clove (Lobongo),50 gm,79,https://chaldal.com/spices
Bay Leaf (Tejpata),100 gm,29,https://chaldal.com/spices
Radhuni Coriander (Dhonia) Powder,200 gm,110,https://chaldal.com/spices
Cardamom (Elachi) Whole,50 gm,269,https://chaldal.com/spices
Radhuni Cumin (Jira) Powder,50 gm,85,https://chaldal.com/spices
Black Pepper (Gol Morich) Whole,50 gm,75,https://chaldal.com/spices
Radhuni Panch Phoran,50 gm,30,https://chaldal.com/spices
Chia Seed,100 gm,59,https://chaldal.com/spices
Radhuni Turmeric (Holud) Powder,500 gm,335,https://chaldal.com/spices
Radhuni Cumin (Jira) Powder,200 gm,310,https://chaldal.com/spices
Alu Bukhara,100 gm,119,https://chaldal.com/spices
Black Cumin (Kalo Jira),100 gm,49,https://chaldal.com/spices
Radhuni Chilli (Morich) Powder,500 gm,345,https://chaldal.com/spices
Fennel (Mouri),100 gm,45,https://chaldal.com/spices
Radhuni Coriander (Dhonia) Powder,500 gm,240,https://chaldal.com/spices
Radhuni Chilli (Morich) Powder,50 gm,38,https://chaldal.com/spices
Black Cardamom (Kalo Elachi) Whole,50 gm,199,https://chaldal.com/spices
Coriander (Dhonia),100 gm,35,https://chaldal.com/spices
Mix Spice (Pach Foron),100 gm,35,https://chaldal.com/spices
Farina Laccha Shemai,500 gm,140,https://chaldal.com/shemai-suji
Farina Chutki Shemai,200 gm,40,https://chaldal.com/shemai-suji
Rahul Vermicelli Chikon Shemai,200 gm,40,https://chaldal.com/shemai-suji
Kolson Cock Vermicelli (Shemai),200 gm,45,https://chaldal.com/shemai-suji
Banoful Lashcha Shemai,200 gm,50,https://chaldal.com/shemai-suji
Teer Semolina Suji,500 gm,48,https://chaldal.com/shemai-suji
ACI Pure Suji,500 gm,48,https://chaldal.com/shemai-suji
Kolson Special Lascha Semai,180 gm,50,https://chaldal.com/shemai-suji
Radhuni Shemai,200 gm,45,https://chaldal.com/shemai-suji
Bombay Sweets Instant Laccha Shemai,180 gm,60,https://chaldal.com/shemai-suji
Rahul Vermicelli Chikon Shemai,500 gm,90,https://chaldal.com/shemai-suji
Olympic Lascha Shemai,200 gm,50,https://chaldal.com/shemai-suji
Banoful Vermicelli Shemai,200 gm,45,https://chaldal.com/shemai-suji
Dekko Laccha Shemai,180 gm,50,https://chaldal.com/shemai-suji
Pran Vermicelli Shemai,200 gm,45,https://chaldal.com/shemai-suji
Dekko Shahi Shemai,180 gm,45,https://chaldal.com/shemai-suji
Thai Choice Rice Noodles,200 gm,350,https://chaldal.com/shemai-suji
Fresh Suji,500 gm,48,https://chaldal.com/shemai-suji
Dekko Apyayan Lachsa Semai,180 gm,50,https://chaldal.com/shemai-suji
Rahul Vermicelli I Shape Shemai,200 gm,40,https://chaldal.com/shemai-suji
Rahul Vermicelli U Shape Shemai,200 gm,45,https://chaldal.com/shemai-suji
Tiara Food Color (Green),28 ml,90,https://chaldal.com/colors-flavours
Bragg Organic Apple Cider Vinegar,946 ml,1499,https://chaldal.com/colors-flavours
Hershey's Chocolate Syrup,623 gm,1029,https://chaldal.com/colors-flavours
Kikkoman Premium Soy Sauce,600 ml,679,https://chaldal.com/colors-flavours
Pran Synthetic Vinegar,650 ml,55,https://chaldal.com/colors-flavours
Kewra Jal (Screwpine Water),200 ml,29,https://chaldal.com/colors-flavours
Ahmed White Vinegar,500 ml,70,https://chaldal.com/colors-flavours
Radhuni Kasundi,285 ml,65,https://chaldal.com/colors-flavours
Tiara Food Color (Red),28 ml,90,https://chaldal.com/colors-flavours
Foster Clark's Culinary Essence Orange,28 ml,160,https://chaldal.com/colors-flavours
Foster Clark's Food Color Orange,28 ml,140,https://chaldal.com/colors-flavours
American Garden Pizza Sauce Classic,397 ml,670,https://chaldal.com/colors-flavours
Hosen Gherkins Original Flavour Jar,680 gm,529,https://chaldal.com/colors-flavours
Foster Clark's Culinary Essence Rose,28 ml,140,https://chaldal.com/colors-flavours
Maggi Seasoning Sauce,680 ml,439,https://chaldal.com/colors-flavours
Saporito Red Grape Vinegar,500 ml,619,https://chaldal.com/colors-flavours
French's Classic Yellow Mustard,255 gm,460,https://chaldal.com/colors-flavours
Ahmed White Vinegar,325 ml,58,https://chaldal.com/colors-flavours
Foster Clark's Culinary Essence Strawberry,28 ml,140,https://chaldal.com/colors-flavours
Foster Clark's Culinary Essence Vanilla,28 ml,140,https://chaldal.com/colors-flavours
Hershey's Strawberry Syrup,623 gm,939,https://chaldal.com/colors-flavours
Foster Clark's Food Colour (Red),28 ml,140,https://chaldal.com/colors-flavours
Pran Tomato Sauce,340 gm,125,https://chaldal.com/tomato-sauces
Pran Tomato Sauce,1 kg,320,https://chaldal.com/tomato-sauces
Best's Tomato Ketchup,330 ml,182,https://chaldal.com/tomato-sauces
Saad Hot Tomato Sauce,340 gm,120,https://chaldal.com/tomato-sauces
Ahmed Tomato Sauce,340 gm,115,https://chaldal.com/tomato-sauces
Ahmed Tomato Ketchup,340 gm,115,https://chaldal.com/tomato-sauces
Ruchi Hot Tomato Sauce,350 gm,125,https://chaldal.com/tomato-sauces
Pran Hot Tomato Sauce Mini 8 gm,10 pcs,30,https://chaldal.com/tomato-sauces
Ruchi Tomato Ketchup,350 gm,125,https://chaldal.com/tomato-sauces
Best's Tomato Puree,400 gm,174,https://chaldal.com/tomato-sauces
Ruchi Hot Tomato Sauce,200 gm,80,https://chaldal.com/tomato-sauces
Chef Le Tomato Paste,400 gm,136,https://chaldal.com/tomato-sauces
Sajeeb Hot Tomato Sauce,340 gm,115,https://chaldal.com/tomato-sauces
Shezan Tomato Ketchup,340 gm,115,https://chaldal.com/tomato-sauces
Pran Tomato Ketchup,340 gm,125,https://chaldal.com/tomato-sauces
Chachi's Chawk Sweet Sour Chutney,200 ml,165,https://chaldal.com/pickles
Ruchi Boroi Pickle,450 gm,220,https://chaldal.com/pickles
Parboti Local Garlic Pickle,180 gm,150,https://chaldal.com/pickles
Aafi Olive Pickle,400 gm,170,https://chaldal.com/pickles
Aafi Mango Pickle,400 gm,170,https://chaldal.com/pickles
ACME Olive Pickle,400 gm,150,https://chaldal.com/pickles
Kishwan Mango Pickle,400 gm,180,https://chaldal.com/pickles
Ruchi Chalta Pickle,400 gm,200,https://chaldal.com/pickles
Nicobena Tamarind Pickle,325 gm,185,https://chaldal.com/pickles
Nicobena Naga Bombay Chilli Pickle,120 gm,350,https://chaldal.com/pickles
Pran Jugol Chutney,300 gm,190,https://chaldal.com/pickles
Natcha Sweet Tamarind (Tetul),225 gm,399,https://chaldal.com/pickles
Nicobena Garlic Pickle,220 gm,275,https://chaldal.com/pickles
Ahmed Mixed Pickle,400 gm,180,https://chaldal.com/pickles
BD Food Olive Pickle,400 gm,200,https://chaldal.com/pickles
Balachaw (Dry Prawn Chutney),250 gm,330,https://chaldal.com/pickles
American Garden Jalapeno Pepper Sliced,454 gm,475,https://chaldal.com/pickles
BD Food Tatul Chutney,500 gm,170,https://chaldal.com/pickles
Pran Mixed Pickle,400 gm,200,https://chaldal.com/pickles
BD Food Garlic Pickle,400 gm,300,https://chaldal.com/pickles
Ruchi Chutney Tetul 15 gm,12 pcs,60,https://chaldal.com/pickles
Ruchi Mixed Pickle,400 gm,200,https://chaldal.com/pickles
Ruchi Olive Pickle,400 gm,210,https://chaldal.com/pickles
Ruchi Mixed Chutney,450 gm,160,https://chaldal.com/pickles
Ruchi Mango Pickle,400 gm,200,https://chaldal.com/pickles
Ruchi Mango Pickle,200 gm,120,https://chaldal.com/pickles
Ruchi Garlic Pickle,200 gm,165,https://chaldal.com/pickles
Pran Olive Pickle,400 gm,200,https://chaldal.com/pickles
Pran Garlic Pickle,300 gm,240,https://chaldal.com/pickles
Pran Naga Chilli Pickle,300 gm,320,https://chaldal.com/pickles
BD Food Mango Pickle,400 gm,200,https://chaldal.com/pickles
Pran Mango Pickle,400 gm,200,https://chaldal.com/pickles
Pran Boroi Sweet Pickle,350 gm,180,https://chaldal.com/pickles
Ching's Green Chilli Sauce,680 gm,350,https://chaldal.com/cooking-sauces
Ching's Green Chilli Sauce,190 gm,150,https://chaldal.com/cooking-sauces
Ching's Chilli Sauce,680 gm,350,https://chaldal.com/cooking-sauces
Saad Sweet Chilli Sauce,340 gm,150,https://chaldal.com/cooking-sauces
Maekrua Oyster Sauce,600 ml,639,https://chaldal.com/cooking-sauces
Kikkoman Premium Soy Sauce,600 ml,679,https://chaldal.com/cooking-sauces
Sajeeb Soya Sauce,300 ml,100,https://chaldal.com/cooking-sauces
Best's Tomato Puree,400 gm,174,https://chaldal.com/cooking-sauces
Kikkoman Soy Sauce,1 ltr,1499,https://chaldal.com/cooking-sauces
Ruchi Sweet Chili Sauce,200 gm,90,https://chaldal.com/cooking-sauces
Ruchi BBQ Sauce,200 gm,150,https://chaldal.com/cooking-sauces
Blossoms Dark Soya Sauce,500 ml,429,https://chaldal.com/cooking-sauces
Chef Le Dark Soya Sauce,500 ml,310,https://chaldal.com/cooking-sauces
Chef Le Dark Soya Sauce,250 ml,174,https://chaldal.com/cooking-sauces
Chef Le Light Soya Sauce,500 ml,294,https://chaldal.com/cooking-sauces
American Garden Pizza Sauce Classic,397 ml,670,https://chaldal.com/cooking-sauces
Ahmed Garlic Sauce,340 gm,140,https://chaldal.com/cooking-sauces
Nando's Garlic Sauce,250 gm,550,https://chaldal.com/cooking-sauces
Umami BBQ Sauce,300 ml,275,https://chaldal.com/cooking-sauces
American Garden BBQ Sauce Original,510 gm,639,https://chaldal.com/cooking-sauces
Remia Garlic Sauce,250 ml,299,https://chaldal.com/cooking-sauces
Bachun Oyster Sauce,350 ml,450,https://chaldal.com/cooking-sauces
Life Oyster Flavoured Sauce,510 gm,382,https://chaldal.com/cooking-sauces
Best's Chilli & Garlic Sauce,320 gm,210,https://chaldal.com/cooking-sauces
Suree Premium Oyster Sauce,295 ml,435,https://chaldal.com/cooking-sauces
Ching's Red Chilli Sauce,200 gm,160,https://chaldal.com/other-sauces
Ching's Green Chilli Sauce,680 gm,350,https://chaldal.com/other-sauces
Ching's Green Chilli Sauce,190 gm,150,https://chaldal.com/other-sauces
Ching's Chilli Sauce,680 gm,350,https://chaldal.com/other-sauces
Saad Sweet Chilli Sauce,340 gm,150,https://chaldal.com/other-sauces
Ruchi Sweet Chilli Sauce,350 gm,130,https://chaldal.com/other-sauces
Ahmed Hot Chilli Sauce,340 gm,129,https://chaldal.com/other-sauces
Ahmed Green Chilli Sauce,340 gm,115,https://chaldal.com/other-sauces
Pran Chilli Sauce,340 gm,150,https://chaldal.com/other-sauces
Nando's Peri Peri Hot Sauce,250 gm,549,https://chaldal.com/other-sauces
Teo Tak Seng Silver Pomfret Fish Sauce 750 cc,,495,https://chaldal.com/other-sauces
Ahmed Sweet Chilli Sauce,340 gm,140,https://chaldal.com/other-sauces
Ruchi Sweet Chili Sauce,200 gm,90,https://chaldal.com/other-sauces
Ruchi BBQ Sauce,200 gm,150,https://chaldal.com/other-sauces
Pran Green Chilli Sauce,340 gm,130,https://chaldal.com/other-sauces
Kishwan Hot Chilli Sauce,340 gm,120,https://chaldal.com/other-sauces
Mr. Hung Sweet Chilli Sauce,700 ml,500,https://chaldal.com/other-sauces
Sriracha Hot Chilli Sauce,482 gm,1200,https://chaldal.com/other-sauces
ACME Sweet Chilli Sauce,340 gm,120,https://chaldal.com/other-sauces
Barilla Pasta Sauce Jar Napoletana,400 gm,599,https://chaldal.com/other-sauces
Barilla Pasta Sauce Jar Arrabbiata,400 gm,599,https://chaldal.com/other-sauces
Barilla Pasta Sauce Jar Basilico,400 gm,599,https://chaldal.com/other-sauces
Ahmed Tamarind Sauce,340 gm,130,https://chaldal.com/other-sauces
Ahmed Garlic Sauce,340 gm,140,https://chaldal.com/other-sauces
Ahmed Chilli Sauce,340 gm,150,https://chaldal.com/other-sauces
Nando's Peri Peri Mild Sauce,250 gm,579,https://chaldal.com/other-sauces
Ruchi Red Chilli Sauce,360 gm,150,https://chaldal.com/other-sauces
Nando's Pepper Sauce X-mild,250 gm,550,https://chaldal.com/other-sauces
Nando's Extra Extra Hot Peri Peri Sauce,250 gm,550,https://chaldal.com/other-sauces
Nando's Peri Peri Wild Herb Sauce,250 gm,549,https://chaldal.com/other-sauces
Nando's Garlic Sauce,250 gm,550,https://chaldal.com/other-sauces
Umami BBQ Sauce,300 ml,275,https://chaldal.com/other-sauces
King Bell Chilli Sauce,300 ml,190,https://chaldal.com/other-sauces
Life Oriental Barbecue Sauce,250 gm,223,https://chaldal.com/other-sauces
American Garden BBQ Sauce Original,510 gm,639,https://chaldal.com/other-sauces
Suree Sweet Chilli Sauce,295 ml,375,https://chaldal.com/other-sauces
Remia Garlic Sauce,250 ml,299,https://chaldal.com/other-sauces
Best's Chilli & Garlic Sauce,320 gm,210,https://chaldal.com/other-sauces
Starship Full Cream Milk Powder,500 gm,375,https://chaldal.com/powder-milk
Starship Full Cream Milk Powder,1 kg,770,https://chaldal.com/powder-milk
Marks Full Cream Milk Powder Poly,500 gm,480,https://chaldal.com/powder-milk
Dano Daily Pushti Milk Powder,500 gm,400,https://chaldal.com/powder-milk
Marks Full Cream Milk Powder Poly,1 kg,950,https://chaldal.com/powder-milk
Dano Daily Pushti Milk Powder,1 kg,770,https://chaldal.com/powder-milk
Dano Power Full Cream Milk Powder,500 gm,480,https://chaldal.com/powder-milk
Dano Delight Full Cream Milk Powder,500 gm,480,https://chaldal.com/powder-milk
Fresh Instant Full Cream Milk Powder,500 gm,480,https://chaldal.com/powder-milk
Dano Power Full Cream Milk Powder,1 kg,950,https://chaldal.com/powder-milk
Nestle Nido Family Choice Milk Powder Pouch,500 gm,490,https://chaldal.com/powder-milk
Fresh Instant Full Cream Milk Powder,1 kg,950,https://chaldal.com/powder-milk
Nestle Nido Fortigrow Full Cream Milk Powder Tin,1 kg,1400,https://chaldal.com/powder-milk
AMA Full Cream Milk Powder,500 gm,440,https://chaldal.com/powder-milk
Farm Fresh Full Cream Milk Powder,500 gm,475,https://chaldal.com/powder-milk
Fresh Dessert Milk Powder,1 kg,750,https://chaldal.com/powder-milk
Goalini Full Cream Milk Powder,1 kg,910,https://chaldal.com/powder-milk
Marks Milk Powder Tin,1 kg,1300,https://chaldal.com/powder-milk
Cowhead Instant Milk Powder,1.8 kg,3700,https://chaldal.com/powder-milk
Fresh Insta Milk Powder,500 gm,480,https://chaldal.com/powder-milk
Pran Full Cream Milk Powder,1 kg,840,https://chaldal.com/powder-milk
Marks Young Star (16-40 years),400 gm,425,https://chaldal.com/powder-milk
Shape Up Non Fat High Protein Milk Powder,400 gm,490,https://chaldal.com/powder-milk
Nestle Nido Fortigrow Full Cream Milk Powder Tin,2.5 kg,3400,https://chaldal.com/powder-milk
Aarong Dairy Pasteurized Liquid Milk,1 ltr,105,https://chaldal.com/liquid-uht-milk
Pran Pasteurized Full Cream Liquid Milk,1 ltr,100,https://chaldal.com/liquid-uht-milk
Aarong Dairy Laban,500 ml,75,https://chaldal.com/liquid-uht-milk
Danish Ayran Pasteurized Full Cream Liquid Milk,1 ltr,140,https://chaldal.com/liquid-uht-milk
Aarong Dairy Matha,200 ml,35,https://chaldal.com/liquid-uht-milk
Danish Ayran Pasteurized Full Cream Liquid Milk,2 ltr,255,https://chaldal.com/liquid-uht-milk
Pran Mango Flavored Milk (Pouch),150 ml,25,https://chaldal.com/liquid-uht-milk
Pran Chocolate Flavored Milk (Pouch),150 ml,25,https://chaldal.com/liquid-uht-milk
Aarong Dairy UHT Milk,500 ml,60,https://chaldal.com/liquid-uht-milk
Pran UHT Milk,1 ltr,130,https://chaldal.com/liquid-uht-milk
Aarong Dairy Chocolate Milk Drink UHT,200 ml,35,https://chaldal.com/liquid-uht-milk
Pran UHT Milk,200 ml,30,https://chaldal.com/liquid-uht-milk
Farm Fresh UHT Milk,500 ml,60,https://chaldal.com/liquid-uht-milk
Aarong Dairy Full Cream Milk Powder,500 gm,460,https://chaldal.com/liquid-uht-milk
Pran UHT Milk,500 ml,60,https://chaldal.com/liquid-uht-milk
Cowhead Pure UHT Milk,1 ltr,449,https://chaldal.com/liquid-uht-milk
Aarong Dairy Lassi,200 ml,40,https://chaldal.com/liquid-uht-milk
Marks Active School Belgian Chocolate Flavour Milk Shake,200 ml,40,https://chaldal.com/liquid-uht-milk
Aarong Dairy Mango Milk Drink UHT,200 ml,35,https://chaldal.com/liquid-uht-milk
Pran Kulfi Milk Drink,200 ml,30,https://chaldal.com/liquid-uht-milk
Pran Badam Milk Drink,200 ml,30,https://chaldal.com/liquid-uht-milk
Pran Chocolate Milk Drink,200 ml,30,https://chaldal.com/liquid-uht-milk
Pran Mango Milk Drink,180 ml,30,https://chaldal.com/liquid-uht-milk
Cowhead UHT Pure Milk (Omega-3),1 ltr,490,https://chaldal.com/liquid-uht-milk
Cowhead UHT Milk Low Fat,1 ltr,459,https://chaldal.com/liquid-uht-milk
Aarong Dairy Sour Curd,500 gm,120,https://chaldal.com/yogurt
Aarong Dairy Low Fat Yogurt (Sour),500 gm,110,https://chaldal.com/yogurt
Aarong Dairy Sweetened Yogurt,500 gm,150,https://chaldal.com/yogurt
Pran Sour Curd,500 ml,120,https://chaldal.com/yogurt
Shokti+ Mishti Doi,75 gm,25,https://chaldal.com/yogurt
Pran Drinking Yogurt,200 ml,30,https://chaldal.com/yogurt
Pran Sweetened Yogurt,100 gm,30,https://chaldal.com/yogurt
Aarong Dairy Pantoa,600 gm,210,https://chaldal.com/yogurt
Aarong Dairy Roshogolla,600 gm,200,https://chaldal.com/yogurt
Aarong Dairy Roshogolla (20±2 pcs),1 kg,350,https://chaldal.com/yogurt
Starship Condensed Milk,400 gm,105,https://chaldal.com/condensed-milk-cream
No 1. Condensed Milk,400 gm,105,https://chaldal.com/condensed-milk-cream
Goalini Plus Condensed Milk,400 gm,105,https://chaldal.com/condensed-milk-cream
Danish Condensed Filled Milk,397 gm,105,https://chaldal.com/condensed-milk-cream
Nestle Coffee Mate Coffee Creamer Box,450 gm,380,https://chaldal.com/condensed-milk-cream
Vivo Ambient Whip Topping with Vegetable Fat,1100 gm,736,https://chaldal.com/condensed-milk-cream
Grand'Or UHT Cooking Cream,1000 gm,1550,https://chaldal.com/condensed-milk-cream
Nestle Coffee Mate Creamer,1 kg,850,https://chaldal.com/condensed-milk-cream
Nestle Coffee Mate Coffee Creamer Jar,400 gm,400,https://chaldal.com/condensed-milk-cream
Aarong Dairy Butter,200 gm,270,https://chaldal.com/butter-sour-cream
Milk Vita Butter,200 gm,270,https://chaldal.com/butter-sour-cream
Vivo Ambient Whip Topping with Vegetable Fat,1100 gm,736,https://chaldal.com/butter-sour-cream
Pran Butter (Fresco Container),200 gm,280,https://chaldal.com/butter-sour-cream
Lurpak Butter Unsalted,200 gm,880,https://chaldal.com/butter-sour-cream
Lurpak Salted Spreadable Butter,250 gm,990,https://chaldal.com/butter-sour-cream
Bread Pit White Bread,500 gm,110,https://chaldal.com/breads
White Bread,500 gm,70,https://chaldal.com/breads
Bread Pit Burger Bun,4 pcs,90,https://chaldal.com/breads
Bread Pit Milk Bread,300 gm,120,https://chaldal.com/breads
Bread Pit Multigrain Bread,300 gm,149,https://chaldal.com/breads
Quaker Oats Poly,450 gm,350,https://chaldal.com/cereals
Nestle Koko Krunch Chocolate Cereal Box,300 gm,450,https://chaldal.com/cereals
Kellogg's Chocos Chocolate Breakfast Cereal,385 gm,490,https://chaldal.com/cereals
Nestle Munch Breakfast Cereal Box,300 gm,400,https://chaldal.com/cereals
Nestle Munch Breakfast Cereal Pouch,120 gm,170,https://chaldal.com/cereals
Kellogg's Chocos Chocolate Breakfast Cereal,127 gm,170,https://chaldal.com/cereals
Kellogg's Oats Cereal,400 gm,360,https://chaldal.com/cereals
Kellogg's Corn Flakes Original Cereal,1.1 kg,1250,https://chaldal.com/cereals
Kellogg's Chocos Chocolate Breakfast Cereal,700 gm,899,https://chaldal.com/cereals
Kellogg's Chocos Chocolate Breakfast Cereal,1.1 kg,1350,https://chaldal.com/cereals
Kellogg's Chocos Crunchy Bites Chocolate Cereal,375 gm,530,https://chaldal.com/cereals
Kellogg's Oats Cereal (Free Container),400 gm,360,https://chaldal.com/cereals
Nestle Koko Krunch Cereal Pouch,70 gm,125,https://chaldal.com/cereals
Nestle Koko Krunch Cereal,150 gm,250,https://chaldal.com/cereals
Quaker Oats Jar,450 gm,380,https://chaldal.com/cereals
Virginia White Oats,400 gm,500,https://chaldal.com/cereals
Vitalia Fit & Active Muesli,650 gm,1539,https://chaldal.com/cereals
Nestle Koko Krunch,500 gm,910,https://chaldal.com/cereals
Vitalia Chocolate Muesli,1 kg,945,https://chaldal.com/cereals
Vitalia Breakfast Muesli,1 kg,1859,https://chaldal.com/cereals
Vitalia Fruit Muesli,1 kg,1939,https://chaldal.com/cereals
Kellogg's Chocos Chocolate Breakfast Cereal,250 gm,370,https://chaldal.com/cereals
Quaker White Oats,500 gm,599,https://chaldal.com/cereals
Kellogg's Chocos Chocolate Cereal,375 gm,529,https://chaldal.com/cereals
Dabur Honey,250 gm,250,https://chaldal.com/honey
ACI Pure Multifloral Honey,250 gm,230,https://chaldal.com/honey
Dabur Sundarbans Honey,500 gm,600,https://chaldal.com/honey
Allah Shafi Natural Honey,500 gm,975,https://chaldal.com/honey
Palermo Natural Honeycomb,500 gm,1109,https://chaldal.com/honey
Dabur Honey,400 gm,400,https://chaldal.com/honey
Dabur Honey,50 gm,70,https://chaldal.com/honey
Saffola Honey,100 gm,120,https://chaldal.com/honey
Buram Black Forest Honey,250 gm,855,https://chaldal.com/honey
Buram Acacia Honey,300 gm,960,https://chaldal.com/honey
Shefa'a Honey,500 gm,810,https://chaldal.com/honey
Clariss Acacia Honey,500 gm,950,https://chaldal.com/honey
Saffola Honey,500 gm,430,https://chaldal.com/honey
Saffola Honey,250 gm,230,https://chaldal.com/honey
Hosen Pure Honey,500 gm,789,https://chaldal.com/honey
Alshifa Acacia Honey,500 gm,2095,https://chaldal.com/honey
Alshifa Acacia Honey,250 gm,1095,https://chaldal.com/honey
Alshifa Black Forest Honey,500 gm,2095,https://chaldal.com/honey
Alshifa Natural Floral Honey,500 gm,1050,https://chaldal.com/honey
Dabur Honey,500 gm,465,https://chaldal.com/honey
Mother's Smile Profom Milk Jar,400 gm,630,https://chaldal.com/energy-boosters
Standard Horlicks Health And Nutrition Drink Jar,250 gm,280,https://chaldal.com/energy-boosters
Complan Chocolate Pack,350 gm,405,https://chaldal.com/energy-boosters
Mother's Horlicks Health and Nutrition Drink BIB,350 gm,620,https://chaldal.com/energy-boosters
Horlicks Chocolate Flavour Jar,500 gm,550,https://chaldal.com/energy-boosters
Junior Horlicks Health And Nutrition Drink Container Stage-2,500 gm,550,https://chaldal.com/energy-boosters
Standard Horlicks Health And Nutrition Drink Jar,500 gm,500,https://chaldal.com/energy-boosters
Maltova Health And Nutrition Drink BIB,400 gm,550,https://chaldal.com/energy-boosters
Ovaltine Power 10 Chocolate Drink Jar,400 gm,1000,https://chaldal.com/energy-boosters
Boost Chocolate Jar,400 gm,550,https://chaldal.com/energy-boosters
Women's Plus Horlicks Health And Nutrition Drink Jar,400 gm,600,https://chaldal.com/energy-boosters
Horlicks Lite Health And Nutrition Drink Jar,400 gm,650,https://chaldal.com/energy-boosters
Dabur Chyawanprash Awaleha,500 gm,600,https://chaldal.com/energy-boosters
Rinda Fruity Nata Jelly Flavoured,225 gm,365,https://chaldal.com/candies
Haribo Chamallows Party Candy,150 gm,400,https://chaldal.com/candies
Cavendish & Harvey Candy Wild Berry Drops,175 gm,449,https://chaldal.com/candies
Cavendish & Harvey Candy Citrus Fruit Drops,200 gm,490,https://chaldal.com/candies
Haribo Happy Grapes Candy,80 gm,250,https://chaldal.com/candies
Haribo Worms Zourr Candy,80 gm,250,https://chaldal.com/candies
Haribo Starmix Candy,160 gm,460,https://chaldal.com/candies
Haribo Happy Cola Candy,160 gm,460,https://chaldal.com/candies
Haribo Happy Cola Sour Candy,160 gm,460,https://chaldal.com/candies
Haribo Chamallows Pink & White Candy,150 gm,400,https://chaldal.com/candies
Haribo GoldBears Candy,160 gm,460,https://chaldal.com/candies
Cavendish & Harvey Sour Cherry Candy Poly,100 gm,250,https://chaldal.com/candies
Haribo Worms Candy,80 gm,250,https://chaldal.com/candies
Haribo Happy Cola Sour Candy,80 gm,250,https://chaldal.com/candies
Haribo Happy Cola Candy,80 gm,250,https://chaldal.com/candies
Haribo Goldbears Candy,80 gm,250,https://chaldal.com/candies
Olympic Green Mango Lozenge (Candy),50 pcs,50,https://chaldal.com/candies
Cavendish & Harvey Sour Lemon Drops,200 gm,490,https://chaldal.com/candies
Cavendish & Harvey Butterscotch Drops,175 gm,329,https://chaldal.com/candies
Fox's Crystal Clear Fruity Mints Candy,180 gm,345,https://chaldal.com/candies
Erko Mallow World Mmas,180 gm,395,https://chaldal.com/halal-marshmallows
Erko Mallow World Blue & White Mallow,100 gm,209,https://chaldal.com/halal-marshmallows
Erko Marshmallow Plus Stick 2 pcs,40 gm,109,https://chaldal.com/halal-marshmallows
Erko Mallow Plus Twist Mallow,180 gm,395,https://chaldal.com/halal-marshmallows
Alpenliebe Juzt Jelly Chutney,170 pcs,340,https://chaldal.com/halal-marshmallows
Cocola Egg Noodles,125 gm,20,https://chaldal.com/noodles
Nestle Maggi 2 Minute Masala Instant Noodles,16 pack,340,https://chaldal.com/noodles
Nestle Maggi 2-Minute Masala Instant Noodles,4 pack,95,https://chaldal.com/noodles
Cocola Chicken Masala Noodles,150 gm,25,https://chaldal.com/noodles
Samyang Hot Chicken Ramen Jjajang Flavor Noodles,140 gm,239,https://chaldal.com/noodles
Samyang Hot Chicken Ramen Noodles 2X Spicy,140 gm,239,https://chaldal.com/noodles
Mr. Noodles Rice Stick Noodles,454 gm,370,https://chaldal.com/noodles
Cocola Egg & Chicken Masala Noodles,150 gm,25,https://chaldal.com/noodles
Nestle Maggi 2-Minute Masala Instant Noodles,8 pack,180,https://chaldal.com/noodles
Mr.Noodles Magic Masala Easy Instant,496 gm,170,https://chaldal.com/noodles
Mr. Noodles Korean Super Spicy,496 gm,210,https://chaldal.com/noodles
Mr. Noodles Cup Noodles Magic Masala,40 gm,35,https://chaldal.com/noodles
Mama Noodles (Hot And Spicy Flavour) 10 pcs,620 gm,220,https://chaldal.com/noodles
Nestle Maggi 2-Minute Masala Instant Noodles,12 pack,265,https://chaldal.com/noodles
Dragon Brand Noodles,300 gm,60,https://chaldal.com/noodles
MAGGI Hot & Spicy Blast Noodles,8 pack,200,https://chaldal.com/noodles
Chopstick Instant Noodles Masala Delight 496 gm,8 pack,175,https://chaldal.com/noodles
Mr. Noodles Korean Super Spicy,248 gm,110,https://chaldal.com/noodles
Mr. Noodles Korean Kimchi Ramen 8 pcs,480 gm,210,https://chaldal.com/noodles
Mama Noodles (Chicken Flavour) 8 pcs,496 gm,175,https://chaldal.com/noodles
Chopstick Ramen Hot Chicken Instant Noodles 8 pack,640 gm,650,https://chaldal.com/noodles
Chopstick Ramen Hot Cheese Instant Noodles 8 pack,640 gm,650,https://chaldal.com/noodles
Samyang Hot Chicken Ramen 3X Spicy,140 gm,199,https://chaldal.com/noodles
Nongshim Chapagetti Original Noodles,140 gm,175,https://chaldal.com/noodles
Mama Noodles (Chicken Flavour) 10 pcs,620 gm,220,https://chaldal.com/noodles
Samyang Hot Chicken Ramen 2X Spicy Cup Noodles,70 gm,160,https://chaldal.com/noodles
Samyang Hot Chicken Ramen Stew Noodles,145 gm,239,https://chaldal.com/noodles
Samyang Hot Chicken Ramen Cheese Noodles,140 gm,239,https://chaldal.com/noodles
How How Rice Stick Noodles,500 gm,369,https://chaldal.com/noodles
Nissin Cup Noodles Japanese Style Beef,66 gm,109,https://chaldal.com/noodles
Nissin Cup Noodles Japanese Style Chicken,67 gm,109,https://chaldal.com/noodles
Mama OK Instant Noodles Fried Shrimp Tom Yum Flavor,85 gm,140,https://chaldal.com/noodles
Samyang Hot Chicken Cheese Noodles,700 gm,1050,https://chaldal.com/noodles
Samyang Jjajang Hot Chicken Noodles,700 gm,1240,https://chaldal.com/noodles
Samyang Hot Chicken Karba Noodles,650 gm,1075,https://chaldal.com/noodles
Mama Cup Noodles (Hot & Spicy Flavour) 62 gm,each,110,https://chaldal.com/noodles
Nestle Maggi 2-Minute Noodles Masala,12 pack,265,https://chaldal.com/noodles
Mama Cup Noodles Instant Shrimp Tom Yum,each,190,https://chaldal.com/noodles
Imee Chicken Curry Instant Noodles,65 gm,175,https://chaldal.com/noodles
Ifad Eggy Instant Masala Noodles 4 pcs,300 gm,90,https://chaldal.com/noodles
Mama Instant Noodles (Hot & Spicy Flavour) 4 pcs,248 gm,95,https://chaldal.com/noodles
Mama Noodles (Hot & Spicy Flavour) 8 pcs,496 gm,175,https://chaldal.com/noodles
Mama Cup Noodles (Shrimp Tomyum Flavour) 62 gm,each,110,https://chaldal.com/noodles
Sedaap Supreme Instant Korean Spicy Chicken Noodles,4 pcs,300,https://chaldal.com/noodles
Olympic Premium Toast Biscuit,185 gm,60,https://chaldal.com/toast-biscuits
Pran Special Toast Biscuit,250 gm,60,https://chaldal.com/toast-biscuits
Olympic Dry Cake Biscuit,290 gm,150,https://chaldal.com/toast-biscuits
Fresh Butter Cookies Biscuit Jar,750 gm,200,https://chaldal.com/toast-biscuits
Ispahani Premium Toast Biscuit,185 gm,50,https://chaldal.com/toast-biscuits
Bisk Club Rusk Premium Bake Biscuit,250 gm,70,https://chaldal.com/toast-biscuits
Dekko Sweet Toast Biscuit,300 gm,80,https://chaldal.com/toast-biscuits
Ifad Plain Toast Biscuit,350 gm,100,https://chaldal.com/toast-biscuits
Cocola Champion Chocolate Cream Biscuit,65 gm,20,https://chaldal.com/cream-biscuits
Bisk Club Shero Cream Biscuit,85 gm,30,https://chaldal.com/cream-biscuits
Fresh Fantasy Chocolate Filled Cookies Biscuit,175 gm,150,https://chaldal.com/cream-biscuits
Olympic Pineapple Cream Biscuits,40 gm,10,https://chaldal.com/cream-biscuits
Haque Milk Chocolate Digestive Biscuit,137 gm,40,https://chaldal.com/cream-biscuits
Olympic Tim Tim Orange Biscuit,40 gm,10,https://chaldal.com/cream-biscuits
Fresh Fun Fill Sandwich Chocolate Cream Biscuit,34 gm,10,https://chaldal.com/cream-biscuits
Tiffany Crunch 'n' Cream Vanilla Wafers,135 gm,320,https://chaldal.com/cream-biscuits
Munchy's Topmix Assorted Biscuits,295 gm,580,https://chaldal.com/cream-biscuits
Munchy's Lexus Cheese Cream Sandwich Cracker Biscuit,225 gm,490,https://chaldal.com/cream-biscuits
Tiffany Delights Bourbon Creams,200 gm,470,https://chaldal.com/cream-biscuits
Parle Hide & Seek Black Bourbon Choco Creme Biscuit,100 gm,195,https://chaldal.com/cream-biscuits
Ifad Butter Delight Biscuit,150 gm,50,https://chaldal.com/cream-biscuits
Ifad Orange Delight Biscuit,140 gm,40,https://chaldal.com/cream-biscuits
Munchy's Lexus Choco Coated Chocolate Cream Biscuit,200 gm,480,https://chaldal.com/cream-biscuits
Munchy's Topmix Assorted Biscuits Tin,700 gm,1870,https://chaldal.com/cream-biscuits
Kolson Macaroni Pasta Screw,400 gm,85,https://chaldal.com/pasta-macaroni
Kolson Macaroni Shell,400 gm,85,https://chaldal.com/pasta-macaroni
Farina Macaroni Premium Quality,500 gm,110,https://chaldal.com/pasta-macaroni
Farina Macaroni,400 gm,90,https://chaldal.com/pasta-macaroni
Farina Macaroni,200 gm,50,https://chaldal.com/pasta-macaroni
Kolson Macaroni Bamboo,400 gm,85,https://chaldal.com/pasta-macaroni
Mr. Pasta Macaroni Shells,400 gm,90,https://chaldal.com/pasta-macaroni
Farmer's Gold Pasta,400 gm,180,https://chaldal.com/pasta-macaroni
Barilla Classic Spaghettoni N.7 Pasta,500 gm,395,https://chaldal.com/pasta-macaroni
Emirates Macaroni Penne Rigate Pasta,400 gm,195,https://chaldal.com/pasta-macaroni
Emirates Macaroni Corni Corrugated Pasta,400 gm,195,https://chaldal.com/pasta-macaroni
Reggia Pasta Penne Mez,500 gm,265,https://chaldal.com/pasta-macaroni
Barilla Fusilli N.98 Pasta,500 gm,449,https://chaldal.com/pasta-macaroni
Barilla Spaghetti N.5 Pasta,500 gm,449,https://chaldal.com/pasta-macaroni
Barilla Angel Hair N.1 Pasta,500 gm,360,https://chaldal.com/pasta-macaroni
Barilla Pasta Sauce Jar Napoletana,400 gm,599,https://chaldal.com/pasta-macaroni
Barilla Pasta Sauce Jar Arrabbiata,400 gm,599,https://chaldal.com/pasta-macaroni
Barilla Pasta Sauce Jar Basilico,400 gm,599,https://chaldal.com/pasta-macaroni
Pastiano Spiralli Pasta,500 gm,240,https://chaldal.com/pasta-macaroni
Pastiano Penne Pasta,500 gm,240,https://chaldal.com/pasta-macaroni
Barilla Farfalle Pasta (436),500 gm,449,https://chaldal.com/pasta-macaroni
Barilla Penne Rigate Pasta (N.437),500 gm,449,https://chaldal.com/pasta-macaroni
Dekko Oyster Pasta,200 gm,60,https://chaldal.com/pasta-macaroni
Hat Macaroni Penne Pasta,500 gm,235,https://chaldal.com/pasta-macaroni
Kolson Macaroni Assorted Pack,500 gm,120,https://chaldal.com/pasta-macaroni
Knorr Soup Chicken Corn,24 gm,55,https://chaldal.com/soups
Nestle Maggi Healthy Soup Corn With Chicken 25 gm,4 pcs,220,https://chaldal.com/soups
Nestle Maggi Healthy Soup Thai Sachet,35 gm,55,https://chaldal.com/soups
Nestle Maggi Healthy Soup Corn With Chicken,25 gm,55,https://chaldal.com/soups
Knorr Soup Chicken Corn 24 gm,5 pcs,275,https://chaldal.com/soups
Knorr Soup Thai 28 gm,5 pcs,250,https://chaldal.com/soups
Knorr Soup Thai,28 gm,55,https://chaldal.com/soups
Nestle Maggi Healthy Soup Vegetables Sachet 25 gm,4 pcs,200,https://chaldal.com/soups
Nestle Maggi Healthy Soup Thai Sachet 35 gm,4 pcs,220,https://chaldal.com/soups
Bragg Organic Apple Cider Vinegar,946 ml,1499,https://chaldal.com/salad-dressing
Pran Synthetic Vinegar,650 ml,55,https://chaldal.com/salad-dressing
Ahmed White Vinegar,500 ml,70,https://chaldal.com/salad-dressing
American Garden Real Mayonnaise,887 ml,1535,https://chaldal.com/salad-dressing
Kewpie Dressing Roasted Sesame Salad,210 ml,365,https://chaldal.com/salad-dressing
Herman Garlic Mayonnaise,500 gm,520,https://chaldal.com/salad-dressing
American Garden Real Mayonnaise,473 ml,965,https://chaldal.com/salad-dressing
American Garden Pizza Sauce Classic,397 ml,670,https://chaldal.com/salad-dressing
Thai Choice Som Tum Salad Dressing,200 ml,275,https://chaldal.com/salad-dressing
Remia Salad Dressing Garlic,250 ml,330,https://chaldal.com/salad-dressing
Saporito Red Grape Vinegar,500 ml,619,https://chaldal.com/salad-dressing
Ahmed White Vinegar,325 ml,58,https://chaldal.com/salad-dressing
Remia Salad Cream,250 ml,330,https://chaldal.com/salad-dressing
Coca-Cola,1 ltr,79,https://chaldal.com/soft-drinks
Sprite,250 ml,23,https://chaldal.com/soft-drinks
Coca-Cola,400 ml,38,https://chaldal.com/soft-drinks
RC Q Lemon Pet,250 ml,25,https://chaldal.com/soft-drinks
Fanta Orange Flavored,1 ltr,79,https://chaldal.com/soft-drinks
Rooh Afza (Free Ispaghol Bhusi 20 gm),750 ml,550,https://chaldal.com/soft-drinks
Fanta Orange Flavored,400 ml,38,https://chaldal.com/soft-drinks
Fanta Orange Flavored,250 ml,23,https://chaldal.com/soft-drinks
Fresh Mojito,250 ml,25,https://chaldal.com/soft-drinks
Rooh Afza,300 ml,300,https://chaldal.com/soft-drinks
Rooh Afza,750 ml,550,https://chaldal.com/soft-drinks
Sprite Can,250 ml,65,https://chaldal.com/soft-drinks
Sprite,1 ltr,79,https://chaldal.com/soft-drinks
Fanta Can Orange Flavored,250 ml,65,https://chaldal.com/soft-drinks
Coca-Cola Zero Sugar,250 ml,20,https://chaldal.com/soft-drinks
Mojo Pet,250 ml,20,https://chaldal.com/soft-drinks
Coca-Cola,1.75 ltr,140,https://chaldal.com/soft-drinks
Mojo Soft Drink,2 ltr,110,https://chaldal.com/soft-drinks
Sprite,1.75 ltr,140,https://chaldal.com/soft-drinks
Mojo Pet,1 ltr,60,https://chaldal.com/soft-drinks
Mountain Dew,500 ml,50,https://chaldal.com/soft-drinks
Maxx Cola,2 ltr,100,https://chaldal.com/soft-drinks
Maxx Cola,500 ml,35,https://chaldal.com/soft-drinks
Fresh Cola,500 ml,40,https://chaldal.com/soft-drinks
Clemon Mojito Can,250 ml,50,https://chaldal.com/soft-drinks
Sunquick Orange Fruit Drink,250 ml,40,https://chaldal.com/soft-drinks
Sunquick Mango Fruit Drink,250 ml,35,https://chaldal.com/soft-drinks
RC Cola,250 ml,20,https://chaldal.com/soft-drinks
Fresh Googly,250 ml,20,https://chaldal.com/soft-drinks
Pepsi,1.75 ltr,150,https://chaldal.com/soft-drinks
Houston Soft Drink Can,250 ml,40,https://chaldal.com/soft-drinks
RC Q Orange Pet,250 ml,20,https://chaldal.com/soft-drinks
Fresh Cola,1 ltr,60,https://chaldal.com/soft-drinks
Pran Up,500 ml,35,https://chaldal.com/soft-drinks
Fresh Cola,250 ml,20,https://chaldal.com/soft-drinks
Speed Can,250 ml,50,https://chaldal.com/soft-drinks
Clemon Can,250 ml,40,https://chaldal.com/soft-drinks
Mojo Can,250 ml,40,https://chaldal.com/soft-drinks
Dolphin Nata De Coco Lychee Drink,350 ml,280,https://chaldal.com/soft-drinks
Basil Seed Drink (Mixed Fruit),290 ml,270,https://chaldal.com/soft-drinks
Basil Seed Drink (White Grape),290 ml,270,https://chaldal.com/soft-drinks
Basil Seed Drink (Lychee),290 ml,270,https://chaldal.com/soft-drinks
Pepsi Can (Imported),330 ml,300,https://chaldal.com/soft-drinks
7 Up Can,250 ml,70,https://chaldal.com/soft-drinks
Sprite Can (Imported),320 ml,349,https://chaldal.com/soft-drinks
Pepsi Can,250 ml,70,https://chaldal.com/soft-drinks
Mountain Dew Can,250 ml,70,https://chaldal.com/soft-drinks
Mirinda Can,250 ml,70,https://chaldal.com/soft-drinks
Pepsi,1 ltr,80,https://chaldal.com/soft-drinks
7 Up,500 ml,50,https://chaldal.com/soft-drinks
Nestle Nescafe Creamy Latte,18 gm,20,https://chaldal.com/coffees
AMA Coffee 3 In 1,15 gm,10,https://chaldal.com/coffees
Fresh Coffee 3 in 1,15 gm,10,https://chaldal.com/coffees
Nestle Nescafe Classic Instant Coffee Jar,45 gm,275,https://chaldal.com/coffees
Nestle Coffee Mate Coffee Creamer Box,450 gm,380,https://chaldal.com/coffees
Nestle Nescafe Classic Instant Coffee Jar,90 gm,475,https://chaldal.com/coffees
MacCoffee Instant Coffee Pouch,200 gm,850,https://chaldal.com/coffees
Tora Bika Cappuccino 25 gm,6 pcs,300,https://chaldal.com/coffees
MacCoffee Coffee And Creamer 2 in 1 12 gm x 20,,425,https://chaldal.com/coffees
MacCoffee Original Jar,200 gm,1100,https://chaldal.com/coffees
Moccona Select Instant Coffee,190 gm,1420,https://chaldal.com/coffees
Nestle Nescafe Creamy Latte Coffee Mix Sachet 18 gm,12 pcs,240,https://chaldal.com/coffees
Kopiko Brown Coffee 20 gm,6 pcs,279,https://chaldal.com/coffees
MacCoffee Gold Jar,100 gm,850,https://chaldal.com/coffees
MacCoffee Gold Jar,50 gm,475,https://chaldal.com/coffees
MacCoffee Original Jar,50 gm,350,https://chaldal.com/coffees
Bru Pure Instant Coffee Jar,200 gm,1495,https://chaldal.com/coffees
Tora Bika Creamy Latte 25 gm,6 pcs,300,https://chaldal.com/coffees
Nestle Coffee Mate Creamer,1 kg,850,https://chaldal.com/coffees
Nestle Coffee Mate Coffee Creamer Jar,400 gm,400,https://chaldal.com/coffees
MacCoffee Original Jar,100 gm,675,https://chaldal.com/coffees
SMC Taste Me Orange Instant Drink Powder,200 gm,120,https://chaldal.com/powder-mixes
SMC BOLT Glucose Powder,200 gm,85,https://chaldal.com/powder-mixes
Dekko Fruit Funda Soft Drink Powder (Orange),250 gm,127,https://chaldal.com/powder-mixes
Dekko Fruit Funda Mango Instant Drink Powder,250 gm,127,https://chaldal.com/powder-mixes
Dekko Fruit Funda Soft Drink Powder Mango (Free Orange Drink Powder 125 gm),500 gm,280,https://chaldal.com/powder-mixes
Tang Mango Instant Drink Powder BIB,500 gm,425,https://chaldal.com/powder-mixes
Dekko Fruit Funda Soft Drink Powder (Orange),125 gm,80,https://chaldal.com/powder-mixes
Dekko Fruit Funda Soft Drink Powder (Mango),125 gm,80,https://chaldal.com/powder-mixes
Standard Horlicks Health And Nutrition Drink Jar,250 gm,280,https://chaldal.com/powder-mixes
ISPI Mango Instant Powder Drink,750 gm,450,https://chaldal.com/powder-mixes
ISPI Orange Instant Powder Drink,250 gm,160,https://chaldal.com/powder-mixes
Hershey's Chocolate Syrup,623 gm,1029,https://chaldal.com/powder-mixes
Mother's Horlicks Health and Nutrition Drink BIB,350 gm,620,https://chaldal.com/powder-mixes
Tang Orange Flavoured Instant Drink Powder Jar,750 gm,780,https://chaldal.com/powder-mixes
ISPI Orange Instant Powder Drink,500 gm,280,https://chaldal.com/powder-mixes
Tang Mango Flavoured Instant Drink Powder Jar,750 gm,780,https://chaldal.com/powder-mixes
Tang Orange Instant Drink Powder BIB,75 gm,100,https://chaldal.com/powder-mixes
Tang Orange Instant Drink Powder BIB,500 gm,425,https://chaldal.com/powder-mixes
Tang Orange Instant Drink Powder BIB,200 gm,200,https://chaldal.com/powder-mixes
Tang Mango Instant Drink Powder BIB,200 gm,200,https://chaldal.com/powder-mixes
Shokti+ Orange Soft Drinks Powder,500 gm,400,https://chaldal.com/powder-mixes
Shokti+ Mango Soft Drinks Powder,500 gm,400,https://chaldal.com/powder-mixes
Foster Clark's Pineapple Instant Drink Powder,450 gm,500,https://chaldal.com/powder-mixes
Tang Orange Flavoured Instant Drink Powder Tub,2 kg,1900,https://chaldal.com/powder-mixes
Tang Mango Flavoured Instant Drink Powder Tub,2 kg,1900,https://chaldal.com/powder-mixes
Nutri+ Juicee+ Orange Fortified Soft Drink Powder,500 gm,280,https://chaldal.com/powder-mixes
Nutri+ Juicee+ Mango Fortified Soft Drink Powder,250 gm,150,https://chaldal.com/powder-mixes
Foster Clark's Mango Instant Drink Powder,450 gm,530,https://chaldal.com/powder-mixes
American Garden Pancake Syrup Original,710 ml,1215,https://chaldal.com/powder-mixes
Horlicks Chocolate Flavour Jar,500 gm,550,https://chaldal.com/powder-mixes
Junior Horlicks Health And Nutrition Drink Container Stage-2,500 gm,550,https://chaldal.com/powder-mixes
Maltova Health And Nutrition Drink BIB,400 gm,550,https://chaldal.com/powder-mixes
Country Time Pink lemonade Powder Drink,538 gm,1500,https://chaldal.com/powder-mixes
Country Time lemonade Powder Drink,538 gm,1550,https://chaldal.com/powder-mixes
Ovaltine Power 10 Chocolate Drink Jar,400 gm,1000,https://chaldal.com/powder-mixes
Boost Chocolate Jar,400 gm,550,https://chaldal.com/powder-mixes
ISPI Mango Instant Powder Drink,500 gm,280,https://chaldal.com/powder-mixes
ISPI Mango Instant Powder Drink,250 gm,160,https://chaldal.com/powder-mixes
Hershey's Strawberry Syrup,623 gm,939,https://chaldal.com/powder-mixes
Women's Plus Horlicks Health And Nutrition Drink Jar,400 gm,600,https://chaldal.com/powder-mixes
Horlicks Lite Health And Nutrition Drink Jar,400 gm,650,https://chaldal.com/powder-mixes
Foster Clark's Pineapple Instant Drink Powder,750 gm,840,https://chaldal.com/powder-mixes
Foster Clark's Mango Instant Drink Powder,750 gm,840,https://chaldal.com/powder-mixes
Foster Clark's Mandarin Instant Drink Powder,750 gm,840,https://chaldal.com/powder-mixes
Hamdard Amrupali Fruit Syrup,750 ml,450,https://chaldal.com/powder-mixes
SMC Taste Me Mango Instant Drink Powder,200 gm,120,https://chaldal.com/powder-mixes
Golden Grain White Sesame Seed (Til),100 gm,85,https://chaldal.com/nuts-dried-fruits
Raisins (Kishmish),100 gm,89,https://chaldal.com/nuts-dried-fruits
Al Barakah Premium Dates,250 gm,190,https://chaldal.com/nuts-dried-fruits
Mazzak Badam Roasted Peanut,170 gm,150,https://chaldal.com/nuts-dried-fruits
Mazzak Badam Almond Roasted & Light Salt,40 gm,149,https://chaldal.com/nuts-dried-fruits
Mazzak Badam Cashews Roasted & Salt,40 gm,149,https://chaldal.com/nuts-dried-fruits
Mazzak Badam Pistachio Roasted & Light Salt,40 gm,169,https://chaldal.com/nuts-dried-fruits
Mazzak Sunflower Seeds Roasted & Light Salt,165 gm,259,https://chaldal.com/nuts-dried-fruits
Royal Gardens Salted Cashews,100 gm,435,https://chaldal.com/nuts-dried-fruits
Almonds (Kath Badam),100 gm,139,https://chaldal.com/nuts-dried-fruits
Walnuts (Akhrot),100 gm,179,https://chaldal.com/nuts-dried-fruits
Peanut Peeled (Vaja Cheena Badam),100 gm,35,https://chaldal.com/nuts-dried-fruits
Cashew Nut (Kaju Badam),100 gm,179,https://chaldal.com/nuts-dried-fruits
Medjool Dates (Khejur),500 gm,759,https://chaldal.com/nuts-dried-fruits
White Sesame Seed (Til),100 gm,45,https://chaldal.com/nuts-dried-fruits
Mazzak Pumpkin Seeds Roasted & Light Salt,165 gm,240,https://chaldal.com/nuts-dried-fruits
Ruchi Spicy Cashew Nut,150 gm,650,https://chaldal.com/nuts-dried-fruits
Ruchi Spicy Cashew Nut,40 gm,185,https://chaldal.com/nuts-dried-fruits
Blossoms Dried Mixed Plum,220 gm,300,https://chaldal.com/nuts-dried-fruits
Blossoms Dried Sakura Plum,220 gm,365,https://chaldal.com/nuts-dried-fruits
Royal Gardens Masala Cashews,150 gm,695,https://chaldal.com/nuts-dried-fruits
Farmer's Gold Mixed Nut,250 gm,380,https://chaldal.com/nuts-dried-fruits
Blue Diamond Almonds Bold Habanero BBQ,170 gm,850,https://chaldal.com/nuts-dried-fruits
Blue Diamond Almonds Honey Roasted,170 gm,850,https://chaldal.com/nuts-dried-fruits
Blue Diamond Almonds Bold Wasabi & Soy Sauce,170 gm,850,https://chaldal.com/nuts-dried-fruits
Fit Food Honey Roasted Almond,125 gm,260,https://chaldal.com/nuts-dried-fruits
BPM White Till,200 gm,90,https://chaldal.com/nuts-dried-fruits
Noi Salted Peanuts,110 gm,352,https://chaldal.com/nuts-dried-fruits
Nut Candy Salted Cashew Nuts (Kaju Badam),140 gm,989,https://chaldal.com/nuts-dried-fruits
Nut Candy Salted Peanuts,150 gm,490,https://chaldal.com/nuts-dried-fruits
Tong Garden Salted Almonds,35 gm,239,https://chaldal.com/nuts-dried-fruits
Tong Garden Japanese Rice Cracker Mixed Coated Peanut,150 gm,675,https://chaldal.com/nuts-dried-fruits
Crunchos Assorted Mix Nuts Tin,350 gm,1619,https://chaldal.com/nuts-dried-fruits
Khurma Dry Dates (Khejur) ± 30 gm,500 gm,179,https://chaldal.com/nuts-dried-fruits
Tong Garden Salted Pistachio (Pesta Badam),130 gm,995,https://chaldal.com/nuts-dried-fruits
Tong Garden Salted Almonds,140 gm,995,https://chaldal.com/nuts-dried-fruits
Tong Garden Salted Peanuts Can,150 gm,695,https://chaldal.com/nuts-dried-fruits
Tong Garden Salted Cocktail Nuts,160 gm,995,https://chaldal.com/nuts-dried-fruits
Tong Garden Salted Cashew Nuts Can,150 gm,995,https://chaldal.com/nuts-dried-fruits
Pistachio (Pesta Badam),100 gm,399,https://chaldal.com/nuts-dried-fruits
Mazzak Badam Premium Cashews Roasted with Salt (Lemon Mint),150 gm,499,https://chaldal.com/nuts-dried-fruits
Mazzak Badam Premium Cashews Roasted with Salt (Tomato Blast),150 gm,499,https://chaldal.com/nuts-dried-fruits
Mazzak Badam Premium Cashews Roasted with Salt,150 gm,499,https://chaldal.com/nuts-dried-fruits
Mazzak Badam Premium Cashews,150 gm,499,https://chaldal.com/nuts-dried-fruits
Mazzak Badam Pistachio Roasted & Light Salt,150 gm,629,https://chaldal.com/nuts-dried-fruits
Mazzak Badam Cashews Roasted & Light Salt,150 gm,579,https://chaldal.com/nuts-dried-fruits
Mazzak Cashew Powder,150 gm,479,https://chaldal.com/nuts-dried-fruits
Mazzak Badam Almond Roasted & Light Salt,150 gm,599,https://chaldal.com/nuts-dried-fruits
Mazzak Cashews Nuts Roasted with Garlic Butter,150 gm,599,https://chaldal.com/nuts-dried-fruits
Mazzak Badam Cashews Roasted Corn Supreme,150 gm,599,https://chaldal.com/nuts-dried-fruits
Goalini Plus Condensed Milk,400 gm,105,https://chaldal.com/baking-ingredients
Foster Clark's Corn Flour,400 gm,360,https://chaldal.com/baking-ingredients
Hershey's Chocolate Syrup,623 gm,1029,https://chaldal.com/baking-ingredients
Baking Soda,100 gm,25,https://chaldal.com/baking-ingredients
Anchor Yeast,35 gm,60,https://chaldal.com/baking-ingredients
Sugar Candy (Tal Misri),200 gm,39,https://chaldal.com/baking-ingredients
Chocolate Chips Dark,250 gm,439,https://chaldal.com/baking-ingredients
Chocolate Chips White,250 gm,429,https://chaldal.com/baking-ingredients
Silver Edible Paper (Tobok),25 gm,549,https://chaldal.com/baking-ingredients
Golden Edible Paper (Tobok),25 gm,549,https://chaldal.com/baking-ingredients
Sweet Ball Golden,150 gm,520,https://chaldal.com/baking-ingredients
Sweet Ball White,150 gm,375,https://chaldal.com/baking-ingredients
Saad Monosodium Glutamate,50 gm,25,https://chaldal.com/baking-ingredients
Vivo Ambient Whip Topping with Vegetable Fat,1100 gm,736,https://chaldal.com/baking-ingredients
Foster Clark's Culinary Essence Rose,28 ml,140,https://chaldal.com/baking-ingredients
Bread Crumbs Loose,200 gm,45,https://chaldal.com/baking-ingredients
Hershey's Strawberry Syrup,623 gm,939,https://chaldal.com/baking-ingredients
Sis White Sugar Cube,454 gm,500,https://chaldal.com/baking-ingredients
Foster Clark's Food Colour (Red),28 ml,140,https://chaldal.com/baking-ingredients
Foster Clark's Custard Powder Pack,200 gm,395,https://chaldal.com/baking-mixes
Foster Clark's Gelatin Jelly Dessert Lemon Flavour,80 gm,160,https://chaldal.com/baking-mixes
Foster Clark's Custard Powder Tin,300 gm,395,https://chaldal.com/baking-mixes
Foster Clark's Baking Powder,225 gm,360,https://chaldal.com/baking-mixes
Country Natural Beef Sausage,300 gm,465,https://chaldal.com/beef-snacks
Quality Canadian Beef Bacon,200 gm,320,https://chaldal.com/beef-snacks
Quality Beef Italian Sausage,280 gm,370,https://chaldal.com/beef-snacks
Quality Beef Burger Patty,240 gm,330,https://chaldal.com/beef-snacks
Golden Harvest Frozen Tehari,400 gm,300,https://chaldal.com/beef-snacks
Welcome Light Meat Tuna In Sunflower Oil (Flake),170 gm,190,https://chaldal.com/fish-cans
King Bell Tuna Salad Vegetables,170 gm,320,https://chaldal.com/fish-cans
King Bell Tuna Salad In Tomato Sauce,170 gm,310,https://chaldal.com/fish-cans
Nautilus Lite Sandwich Tuna In Spring Water,165 gm,429,https://chaldal.com/fish-cans
Nautilus Sandwich Tuna In Soybean Oil,165 gm,319,https://chaldal.com/fish-cans
Nautilus Lite Tuna Chunk Soybean Oil,165 gm,319,https://chaldal.com/fish-cans
Blossoms Green Olives Pitted,340 gm,209,https://chaldal.com/canned-fruits
Blossoms Black Olives Pitted,330 gm,349,https://chaldal.com/canned-fruits
Borges Black Whole Olives,350 gm,335,https://chaldal.com/canned-fruits
Borges Green Whole Olives,350 gm,225,https://chaldal.com/canned-fruits
Borges Black Pitted Olives,340 gm,225,https://chaldal.com/canned-fruits
Hosen Pitted Black Olives,345 gm,355,https://chaldal.com/canned-fruits
Hosen Whole Green Olives,350 gm,355,https://chaldal.com/canned-fruits
Hosen Pitted Green Olives,345 gm,355,https://chaldal.com/canned-fruits
Figaro Pitted Black Olive,340 gm,395,https://chaldal.com/canned-fruits
Hosen Fiesta Fruit Cocktail,836 gm,1100,https://chaldal.com/canned-fruits
Figaro Green Olives,340 gm,359,https://chaldal.com/canned-fruits
Hosen Lychee,565 gm,680,https://chaldal.com/canned-fruits
Roja Crumbly Crumbly Shrimp Tempura,224 gm,495,https://chaldal.com/fish-snacks
OceanRia Lobster Ball,500 gm,830,https://chaldal.com/fish-snacks
OceanRia Imitation Crab Stick,500 gm,800,https://chaldal.com/fish-snacks
OceanRia Fish Sandwich,500 gm,850,https://chaldal.com/fish-snacks
OceanRia Crab Nugget,500 gm,800,https://chaldal.com/fish-snacks
OceanRia Vegie Fish Ball,500 gm,800,https://chaldal.com/fish-snacks
OceanRia Fried Fish Ball,500 gm,499,https://chaldal.com/fish-snacks
Roja Shrimp Samosa 19-21 pcs,240 gm,240,https://chaldal.com/fish-snacks
Roja Cheezy Cheezy Fish Kieves,240 gm,320,https://chaldal.com/fish-snacks
Roja Peri Peri Fish Nugget,240 gm,235,https://chaldal.com/fish-snacks
Roja Peri Peri Fish Stick,240 gm,265,https://chaldal.com/fish-snacks
Roja Kids Shrimp Nuggets,240 gm,245,https://chaldal.com/fish-snacks
Watteh Greens Red Amaranth Microgreen,25 gm,399,https://chaldal.com/diabetic-food
Watteh Greens Radish Microgreen,25 gm,149,https://chaldal.com/diabetic-food
Watteh Greens Mustard Microgreen,25 gm,149,https://chaldal.com/diabetic-food
Ahmed Sugar Free Orange Jelly,500 gm,265,https://chaldal.com/diabetic-food
ACI Nutrilife Brown Flour (Atta),1 kg,70,https://chaldal.com/diabetic-food
ACI Nutrilife Brown Atta,2 kg,140,https://chaldal.com/diabetic-food
Teer Whole Wheat Flour (Atta),2 kg,140,https://chaldal.com/diabetic-food
ACI Nutrilife Rice Bran Oil,5 ltr,1160,https://chaldal.com/diabetic-food
Zero Cal Box 150 Sachets,,400,https://chaldal.com/diabetic-food
Zero Cal Sugar 200 Tablets,each,200,https://chaldal.com/diabetic-food
Zero Cal Box 75 Sachets 1 box,,250,https://chaldal.com/diabetic-food
Zero Cal Stevia Natural Sugar Substitute Sachets,30 pcs,120,https://chaldal.com/diabetic-food
Kellogg's Oats Cereal,400 gm,360,https://chaldal.com/diabetic-food
Trident Sugar Free Gum Spearmint Flavor,26.6 gm,140,https://chaldal.com/diabetic-food
Zerova Tablets,100 pcs,300,https://chaldal.com/diabetic-food
Sugar Free Natura Diet Sugar,80 gm,410,https://chaldal.com/diabetic-food
Eclipse Sugar Free Winterfrost Mints,35 gm,290,https://chaldal.com/diabetic-food
Iko Sugar Free Oat Bran Crackers,220 gm,730,https://chaldal.com/diabetic-food
Kellogg's Oats Cereal (Free Container),400 gm,360,https://chaldal.com/diabetic-food
Virginia White Oats,400 gm,500,https://chaldal.com/diabetic-food
Eclipse Sugar Free Mints Spearmint Flavor,35 gm,370,https://chaldal.com/diabetic-food
Iko Sugar Free Pumpkin Cookies,178 gm,610,https://chaldal.com/diabetic-food
Canderel Sucralose Jar,75 gm,790,https://chaldal.com/diabetic-food
Zero Cal Sugar 100 tablets,each,120,https://chaldal.com/diabetic-food
Pran Sugar Free Orange Jelly,450 gm,270,https://chaldal.com/diabetic-food
Zero Cal Sugar Sachets,25 pcs,100,https://chaldal.com/diabetic-food
Quaker White Oats,500 gm,599,https://chaldal.com/diabetic-food
Trix Dishwashing Liquid Lemon Bottle,500 ml,145,https://chaldal.com/dish-wash
Gloz Dishwashing Bar,300 gm,40,https://chaldal.com/dish-wash
Gloz Dishwashing Bar,125 gm,15,https://chaldal.com/dish-wash
GoodMaid Dishwashing Paste Lemon,400 gm,320,https://chaldal.com/dish-wash
Vim Dishwashing Bar,125 gm,15,https://chaldal.com/dish-wash
Vim Dishwashing Bar,300 gm,40,https://chaldal.com/dish-wash
Vim Dishwashing Liquid Pouch,200 ml,50,https://chaldal.com/dish-wash
Trix Dishwashing Liquid Lemon Refill,250 ml,70,https://chaldal.com/dish-wash
Vim Dishwashing Liquid,475 ml,130,https://chaldal.com/dish-wash
Trix Dish Washing Bar Lemon,300 gm,40,https://chaldal.com/dish-wash
Vim Dishwashing Liquid,950 ml,240,https://chaldal.com/dish-wash
Vim Dishwashing Powder,500 gm,50,https://chaldal.com/dish-wash
Trix Dishwashing Liquid (Lemon),1 ltr,270,https://chaldal.com/dish-wash
Rok Lemon Liquid Dishwash,500 ml,135,https://chaldal.com/dish-wash
Trix Dishwashing Liquid Mega Refill Super Saver Pack,5 ltr,1110,https://chaldal.com/dish-wash
Shiny Dishwashing Liquid Lime,500 ml,300,https://chaldal.com/dish-wash
Shiny Dishwashing Paste Lemon,400 gm,250,https://chaldal.com/dish-wash
Shiny Dishwashing Paste Lime,400 gm,263,https://chaldal.com/dish-wash
Magiclean Kitchen Cleaner Green Apple,500 ml,690,https://chaldal.com/dish-wash
Wheel Washing Powder 2 in 1 Clean & Fresh,1 kg,155,https://chaldal.com/laundry
Wheel Washing Laundry Bar,125 gm,30,https://chaldal.com/laundry
Wheel Washing Powder 2 in 1 Clean & Fresh,500 gm,80,https://chaldal.com/laundry
Rin Advanced Detergent Powder,500 gm,100,https://chaldal.com/laundry
Tibet 570 Laundry Soap,125 gm,27,https://chaldal.com/laundry
Tibet Rose & Lemon Detergent Powder,500 gm,70,https://chaldal.com/laundry
Surf Excel Matic Liquid Detergent Top Load,1 ltr,400,https://chaldal.com/laundry
Ujjal Synthetic Laundry Detergent Powder,500 gm,70,https://chaldal.com/laundry
Tibet Ball Soap,125 gm,26,https://chaldal.com/laundry
Ujjal Synthetic Laundry Detergent Powder,1 kg,140,https://chaldal.com/laundry
Redy Synthetic Detergent Powder,1 kg,185,https://chaldal.com/laundry
Redy Synthetic Detergent Powder,200 gm,40,https://chaldal.com/laundry
Nirala Ball Laundry Soap,125 gm,26,https://chaldal.com/laundry
Mine Synthetic Detergent Powder,500 gm,90,https://chaldal.com/laundry
Jet Classic Detergent Powder Poly Pack,200 gm,60,https://chaldal.com/laundry
Surf Excel Matic Liquid Detergent Top Load,500 ml,210,https://chaldal.com/laundry
ACI Supreme Antibacterial Detergent Powder,1 kg,180,https://chaldal.com/laundry
ACI Supreme Antibacterial Detergent Powder,500 gm,90,https://chaldal.com/laundry
ACI Smart Detergent Powder,500 gm,75,https://chaldal.com/laundry
Rin Advanced Detergent Powder,1 kg,195,https://chaldal.com/laundry
Wheel Washing Powder 2 in 1 Clean & Fresh,2 kg,280,https://chaldal.com/laundry
Chaka Advanced Ball Soap,125 gm,26,https://chaldal.com/laundry
Surf Excel Washing Powder,500 gm,120,https://chaldal.com/laundry
Surf Excel Washing Powder,1 kg,235,https://chaldal.com/laundry
Rin Advanced Detergent Powder,2 kg,370,https://chaldal.com/laundry
Rin Washing Liquid,800 ml,220,https://chaldal.com/laundry
Jet Aroma+ Detergent Powder Paper Pack,1 kg,320,https://chaldal.com/laundry
Chaka All-In-1 Washing Powder,1 kg,145,https://chaldal.com/laundry
Jet Classic Detergent Powder Paper Pack,1 kg,300,https://chaldal.com/laundry
Fast Wash Detergent Powder,1 kg,180,https://chaldal.com/laundry
Tibet Laundry Soap Blue,125 gm,27,https://chaldal.com/laundry
ACI Smart Detergent Powder,1 kg,145,https://chaldal.com/laundry
Jet Classic Detergent Powder Paper Pack,500 gm,150,https://chaldal.com/laundry
Chaka All-In-1 Washing Powder,500 gm,75,https://chaldal.com/laundry
Fast Wash Detergent Powder,500 gm,90,https://chaldal.com/laundry
Jet Improved Formula Liquid Detergent,1000 ml,600,https://chaldal.com/laundry
Nirala White Detergent Powder,200 gm,40,https://chaldal.com/laundry
Nirala White Detergent Powder,500 gm,90,https://chaldal.com/laundry
Godrej Fab Liquid Detergent Pouch,1 ltr,250,https://chaldal.com/laundry
Finis Fin Power White Washing Powder,500 gm,90,https://chaldal.com/laundry
Shuvro Fabric Brightener,100 ml,35,https://chaldal.com/laundry
Rok Shuvro Detergent Laundry Wash,1 kg,190,https://chaldal.com/laundry
Vanish All in One Liquid Detergent Booster,400 ml,250,https://chaldal.com/laundry
Chaka Super White Premium Detergent Powder,1 kg,180,https://chaldal.com/laundry
Ariel Matic Detergent Washing Powder Front Load,1 kg,300,https://chaldal.com/laundry
Ujala,100 ml,40,https://chaldal.com/laundry
Cocorex Bleach Colours Floral Fresh,1 ltr,750,https://chaldal.com/laundry
Comfort Fabric Conditioner Kiss Of Flowers,2 ltr,1176,https://chaldal.com/laundry
Comfort Fabric Conditioner Touch Of Love,2 ltr,1100,https://chaldal.com/laundry
Jet Baby Liquid Detergent,1000 ml,600,https://chaldal.com/laundry
Fresh Hand Towel (250X1 Ply),each,100,https://chaldal.com/paper-products
Fresh Perfumed Facial Tissue (150 X 2) ply Box,each,100,https://chaldal.com/paper-products
Bashundhara Kitchen Towel Rolls,2 pcs,160,https://chaldal.com/paper-products
"Fresh Paper Napkins 13"" Perfumed (100X1 Ply)",each,75,https://chaldal.com/paper-products
Bashundhara Kitchen Towel Rolls,each,85,https://chaldal.com/paper-products
Fresh kitchen Towel Roll,each,85,https://chaldal.com/paper-products
Partex Cleen Toilet Tissue,4 pcs,95,https://chaldal.com/paper-products
Bashundhara Toilet Tissue White Extra Savings Pack,4 pcs,100,https://chaldal.com/paper-products
"Bashundhara Paper Napkins 13"" Unscented",100 pcs,75,https://chaldal.com/paper-products
Fresh Toilet Tissue (Family Value Pack),4 pcs,100,https://chaldal.com/paper-products
Bashundhara Facial Tissue Perfumed (120 X 2) ply,each,85,https://chaldal.com/paper-products
Fay Toilet Tissue White 180 Sheet,each,30,https://chaldal.com/paper-products
Fresh hand towel 250 Sheet,each,110,https://chaldal.com/paper-products
Fresh hand towel 200 Sheet,each,95,https://chaldal.com/paper-products
Partex Cleen Toilet Tissue,2 pcs,46,https://chaldal.com/paper-products
Bashundhara Hand Towel White (200 X 1) ply Box,each,100,https://chaldal.com/paper-products
Bashundhara Gold Toilet Tissue,each,38,https://chaldal.com/paper-products
Partex Cleen Toilet Tissue,12 pcs,285,https://chaldal.com/paper-products
Partex Cleen Toilet Tissue,each,28,https://chaldal.com/paper-products
Saf1 Lavender Floor Cleaner,1 ltr,250,https://chaldal.com/floor-glass-cleaners
Rok Glazeo Scented Glass Cleaner Refill (Free 100 ml + Scrubber),250 ml,120,https://chaldal.com/floor-glass-cleaners
Shinex Floor Cleaner Natural,1000 ml,270,https://chaldal.com/floor-glass-cleaners
Shinex Glass Cleaner Spray,350 ml,140,https://chaldal.com/floor-glass-cleaners
Finis Perfume Finyle Toilet & Floor Cleaner,1 ltr,165,https://chaldal.com/floor-glass-cleaners
Saf1 Pink Dream Floor Cleaner,1 ltr,250,https://chaldal.com/floor-glass-cleaners
Lizol Floor Cleaner Citrus Disinfectant Surface,1 ltr,300,https://chaldal.com/floor-glass-cleaners
Lizol Disinfectant Surface & Floor Cleaner Citrus,500 ml,160,https://chaldal.com/floor-glass-cleaners
Mr. Brasso Glass & Multisurface Cleaner Refill,500 ml,190,https://chaldal.com/floor-glass-cleaners
Mr. Brasso Glass & Multisurface Cleaner Spray,500 ml,230,https://chaldal.com/floor-glass-cleaners
Lizol Disinfectant Surface & Floor Cleaner Lavender,500 ml,160,https://chaldal.com/floor-glass-cleaners
Finis Phenyle Extra Strong Toilet & Floor Cleaner,3 ltr,185,https://chaldal.com/floor-glass-cleaners
Rok Pine Disinfectant Floor Cleaner,1 ltr,288,https://chaldal.com/floor-glass-cleaners
Lizol Floor Cleaner Floral Disinfectant Surface,1 ltr,300,https://chaldal.com/floor-glass-cleaners
Savlon Shinex Liquid Floor Cleaner Natural (Free Leona Soap 100 gm ),1 ltr,270,https://chaldal.com/floor-glass-cleaners
Sparkbliss Screen Cleaner,200 ml,170,https://chaldal.com/floor-glass-cleaners
Sparkbliss Spring Glass Cleaner,450 ml,160,https://chaldal.com/floor-glass-cleaners
Mr. Brasso Glass & Multisurface Cleaner Refill,250 ml,100,https://chaldal.com/floor-glass-cleaners
Lizol Disinfectant Surface Cleaner Neem,500 ml,160,https://chaldal.com/floor-glass-cleaners
Lizol Disinfectant Surface Cleaner Neem,1 ltr,300,https://chaldal.com/floor-glass-cleaners
Rok Lemon Disinfectant Floor Cleaner,1 ltr,295,https://chaldal.com/floor-glass-cleaners
Amana Citrus Disinfectant Surface & Floor Cleaner,1 ltr,295,https://chaldal.com/floor-glass-cleaners
Amana Glass & Household Cleaner,5 ltr,650,https://chaldal.com/floor-glass-cleaners
Rok Glazeo Scented Glass Cleaner Spray,750 ml,255,https://chaldal.com/floor-glass-cleaners
Rok Citrus Floor Cleaner,1 ltr,295,https://chaldal.com/floor-glass-cleaners
RFL Glass Cleaner Wiper,each,65,https://chaldal.com/floor-glass-cleaners
Mysol Glass Cleaner,500 ml,200,https://chaldal.com/floor-glass-cleaners
Finex Floor Cleaner Lime Fresh,1 ltr,250,https://chaldal.com/floor-glass-cleaners
Rok Rose Disinfectant Floor Cleaner,1 ltr,295,https://chaldal.com/floor-glass-cleaners
Rok Lemon Disinfectant Floor Cleaner,500 ml,155,https://chaldal.com/floor-glass-cleaners
Rok Pine Disinfectant Floor Cleaner,500 ml,155,https://chaldal.com/floor-glass-cleaners
Lizol Disinfectant Surface & Floor Cleaner Citrus,5 ltr,1250,https://chaldal.com/floor-glass-cleaners
Lizol Disinfectant Surface & Floor Cleaner Floral,5 ltr,1250,https://chaldal.com/floor-glass-cleaners
Shinex Floor Cleaner Floral,1 ltr,285,https://chaldal.com/floor-glass-cleaners
Shinex Floor Cleaner Citrus,1 ltr,300,https://chaldal.com/floor-glass-cleaners
Finis Wood Preservative Tin,480 ml,150,https://chaldal.com/floor-glass-cleaners
Glitter Glass & Surface Cleaner,500 ml,135,https://chaldal.com/floor-glass-cleaners
Lizol Disinfectant Surface & Floor Cleaner Floral,500 ml,160,https://chaldal.com/floor-glass-cleaners
Shinex Glass Cleaner Refill,350 ml,115,https://chaldal.com/floor-glass-cleaners
Lizol Disinfectant Surface & Floor Cleaner Jasmine,500 ml,160,https://chaldal.com/floor-glass-cleaners
Cif Summer Flower & Mint Floors Cleaner,1 ltr,495,https://chaldal.com/floor-glass-cleaners
Colin Glass & Multisurface Cleaner Spray,500 ml,230,https://chaldal.com/floor-glass-cleaners
Mine Glass Cleaner (Free Mine Detergent 200 gm),500 ml,190,https://chaldal.com/floor-glass-cleaners
Shinex Floor Cleaner Floral,500 ml,160,https://chaldal.com/floor-glass-cleaners
Comode Long Handle Clean Brush,each,179,https://chaldal.com/cleaning-accessories
Rok Dishwashing Steel Scourer,each,35,https://chaldal.com/cleaning-accessories
Dishwashing Stainless Steel Scrubber,4 pcs,150,https://chaldal.com/cleaning-accessories
ACI Wonder Stainless Steel Scrubber,each,25,https://chaldal.com/cleaning-accessories
Dish Washing Scrubbing Pad,each,50,https://chaldal.com/cleaning-accessories
"Trash Bag Black - 20"" x 30""",12 pcs,283,https://chaldal.com/cleaning-accessories
Flower Broom (Ful Jharu) Large,each,159,https://chaldal.com/cleaning-accessories
RFL China Bed Jharu (Lime Green),each,109,https://chaldal.com/cleaning-accessories
RFL Magic Clean Bucket With Mop (Green),each,2000,https://chaldal.com/cleaning-accessories
RFL Dust Pan Small (Red),each,40,https://chaldal.com/cleaning-accessories
RFL Flat Floor Mop,each,270,https://chaldal.com/cleaning-accessories
RFL Supreme Floor Mop,each,220,https://chaldal.com/cleaning-accessories
RFL Elegant Floor Mop,each,290,https://chaldal.com/cleaning-accessories
RFL Long Handle Floor Brush,each,230,https://chaldal.com/cleaning-accessories
RFL Super Premium Floor Mop,each,315,https://chaldal.com/cleaning-accessories
RFL Toilet Brush Economy 51 cm,each,65,https://chaldal.com/cleaning-accessories
RFL Glass Cleaner Wiper,each,65,https://chaldal.com/cleaning-accessories
Scotch-Brite Floor Cotton Mop,each,990,https://chaldal.com/cleaning-accessories
Planet Large Sweeping Broom,each,75,https://chaldal.com/cleaning-accessories
Npoly Dust Pan (Red) 8 x 6 inch,each,60,https://chaldal.com/cleaning-accessories
Plastic Dust Pan,each,106,https://chaldal.com/cleaning-accessories
Magic Fiber Twist Floor Steel Mop (China),each,399,https://chaldal.com/cleaning-accessories
SS Long Handle Cotton Mop China,each,540,https://chaldal.com/cleaning-accessories
Cloth Pin 4 Color,16 pcs,119,https://chaldal.com/cleaning-accessories
Sponge Mop Pva Refill 11 inch (Yellow),each,235,https://chaldal.com/cleaning-accessories
Lacy's Chefwrap 45 cm X 300 mtr,each,1159,https://chaldal.com/cleaning-accessories
"Plastic Red Broom (62"") Handle Jhul Jharu (China)",each,249,https://chaldal.com/cleaning-accessories
Flower Broom (Ful Jharu) Medium,each,125,https://chaldal.com/cleaning-accessories
"Floor Hand Brush 6"" Local",each,200,https://chaldal.com/cleaning-accessories
"Comod Pump Local 17"" (Red)",each,145,https://chaldal.com/cleaning-accessories
"Comode Handle Box Brush 23""",each,244,https://chaldal.com/cleaning-accessories
"Big Broom 31"" (Shola)",each,145,https://chaldal.com/cleaning-accessories
Basin Curve Clean Brush,each,119,https://chaldal.com/cleaning-accessories
"Trash Bag White - 20"" x 30""",10 pcs,230,https://chaldal.com/cleaning-accessories
Disposable Vinyl Gloves Pack (L),each,770,https://chaldal.com/cleaning-accessories
"Plastic Floor Trapper Mat Red 23""x15"" (China)",each,249,https://chaldal.com/cleaning-accessories
Odonil Air Freshener Block Jasmine Mist,48 gm,65,https://chaldal.com/air-freshners
Godrej Aer Power Pocket Bathroom Fragrance Sea Breeze,10 gm,75,https://chaldal.com/air-freshners
Godrej Aer Power Pocket Bathroom Fragrance Rose Fresh Blossom,10 gm,75,https://chaldal.com/air-freshners
Odonil Air Freshener Block Lavender Meadows,48 gm,65,https://chaldal.com/air-freshners
Odonil Air Freshener Block Orchid Dew,48 gm,65,https://chaldal.com/air-freshners
Odonil Air Freshener Block Mystic Rose,48 gm,65,https://chaldal.com/air-freshners
Godrej Aer Room Air Freshener Spray Cool Surf Blue,300 ml,300,https://chaldal.com/air-freshners
Ermani Air Freshener (Lemon),300 ml,290,https://chaldal.com/air-freshners
Go Fresh Air Freshener Anti Tobacco,300 ml,195,https://chaldal.com/air-freshners
Go Fresh Air Freshener Strawberry,300 ml,195,https://chaldal.com/air-freshners
Bashundhara Air Freshener Orchid,300 ml,290,https://chaldal.com/air-freshners
Bashundhara Air Freshener Lotus,300 ml,240,https://chaldal.com/air-freshners
Fresh N Garden Air Freshener Orange,300 ml,220,https://chaldal.com/air-freshners
Godrej Aer Room Air Freshener Spray Monsoon Refresh,220 ml,240,https://chaldal.com/air-freshners
Godrej Aer Power Bathroom Fragrance Assorted (Buy 4 Get 1 Free),10 gm,300,https://chaldal.com/air-freshners
Fresh N Garden Oudh Air Freshener,300 ml,220,https://chaldal.com/air-freshners
Fantastik Air Freshener Natural Orchid,300 ml,280,https://chaldal.com/air-freshners
Shalimar Chandan Incense Sticks (Agarbatti),150 gm,170,https://chaldal.com/air-freshners
Fresh N Garden Air Freshener Lemon,300 ml,220,https://chaldal.com/air-freshners
Godrej Aer Room Air Freshener Spray Violet Valley Bloom,300 ml,300,https://chaldal.com/air-freshners
Odonil Air Freshener Room Spray Jasmin Fresh,300 ml,320,https://chaldal.com/air-freshners
Odonil Air Freshener Room Spray Citrus Fresh,300 ml,300,https://chaldal.com/air-freshners
Godrej Aer Power Pocket Bathroom Fragrance Fresh Blossom,10 gm,70,https://chaldal.com/air-freshners
Godrej Aer Power Pocket Bathroom Fragrance Lavender Bloom,10 gm,75,https://chaldal.com/air-freshners
Wave Air Freshener (Anti Tobacco),300 ml,290,https://chaldal.com/air-freshners
Armaf Enchanted Lemon Air Freshener,300 ml,440,https://chaldal.com/air-freshners
Spring Anti Tobacco Wild Pine Air Freshener,300 ml,300,https://chaldal.com/air-freshners
Wave Air Freshener (Lemongrass),300 ml,290,https://chaldal.com/air-freshners
Wave Air Freshener (Rojonigondha),300 ml,290,https://chaldal.com/air-freshners
Wave Air Freshener (Jasmine),300 ml,290,https://chaldal.com/air-freshners
Fresh N Fresh Air Freshener Jasmine,300 ml,400,https://chaldal.com/air-freshners
Fresh N Fresh Air Freshener Lemon,300 ml,450,https://chaldal.com/air-freshners
Fresh N Fresh Air Freshener Rose,300 ml,350,https://chaldal.com/air-freshners
Godrej Aer Cool Surf Blue Click Gel AC Vent Car Freshener,each,399,https://chaldal.com/air-freshners
Godrej Aer Twist Dashboard Car Freshener Cool Surf (Blue),45 gm,599,https://chaldal.com/air-freshners
Godrej Aer Room Air Freshener Spray Fresh Lush Green,300 ml,300,https://chaldal.com/air-freshners
Fay Air Freshener Lily 3 in 1,300 ml,320,https://chaldal.com/air-freshners
Fay Air Freshener Orchid 3 In 1,300 ml,320,https://chaldal.com/air-freshners
Fay Air Freshener Lime 3 in 1,300 ml,320,https://chaldal.com/air-freshners
Fay Air Freshener Jasmine 3 in 1,300 ml,340,https://chaldal.com/air-freshners
Fay Air Freshener Magnolia 3 in 1,300 ml,340,https://chaldal.com/air-freshners
Fay Air Freshener Rose 3 in 1,300 ml,340,https://chaldal.com/air-freshners
Fay Air Freshener Narcissus 3 in1,300 ml,320,https://chaldal.com/air-freshners
Spring Air Freshener Orange Fresh,300 ml,320,https://chaldal.com/air-freshners
Fay Air Freshener Lavender 3 in 1,300 ml,340,https://chaldal.com/air-freshners
Spring Air Freshener Lemon Fresh,300 ml,320,https://chaldal.com/air-freshners
Spring Air Freshener Floral Fresh,300 ml,320,https://chaldal.com/air-freshners
Godrej Aer Twist Dashboard Car Freshener Fresh Lush (Green),45 gm,599,https://chaldal.com/air-freshners
Angelic Fresh Air Freshener Amazonia,300 ml,340,https://chaldal.com/air-freshners
Angelic Fresh Air Freshener Orchid Breeze,300 ml,340,https://chaldal.com/air-freshners
"Trash Bag Black (18"" x 24"")",10 pcs,230,https://chaldal.com/trash-bags
"Trash Bag Black - 20"" x 30""",12 pcs,283,https://chaldal.com/trash-bags
"Trash Bag Black (32"" x 42"")",10 pcs,299,https://chaldal.com/trash-bags
"Trash Bag White (18"" x 24"")",10 pcs,242,https://chaldal.com/trash-bags
"Transparent Disposable Piping Bags (8.5""x12.5"")",100 pcs,719,https://chaldal.com/trash-bags
Disposable Shoe Cover 25 pairs,,609,https://chaldal.com/trash-bags
Disposable Head Cover,100 pcs,489,https://chaldal.com/trash-bags
Net Bag,150 pcs,289,https://chaldal.com/trash-bags
"Trash Bag White - 20"" x 30""",10 pcs,230,https://chaldal.com/trash-bags
Disposable Vinyl Gloves Pack (L),each,770,https://chaldal.com/trash-bags
RFL Dust Keeper Paper Basket (Red),each,100,https://chaldal.com/trash-bin-basket
RFL Sunflower Paper Basket (Blue),each,130,https://chaldal.com/trash-bin-basket
RFL Wave Paper Basket (Pink),each,115,https://chaldal.com/trash-bin-basket
RFL Wave Paper Basket (Blue),each,115,https://chaldal.com/trash-bin-basket
RFL Modern Paper Basket (Pink),each,85,https://chaldal.com/trash-bin-basket
RFL Modern Paper Basket (Blue),each,115,https://chaldal.com/trash-bin-basket
RFL Clean Paper Basket (Pink),each,110,https://chaldal.com/trash-bin-basket
RFL Clean Paper Basket (Blue),each,115,https://chaldal.com/trash-bin-basket
RFL Dust Keeper Paper Basket (Blue),each,100,https://chaldal.com/trash-bin-basket
RFL Flip And Clean Dust Bin 4 ltr,each,200,https://chaldal.com/trash-bin-basket
Fresh Hand Towel (250X1 Ply),each,100,https://chaldal.com/kitchen-accessories
Bashundhara Kitchen Towel Rolls,2 pcs,160,https://chaldal.com/kitchen-accessories
"Fresh Paper Napkins 13"" Perfumed (100X1 Ply)",each,75,https://chaldal.com/kitchen-accessories
Bashundhara Kitchen Towel Rolls,each,85,https://chaldal.com/kitchen-accessories
Fresh kitchen Towel Roll,each,85,https://chaldal.com/kitchen-accessories
RFL Stainless Steel Net Spoon 33 cm,each,105,https://chaldal.com/kitchen-accessories
RFL Vegetable Washing Net 37 cm (Red),each,115,https://chaldal.com/kitchen-accessories
Npoly Vegetable Washing Net (Red) 36 cm,each,70,https://chaldal.com/kitchen-accessories
RFL Plastic Dala Big (Red),each,240,https://chaldal.com/kitchen-accessories
"Bashundhara Paper Napkins 13"" Unscented",100 pcs,75,https://chaldal.com/kitchen-accessories
Rok Dishwashing Steel Scourer,each,35,https://chaldal.com/kitchen-accessories
Match Box,12 pcs,35,https://chaldal.com/kitchen-accessories
Dishwashing Stainless Steel Scrubber,4 pcs,150,https://chaldal.com/kitchen-accessories
Partex Cleen Kitchen Towel Roll,each,85,https://chaldal.com/kitchen-accessories
Partex Cleen Kitchen Towel Roll,2 pcs,160,https://chaldal.com/kitchen-accessories
Dish Washing Scrubbing Pad,each,50,https://chaldal.com/kitchen-accessories
Diamond Plastic Stretch Wrap 200 sq ft,each,289,https://chaldal.com/kitchen-accessories
BBQ Portable machine 17 inch,each,1489,https://chaldal.com/kitchen-accessories
BBQ Grill Tin Maker With 5 Stick Silver,each,599,https://chaldal.com/kitchen-accessories
BBQ Net Holder Clip Silver,each,929,https://chaldal.com/kitchen-accessories
Blossoms Quality Wax Paper (10 m X 30 cm),each,429,https://chaldal.com/kitchen-accessories
Spoon Stand Round,each,269,https://chaldal.com/kitchen-accessories
Stainless Steel Roncfa Knife,each,215,https://chaldal.com/kitchen-accessories
Stainless Steel Vegetable Peeler,each,269,https://chaldal.com/kitchen-accessories
BBQ Brush (Red),each,119,https://chaldal.com/kitchen-accessories
RFL Super Hero Tiffin Box,each,100,https://chaldal.com/kitchen-accessories
RFL Winner Tiffin Box Rectangular,each,150,https://chaldal.com/kitchen-accessories
RFL Modern Pen Holder Light Blue,each,65,https://chaldal.com/kitchen-accessories
RFL Two Color Magic Stool Medium Exclusive,each,375,https://chaldal.com/kitchen-accessories
RFL Two Color Magic Stool High Exclusive,each,475,https://chaldal.com/kitchen-accessories
RFL Dispo knife Trans Set,50 pcs,160,https://chaldal.com/kitchen-accessories
RFL English Dish Rack Red,each,670,https://chaldal.com/kitchen-accessories
RFL Deluxe Bowl Red 8 ltr,each,140,https://chaldal.com/kitchen-accessories
RFL Smart Kitchen Rack Mini Two Color,each,480,https://chaldal.com/kitchen-accessories
RFL Deluxe Bowl Red 3 ltr,each,80,https://chaldal.com/kitchen-accessories
RFL Caino Stool Medium Eagle Brown,each,300,https://chaldal.com/kitchen-accessories
RFL Chef Chopping Board,each,350,https://chaldal.com/kitchen-accessories
RFL Hefty Chopping Board (Lime Green),each,125,https://chaldal.com/kitchen-accessories
RFL Salad Cutting Board (Orange),each,275,https://chaldal.com/kitchen-accessories
RFL Oval Washing Net Sm Blue 32 cm,each,75,https://chaldal.com/kitchen-accessories
RFL Flower Cloth Clip Set,12 pcs,150,https://chaldal.com/kitchen-accessories
RFL Rice Washing Net Cyan Blue 40 cm,each,160,https://chaldal.com/kitchen-accessories
RFL Rice Washing Net Red 40 cm,each,160,https://chaldal.com/kitchen-accessories
RFL Apple Jug Trans 2.5 ltr,each,200,https://chaldal.com/kitchen-accessories
RFL Roman Wall Rack (Light Blue),each,330,https://chaldal.com/kitchen-accessories
RFL Rtg Spice Tray (Red),each,150,https://chaldal.com/kitchen-accessories
RFL Cherry Container Trans Set,3 pcs,310,https://chaldal.com/kitchen-accessories
RFL Family Basket,each,520,https://chaldal.com/kitchen-accessories
RFL Glass Stand Red,each,130,https://chaldal.com/kitchen-accessories
RFL Popular Chopping Board White 34 cm,each,260,https://chaldal.com/kitchen-accessories
Philips Deco LED Candle Bulb Yellow 0.5 Watt (Pin),each,85,https://chaldal.com/lights
Philips Ace Saver LED Bulb 2.7 Watt (Pin),each,175,https://chaldal.com/lights
Transtec Led Luster Blue Light (Screw),each,60,https://chaldal.com/lights
Transtec Backup CDL LED Bulb (Pin) 12 Watt,each,825,https://chaldal.com/lights
Transtec Bright CDL B22 LED Bulb (Pin) 18 Watt,each,355,https://chaldal.com/lights
Transtec Bright WW Led Bulb (Screw) 15 Watt,each,300,https://chaldal.com/lights
Transtec Bright CDL Led Bulb (Screw) 15 Watt,each,300,https://chaldal.com/lights
Transtec Green WW LED Bulb (Screw) 15 Watt,,400,https://chaldal.com/lights
Transtec Green CDL LED Bulb (Pin) 15 Watt,,400,https://chaldal.com/lights
Super Star LED Light White 18 W (Screw),each,525,https://chaldal.com/lights
Super Star LED Light White 15 W (Pin),each,440,https://chaldal.com/lights
Super Star LED Light White 18 W (Pin),each,525,https://chaldal.com/lights
Super Star LED Light White 15 W (Screw),each,440,https://chaldal.com/lights
Jackly Hardware Tools,each,249,https://chaldal.com/tools-hardware
Quality Clipper Nail Cutter,each,122,https://chaldal.com/tools-hardware
Stainless Steel Windbreak Clip,20 pcs,155,https://chaldal.com/tools-hardware
Portable Digital Weight Scale,,439,https://chaldal.com/tools-hardware
Glue Gun Stick 11 inch White,5 pcs,100,https://chaldal.com/tools-hardware
Can & Bottle Opener,each,269,https://chaldal.com/tools-hardware
Cutting Pliers (Red & Black),each,426,https://chaldal.com/tools-hardware
Feather Paint Brush,each,139,https://chaldal.com/tools-hardware
Nail Cutter,each,199,https://chaldal.com/tools-hardware
Mobaj Premium 7 Levers Lock,each,899,https://chaldal.com/tools-hardware
Stainless Steel Rice Spoon,each,197,https://chaldal.com/tools-hardware
"Forged Steel Wrench (300 mm X 12"")",each,449,https://chaldal.com/tools-hardware
RFL Deluxe Bowl Red 8 ltr,each,140,https://chaldal.com/baskets-buckets
RFL Deluxe Bowl Red 3 ltr,each,80,https://chaldal.com/baskets-buckets
RFL Family Basket,each,520,https://chaldal.com/baskets-buckets
RFL Deluxe Bucket 15 ltr (Red),each,240,https://chaldal.com/baskets-buckets
RFL Design Bucket 20 ltr (SM Blue),each,300,https://chaldal.com/baskets-buckets
RFL Design Bucket 25 ltr (Red),each,300,https://chaldal.com/baskets-buckets
RFL Design Bucket 25 ltr (SM Blue),each,350,https://chaldal.com/baskets-buckets
RFL Design Bucket 8 ltr (SM Blue),each,150,https://chaldal.com/baskets-buckets
RFL Design Bucket 8 ltr (Red),each,150,https://chaldal.com/baskets-buckets
RFL Design Bucket 5 ltr (SM Blue),each,120,https://chaldal.com/baskets-buckets
RFL Design Bowl 8 ltr (Blue),each,120,https://chaldal.com/baskets-buckets
RFL Design Bowl 8 ltr (Red),each,150,https://chaldal.com/baskets-buckets
RFL Design Bowl 3 ltr (Red),each,80,https://chaldal.com/baskets-buckets
RFL Design Bowl 3 ltr (Blue),each,80,https://chaldal.com/baskets-buckets
RFL Design Bowl 5 ltr (Red),each,110,https://chaldal.com/baskets-buckets
RFL Design Bowl 5 ltr (Blue),each,110,https://chaldal.com/baskets-buckets
RFL Round Laundry Basket (Red),each,300,https://chaldal.com/baskets-buckets
RFL Magic Clean Bucket With Mop (Green),each,2000,https://chaldal.com/baskets-buckets
Npoly Design Bucket With Lead (Red),25 ltr,445,https://chaldal.com/baskets-buckets
RFL Cane Laundry Brown Basket Big,each,980,https://chaldal.com/baskets-buckets
RFL Super Hero Tiffin Box,each,100,https://chaldal.com/box-container
RFL Winner Tiffin Box Rectangular,each,150,https://chaldal.com/box-container
RFL Cherry Container Trans Set,3 pcs,310,https://chaldal.com/box-container
RFL Classic Round Container Trans Set,5 pcs,190,https://chaldal.com/box-container
Npoly Round Food Box,3 pcs,255,https://chaldal.com/box-container
Npoly Printed Container (Tr Pink) 15 ltr,each,270,https://chaldal.com/box-container
Npoly Printed Container (Tr Pink) 10 ltr,each,195,https://chaldal.com/box-container
Malik Seeds Mishti Kumra Beej (Rongila),each,60,https://chaldal.com/gardening
Malik Seeds Lau Beej (Pallabi),each,60,https://chaldal.com/gardening
Malik Seeds Chichinga Beej (Asha),each,60,https://chaldal.com/gardening
Malik Seeds Jhinga Beej (Raman),each,60,https://chaldal.com/gardening
Malik Seeds Begun Beej (Pritam),each,60,https://chaldal.com/gardening
Malik Seeds Begun Beej (Lalita),each,60,https://chaldal.com/gardening
Malik Seeds Tok Tomato Beej (Sour Round),each,60,https://chaldal.com/gardening
RFL RTG Flower Tub Small (Sandal Wood),each,99,https://chaldal.com/gardening
RFL RTG Flower Tub Big (Sandal Wood),each,200,https://chaldal.com/gardening
RFL RTG Flower Tub Big (Tulip Green),each,200,https://chaldal.com/gardening
RFL TEL Square Flower Tub (Sandal Wood) 12 inch,each,260,https://chaldal.com/gardening
RFL TEL Square Flower Tub (Rose Wood) 12 inch,each,260,https://chaldal.com/gardening
RFL TEL Flower Tub With Tray (Fanta Orange) 14 inch,each,180,https://chaldal.com/gardening
RFL TEL Hanging Flower Tub Small (Red) 6 inch,each,60,https://chaldal.com/gardening
RFL TEL Hanging Flower Tub Small (Brown) 6 inch,each,60,https://chaldal.com/gardening
RFL TEL Modern Flower Tub With Tray (Rose Wood) 8 inch,each,80,https://chaldal.com/gardening
RFL TEL Modern Flower Tub With Tray (Rose Wood) 6 inch,each,50,https://chaldal.com/gardening
RFL TEL Modern Flower Tub With Tray (Brown) 6 inch,each,50,https://chaldal.com/gardening
RFL Grill Mounted Flower Tub (Orange) 6 inch,each,62,https://chaldal.com/gardening
RFL Grill Mounted Flower Tub (Lime Green) 6 inch,each,62,https://chaldal.com/gardening
Malik Seeds Borboti Beej (Nice Green),each,60,https://chaldal.com/gardening
Malik Seeds Mishti Kumra Beej (Black Sweet),each,60,https://chaldal.com/gardening
Malik Seeds Dhundol Beej (Aarti),each,60,https://chaldal.com/gardening
Malik Seeds Boro Korola Beej (Apon),each,60,https://chaldal.com/gardening
Malik Seeds Choto Korola Beej (Malik 1315),each,60,https://chaldal.com/gardening
Malik Seeds Dherosh beej (Shomy),each,60,https://chaldal.com/gardening
Malik Seeds Morich Beej (Bijlee),each,60,https://chaldal.com/gardening
Shankar Umbrella With Box Black Colour (10 Spoke),each,449,https://chaldal.com/fashion-lifestyle
Fabric Lagbe Ehram (Er-1),each,1075,https://chaldal.com/fashion-lifestyle
Fabric Lagbe Gents Panjabi M (GP-1),each,860,https://chaldal.com/fashion-lifestyle
Fabric Lagbe Gents Panjabi S (GP-1),each,860,https://chaldal.com/fashion-lifestyle
Fabric Lagbe Lungi Tangai (T-4),each,650,https://chaldal.com/fashion-lifestyle
Fabric Lagbe Lungi Furti (F-7),each,470,https://chaldal.com/fashion-lifestyle
Fabric Lagbe Lungi Tangai (T-7),each,650,https://chaldal.com/fashion-lifestyle
Fabric Lagbe Lungi Tangai (T-6),each,650,https://chaldal.com/fashion-lifestyle
Fabric Lagbe Lungi Tangai (T-5),each,650,https://chaldal.com/fashion-lifestyle
Fabric Lagbe Lungi Aram (A-8),each,500,https://chaldal.com/fashion-lifestyle
Fabric Lagbe Lungi Aram (A-7),each,500,https://chaldal.com/fashion-lifestyle
Fabric Lagbe Lungi Aram (A-6),each,500,https://chaldal.com/fashion-lifestyle
Fabric Lagbe Lungi Furti (F-6),each,470,https://chaldal.com/fashion-lifestyle
Fabric Lagbe Lungi Furti (F-5),each,470,https://chaldal.com/fashion-lifestyle
Fabric Lagbe Lungi Furti (F-4),each,470,https://chaldal.com/fashion-lifestyle
Fabric Lagbe Lungi Furti (F-3),each,470,https://chaldal.com/fashion-lifestyle
Fabric Lagbe Lungi Furti (F-2),each,470,https://chaldal.com/fashion-lifestyle
Fabric Lagbe Lungi Furti (F-1),each,470,https://chaldal.com/fashion-lifestyle
Fabric Lagbe Lungi Mokka (M-2),each,950,https://chaldal.com/fashion-lifestyle
Fabric Lagbe Handwork Cushion Cover (HCC-01),each,275,https://chaldal.com/fashion-lifestyle
Fabric Lagbe Aplic Cushion Cover (ACC-04),each,275,https://chaldal.com/fashion-lifestyle
Fabric Lagbe Kurush Cushion Cover (KCC-03),each,645,https://chaldal.com/fashion-lifestyle
Fabric Lagbe Kurush Cushion Cover (KCC-02),each,645,https://chaldal.com/fashion-lifestyle
Savlon Travel Pouch,each,450,https://chaldal.com/fashion-lifestyle
Fabric Lagbe Cotton Lungi (JL-01),each,850,https://chaldal.com/fashion-lifestyle
LT3 Livingtex Men's Boxer XL 3 pcs,each,490,https://chaldal.com/fashion-lifestyle
LT1 Livingtex Men's Boxer M 3 pcs,each,650,https://chaldal.com/fashion-lifestyle
Moon Umbrella Blue Color,each,550,https://chaldal.com/fashion-lifestyle
Men's Black Sock 1 Pair,,120,https://chaldal.com/fashion-lifestyle
"Farlin Baby Comfortable Cot Sheet (24""X36"")",each,558,https://chaldal.com/fashion-lifestyle
Raincoat (Black),each,669,https://chaldal.com/fashion-lifestyle
Kinder Comfy Fit Pants Diaper L (8-15 kg),5 pcs,129,https://chaldal.com/medium-2
Kinder Comfy Fit Pants Diaper M (6-12 kg),5 pcs,129,https://chaldal.com/medium-2
Savlon Twinkle Baby Pant Diaper L 8-15 kg,34 pcs,819,https://chaldal.com/medium-2
Good Care Baby Diaper 3 M Midi (4-9 kg),40 pcs,1170,https://chaldal.com/medium-2
Avonee Baby Diaper Pants S (4-8 kg),5 pcs,119,https://chaldal.com/medium-2
Comfort Baby Diaper Pant L (9-14 kg),5 pcs,119,https://chaldal.com/medium-2
Comfort Baby Diaper Pant XL (12-17 kg),32 pcs,649,https://chaldal.com/medium-2
Comfort Baby Diaper Pant L (9-14 kg),36 pcs,759,https://chaldal.com/medium-2
Comfort Baby Diaper Pant M (7-12 kg),40 pcs,639,https://chaldal.com/medium-2
Comfort Baby Diaper Pant S (3-8 kg),42 pcs,699,https://chaldal.com/medium-2
NeoCare Premium Baby Diaper Belt L (7-18 kg),50 pcs,1339,https://chaldal.com/medium-2
Fresh Happy Nappy Pant Diaper M (7- 12 kg),40 pcs,839,https://chaldal.com/medium-2
Fresh Happy Nappy Pant Diaper M (7-12 kg),5 pcs,119,https://chaldal.com/medium-2
Savlon Twinkle Baby Pant Diaper XL 12-20 kg,32 pcs,789,https://chaldal.com/medium-2
Savlon Twinkle Baby Pant Diaper L 8-15 kg,48 pcs,1029,https://chaldal.com/medium-2
Savlon Twinkle Baby Pant Diaper M 6-12 kg,40 pcs,869,https://chaldal.com/medium-2
Savlon Twinkle Baby Pant Diaper S 8 kg,42 pcs,829,https://chaldal.com/medium-2
Avonee Maxi 4 Baby Diaper Pants L 9-14 kg,34 pcs,749,https://chaldal.com/medium-2
Molfix Baby Diaper Pants Super Pack Juni 12-17 kg,68 pcs,3340,https://chaldal.com/medium-2
Kidstar Baby Diaper Belt L (9-18 kg),56 pcs,929,https://chaldal.com/medium-2
Kidstar Baby Diaper Belt XL (12-25 kg),50 pcs,979,https://chaldal.com/medium-2
Bashundhara Diapant Baby Diaper L 9-14 kg,34 pcs,699,https://chaldal.com/medium-2
Savlon Twinkle Baby Belt Diaper XL 11-25 Kg,32 pcs,929,https://chaldal.com/medium-2
Savlon Twinkle Baby Belt Diaper M 6-11 kg,40 pcs,959,https://chaldal.com/medium-2
Supermom Baby Diaper Belt S (3- 8 kg),5 pcs,139,https://chaldal.com/medium-2
Nannys Baby Love Diaper Belt 3 Midi 4-9 kg  (Free Wipes 72 pcs),25 pcs,749,https://chaldal.com/medium-2
Kinder Comfy Fit Pants Diaper XL (12-20 kg),4 pcs,129,https://chaldal.com/medium-2
Supermom Baby Diaper Belt L (9-14 kg),40 pcs,1179,https://chaldal.com/medium-2
Savlon Twinkle Baby Pant Diaper S 8 kg,60 pcs,1089,https://chaldal.com/medium-2
Savlon Twinkle Baby Belt Diaper (L 7-18 kg),36 pcs,919,https://chaldal.com/medium-2
Kinder Comfy Fit Pants Diaper L (8-15 kg),5 pcs,129,https://chaldal.com/large-2
Kinder Comfy Fit Pants Diaper M (6-12 kg),5 pcs,129,https://chaldal.com/large-2
Savlon Twinkle Baby Pant Diaper L 8-15 kg,34 pcs,819,https://chaldal.com/large-2
Fresh Happy Nappy Pant Diaper L (9-14 kg),34 pcs,789,https://chaldal.com/large-2
Savlon Twinkle Baby Pant Diaper XXL 14-25 kg,24 pcs,749,https://chaldal.com/large-2
Comfort Baby Diaper Pant XXL (16-25 kg),26 pcs,829,https://chaldal.com/large-2
Comfort Baby Diaper Pant L (9-14 kg),5 pcs,119,https://chaldal.com/large-2
Comfort Baby Diaper Pant XL (12-17 kg),32 pcs,649,https://chaldal.com/large-2
Comfort Baby Diaper Pant L (9-14 kg),36 pcs,759,https://chaldal.com/large-2
NeoCare Premium Baby Diaper Belt L (7-18 kg),50 pcs,1339,https://chaldal.com/large-2
Savlon Twinkle Baby Pant Diaper XL 12-20 kg,32 pcs,789,https://chaldal.com/large-2
Savlon Twinkle Baby Pant Diaper L 8-15 kg,48 pcs,1029,https://chaldal.com/large-2
Avonee Maxi 4 Baby Diaper Pants L 9-14 kg,34 pcs,749,https://chaldal.com/large-2
Molfix Baby Diaper Pants Super Pack Juni 12-17 kg,68 pcs,3340,https://chaldal.com/large-2
Kidstar Baby Diaper Belt L (9-18 kg),56 pcs,929,https://chaldal.com/large-2
Kidstar Baby Diaper Belt XL (12-25 kg),50 pcs,979,https://chaldal.com/large-2
Bashundhara Diapant Baby Diaper L 9-14 kg,34 pcs,699,https://chaldal.com/large-2
Savlon Twinkle Baby Belt Diaper XL 11-25 Kg,32 pcs,929,https://chaldal.com/large-2
Kinder Comfy Fit Pants Diaper XL (12-20 kg),4 pcs,129,https://chaldal.com/large-2
Supermom Baby Diaper Belt L (9-14 kg),40 pcs,1179,https://chaldal.com/large-2
Savlon Twinkle Baby Belt Diaper (L 7-18 kg),36 pcs,919,https://chaldal.com/large-2
Kinder Comfy Fit Pants Diaper M (6-12 kg),5 pcs,129,https://chaldal.com/small-2
Good Care Baby Diaper 3 M Midi (4-9 kg),40 pcs,1170,https://chaldal.com/small-2
Avonee Baby Diaper Pants S (4-8 kg),5 pcs,119,https://chaldal.com/small-2
Comfort Baby Diaper Pant M (7-12 kg),40 pcs,639,https://chaldal.com/small-2
Comfort Baby Diaper Pant S (3-8 kg),42 pcs,699,https://chaldal.com/small-2
NeoCare Premium Baby Diaper Belt L (7-18 kg),50 pcs,1339,https://chaldal.com/small-2
NeoCare Premium Baby Diaper Belt S (3-6 kg),50 pcs,939,https://chaldal.com/small-2
Fresh Happy Nappy Pant Diaper S (4-8 kg),42 pcs,779,https://chaldal.com/small-2
Fresh Happy Nappy Pant Diaper S (4-8 kg),5 pcs,119,https://chaldal.com/small-2
Savlon Twinkle Baby Pant Diaper M 6-12 kg,40 pcs,869,https://chaldal.com/small-2
Savlon Twinkle Baby Pant Diaper S 8 kg,42 pcs,829,https://chaldal.com/small-2
Kidz Baby Diaper Belt New Born (0-4 kg),25 pcs,799,https://chaldal.com/small-2
Supermom Baby Diaper Belt S (3- 8 kg),5 pcs,139,https://chaldal.com/small-2
Kinder Comfy Fit Pants Diaper S (3-8 kg),42 pcs,799,https://chaldal.com/small-2
SMC Smile Baby Diaper Belt S (3-6 kg),5 pcs,89,https://chaldal.com/small-2
Savlon Twinkle Baby Pant Diaper S 8 kg,60 pcs,1089,https://chaldal.com/small-2
Smart Care Ultra Thin Baby Diaper Belt New Born (2-5 kg),25 pcs,850,https://chaldal.com/newborn-2
Avonee Baby Diaper Pants S (4-8 kg),5 pcs,119,https://chaldal.com/newborn-2
Comfort Baby Diaper Pant S (3-8 kg),42 pcs,699,https://chaldal.com/newborn-2
NeoCare Premium Baby Diaper Belt S (3-6 kg),50 pcs,939,https://chaldal.com/newborn-2
Kidz Baby Diaper Belt New Born (0-4 kg),25 pcs,799,https://chaldal.com/newborn-2
Supermom Baby Diaper Belt S (3- 8 kg),5 pcs,139,https://chaldal.com/newborn-2
Kinder Comfy Fit Pants Diaper S (3-8 kg),42 pcs,799,https://chaldal.com/newborn-2
SMC Smile Baby Diaper Belt S (3-6 kg),5 pcs,89,https://chaldal.com/newborn-2
Nestle Cerelac 1 Wheat & Three Fruits (6 M+),350 gm,420,https://chaldal.com/toddler-food
Nestlé Cerelac Wheat & 4 Fruits With Milk Tin (10-24 Months),400 gm,720,https://chaldal.com/toddler-food
Baby Meal Wheat & 3 Fruits Cereal Jar (6 -12 Month),400 gm,410,https://chaldal.com/toddler-food
Similac Infant Formula 2 (After 6 Months),400 gm,1099,https://chaldal.com/toddler-food
Nestle Cerelac Honey & Wheat (12 M+),400 gm,989,https://chaldal.com/toddler-food
Heinz Pumpkin & Potato + Beef (4 months+),110 gm,350,https://chaldal.com/toddler-food
Gerber MultiGrain Cereal,227 gm,1230,https://chaldal.com/toddler-food
Gerber Whole Wheat Cereal,227 gm,750,https://chaldal.com/toddler-food
Nestle Cerelac Rice & Milk (6 months +) Tin,400 gm,1249,https://chaldal.com/toddler-food
Nestle Cerelac Mixed Fruits & Wheat With Milk (7 M+),1 kg,2699,https://chaldal.com/toddler-food
Nestle Cerelac Honey & Wheat With Milk (12 months +) Tin,1 kg,2799,https://chaldal.com/toddler-food
Cow & Gate Growing Up Milk 4 (From 2-3 Years),800 gm,4000,https://chaldal.com/toddler-food
Baby Meal Milk Wheat & 3 Fruits Cereal (6-24 M),350 gm,410,https://chaldal.com/toddler-food
Biomil 3 Follow-Up Milk Formula Powder (1-2 Y),400 gm,830,https://chaldal.com/toddler-food
Mother's Smile Cereal Rice & Milk Tin,400 gm,620,https://chaldal.com/toddler-food
Heinz Apple Pureed (4 Months+),110 gm,350,https://chaldal.com/toddler-food
Nestle Cerelac 2 Apple & Cherry Baby Food (8 M+),350 gm,450,https://chaldal.com/toddler-food
PediaSure Vanilla Delight,1 kg,3385,https://chaldal.com/toddler-food
Nestle Cerelac 1 Wheat & Milk (6 M+),350 gm,400,https://chaldal.com/toddler-food
Head & Shoulders Smooth & Silky Anti Dandruff Shampoo,1 ltr,2799,https://chaldal.com/female-shampoo
Dove Shampoo Hair Fall Rescue,330 ml,440,https://chaldal.com/female-shampoo
Parachute Naturale Nourishing Care Shampoo (5.25 ml X 12 pcs),63 ml,24,https://chaldal.com/female-shampoo
Sunsilk Shampoo Stunning Black Shine,170 ml,180,https://chaldal.com/female-shampoo
Sunsilk Shampoo Stunning Black Shine,340 ml,350,https://chaldal.com/female-shampoo
Ujjwala Care Anti Hairfall Herbal Shampoo,200 ml,320,https://chaldal.com/female-shampoo
Ujjwala Care Anti Hairfall Herbal Shampoo,350 ml,480,https://chaldal.com/female-shampoo
Sunsilk Shampoo Stunning Black Shine,450 ml,550,https://chaldal.com/female-shampoo
Meril Tangerine Orange Shampoo,250 ml,300,https://chaldal.com/female-shampoo
Parachute Naturale Advanced Hair Fall Control Shampoo (Onion & Coconut Milk),175 ml,150,https://chaldal.com/female-shampoo
Sunsilk Lusciously Thick & Long Shampoo (Free Scalp Massager),650 ml,700,https://chaldal.com/female-shampoo
Herbal Essences White Strawberry & Sweet Mint Conditioner,400 ml,775,https://chaldal.com/female-shampoo
Herbal Essences Strength Whipped Cocoa Butter Conditioner,400 ml,775,https://chaldal.com/female-shampoo
Pantene Advanced Hair Fall Solution Anti-Dandruff Shampoo,180 ml,530,https://chaldal.com/female-shampoo
Head & Shoulders Cool Menthol Anti Dandruff Shampoo,1 ltr,1800,https://chaldal.com/female-shampoo
Pantene Hairfall Control Shampoo,340 ml,950,https://chaldal.com/female-shampoo
Head & Shoulders Smooth & Silky Anti Dandruff Shampoo,340 ml,990,https://chaldal.com/female-shampoo
Head & Shoulders 2 in 1 Cool Menthol Anti Dandruff Shampoo + Conditioner,340 ml,1200,https://chaldal.com/female-shampoo
Head & Shoulders 2 in 1 Smooth & Silky Shampoo + Conditioner,180 ml,650,https://chaldal.com/female-shampoo
Tresemmé Shampoo Color Revitalise,580 ml,850,https://chaldal.com/female-shampoo
Tresemmé Shampoo Keratin Smooth,340 ml,550,https://chaldal.com/female-shampoo
Herbal Essences White Strawberry & Sweet Mint Shampoo,400 ml,1800,https://chaldal.com/female-shampoo
Head & Shoulders Neem Anti Dandruff Shampoo,180 ml,650,https://chaldal.com/female-shampoo
Parachute Naturale Shampoo Hijab Fresh,340 ml,390,https://chaldal.com/female-shampoo
Sunsilk Shampoo Volume,375 ml,420,https://chaldal.com/female-shampoo
Parachute Naturale Anti Hair Fall Shampoo,160 ml,140,https://chaldal.com/female-shampoo
Parachute Naturale Damage Repair Shampoo,160 ml,140,https://chaldal.com/female-shampoo
Parachute Naturale Nourishing Care Shampoo,160 ml,140,https://chaldal.com/female-shampoo
Parachute Naturale Anti Hair Fall Shampoo,320 ml,265,https://chaldal.com/female-shampoo
Parachute Naturale Damage Repair Shampoo,320 ml,265,https://chaldal.com/female-shampoo
Parachute Naturale Nourishing Care Shampoo,320 ml,265,https://chaldal.com/female-shampoo
Head & Shoulders Cool Menthol Anti Dandruff Shampoo,340 ml,990,https://chaldal.com/female-shampoo
Head & Shoulders Anti Hairfall Anti Dandruff Shampoo,340 ml,990,https://chaldal.com/female-shampoo
Dove Shampoo Healthy Grow,330 ml,470,https://chaldal.com/female-shampoo
Dove Shampoo Healthy Grow,170 ml,200,https://chaldal.com/female-shampoo
Sunsilk Shampoo Lusciously Thick & Long,650 ml,700,https://chaldal.com/female-shampoo
Tresemmé Shampoo Hair Fall Defense,580 ml,850,https://chaldal.com/female-shampoo
Sunsilk Shampoo Hijab Recharge,330 ml,420,https://chaldal.com/female-shampoo
Biotique Natural Black & Shine Shampoo 12 pcs,3 ml,12,https://chaldal.com/female-shampoo
Sunsilk Shampoo Hair Fall Solution,170 ml,180,https://chaldal.com/female-shampoo
Tresemmé Shampoo Keratin Smooth,185 ml,350,https://chaldal.com/female-shampoo
Select Plus Ketoconazole Shampoo,75 ml,200,https://chaldal.com/female-shampoo
Tresemmé Shampoo Keratin Smooth,580 ml,850,https://chaldal.com/female-shampoo
Sunsilk Shampoo Lusciously Thick & Long,170 ml,180,https://chaldal.com/female-shampoo
Dove Shampoo Hairfall Rescue,650 ml,740,https://chaldal.com/female-shampoo
Sunsilk Shampoo Hair Fall Solution,340 ml,350,https://chaldal.com/female-shampoo
Tresemmé Shampoo Ultimate Repair,425 ml,1570,https://chaldal.com/female-shampoo
Go Fresh pocket Perfume Red Hot Fragrance,17 ml,130,https://chaldal.com/womens-perfume
Go Fresh Pocket Perfume Miracle Fragrance,17 ml,130,https://chaldal.com/womens-perfume
Go Fresh Pocket Perfume player Fragrance,17 ml,130,https://chaldal.com/womens-perfume
Go Fresh Pocket Perfume Wild Game Fragrance,17 ml,130,https://chaldal.com/womens-perfume
Go Fresh Pocket Perfume Secret Fragrance,17 ml,130,https://chaldal.com/womens-perfume
Layer'r Wottagirl Secret Crush Body Spray,135 ml,595,https://chaldal.com/womens-perfume
Layer'r Shot Red Stallion Body Spray,135 ml,595,https://chaldal.com/womens-perfume
Layer'r Shot Power Play Body Spray,135 ml,595,https://chaldal.com/womens-perfume
Colour Me Women's Body Spray Pink,150 ml,775,https://chaldal.com/womens-perfume
Lafz Premium Body Spray Dariush,120 ml,390,https://chaldal.com/womens-perfume
Fa Roll On Aqua Auatic Fresh,50 ml,289,https://chaldal.com/womens-perfume
Fa Roll On Sport,50 ml,279,https://chaldal.com/womens-perfume
Fa Roll On Caribbean Lemon,50 ml,299,https://chaldal.com/womens-perfume
CA Active Women Body Spray,200 ml,680,https://chaldal.com/womens-perfume
Lafz Ibadet Body Spray,90 ml,300,https://chaldal.com/womens-perfume
Lafz Gul Wissal Body Spray,100 ml,294,https://chaldal.com/womens-perfume
Enchanteur Pocket Perfume Romantic,18 ml,350,https://chaldal.com/womens-perfume
Enchanteur Pocket Perfume Charming,18 ml,300,https://chaldal.com/womens-perfume
Enchanteur Perfumed Deo Roll On Alluring,50 ml,500,https://chaldal.com/womens-perfume
Royal Mirage Sport Perfume,120 ml,1750,https://chaldal.com/womens-perfume
Royal Mirage Sport Body Spray,150 ml,620,https://chaldal.com/womens-perfume
Eternal Love Xlouis Women Body Spray,200 ml,780,https://chaldal.com/womens-perfume
Layer'r Wottagirl Pure Paradise Body Spray,135 ml,545,https://chaldal.com/womens-perfume
Layer'r Wottagirl Pink Angel Body Spray,135 ml,595,https://chaldal.com/womens-perfume
Ossum Body Spray Teaser,120 ml,550,https://chaldal.com/womens-perfume
Ossum Body Spray Desire,120 ml,550,https://chaldal.com/womens-perfume
Ossum Body Spray Cherish,120 ml,550,https://chaldal.com/womens-perfume
Ossum Body Spray Appeal,120 ml,550,https://chaldal.com/womens-perfume
Ossum Body Mist Pleasere,115 ml,580,https://chaldal.com/womens-perfume
Ossum Body Mist Blossom,115 ml,670,https://chaldal.com/womens-perfume
Enchanteur Perfumed Deo Spary Gorgeous,150 ml,400,https://chaldal.com/womens-perfume
Enchanteur Perfumed Deo Spary Charming,150 ml,400,https://chaldal.com/womens-perfume
Colour Me Perfume Volt,50 ml,625,https://chaldal.com/womens-perfume
Ossum Perfumed Body Mist Delight,115 ml,750,https://chaldal.com/womens-perfume
Ossum Perfumed Body Mist Romance,115 ml,750,https://chaldal.com/womens-perfume
Fogg Scent Women (I Am Queen),100 ml,900,https://chaldal.com/womens-perfume
Layer'r Wattagirl Fresh Citrus Body Spray,135 ml,699,https://chaldal.com/womens-perfume
Enchanteur Perfumed Deo Spary Romantic,150 ml,450,https://chaldal.com/womens-perfume
Enchanteur Perfumed Deo Roll On Romantic,50 ml,319,https://chaldal.com/womens-perfume
Ujjwala Care Gloss Hair Serum,100 ml,490,https://chaldal.com/serum-oil-toners
Angelina Hyaluronic Booster,60 ml,160,https://chaldal.com/serum-oil-toners
Lafz Luminous Skin Face Serum Alpha Arbutin,30 ml,1399,https://chaldal.com/serum-oil-toners
Garnier Skin Naturals Light Complete Serum Mask,each,135,https://chaldal.com/serum-oil-toners
Garnier Bright Complete Serum Cream UV,45 gm,310,https://chaldal.com/serum-oil-toners
Dove Face Wash Beauty Serum Sensitive,130 gm,330,https://chaldal.com/serum-oil-toners
Beauty Formulas Tea Tree Nose Pore Strips,6 pcs,220,https://chaldal.com/serum-oil-toners
White Tone Face Powder,50 gm,300,https://chaldal.com/serum-oil-toners
The Dermalix Acne Treatment Serum,30ml,890,https://chaldal.com/serum-oil-toners
The Dermalix Brightening Serum,30 ml,890,https://chaldal.com/serum-oil-toners
Radiant Raxoll Antibacterial Soap (Moisture),100 gm,75,https://chaldal.com/mens-soaps
Radiant Raxoll Antibacterial Soap (Moisture),75 gm,60,https://chaldal.com/mens-soaps
Radiant Raxoll Antibacterial Soap (Sport),100 gm,75,https://chaldal.com/mens-soaps
Dettol Soap Neem with Pure Neem Oil Shower Bar,125 gm,89,https://chaldal.com/mens-soaps
Dettol Soap Neem with Pure Neem Oil Shower Bar,75 gm,65,https://chaldal.com/mens-soaps
Dettol Original Germ Defence Soap,100 gm,80,https://chaldal.com/mens-soaps
ACI Savlon Soap Fresh 125 gm,3 pcs,225,https://chaldal.com/mens-soaps
Dettol Soap Fresh Bathing Bar Soap With Odour Protection,125 gm,95,https://chaldal.com/mens-soaps
Dettol Soap Fresh Bathing Bar Soap With Odour Protection,75 gm,65,https://chaldal.com/mens-soaps
Dettol Soap Bathing Bar Original Germ Defence 125 gm (Combo Pack),2 pcs,190,https://chaldal.com/mens-soaps
ACI Savlon Men Soap,100 gm,70,https://chaldal.com/mens-soaps
Lifebuoy Soap Bar Total,150 gm,80,https://chaldal.com/mens-soaps
Dettol Bathing Soap Bar Skincare,125 gm,95,https://chaldal.com/mens-soaps
Dettol Skincare Bodywash,250 ml,225,https://chaldal.com/mens-soaps
Lifebuoy Soap Bar Lemon Fresh,90 gm,55,https://chaldal.com/mens-soaps
Dettol Bathing Soap Bar Skincare,27 gm,15,https://chaldal.com/mens-soaps
Lifebuoy Soap Bar Mild Care 100 gm,2 pcs,94,https://chaldal.com/mens-soaps
Akij Health + Original Soap,100 gm,60,https://chaldal.com/mens-soaps
Lux Jasmine Soap Bar Bright Glow,75 gm,50,https://chaldal.com/mens-soaps
Dettol Soap Original Germ Defence Bathing Bar,50 gm,40,https://chaldal.com/mens-soaps
Dettol Fresh Soap 125 gm (25 gm Extra),150 gm,90,https://chaldal.com/mens-soaps
Dettol Cool Soap 125 gm (25 gm Extra),150 gm,90,https://chaldal.com/mens-soaps
Dettol Skincare With Moisturizers Soap,100 gm,75,https://chaldal.com/mens-soaps
Dettol Aloe Vera Shower Bar,100 gm,80,https://chaldal.com/mens-soaps
ACI Savlon Soap Fresh 100 gm,3 pcs,210,https://chaldal.com/mens-soaps
ACI Savlon Soap Mild 100 gm,3 pcs,210,https://chaldal.com/mens-soaps
ACI Savlon Soap Mild 125 gm,3 pcs,225,https://chaldal.com/mens-soaps
ACI Savlon Fresh Antiseptic Soap,125 gm,80,https://chaldal.com/mens-soaps
Irish Spring Original Body Wash,532 ml,1360,https://chaldal.com/mens-soaps
Irish Spring Aloe Soap,104.8 gm,270,https://chaldal.com/mens-soaps
Dr Davey Black Soap,100 gm,189,https://chaldal.com/mens-soaps
Lifebuoy Mild Care Antibacterial Body Wash,300 ml,450,https://chaldal.com/mens-soaps
Godrej No.1 Sandal Soap,100 gm,55,https://chaldal.com/mens-soaps
Himalaya Neem & Turmeric Soap 125 gm (Buy 3 Get 1 Free),4 pcs,240,https://chaldal.com/mens-soaps
Dettol Original Bodywash,250 ml,200,https://chaldal.com/mens-soaps
Dettol Fresh Antibacterial Bodywash Citrus & Orange Blossom,250 ml,350,https://chaldal.com/mens-soaps
Studio X Clean & Fresh Soap For Men,75 gm,60,https://chaldal.com/mens-soaps
Dettol Bathing Soap Bar Skincare 125 gm (Combo Pack),4 pcs,380,https://chaldal.com/mens-soaps
Dettol Soap Bathing Bar Original Germ Defence 125 gm (Combo Pack),4 pcs,380,https://chaldal.com/mens-soaps
Studio X Clean & Fresh Soap for Men,125 gm,90,https://chaldal.com/mens-soaps
Nivea Fresh Natural Body Spray,150 ml,525,https://chaldal.com/mens-soaps
Wild Stone Forest Spice Soap,125 gm,188,https://chaldal.com/mens-soaps
ACI Septex Deep Clean Antiseptic Bar,100 gm,55,https://chaldal.com/mens-soaps
ACI Septex Antiseptic Bar,100 gm,50,https://chaldal.com/mens-soaps
Cute Lemon Soap,125 gm,60,https://chaldal.com/mens-soaps
Dettol Soap Bathing Bar Aloe Vera,75 gm,65,https://chaldal.com/mens-soaps
ACI Neem Original Pure Neem Soap,100 gm,55,https://chaldal.com/mens-soaps
"Dettol Soap Bathing Bar Family Pack (Cool, Skincare & Original) 75 gm",3 pcs,195,https://chaldal.com/mens-soaps
Dettol Soap Bathing Bar Original Germ Defence 75 gm (Combo Pack),3 pcs,195,https://chaldal.com/mens-soaps
Camay Romantic Beauty Soap,170 gm,350,https://chaldal.com/mens-soaps
Go Fresh pocket Perfume Red Hot Fragrance,17 ml,130,https://chaldal.com/mens-perfume
Go Fresh Pocket Perfume Miracle Fragrance,17 ml,130,https://chaldal.com/mens-perfume
Go Fresh Pocket Perfume player Fragrance,17 ml,130,https://chaldal.com/mens-perfume
Go Fresh Pocket Perfume Wild Game Fragrance,17 ml,130,https://chaldal.com/mens-perfume
Fogg Body spray Royal,120 ml,520,https://chaldal.com/mens-perfume
Go Fresh Pocket Perfume Secret Fragrance,17 ml,130,https://chaldal.com/mens-perfume
Kool Deodorant Body Spray (Storm),150 ml,325,https://chaldal.com/mens-perfume
Layer'r Shot Red Stallion Body Spray,135 ml,595,https://chaldal.com/mens-perfume
Layer'r Shot Power Play Body Spray,135 ml,595,https://chaldal.com/mens-perfume
Denim Musk Deodorant Body Spray,150 ml,625,https://chaldal.com/mens-perfume
Rasasi Relation Men Body Spray,200 ml,530,https://chaldal.com/mens-perfume
Lafz Kaveh Body Spray,100 ml,350,https://chaldal.com/mens-perfume
Beverly Hills Polo Club Eight Men's Body Spray,175 ml,750,https://chaldal.com/mens-perfume
Layer'r Shot Royal Jade Men's Body Spray,135 ml,595,https://chaldal.com/mens-perfume
Layer'r Shot Deep Desire Men's Body Spray,135 ml,595,https://chaldal.com/mens-perfume
Wild Stone Pocket Perfume (Charge),18 ml,150,https://chaldal.com/mens-perfume
Wild Stone Pocket Perfume (Blast),18 ml,150,https://chaldal.com/mens-perfume
Wild Stone Pocket Perfume (Fresh),18 ml,150,https://chaldal.com/mens-perfume
Fogg Scent Czar,30 ml,680,https://chaldal.com/mens-perfume
Fogg Body Spray Absolute,120 ml,530,https://chaldal.com/mens-perfume
Fogg Body Spray Fresh Fougere,120 ml,555,https://chaldal.com/mens-perfume
Clariss Note Men Perfume,120 ml,295,https://chaldal.com/mens-perfume
Axe Signature Intense Body Perfume Ticket,17 ml,220,https://chaldal.com/mens-perfume
Axe Signature Champion Body Perfume Ticket,17 ml,211,https://chaldal.com/mens-perfume
Eternal Love Xlouis Men Body Spray,200 ml,453,https://chaldal.com/mens-perfume
Eternal Love Men Body Spray For Men,200 ml,750,https://chaldal.com/mens-perfume
Nivea Fresh Natural Body Spray,150 ml,525,https://chaldal.com/mens-perfume
Wild Stone P.B.S Iron Perfume,120 ml,710,https://chaldal.com/mens-perfume
Wild Stone P.B.S Bronze Perfume,120 ml,710,https://chaldal.com/mens-perfume
Wild Stone P.B.S Chrome Perfume,120 ml,660,https://chaldal.com/mens-perfume
Red Hunt Savage Storm Body Spray,125 ml,500,https://chaldal.com/mens-perfume
Red Hunt Rain Forest Body Spray,125 ml,490,https://chaldal.com/mens-perfume
Red Hunt Wild Chase Body Spray,125 ml,402,https://chaldal.com/mens-perfume
Red Hunt Premium Alpha Tribe Body Spray,125 ml,490,https://chaldal.com/mens-perfume
Colour Me Black Man Deo Spray,150 ml,590,https://chaldal.com/mens-perfume
HE Advanced Grooming Power Body Perfume,120 ml,500,https://chaldal.com/mens-perfume
Engage On Man Pocket Perfume (Classic Woody),18 ml,170,https://chaldal.com/mens-perfume
Fogg Scent Men Impressio,100 ml,1450,https://chaldal.com/mens-perfume
Fogg Body spray Victor,120 ml,520,https://chaldal.com/mens-perfume
HE Advanced Grooming Innovator Perfumed Body Spray,150 ml,400,https://chaldal.com/mens-perfume
Wild Stone Body Perfume Steel,120 ml,699,https://chaldal.com/mens-perfume
Wild Stone Body Perfume Titanium,120 ml,650,https://chaldal.com/mens-perfume
Denim Original Body Spray,150 ml,625,https://chaldal.com/mens-perfume
Wild Stone Legend Body Deodorant,150 ml,450,https://chaldal.com/mens-perfume
Wild Stone Forest Spice Deodorant,150 ml,650,https://chaldal.com/mens-perfume
Fogg Body Spray Fresh Spicy,120 ml,555,https://chaldal.com/mens-perfume
Fogg Body Spray Fresh Aqua,120 ml,555,https://chaldal.com/mens-perfume
Wild Stone Red Body Deodorant,150 ml,530,https://chaldal.com/mens-perfume
Kool Deodorant Body Spray (Blue),150 ml,325,https://chaldal.com/mens-perfume
Kool Classic Deodorant Body Spray,150 ml,325,https://chaldal.com/mens-perfume
Fogg Body spray Royal,120 ml,520,https://chaldal.com/deodorants
Nivea Fresh Natural Body Spray 150 ml & Energy Fresh Roll On 50 ml (Combo Pack),,604,https://chaldal.com/deodorants
Kool Deodorant Body Spray (Storm),150 ml,325,https://chaldal.com/deodorants
Layer'r Wottagirl Secret Crush Body Spray,135 ml,595,https://chaldal.com/deodorants
Layer'r Shot Red Stallion Body Spray,135 ml,595,https://chaldal.com/deodorants
Layer'r Shot Power Play Body Spray,135 ml,595,https://chaldal.com/deodorants
Yardley London Gentleman Roll On Body Spray,50 ml,279,https://chaldal.com/deodorants
Denim Musk Deodorant Body Spray,150 ml,625,https://chaldal.com/deodorants
Rasasi Relation Men Body Spray,200 ml,530,https://chaldal.com/deodorants
Lafz Kaveh Body Spray,100 ml,350,https://chaldal.com/deodorants
Beverly Hills Polo Club Eight Men's Body Spray,175 ml,750,https://chaldal.com/deodorants
Layer'r Shot Royal Jade Men's Body Spray,135 ml,595,https://chaldal.com/deodorants
Layer'r Shot Deep Desire Men's Body Spray,135 ml,595,https://chaldal.com/deodorants
Wild Stone Pocket Perfume (Charge),18 ml,150,https://chaldal.com/deodorants
Wild Stone Pocket Perfume (Blast),18 ml,150,https://chaldal.com/deodorants
Wild Stone Pocket Perfume (Fresh),18 ml,150,https://chaldal.com/deodorants
Fogg Scent Czar,30 ml,680,https://chaldal.com/deodorants
Fogg Body Spray Absolute,120 ml,530,https://chaldal.com/deodorants
Fogg Body Spray Fresh Fougere,120 ml,555,https://chaldal.com/deodorants
Clariss Note Men Perfume,120 ml,295,https://chaldal.com/deodorants
Nivea Men Whitening Roll On Deodorant,50 ml,260,https://chaldal.com/deodorants
Nivea Men Fresh Active Deodorant Roll On,50 ml,240,https://chaldal.com/deodorants
Axe Signature Intense Body Perfume Ticket,17 ml,220,https://chaldal.com/deodorants
Axe Signature Champion Body Perfume Ticket,17 ml,211,https://chaldal.com/deodorants
Eternal Love Xlouis Men Body Spray,200 ml,453,https://chaldal.com/deodorants
Eternal Love Men Body Spray For Men,200 ml,750,https://chaldal.com/deodorants
Nivea Fresh Natural Body Spray,150 ml,525,https://chaldal.com/deodorants
Wild Stone P.B.S Iron Perfume,120 ml,710,https://chaldal.com/deodorants
Wild Stone P.B.S Bronze Perfume,120 ml,710,https://chaldal.com/deodorants
Wild Stone P.B.S Chrome Perfume,120 ml,660,https://chaldal.com/deodorants
Red Hunt Savage Storm Body Spray,125 ml,500,https://chaldal.com/deodorants
Red Hunt Rain Forest Body Spray,125 ml,490,https://chaldal.com/deodorants
Red Hunt Wild Chase Body Spray,125 ml,402,https://chaldal.com/deodorants
Red Hunt Premium Alpha Tribe Body Spray,125 ml,490,https://chaldal.com/deodorants
Romano Roll On Attitude,50 ml,300,https://chaldal.com/deodorants
Colour Me Black Man Deo Spray,150 ml,590,https://chaldal.com/deodorants
HE Advanced Grooming Power Body Perfume,120 ml,500,https://chaldal.com/deodorants
Engage On Man Pocket Perfume (Classic Woody),18 ml,170,https://chaldal.com/deodorants
Fogg Scent Men Impressio,100 ml,1450,https://chaldal.com/deodorants
Fogg Body spray Victor,120 ml,520,https://chaldal.com/deodorants
HE Advanced Grooming Innovator Perfumed Body Spray,150 ml,400,https://chaldal.com/deodorants
Wild Stone Body Perfume Steel,120 ml,699,https://chaldal.com/deodorants
Wild Stone Body Perfume Titanium,120 ml,650,https://chaldal.com/deodorants
Denim Original Body Spray,150 ml,625,https://chaldal.com/deodorants
Wild Stone Legend Body Deodorant,150 ml,450,https://chaldal.com/deodorants
Wild Stone Forest Spice Deodorant,150 ml,650,https://chaldal.com/deodorants
Fogg Body Spray Fresh Spicy,120 ml,555,https://chaldal.com/deodorants
Fogg Body Spray Fresh Aqua,120 ml,555,https://chaldal.com/deodorants
Wild Stone Red Body Deodorant,150 ml,530,https://chaldal.com/deodorants
Kool Deodorant Body Spray (Blue),150 ml,325,https://chaldal.com/deodorants
Red King Men's Cooling Oil,100 ml,139,https://chaldal.com/mens-hair-care
Godrej Expert Shampoo Black Hair Color (Bowl Free),,50,https://chaldal.com/mens-hair-care
Ujjwala Care Gloss Hair Serum,100 ml,490,https://chaldal.com/mens-hair-care
Ujjwala Care Anti Hairfall Men Hair Oil,100 ml,200,https://chaldal.com/mens-hair-care
Beardo Mustache & Beard Extra Strong Wax,50 gm,1099,https://chaldal.com/mens-hair-care
Red King Men's Cooling Oil,200 ml,280,https://chaldal.com/mens-hair-care
Bigen Hair Color & Conditioner (Light Brown),80 gm,750,https://chaldal.com/mens-hair-care
Bigen Hair Color & Conditioner (Natural Brown),80 gm,700,https://chaldal.com/mens-hair-care
Bigen Hair Color & Conditioner (Dark Brown),80 gm,700,https://chaldal.com/mens-hair-care
Bigen Hair Color & Conditioner (Natural Black),80 gm,700,https://chaldal.com/mens-hair-care
Livon Hair Serum,18 ml,140,https://chaldal.com/mens-hair-care
Parachute Advansed Aloe Vera Hair Oil 250 ml,2 pcs,640,https://chaldal.com/mens-hair-care
Livon Hair Serum,50 ml,300,https://chaldal.com/mens-hair-care
Gatsby Water Gloss Soft,150 gm,519,https://chaldal.com/mens-hair-care
Gatsby Hair Spray,250 ml,699,https://chaldal.com/mens-hair-care
Enchanteur Perfumed Body Lotion Charming Satin Smooth,500 ml,1700,https://chaldal.com/lotion-cream
Emami Fair And Handsome Fairness Cream,30 gm,200,https://chaldal.com/lotion-cream
Lafz Aqua Sunscreen,100 ml,750,https://chaldal.com/lotion-cream
Parachute SkinPure Aloe Vera Gel,100 ml,205,https://chaldal.com/lotion-cream
Parachute SkinPure Aloe Vera Gel,50 ml,120,https://chaldal.com/lotion-cream
Eunyul Tomato Soothing Gel,300 gm,1400,https://chaldal.com/lotion-cream
Garnier Body Bright Complete Serum Milk UV,400 ml,1480,https://chaldal.com/lotion-cream
Emami Fair And Handsome Fairness Cream,60 gm,350,https://chaldal.com/lotion-cream
Tibet Pomade,50 ml,70,https://chaldal.com/lotion-cream
Care:Nel Anti-Melasma Cica Cream,40 ml,1373,https://chaldal.com/lotion-cream
Simple Kind to Skin Hydrating Light Moisturiser,125 ml,887,https://chaldal.com/lotion-cream
YC Men Oil Control Face Wash,100 ml,624,https://chaldal.com/mens-facewash
Biore Men's Acne Bacterior Face Wash,100 gm,700,https://chaldal.com/mens-facewash
Himalaya Men Power Glow Licorice Face Wash,100 ml,250,https://chaldal.com/mens-facewash
Himalaya Men Acne Clear Neem Face Wash,100 ml,250,https://chaldal.com/mens-facewash
Biore Mens Acne Action Face Wash,100 gm,450,https://chaldal.com/mens-facewash
Garnier Men Power White Fairness Face Wash,100 gm,505,https://chaldal.com/mens-facewash
Biore Mans Bright Action Face Wash,100 gm,450,https://chaldal.com/mens-facewash
Men's Glow & Handsome Face Wash Rapid Action,100 gm,190,https://chaldal.com/mens-facewash
St. Ives Acne Control Apricot Scrub,283 gm,1050,https://chaldal.com/mens-facewash
Garnier Men Acno Fight Face Wash,100 gm,505,https://chaldal.com/mens-facewash
Nivea Men Protect & Care Face Wash,100 ml,500,https://chaldal.com/mens-facewash
Glow & Handsome Rapid Action Instant Brightness Facewash,50 gm,140,https://chaldal.com/mens-facewash
Himalaya Men Intense Oil Clear Lemon Face Wash,100 ml,250,https://chaldal.com/mens-facewash
Garnier Skin Active Micellar Cleansing Water,125 ml,549,https://chaldal.com/mens-facewash
Comely Shower Gel (Sunshine Garden),350 ml,300,https://chaldal.com/mens-shower-gels
The Dermalix Rose Soothing Shower Gel,250 ml,350,https://chaldal.com/mens-shower-gels
Dettol Skincare Bodywash,250 ml,225,https://chaldal.com/mens-shower-gels
Lux Body Wash French Rose & Almond Oil,245 ml,220,https://chaldal.com/mens-shower-gels
Dettol Aloe Vera Bodywash,250 ml,225,https://chaldal.com/mens-shower-gels
Dettol Cool Bodywash,250 ml,225,https://chaldal.com/mens-shower-gels
Dettol Skincare Bodywash Refill,170 ml,125,https://chaldal.com/mens-shower-gels
Dettol Lasting Fresh Bodywash Refill,170 ml,125,https://chaldal.com/mens-shower-gels
Dettol Original Bodywash,250 ml,200,https://chaldal.com/mens-shower-gels
Dettol Fresh Antibacterial Bodywash Citrus & Orange Blossom,250 ml,350,https://chaldal.com/mens-shower-gels
Nivea Men Shower Gel Power Fresh,250 ml,700,https://chaldal.com/mens-shower-gels
Nivea Men Pure Impact Shower Gel,250 ml,650,https://chaldal.com/mens-shower-gels
Biore Mens Hygienic Energy Shower Gel,250 ml,750,https://chaldal.com/mens-shower-gels
Biore Mens Cool Energy Shower Gel,250 ml,750,https://chaldal.com/mens-shower-gels
St. Ives Fresh Skin Apricot Body Wash,400 ml,850,https://chaldal.com/mens-shower-gels
Fiama Gel Bar Soap Patchouli & Macadamia,125 gm,245,https://chaldal.com/mens-shower-gels
Nivea Men Shower Gel Active Clean,250 ml,650,https://chaldal.com/mens-shower-gels
Nivea Men Energy Shower Gel,250 ml,650,https://chaldal.com/mens-shower-gels
Nivea Men Cool Kick Shower Gel,250 ml,650,https://chaldal.com/mens-shower-gels
Palmolive Aroma Alluring Love Body Wash For Women&Men,250 ml,650,https://chaldal.com/mens-shower-gels
Palmolive Aroma Sweet Delight Body Wash,250 ml,650,https://chaldal.com/mens-shower-gels
Fresh Hand Towel (250X1 Ply),each,100,https://chaldal.com/tissue-wipes
Fresh Perfumed Facial Tissue (150 X 2) ply Box,each,100,https://chaldal.com/tissue-wipes
"Fresh Paper Napkins 13"" Perfumed (100X1 Ply)",each,75,https://chaldal.com/tissue-wipes
Fresh White Paper Napkin Non-Perfumed,100 pcs,75,https://chaldal.com/tissue-wipes
Partex Cleen Hand Towel (200X2 Ply),each,85,https://chaldal.com/tissue-wipes
"Bashundhara Paper Napkins 13"" Unscented",100 pcs,75,https://chaldal.com/tissue-wipes
Fay Facial Tissue Non-Perfume (150 X 2 ply) Box,each,105,https://chaldal.com/tissue-wipes
Fresh Toilet Tissue (Family Value Pack),4 pcs,100,https://chaldal.com/tissue-wipes
Bashundhara Toilet Tissue,4 pcs,112,https://chaldal.com/tissue-wipes
Fay Perfume Facial Tissue Perfume (150 X 2 ply) Box,each,105,https://chaldal.com/tissue-wipes
Fay Toilet Tissue White 180 Sheet,each,30,https://chaldal.com/tissue-wipes
Bashundhara Gold Toilet Tissue,each,38,https://chaldal.com/tissue-wipes
Fay Multi-fold Hand Towel 1 Ply,150 pcs,160,https://chaldal.com/tissue-wipes
Sensodyne Daily Protection Toothpaste,20 gm,55,https://chaldal.com/toothpastes
Closeup Toothpaste Menthol Fresh,145 gm,155,https://chaldal.com/toothpastes
Medident Sensitive Care Toothpaste,100 gm,120,https://chaldal.com/toothpastes
Medident-G Gum Care Toothpaste,140 gm,170,https://chaldal.com/toothpastes
Mediplus Toothpaste,70 gm,70,https://chaldal.com/toothpastes
Sensodyne Fresh Mint Toothpaste,40 gm,110,https://chaldal.com/toothpastes
Closeup Toothpaste Menthol Fresh,85 gm,105,https://chaldal.com/toothpastes
Mediplus DS Toothpaste,140 gm,135,https://chaldal.com/toothpastes
Colgate Max Fresh Blue Gel Toothpaste,150 gm,200,https://chaldal.com/toothpastes
Mediplus Fluoride Gel Toothpaste,100 gm,100,https://chaldal.com/toothpastes
Pepsodent Toothpaste Germi Check +,190 gm,170,https://chaldal.com/toothpastes
Pepsodent Toothpaste Germi Check +,140 gm,125,https://chaldal.com/toothpastes
Sensodyne Repair & Protect Toothpaste,100 gm,475,https://chaldal.com/toothpastes
Pepsodent Toothpaste Germi Check +,85 gm,95,https://chaldal.com/toothpastes
Parodontax ultra Clean Toothpaste,75 gm,250,https://chaldal.com/toothpastes
Parodntax Daily Flouride Toothpaste,75 gm,220,https://chaldal.com/toothpastes
Magic Herbal Toothpaste,100 gm,90,https://chaldal.com/toothpastes
Colgate Kids Premium Toothpaste (3-5 Years),80 gm,320,https://chaldal.com/toothpastes
Colgate Kids Premium Toothpaste (0-2 Years),70 gm,320,https://chaldal.com/toothpastes
Dabur Red Toothpaste,50 gm,45,https://chaldal.com/toothpastes
Dabur Red Toothpaste (Super Saver Pack),300 gm,155,https://chaldal.com/toothpastes
Pepsodent Awesome Orange Toothpaste,45 gm,85,https://chaldal.com/toothpastes
Sensodyne Fresh Gel Toothpaste (Free Brush 1 pcs),150 gm,350,https://chaldal.com/toothpastes
Sensodyne Fresh Mint Toothpaste (Free Brush 1 pcs),150 gm,350,https://chaldal.com/toothpastes
Sensodyne Rapid Relief Toothpaste,40 gm,180,https://chaldal.com/toothpastes
Sensodyne Repair and Protect Toothpaste,70 gm,360,https://chaldal.com/toothpastes
WhitePlus Toothpaste,200 gm,160,https://chaldal.com/toothpastes
Himalaya Complete Care Toothpaste,175 gm,280,https://chaldal.com/toothpastes
Pepsodent Toothpaste Sensitive Expert Gum Care,140 gm,250,https://chaldal.com/toothpastes
Sensodyne Deep Clean Toothpaste,70 gm,200,https://chaldal.com/toothpastes
Pepsodent Toothpaste Sensitive Expert Professional,140 gm,220,https://chaldal.com/toothpastes
WhitePlus Enamel Guard Toothpaste,100 gm,110,https://chaldal.com/toothpastes
BrushUp Fresh Alpine Mint Toothpaste,100 gm,70,https://chaldal.com/toothpastes
Sensodyne Rapid Relief Toothpaste,80 gm,330,https://chaldal.com/toothpastes
Colgate Total Advance Health Toothpaste,120 gm,320,https://chaldal.com/toothpastes
Sensodyne Fresh Mint Toothpaste,75 gm,200,https://chaldal.com/toothpastes
Zact Whitening Toothpaste,150 gm,347,https://chaldal.com/toothpastes
Sensodyne Fresh Gel Toothpaste,75 gm,200,https://chaldal.com/toothpastes
Sensodyne Fresh Gel Toothpaste,150 gm,350,https://chaldal.com/toothpastes
Colgate Anticavity Active Salt Toothpaste,190 gm,220,https://chaldal.com/toothpastes
Colgate Max Fresh Red Gel Toothpaste,150 gm,200,https://chaldal.com/toothpastes
Colgate Visible White Toothpaste,100 gm,350,https://chaldal.com/toothpastes
Zact Smokers' Toothpaste,150 gm,320,https://chaldal.com/toothpastes
Sensodyne Fresh Mint Toothpaste,150 gm,350,https://chaldal.com/toothpastes
Mediplus DS Toothpaste,90 gm,90,https://chaldal.com/toothpastes
Medident-G Gum Care 140 gm & Sensitive Care Toothpaste 40 gm (Combo),,170,https://chaldal.com/toothpastes
Colgate Herbal Toothpaste,200 gm,230,https://chaldal.com/toothpastes
Colgate Strong Teeth Toothpaste,190 gm,220,https://chaldal.com/toothpastes
Sensodyne Complete Protection Toothbrush (Buy 2 Get 1 Free),3 pcs,349,https://chaldal.com/toothbrushes
Sensodyne Sensitivity & Gum Toothbrush,each,169,https://chaldal.com/toothbrushes
Sensodyne Gentle Care (Buy 1 Get 1 Free),2 pcs,229,https://chaldal.com/toothbrushes
Sensodyne Expert Brush (Buy 2 Get 1 Free),3 pcs,329,https://chaldal.com/toothbrushes
Parodontax Toothbrush,each,179,https://chaldal.com/toothbrushes
ProDentalB Dynamite Toothbrush,each,219,https://chaldal.com/toothbrushes
Sensodyne Sensitivity & Gum Toothbrush (Buy 2 Get 1 Free),3 pcs,400,https://chaldal.com/toothbrushes
Sensodyne Expert Brush,each,210,https://chaldal.com/toothbrushes
Sensodyne Daily Care Toothbrush,each,70,https://chaldal.com/toothbrushes
Sensodyne Sensitive Toothbrush (Ultra Soft),each,110,https://chaldal.com/toothbrushes
Sensodyne Multicare Toothbrush,each,140,https://chaldal.com/toothbrushes
Sensodyne Deep Clean Toothbrush (Buy 2 Get 1 Free),3 pcs,280,https://chaldal.com/toothbrushes
Colgate 360 Whole Mouth Clean Toothbrush,each,212,https://chaldal.com/toothbrushes
Oral-B Crisscross Toothbrush,each,180,https://chaldal.com/toothbrushes
Trisa Toothbrush Pearl White Soft (Assorted colour),each,290,https://chaldal.com/toothbrushes
Trisa Toothbrush Pearl White Medium (Assorted colour),each,290,https://chaldal.com/toothbrushes
Trisa Toothbrush Perfect White Medium (Assorted colour),each,500,https://chaldal.com/toothbrushes
Trisa Tooth Brush Focus Pro Clean Soft (Assorted colour),each,200,https://chaldal.com/toothbrushes
Trisa Tooth Brush Focus Pro Clean Medium (Assorted colour),each,290,https://chaldal.com/toothbrushes
Trisa Junior Toothbrush 6+ Years (Assorted colour),each,370,https://chaldal.com/toothbrushes
Dr West Toothbrush Hard,each,169,https://chaldal.com/toothbrushes
Colgate Gentle Sensitive 4 pcs Promo Toothbrush,each,318,https://chaldal.com/toothbrushes
Colgate Gentle Sensitive Toothbrush,each,105,https://chaldal.com/toothbrushes
ProDentalB Rice Husk Toothbrush,2 pcs,495,https://chaldal.com/toothbrushes
Colgate Charcoal Gold 360 Toothbrush,each,212,https://chaldal.com/toothbrushes
Sensodyne Toothbrush Family Pack (Buy 2 Get 1 Free),3 pcs,220,https://chaldal.com/toothbrushes
ProDentalB Flexible Toothbrush,each,120,https://chaldal.com/toothbrushes
Sensodyne Complete Protection Toothbrush,each,179,https://chaldal.com/toothbrushes
Dr West Tooth Brush Soft,each,189,https://chaldal.com/toothbrushes
Colgate Slim Fit Charcoal Soft Toothbrush,each,160,https://chaldal.com/toothbrushes
Watson Dental Floss Picks Charcoal,50 pcs,269,https://chaldal.com/mouthwash-others
Colgate Mouthwash Plax Peppermint,500 ml,869,https://chaldal.com/mouthwash-others
Listerine Cool Mint Liquid Mouthwash,250 ml,370,https://chaldal.com/mouthwash-others
Listerine Original Liquid Mouthwash,250 ml,410,https://chaldal.com/mouthwash-others
Listerine Original Liquid Mouthwash,500 ml,553,https://chaldal.com/mouthwash-others
Listerine Cavity Fighter Liquid Mouthwash,500 ml,541,https://chaldal.com/mouthwash-others
Colgate Plax Peppermint Mouth Wash,750 ml,1160,https://chaldal.com/mouthwash-others
Colgate Plax Peppermint Mouth Wash,500 ml,585,https://chaldal.com/mouthwash-others
Colgate Plax Herbal Salt Mouth Wash,500 ml,1260,https://chaldal.com/mouthwash-others
Colgate Plax Freshmint Mouth Wash,750 ml,815,https://chaldal.com/mouthwash-others
Listerine Original Mouth Wash (Thai),250 ml,750,https://chaldal.com/mouthwash-others
Magic Tooth Powder,100 gm,58,https://chaldal.com/mouthwash-others
Colgate Plax Gentle Care Mouth Wash,250 ml,372,https://chaldal.com/mouthwash-others
Oral-B Essential Dental Floss 50 mtr,,600,https://chaldal.com/mouthwash-others
Listerine Cool Mint Mouth Wash (Thai),250 ml,595,https://chaldal.com/mouthwash-others
Toothpick,4 pcs,189,https://chaldal.com/mouthwash-others
Toothpick Local 1 box,,60,https://chaldal.com/mouthwash-others
ProDentalB Tongue Cleaner,each,210,https://chaldal.com/mouthwash-others
ProDentalB Dental Stain Remover,each,375,https://chaldal.com/mouthwash-others
ProDentalB Tooth Floss Pick,50 pcs,270,https://chaldal.com/mouthwash-others
Listerine Cool Mint Mouth Wash (Thai),500 ml,690,https://chaldal.com/mouthwash-others
Pepsodent Tooth Powder,95 gm,60,https://chaldal.com/mouthwash-others
Magic Tooth Powder,50 gm,35,https://chaldal.com/mouthwash-others
ProDentalB Cool Mint Mouthwash,250 ml,360,https://chaldal.com/mouthwash-others
Parachute SkinPure Petroleum Jelly,15 ml,23,https://chaldal.com/petroleum-jelly
Comely Non Sticky Glycerin (Aloe vera),100 gm,150,https://chaldal.com/petroleum-jelly
Skin Secret Glycerin,125 ml,140,https://chaldal.com/petroleum-jelly
Vaseline Blueseal Cocoa Butter Jelly,250 ml,950,https://chaldal.com/petroleum-jelly
Vaseline Blueseal Vitamin E Jelly,50 ml,299,https://chaldal.com/petroleum-jelly
Vaseline Blueseal Original Petroleum Jelly,250 ml,880,https://chaldal.com/petroleum-jelly
Cute Refined Glycerine,60 ml,50,https://chaldal.com/petroleum-jelly
Cute Pomade,50 gm,70,https://chaldal.com/petroleum-jelly
Meril Petroleum Jelly Lemon Fresh,100 ml,110,https://chaldal.com/petroleum-jelly
Parachute SkinPure Petroleum Jelly,100 ml,110,https://chaldal.com/petroleum-jelly
Parachute SkinPure Petroleum Jelly,50 ml,65,https://chaldal.com/petroleum-jelly
Vaseline Petroleum Jelly,100 ml,250,https://chaldal.com/petroleum-jelly
Meril Glycerin,120 gm,115,https://chaldal.com/petroleum-jelly
Tibet Glycerin,125 gm,115,https://chaldal.com/petroleum-jelly
Vaseline Skin Protecting Jelly,5.5 ml,25,https://chaldal.com/petroleum-jelly
Vaseline Petroleum Jelly,50 ml,65,https://chaldal.com/petroleum-jelly
Meril Petroleum Jelly Lemon Fresh,50 ml,65,https://chaldal.com/petroleum-jelly
Meril Rose Water Glycerine,120 gm,200,https://chaldal.com/petroleum-jelly
Neutrogena Deep Clean Gel Wash,200 ml,1000,https://chaldal.com/face-wash-mask
Himalaya Purifying Neem Face Wash,150 ml,275,https://chaldal.com/face-wash-mask
Parachute SkinPure Aloe Vera Gel,100 ml,205,https://chaldal.com/face-wash-mask
Parachute SkinPure Aloe Vera Gel,200 ml,355,https://chaldal.com/face-wash-mask
Parachute SkinPure Aloe Vera Gel,50 ml,120,https://chaldal.com/face-wash-mask
Garnier Skin Naturals Light Complete Serum Mask,each,135,https://chaldal.com/face-wash-mask
Biore Mild Smooth Face Wash,100 gm,700,https://chaldal.com/face-wash-mask
Himalaya Fresh Start Oil Clear Face Wash Lemon,100 ml,199,https://chaldal.com/face-wash-mask
YC Peel Off Black Mask With Bamboo Charcoal,100 ml,650,https://chaldal.com/face-wash-mask
Himalaya Purifying Neem Face Wash,100 ml,230,https://chaldal.com/face-wash-mask
Pond's Face Wash Bright Beauty,100 gm,210,https://chaldal.com/face-wash-mask
Pond's Face Wash Daily,100 gm,150,https://chaldal.com/face-wash-mask
Simple Micellar Facial Wash,150 ml,649,https://chaldal.com/face-wash-mask
Ice Cool Prickly Heat Powder,100 gm,65,https://chaldal.com/talcom-powder
Dermicool Prickly Heat Powder Regular,150 gm,546,https://chaldal.com/talcom-powder
White Tone Face Powder,50 gm,300,https://chaldal.com/talcom-powder
Cuticura Talcum Powder All Purpose,250 gm,650,https://chaldal.com/talcom-powder
Enchanteur Perfumed Talc Powder Romantic,125 gm,399,https://chaldal.com/talcom-powder
Revive Active Sun Block Powder,200 gm,105,https://chaldal.com/talcom-powder
Johnson's Baby Powder,300 gm,750,https://chaldal.com/talcom-powder
Tibet Luxuary Sun Protect Talcum Powder,200 gm,105,https://chaldal.com/talcom-powder
Tibet Prickly Heat Powder,100 gm,60,https://chaldal.com/talcom-powder
Pond's Talcum Powder Sandal,100 gm,375,https://chaldal.com/talcom-powder
Godrej Permanent Liquid Hair Dye Black (Buy 1 Get 1 Free),40 ml,150,https://chaldal.com/hair-color
Godrej Expert Easy 5 Minute Shampoo Based Hair Color (Black),10 gm,30,https://chaldal.com/hair-color
Bigen Hair Color & Conditioner (Light Brown),80 gm,750,https://chaldal.com/hair-color
Bigen Hair Color & Conditioner (Natural Brown),80 gm,700,https://chaldal.com/hair-color
Bigen Hair Color & Conditioner (Dark Brown),80 gm,700,https://chaldal.com/hair-color
Bigen Hair Color & Conditioner (Natural Black),80 gm,700,https://chaldal.com/hair-color
Olympic Heavy Duty AAA Battery,2 pcs,30,https://chaldal.com/batteries
Sunlite Heavy Duty AAA Battery,2 pcs,30,https://chaldal.com/batteries
Olympic Heavy Duty AA Battery,2 pcs,36,https://chaldal.com/batteries
Sunlite Heavy Duty AA Battery,2 pcs,49,https://chaldal.com/batteries
Olympic Volt Remote Battery,2 pcs,30,https://chaldal.com/batteries
Olympic Volt Pencil Battery Metallic,each,18,https://chaldal.com/batteries
Maxell Alkaline LR44 (A76) Battery,2 pcs,139,https://chaldal.com/batteries
Energizer Recharge Power Plus Battery AA,2 pcs,675,https://chaldal.com/batteries
Olympic Gold Heavy Duty AA Battery,2 pcs,36,https://chaldal.com/batteries
Energizer Max Power Battery 1.5V AA,2 pcs,230,https://chaldal.com/batteries
Maxell Alkaline Battery Size: AA,2 pcs,255,https://chaldal.com/batteries
Sony AA Alkaline Batteries,2 pcs,299,https://chaldal.com/batteries
Alteco Super Glue 3 gm,each,35,https://chaldal.com/glue-tapes
Osaka PVC Tape Red (18 mm),3 pcs,72,https://chaldal.com/glue-tapes
Osaka PVC Tape White (18 mm),3 pcs,71,https://chaldal.com/glue-tapes
Deli Stick Up Glue,36 gm,99,https://chaldal.com/glue-tapes
Deli Packing Tape Dispenser,each,610,https://chaldal.com/glue-tapes
Rubber Bands,100 gm,119,https://chaldal.com/glue-tapes
Scotia Transparent Packaging 200 mtr Tape,each,175,https://chaldal.com/glue-tapes
Camel Glue Gun 100 W GG-5 Machine,each,390,https://chaldal.com/glue-tapes
Osaka PVC Tape Black (18 mm),3 pcs,75,https://chaldal.com/glue-tapes
Hunter Both Sided Gum Tape (0.5 inch),each,55,https://chaldal.com/glue-tapes
Deli Strick Up Glue White,15 gm,65,https://chaldal.com/glue-tapes
Deli Anti Cutter (Blue),each,159,https://chaldal.com/cutting-2
Deli Scissors (Pink),each,60,https://chaldal.com/cutting-2
Deli Anti Cutter (E2091),each,180,https://chaldal.com/cutting-2
Deli Stainless Steel Multi Purpose Scissors 7 Inch,each,100,https://chaldal.com/cutting-2
Deli Stainless Steel Scissors 7.5 inch,each,199,https://chaldal.com/cutting-2
Deli Anti Cutter (E2041),each,129,https://chaldal.com/cutting-2
Deli Cutter (E2056),each,198,https://chaldal.com/cutting-2
Deli Anti Cutter Knife Blade Small,10 pcs,45,https://chaldal.com/cutting-2
Deli Stainless Steel Scissors 8 1/4 inch,each,199,https://chaldal.com/cutting-2
Deli Correction Pen Cover Up (White) 8 ml,each,49,https://chaldal.com/pens
Matador i-teen Aroma Ball Pen Black Ink,6 pcs,73,https://chaldal.com/pens
Deli Correction Pen 7 ml,each,80,https://chaldal.com/pens
Econo Soft Grip Ball Pen,10 pcs,100,https://chaldal.com/pens
Linc Glycer Ball Pen Red,6 pcs,159,https://chaldal.com/pens
Matador I-Teen Pen,6 pcs,70,https://chaldal.com/pens
Horse Refill Ink For Stamp Pad 30 cc (Violet),each,71,https://chaldal.com/printer-ink
Horse Stamp Pad (UN-Ink),each,179,https://chaldal.com/printer-ink
Printex Laser Toner Cartridge (48A),each,2459,https://chaldal.com/printer-ink
Printex Laser Toner Cartridge (85A),each,999,https://chaldal.com/printer-ink
Printex Laser Toner Cartridge (79A),each,1209,https://chaldal.com/printer-ink
Visa Laser Toner Cartridge (48A),each,1999,https://chaldal.com/printer-ink
Visa Laser Toner Cartridge (79A),each,839,https://chaldal.com/printer-ink
Visa Laser Toner Cartridge (285A - P1102),each,929,https://chaldal.com/printer-ink
Faber Castell Pencil 7420 HB,12 pcs,125,https://chaldal.com/pencils
Faber Castell Pencil HB (Gold Faber),12 pcs,320,https://chaldal.com/pencils
Faber Castell Red Matt Pencil HB,12 pcs,156,https://chaldal.com/pencils
Fresh Campus 4B Pencil 66 gm,12 pcs,120,https://chaldal.com/pencils
Fresh Campus 2B Pencil 68 gm,12 pcs,120,https://chaldal.com/pencils
Faber Castell HB pencil (with Eraser),12 pcs,249,https://chaldal.com/pencils
Sonali A4 Size Paper (65 GSM) 1 Rim,,419,https://chaldal.com/printing-paper
Sonali A4 Size Paper (80 GSM) 1 Rim,,589,https://chaldal.com/printing-paper
Double A A3 Size Paper (80 GSM) 1 rim,,1479,https://chaldal.com/printing-paper
Fresh A4 Size Paper (80 GSM) 1 Rim,,520,https://chaldal.com/printing-paper
Double A Legal Size (80 GSM) 1 rim,,1079,https://chaldal.com/printing-paper
Bashundhara Paper A4 Size (70 GSM) 1 Rim,each,465,https://chaldal.com/printing-paper
Paper Tech  A4 Size (80 GSM) 1 Rim,each,499,https://chaldal.com/printing-paper
Century A4 Size Paper (80 GSM) 1 Rim,each,779,https://chaldal.com/printing-paper
University khata 300 Pages,each,169,https://chaldal.com/school-supplies
Pencil Bag (Yellow),each,40,https://chaldal.com/school-supplies
Pencil Box (Red),each,114,https://chaldal.com/school-supplies
Pencil Box (Pink),each,114,https://chaldal.com/school-supplies
Pencil Box (Purple),each,114,https://chaldal.com/school-supplies
Pencil Box (Blue),each,114,https://chaldal.com/school-supplies
Matador i-teen Aroma Ball Pen Black Ink,6 pcs,73,https://chaldal.com/school-supplies
Deli Compass Set,each,400,https://chaldal.com/school-supplies
Casio Scientific Calculator (FX 991ES Plus),each,1339,https://chaldal.com/school-supplies
Faber Castell HB pencil (with Eraser),12 pcs,249,https://chaldal.com/school-supplies
LCD Writing Tablet 8.5 Inches,each,299,https://chaldal.com/school-supplies
Titi Artists Oil pastel 12 Color,each,259,https://chaldal.com/color-pencil
Faber Castell Wax Crayons 90 mm 12 Color,each,140,https://chaldal.com/color-pencil
Faber Castell Oil Pastel 12 Color,each,115,https://chaldal.com/color-pencil
Deli Color Pencil,12 pcs,119,https://chaldal.com/color-pencil
Deli Felt Pen,24 pcs,125,https://chaldal.com/color-pencil
Deli Color Emotion Color Pencils,12 pcs,140,https://chaldal.com/color-pencil
Faber Castell Water Color Pencil,12 pcs,249,https://chaldal.com/color-pencil
Faber Castell Long Color Pencil Round Tin,12 pcs,369,https://chaldal.com/color-pencil
Haisenpet Clumping Cat Litter Lavender,5 ltr,319,https://chaldal.com/cat-litters
Coziecat Premium Cat Litter Coffe Clumping,10 ltr,699,https://chaldal.com/cat-litters
Coziecat Premium Cat Litter Coffe Clumping,5 ltr,349,https://chaldal.com/cat-litters
Coziecat Premium Cat Litter Lemon Clumping,10 ltr,819,https://chaldal.com/cat-litters
Coziecat Premium Cat Litter Apple Clumping,5 ltr,359,https://chaldal.com/cat-litters
Paws Cat Litter (Lavender),4.5 kg,379,https://chaldal.com/cat-litters
Paw Paw Kitten Dry Cat Food Chicken,1.5 kg,699,https://chaldal.com/kitten-food
Bonacibo Cat Food Kitten Chicken With Anchovy & Rice,1.5 kg,1139,https://chaldal.com/kitten-food
Foodinnova Nekko Kitten Chicken Mousse,70 gm,99,https://chaldal.com/kitten-food
Foodinnova Nekko Kitten Tuna Mousse with Goat Milk,70 gm,99,https://chaldal.com/kitten-food
SmartHeart Kitten Food Tuna,85 gm,119,https://chaldal.com/kitten-food
Whiskas Junior Cat Food Mackerel,80 gm,99,https://chaldal.com/kitten-food
Whiskas Cat Food Junior Tuna Kitten,80 gm,99,https://chaldal.com/kitten-food
Pierre Cardin Natural Look Foundation,30 ml,1250,https://chaldal.com/beauty
Lipsilk Lip Balm Strawberry,7 gm,210,https://chaldal.com/beauty
Zayn & Myza Breathable Nail Enamel Strawberry Jelly,6 ml,390,https://chaldal.com/beauty
Zayn & Myza Breathable Nail Enamel Red Velvet,6 ml,390,https://chaldal.com/beauty
Zayn & Myza Breathable Nail Enamel Pink Popsicle,6 ml,390,https://chaldal.com/beauty
Zayn & Myza Breathable Nail Enamel Mauve Cheesecake,6 ml,390,https://chaldal.com/beauty
Lafz Lip Color Valley Of Roses,5.5 ml,990,https://chaldal.com/beauty
Ligion Face Magic Gold,50 gm,200,https://chaldal.com/beauty
Ligion Ladies Uptan,70 gm,70,https://chaldal.com/beauty
Woman's World Uptan,150 gm,100,https://chaldal.com/beauty
Mobil Delvac MX 15W-40,5 ltr,2900,https://chaldal.com/vehicle-essentials
Alex Car Wash,500 ml,345,https://chaldal.com/vehicle-essentials
Petronas Mach 5 Plus 20w-50 (API SJ),4 ltr,1480,https://chaldal.com/vehicle-essentials
Super V Multi Grade Engine Oil 20W-50,1 ltr,689,https://chaldal.com/vehicle-essentials
Godrej Aer Cool Surf Blue Click Gel AC Vent Car Freshener,each,399,https://chaldal.com/vehicle-essentials
Alex Car Shampoo & Wax,500 ml,495,https://chaldal.com/vehicle-essentials
Mobil Super Moto 10W-30,1 ltr,625,https://chaldal.com/vehicle-essentials
Mobil Super Moto 20W-40,1 ltr,625,https://chaldal.com/vehicle-essentials
"Forged Steel Wrench (300 mm X 12"")",each,449,https://chaldal.com/vehicle-essentials
Golden Grain White Sesame Seed (Til),100 gm,85,https://chaldal.com/keto-food
Golden Grain Chia Seed,100 gm,95,https://chaldal.com/keto-food
Lomba Lebu (Long Lemon),4 pcs,25,https://chaldal.com/keto-food
Aarong Dairy Sour Curd,500 gm,120,https://chaldal.com/keto-food
Duck Eggs (Hasher Dim),6 pcs,115,https://chaldal.com/keto-food
Quail Eggs,20 pcs,89,https://chaldal.com/keto-food
Aarong Dairy Austagram Cheese,200 gm,190,https://chaldal.com/keto-food
Bengal Meat Beef Keema ± 50 gm,1 kg,1050,https://chaldal.com/keto-food
Best's Mushroom Choice Whole Tin,425 gm,182,https://chaldal.com/keto-food
Koral Fish After Cutting ± 50 gm,1 kg,1039,https://chaldal.com/keto-food
Walnuts (Akhrot),100 gm,179,https://chaldal.com/keto-food
Peanut Peeled (Vaja Cheena Badam),100 gm,35,https://chaldal.com/keto-food
Cashew Nut (Kaju Badam),100 gm,179,https://chaldal.com/keto-food
Brooke Bond Taaza Black Tea,400 gm,250,https://chaldal.com/keto-food
Chia Seed,100 gm,59,https://chaldal.com/keto-food
Nestle Nescafe Classic Instant Coffee Jar,45 gm,275,https://chaldal.com/keto-food
Kazi & Kazi Organic Green Tea 40 pcs,60 gm,215,https://chaldal.com/keto-food
White Sesame Seed (Til),100 gm,45,https://chaldal.com/keto-food
Mozzarella Cheese,250 gm,270,https://chaldal.com/keto-food
Clariss Olive Oil Pomace Glass Bottle,250 ml,495,https://chaldal.com/keto-food
Luglio Pomace Olive Oil,500 ml,475,https://chaldal.com/keto-food
Amul Dark Chocolate Minis Gable Pouch,100 gm,469,https://chaldal.com/keto-food
Vivo Ambient Whip Topping with Vegetable Fat,1100 gm,736,https://chaldal.com/keto-food
Saffola Honey,500 gm,430,https://chaldal.com/keto-food
Grand'Or UHT Cooking Cream,1000 gm,1550,https://chaldal.com/keto-food
Lactima Slice Cheese (12 Slice),200 gm,510,https://chaldal.com/keto-food
Eru Slice Cheese Cheddar Herb (8 Slice),150 gm,790,https://chaldal.com/keto-food
Ispahani Blender's Choice Premium Green Tea Bag 70 gm,50 pcs,205,https://chaldal.com/keto-food
Ceylon Organic Extra Virgin Coconut Oil,500 ml,1590,https://chaldal.com/keto-food
Hibiscus Premium Whole Baby Corn In Brine,425 gm,360,https://chaldal.com/keto-food
Welcome Light Meat Tuna In Sunflower Oil (Flake),170 gm,190,https://chaldal.com/keto-food
BPM White Till,200 gm,90,https://chaldal.com/keto-food
Nut Candy Wasabi Coated Green Peas,180 gm,550,https://chaldal.com/keto-food
Lipton Green Tea Bag Honey and Lemon,50 pcs,150,https://chaldal.com/keto-food
Aarong Dairy Cheese Spread Garlic,180 gm,300,https://chaldal.com/keto-food
Aarong Dairy Cheese Spread Classic,180 gm,290,https://chaldal.com/keto-food
Hosen Mushroom Choice Whole Can,425 gm,350,https://chaldal.com/keto-food
Hosen Green Peas Choice Whole Can,397 gm,200,https://chaldal.com/keto-food
Ispahani Blender's Choice Premium Green Tea 35 gm,25 pcs,110,https://chaldal.com/keto-food
Almarai Spreadable Cream Cheese,200 gm,619,https://chaldal.com/keto-food
Twinings Green Tea & Lemon 25 Tea bags,each,850,https://chaldal.com/keto-food
Figaro Pitted Black Olive,340 gm,395,https://chaldal.com/keto-food
Tong Garden Salted Peanuts Can,150 gm,695,https://chaldal.com/keto-food
Nautilus Lite Tuna Chunk Soybean Oil,165 gm,319,https://chaldal.com/keto-food
Hibiscus Mushrooms Choice Whole Can,425 gm,229,https://chaldal.com/keto-food
Aarong Dairy Pure Ghee,900 gm,1735,https://chaldal.com/keto-food
Farmer's Gold Amlaki Powder,100 gm,120,https://chaldal.com/keto-food
Dettol Fresh Liquid Handwash Refill,170 ml,80,https://chaldal.com/handwash-handrub
Dettol Fresh Liquid Handwash Pump,200 ml,110,https://chaldal.com/handwash-handrub
Dettol Handwash Original Liquid Refill,170 ml,80,https://chaldal.com/handwash-handrub
Dettol Handwash Original Liquid Pump,200 ml,110,https://chaldal.com/handwash-handrub
ACI Savlon Ocean Blue Antiseptic Handwash Refill,170 ml,80,https://chaldal.com/handwash-handrub
Dettol Handwash Skincare Liquid Refill,170 ml,80,https://chaldal.com/handwash-handrub
Dettol Handwash Re-Energize Liquid Refill,750 ml,270,https://chaldal.com/handwash-handrub
Savlon Instant Hand Sanitizer,200 ml,200,https://chaldal.com/handwash-handrub
Savlon Hand Sanitizer,50 ml,80,https://chaldal.com/handwash-handrub
Dettol Handwash Re-Energize Liquid,5 ltr,1400,https://chaldal.com/handwash-handrub
Hexisol Hand Rub,50 ml,55,https://chaldal.com/handwash-handrub
Hexisol Hand Rub,250 ml,140,https://chaldal.com/handwash-handrub
Sepnil Instant Hand Sanitizer,40 ml,80,https://chaldal.com/handwash-handrub
Dettol Handwash Aloe Vera Liquid Pump,200 ml,110,https://chaldal.com/handwash-handrub
Dettol Handwash Aloe Vera Liquid Refill,170 ml,80,https://chaldal.com/handwash-handrub
Sepnil Instant Hand Sanitizer,200 ml,250,https://chaldal.com/handwash-handrub
Dettol Handwash Cool Liquid Refill,170 ml,80,https://chaldal.com/handwash-handrub
Dettol Handwash Cool Liquid Pump,200 ml,110,https://chaldal.com/handwash-handrub
Dettol Handwash Skincare Liquid Pump,200 ml,110,https://chaldal.com/handwash-handrub
Lifebuoy Handwash Total Pump,200 ml,120,https://chaldal.com/handwash-handrub
Sagudana,200 gm,45,https://chaldal.com/herbal-products
Psyllium Husk (Isubgul Vushi),100 gm,159,https://chaldal.com/herbal-products
ACI Fruit Sal Tasty Saline 1 Box,20 pcs,140,https://chaldal.com/herbal-products
Eno Digestive Orange Flavour 30 pcs,150 gm,450,https://chaldal.com/herbal-products
Eno Digestive Lemon Flavour 30 pcs,150 gm,450,https://chaldal.com/herbal-products
Farmer's Gold Rose Petal Powder,25 gm,150,https://chaldal.com/herbal-products
Hajmola Borhani 100 Tablets,74 gm,110,https://chaldal.com/herbal-products
Eno Orange Flavor,5 pcs,75,https://chaldal.com/herbal-products
Sajeeb Pure Psyllium Husk (Isubgul Vushi),75 gm,175,https://chaldal.com/herbal-products
Hajmola Regular 90 Tablets,68 gm,110,https://chaldal.com/herbal-products
Dabur Chyawanprash Awaleha,500 gm,600,https://chaldal.com/herbal-products
Mother's Smile Profom Milk Jar,400 gm,630,https://chaldal.com/food-supplements
Standard Horlicks Health And Nutrition Drink Jar,250 gm,280,https://chaldal.com/food-supplements
Mother's Horlicks Health and Nutrition Drink BIB,350 gm,620,https://chaldal.com/food-supplements
Horlicks Chocolate Flavour Jar,500 gm,550,https://chaldal.com/food-supplements
Junior Horlicks Health And Nutrition Drink Container Stage-2,500 gm,550,https://chaldal.com/food-supplements
Standard Horlicks Health And Nutrition Drink Jar,500 gm,500,https://chaldal.com/food-supplements
Maltova Health And Nutrition Drink BIB,400 gm,550,https://chaldal.com/food-supplements
Boost Chocolate Jar,400 gm,550,https://chaldal.com/food-supplements
Women's Plus Horlicks Health And Nutrition Drink Jar,400 gm,600,https://chaldal.com/food-supplements
Horlicks Lite Health And Nutrition Drink Jar,400 gm,650,https://chaldal.com/food-supplements
PediaSure Vanilla Delight,1 kg,3385,https://chaldal.com/food-supplements
Thai Adult Pant Diaper M Waist Size 27-45 Inch,10 pcs,679,https://chaldal.com/adult-diapers
SmartCare Adult Diaper M 60-110 cm,10 pcs,920,https://chaldal.com/adult-diapers
Thai Adult Pant Diaper L Waist Size 30-55 Inch,10 pcs,739,https://chaldal.com/adult-diapers
Aspire Adult Diaper Belt M 76- 116 cm,8 pcs,719,https://chaldal.com/adult-diapers
Glory Adult Diaper Large (110-150 cm),8 pcs,839,https://chaldal.com/adult-diapers
SmartCare Disposable Underpads XL (60 X 90 cm),10 pcs,649,https://chaldal.com/adult-diapers
Aspire Premium Adult Wet Towel,80 pcs,400,https://chaldal.com/adult-diapers
