Item Name,Quantity/Volume,Price (BDT),Link
Potato Regular (± 50 gm),1 kg,26,https://chaldal.com/fresh-vegetable
Red Tomato ± 25 gm,500 gm,79,https://chaldal.com/fresh-vegetable
Coriander Leaves (Dhonia Pata) ± 10 gm,100 gm,19,https://chaldal.com/fresh-vegetable
Roshun (Garlic Imported) ± 25 gm,500 gm,75,https://chaldal.com/fresh-vegetable
Kacha Morich (Green Chilli) ±12 gm,250 gm,29,https://chaldal.com/fresh-vegetable
Lal Alu (Red Potato Cardinal) ± 50 gm,1 kg,25,https://chaldal.com/fresh-vegetable
Deshi Shosha (Local Cucumber) ± 25 gm,500 gm,39,https://chaldal.com/fresh-vegetable
Lal Shak (Red Spinach),1 bundle,19,https://chaldal.com/fresh-vegetable
Ada (Imported Ginger) ± 25 gm,500 gm,89,https://chaldal.com/fresh-vegetable
Lomba Lebu (Long Lemon),4 pcs,25,https://chaldal.com/fresh-vegetable
Deshi Roshun (Garlic Local) ±25 gm,500 gm,59,https://chaldal.com/fresh-vegetable
Misti Kumra Fali (Sweet Pumpkin Slice) ± 40 gm,1 kg,45,https://chaldal.com/fresh-vegetable
Kacha Morich (Green Chilli) ± 12 gm,100 gm,12,https://chaldal.com/fresh-vegetable
Kacha Pepe (Green Papaya) ± 70 gm,1.4 kg,59,https://chaldal.com/fresh-vegetable
Misti Alu (Sweet Potato) ± 25 gm,500 gm,39,https://chaldal.com/fresh-vegetable
Deshi Ada (Local Ginger) ± 25 gm,500 gm,75,https://chaldal.com/fresh-vegetable
Palong Shak (Palong Spinach),1 bundle,29,https://chaldal.com/fresh-vegetable
Kolmi Shak (Water Spinach),1 bundle,19,https://chaldal.com/fresh-vegetable
Shosha (Cucumber) ± 25 gm,500 gm,35,https://chaldal.com/fresh-vegetable
Chichinga (Snake Gourd) ± 25 gm,500 gm,29,https://chaldal.com/fresh-vegetable
Gol Lebu (Round Lemon),4 pcs,29,https://chaldal.com/fresh-vegetable
Fulkopi (Cauliflower),each,75,https://chaldal.com/fresh-vegetable
Green Capsicum ± 15 gm,300 gm,89,https://chaldal.com/fresh-vegetable
Lau (Bottle Gourd),each,65,https://chaldal.com/fresh-vegetable
Beetroot ±25 gm,500 gm,45,https://chaldal.com/fresh-vegetable
Badhakopi (Cabbage),each,65,https://chaldal.com/fresh-vegetable
Uchche (Local Bitter Gourd) ± 25 gm,500 gm,39,https://chaldal.com/fresh-vegetable
Pudina Pata (Mint Leaves) ± 10 gm,100 gm,29,https://chaldal.com/fresh-vegetable
Korola (Bitter Gourd) ± 25 gm,500 gm,39,https://chaldal.com/fresh-vegetable
Lomba Kalo Begun (Long Brinjal Black) ± 25 gm,500 gm,45,https://chaldal.com/fresh-vegetable
Pui Shak (Pui Spinach),1 bundle,39,https://chaldal.com/fresh-vegetable
Kacha Kola (Banana Green),4 pcs,55,https://chaldal.com/fresh-vegetable
Kochur Mukhi (Taro Roots) ± 25 gm,500 gm,45,https://chaldal.com/fresh-vegetable
Sobuj Gol Begun (Round Brinjals Green) ±35 gm,700 gm,59,https://chaldal.com/fresh-vegetable
Jali Kumra (Water Pumpkin),each,59,https://chaldal.com/fresh-vegetable
Data Shak (Data Spinach),1 bundle,19,https://chaldal.com/fresh-vegetable
Dhundhul (Sponge Gourd) ±20 gm,500 gm,35,https://chaldal.com/fresh-vegetable
Lal Alu (Red Potato) ± 25 gm,500 gm,29,https://chaldal.com/fresh-vegetable
Kochur Loti (Stolon Of Taro) ± 25 gm,500 gm,39,https://chaldal.com/fresh-vegetable
Ada (Imported Ginger) ± 25 gm,250 gm,49,https://chaldal.com/fresh-vegetable
Kalo Gol Begun (Round Brinjals Black) ±35 gm,800 gm,75,https://chaldal.com/fresh-vegetable
Roshun (Garlic Imported) ± 25 gm,250 gm,39,https://chaldal.com/fresh-vegetable
Thankuni Pata (Pennywort Leaves),1 bundle,9,https://chaldal.com/fresh-vegetable
Lettuce Leaves ± 10 gm,100 gm,39,https://chaldal.com/fresh-vegetable
Mula (Radish) ± 25 gm,500 gm,35,https://chaldal.com/fresh-vegetable
Bombay Chilli,5 pcs,29,https://chaldal.com/fresh-vegetable
Potato Regular (± 25 gm),600 gm,16,https://chaldal.com/fresh-vegetable
Deshi Roshun (Garlic Local) ±25 gm,250 gm,35,https://chaldal.com/fresh-vegetable
Lau Shak (Sweet Bitter Melon Leaves),1 bundle,45,https://chaldal.com/fresh-vegetable
Kacha Holud (Raw Turmeric) ± 12 gm,250 gm,45,https://chaldal.com/fresh-vegetable
Broiler Whole Chicken Leg Skin On (± 50 gm),1 kg,489,https://chaldal.com/chicken-poultry
Broiler Chicken Skin On ± 50 gm,1 kg,289,https://chaldal.com/chicken-poultry
Broiler Chicken Skin Off ± 50 gm,1 kg,319,https://chaldal.com/chicken-poultry
Broiler Chicken Skin Off ± 50 gm,1.4 kg,439,https://chaldal.com/chicken-poultry
Broiler Chicken Breast Boneless ± 50 gm,1 kg,599,https://chaldal.com/chicken-poultry
Broiler Chicken Thigh Boneless ± 50 gm,1 kg,449,https://chaldal.com/chicken-poultry
Broiler Chicken Breast Boneless ± 25 gm,500 gm,299,https://chaldal.com/chicken-poultry
Chicken Liver (Kolija) ± 25 gm,500 gm,199,https://chaldal.com/chicken-poultry
Broiler Chicken Drumsticks ± 50 gm (9-12 pcs),1 kg,499,https://chaldal.com/chicken-poultry
Broiler Chicken Skin On ± 50 gm,1.4 kg,399,https://chaldal.com/chicken-poultry
Bengal Meat Chicken Thigh Keema ± 50 gm,1 kg,635,https://chaldal.com/chicken-poultry
Bengal Meat Whole Chicken Curry Cut ± 50 gm,1 kg,465,https://chaldal.com/chicken-poultry
Broiler Chicken Drumsticks ± 25 gm (6-8 pcs),500 gm,249,https://chaldal.com/chicken-poultry
Broiler Chicken Thigh Boneless ± 25 gm,500 gm,199,https://chaldal.com/chicken-poultry
Chaldal Premium Broiler Chicken Wings ± 50 gm,500 gm,219,https://chaldal.com/chicken-poultry
Chicken Liver Gizzard Mix,1 kg,239,https://chaldal.com/chicken-poultry
Chicken Keema (Net Weight ± 50 gm),1 kg,679,https://chaldal.com/chicken-poultry
Broiler Chicken Wings (± 50 gm),1 kg,459,https://chaldal.com/chicken-poultry
Broiler Chicken Breast With Bone (± 50 gm),1 kg,499,https://chaldal.com/chicken-poultry
Live Cock Chicken (Processed) ± 25 gm,500 gm,299,https://chaldal.com/chicken-poultry
Beijing Duck Meat (Net Weight ± 50 gm),1500 gm,999,https://chaldal.com/chicken-poultry
Chaldal Premium Broiler Chicken Wings ± 50 gm,500 gm,219,https://chaldal.com/premium-perishables
Whole Deshi Chicken Skin Off ± 25 gm,500 gm,639,https://chaldal.com/meat-new
Broiler Whole Chicken Leg Skin On (± 50 gm),1 kg,489,https://chaldal.com/meat-new
Broiler Chicken Skin On ± 50 gm,1 kg,289,https://chaldal.com/meat-new
Broiler Chicken Skin Off ± 50 gm,1 kg,319,https://chaldal.com/meat-new
Cock Chicken Skin Off ± 25 gm,500 gm,329,https://chaldal.com/meat-new
Beef Bone In ± 50 gm,1 kg,799,https://chaldal.com/meat-new
Roast Chicken ± 10 gm,275 gm,189,https://chaldal.com/meat-new
Beef Boneless ± 25 gm,500 gm,619,https://chaldal.com/meat-new
Beef Liver (Kolija),500 gm,429,https://chaldal.com/meat-new
Broiler Chicken Breast Boneless ± 50 gm,1 kg,599,https://chaldal.com/meat-new
Broiler Chicken Thigh Boneless ± 50 gm,1 kg,449,https://chaldal.com/meat-new
Broiler Chicken Breast Boneless ± 25 gm,500 gm,299,https://chaldal.com/meat-new
Chicken Liver (Kolija) ± 25 gm,500 gm,199,https://chaldal.com/meat-new
Beef Ribs (Shinar Mangsho),1 kg,799,https://chaldal.com/meat-new
Broiler Chicken Drumsticks ± 50 gm (9-12 pcs),1 kg,499,https://chaldal.com/meat-new
Beef Bone In ± 20 gm,250 gm,209,https://chaldal.com/meat-new
Beef Bone In (Net Weight ± 25 gm),500 gm,409,https://chaldal.com/meat-new
Bengal Meat Beef Keema ± 50 gm,1 kg,1050,https://chaldal.com/meat-new
Beef Keema,500 gm,639,https://chaldal.com/meat-new
Bengal Meat Beef Head Meat,1 kg,550,https://chaldal.com/meat-new
Bengal Meat Chicken Thigh Keema ± 50 gm,1 kg,635,https://chaldal.com/meat-new
Beef Head Meat Regular,1 kg,499,https://chaldal.com/meat-new
Beef Brain (Mogoz),each,519,https://chaldal.com/meat-new
Bengal Meat Whole Chicken Curry Cut ± 50 gm,1 kg,465,https://chaldal.com/meat-new
Broiler Chicken Drumsticks ± 25 gm (6-8 pcs),500 gm,249,https://chaldal.com/meat-new
Broiler Chicken Breast With Bone ± 25 gm,500 gm,235,https://chaldal.com/meat-new
Mutton Paya,5 pcs,199,https://chaldal.com/meat-new
Broiler Chicken Thigh Boneless ± 25 gm,500 gm,199,https://chaldal.com/meat-new
Quail Meat,2 pcs,169,https://chaldal.com/meat-new
Mutton Head Meat Regular (Net Weight ± 50 gm),1 kg,639,https://chaldal.com/meat-new
Halim Meat (Beef) ± 20 gm,300 gm,249,https://chaldal.com/meat-new
Chaldal Premium Broiler Chicken Wings ± 50 gm,500 gm,219,https://chaldal.com/meat-new
Whole Layer Chicken Skin Off (Net Weight ± 50 gm),1330 gm,859,https://chaldal.com/meat-new
Chicken Liver Gizzard Mix,1 kg,239,https://chaldal.com/meat-new
Chicken Keema (Net Weight ± 50 gm),1 kg,679,https://chaldal.com/meat-new
Broiler Chicken Wings (± 50 gm),1 kg,459,https://chaldal.com/meat-new
Broiler Chicken Breast With Bone (± 50 gm),1 kg,499,https://chaldal.com/meat-new
Mutton Brain (Mogoz),2 pcs,259,https://chaldal.com/meat-new
Beef Paya ± 100 gm,2 kg,1099,https://chaldal.com/meat-new
Mutton Paya,10 pcs,399,https://chaldal.com/meat-new
Mutton Bone in (Khashi) ± 50 gm,1 kg,1199,https://chaldal.com/meat-new
Pigeon Meat,each,189,https://chaldal.com/meat-new
Quail Meat,4 pcs,299,https://chaldal.com/meat-new
Bengal Meat Beef Paya,2 kg,1120,https://chaldal.com/meat-new
Live Cock Chicken (Processed) ± 25 gm,500 gm,299,https://chaldal.com/meat-new
Whole Deshi Duck Skin On (Net Weight ± 50 gm),900 gm,789,https://chaldal.com/meat-new
Beef Tripe (Vuri),1 kg,499,https://chaldal.com/meat-new
Cow Lungs ± 25 gm,500 gm,249,https://chaldal.com/meat-new
Deshi Duck With Skin After Cutting (Net Weight ± 50 gm),1 kg,899,https://chaldal.com/meat-new
Beijing Duck Meat After Cutting (Net Weight ± 50 gm),1 kg,799,https://chaldal.com/meat-new
Golden Grain Dried Chillies (Shukna Morich),100 gm,70,https://chaldal.com/spices
Golden Grain Black Pepper (Gol Morich) Whole,100 gm,195,https://chaldal.com/spices
Golden Grain Cumin (Jira),100 gm,120,https://chaldal.com/spices
Golden Grain Mustard Seed (Red),100 gm,35,https://chaldal.com/spices
Golden Grain Poppy Seed (Posto Dana),50 gm,195,https://chaldal.com/spices
Golden Grain Mix Spice (Pach Foron),100 gm,60,https://chaldal.com/spices
Golden Grain Cardamom (Elachi) Whole,50 gm,350,https://chaldal.com/spices
Golden Grain Black Cumin (Kalo Jira),100 gm,100,https://chaldal.com/spices
Golden Grain Coriander (Dhonia),100 gm,45,https://chaldal.com/spices
Golden Grain Bay Leaf (Tejpata),100 gm,55,https://chaldal.com/spices
Golden Grain Clove (Lobongo),50 gm,145,https://chaldal.com/spices
Cinnamon (Daruchini) Whole,100 gm,59,https://chaldal.com/spices
Radhuni Chilli (Morich) Powder,100 gm,75,https://chaldal.com/spices
Radhuni Coriander (Dhonia) Powder,100 gm,60,https://chaldal.com/spices
Radhuni Cumin (Jira) Powder,100 gm,160,https://chaldal.com/spices
Fenugreek (Methi) Seed,100 gm,25,https://chaldal.com/spices
Radhuni Turmeric (Holud) Powder,50 gm,40,https://chaldal.com/spices
Radhuni Garam Masala,15 gm,40,https://chaldal.com/spices
Mustard Seed (Yellow),100 gm,25,https://chaldal.com/spices
Fresh Chilli Powder,200 gm,125,https://chaldal.com/spices
Ramisa Tokma,100 gm,60,https://chaldal.com/spices
Betel Nut (Shupari),250 gm,169,https://chaldal.com/spices
Mustard Seed (Red),100 gm,25,https://chaldal.com/spices
Walnuts (Akhrot),100 gm,179,https://chaldal.com/spices
Cumin (Jira),100 gm,79,https://chaldal.com/spices
Radhuni Chilli (Morich) Powder,200 gm,140,https://chaldal.com/spices
Radhuni Turmeric (Holud) Powder,200 gm,145,https://chaldal.com/spices
Dried Chillies (Shukna Morich),100 gm,45,https://chaldal.com/spices
Cardamom (Elachi) Whole,25 gm,139,https://chaldal.com/spices
Radhuni Garam Masala,40 gm,95,https://chaldal.com/spices
Radhuni Turmeric (Holud) Powder,100 gm,75,https://chaldal.com/spices
Clove (Lobongo),50 gm,79,https://chaldal.com/spices
Bay Leaf (Tejpata),100 gm,29,https://chaldal.com/spices
Radhuni Coriander (Dhonia) Powder,200 gm,110,https://chaldal.com/spices
Radhuni Turmeric (Holud) Powder,500 gm,335,https://chaldal.com/spices
Cardamom (Elachi) Whole,50 gm,269,https://chaldal.com/spices
Radhuni Cumin (Jira) Powder,50 gm,85,https://chaldal.com/spices
Chia Seed,100 gm,59,https://chaldal.com/spices
Black Pepper (Gol Morich) Whole,50 gm,75,https://chaldal.com/spices
Radhuni Panch Phoran,50 gm,30,https://chaldal.com/spices
Radhuni Cumin (Jira) Powder,200 gm,310,https://chaldal.com/spices
Fennel (Mouri),100 gm,45,https://chaldal.com/spices
Radhuni Chilli (Morich) Powder,500 gm,345,https://chaldal.com/spices
Black Cumin (Kalo Jira),100 gm,49,https://chaldal.com/spices
Radhuni Chilli (Morich) Powder,50 gm,38,https://chaldal.com/spices
Alu Bukhara,100 gm,119,https://chaldal.com/spices
Radhuni Coriander (Dhonia) Powder,500 gm,240,https://chaldal.com/spices
Fresh Turmeric Powder,200 gm,135,https://chaldal.com/spices
Coriander (Dhonia),100 gm,35,https://chaldal.com/spices
Green Cardamom (Sobuj Elachi) Whole,50 gm,299,https://chaldal.com/spices
ACI Pure Salt,1 kg,42,https://chaldal.com/salt-sugar
Fresh Super Premium (Vacuum) Salt,1 kg,42,https://chaldal.com/salt-sugar
AJI-NO-MOTO Monosodium Glutamate,200 gm,95,https://chaldal.com/salt-sugar
Fresh Refined Sugar,1 kg,110,https://chaldal.com/salt-sugar
Teer Sugar,1 kg,110,https://chaldal.com/salt-sugar
ACI Pure Salt,500 gm,22,https://chaldal.com/salt-sugar
Starship Refined Sugar,1 kg,110,https://chaldal.com/salt-sugar
Rock Salt (Bit Lobon),100 gm,55,https://chaldal.com/salt-sugar
Saad Bit Salt,100 gm,50,https://chaldal.com/salt-sugar
Sugar Candy (Tal Misri),200 gm,39,https://chaldal.com/salt-sugar
AJI-NO-MOTO Monosodium Glutamate,100 gm,50,https://chaldal.com/salt-sugar
ACI Sprinkle Salt & Pepper Mix,100 gm,125,https://chaldal.com/salt-sugar
AJI-NO-MOTO Monosodium Glutamate,40 gm,20,https://chaldal.com/salt-sugar
Pran Iodized Salt,1 kg,42,https://chaldal.com/salt-sugar
Sis White Icing Sugar,500 gm,359,https://chaldal.com/salt-sugar
Sis Brown Sugar,800 gm,759,https://chaldal.com/salt-sugar
Sis White Sugar Cube,454 gm,500,https://chaldal.com/salt-sugar
Miniket Rice Premium (Boiled) ± 50 gm,5 kg,439,https://chaldal.com/rices
Athash Rice (Boiled) ± 50 gm,5 kg,329,https://chaldal.com/rices
Amon Rice,1 kg,75,https://chaldal.com/rices
Nazirshail Rice Premium (Half Boiled) ± 50 gm,5 kg,449,https://chaldal.com/rices
Chinigura Rice Premium,1 kg,149,https://chaldal.com/rices
Chashi Aromatic Chinigura Rice,1 kg,190,https://chaldal.com/rices
Chashi Aromatic Chinigura Rice,2 kg,370,https://chaldal.com/rices
ACI Pure Nazirshail Rice,5 kg,495,https://chaldal.com/rices
Paijam Rice (Boiled),1 kg,65,https://chaldal.com/rices
Pran Chinigura Aromatic Rice,1 kg,170,https://chaldal.com/rices
Fresh Chinigura Rice,1 kg,175,https://chaldal.com/rices
Miniket Rice Standard (Boiled) ± 50 gm,5 kg,389,https://chaldal.com/rices
Nazirshail Rice Standard (Half Boiled) ± 50 gm,5 kg,399,https://chaldal.com/rices
Pran Chinigura Aromatic Rice,2 kg,370,https://chaldal.com/rices
Atop Rice,1 kg,55,https://chaldal.com/rices
Katari Atop Rice ± 50 gm,5 kg,459,https://chaldal.com/rices
ACI Pure Miniket Rice Premium,10 kg,950,https://chaldal.com/rices
Rupchanda Chinigura Premium Aromatic Rice,1 kg,175,https://chaldal.com/rices
Zirashail Rice (Boiled) ± 50 gm,5 kg,339,https://chaldal.com/rices
Katarivog Rice,1 kg,129,https://chaldal.com/rices
Banglamoti Rice (Boiled),1 kg,99,https://chaldal.com/rices
ACI Pure Premium Miniket Rice,5 kg,480,https://chaldal.com/rices
Athash Rice (Boiled)  ± 200 gm,25 kg,1599,https://chaldal.com/rices
Extra Long Grain Bashmati Rice,1 kg,259,https://chaldal.com/rices
Chashi Aromatic Chinigura Rice,5 kg,910,https://chaldal.com/rices
Huski Rice (Half Boiled),5 kg,329,https://chaldal.com/rices
Fortune Biryani Special Basmati Rice,1 kg,400,https://chaldal.com/rices
ACI Aroma Chinigura Rice,2 kg,345,https://chaldal.com/rices
Atop Rice ± 200 gm,25 kg,1399,https://chaldal.com/rices
Paijam Rice (Boiled) ± 200 gm,25 kg,1599,https://chaldal.com/rices
Aarong Natural Chinigura Rice,5 kg,761,https://chaldal.com/rices
Royal Umbrella Thai Glutinous Sticky Rice,1 kg,500,https://chaldal.com/rices
Royal Umbrella Pure Thai Hom Mali Rice,5 kg,1500,https://chaldal.com/rices
ACI Aroma Premium Basmati Rice,1 kg,480,https://chaldal.com/rices
Pran Metro Basmati Rice,1 kg,420,https://chaldal.com/rices
Rupchanda Jirashail Rice,5 kg,480,https://chaldal.com/rices
Mehran Basmati Kernel Rice,1 kg,595,https://chaldal.com/rices
Golden Grain Premium Mug Dal,500 gm,85,https://chaldal.com/dal-or-lentil
Fresh Premium Moshur Dal,1 kg,175,https://chaldal.com/dal-or-lentil
Mashkolai Dal Peeled,500 gm,95,https://chaldal.com/dal-or-lentil
Moshur Dal (Imported),250 gm,29,https://chaldal.com/dal-or-lentil
Mix Dal,250 gm,39,https://chaldal.com/dal-or-lentil
Mug Dal,500 gm,89,https://chaldal.com/dal-or-lentil
Moshur Dal (Imported),1 kg,109,https://chaldal.com/dal-or-lentil
Moshur Dal (Deshi),1 kg,159,https://chaldal.com/dal-or-lentil
Boot Dal,500 gm,59,https://chaldal.com/dal-or-lentil
Teer Red Lentil (Moshur) Dal,1 kg,130,https://chaldal.com/dal-or-lentil
Dubli Boot,500 gm,39,https://chaldal.com/dal-or-lentil
Chola Boot (Chick Peas),1 kg,109,https://chaldal.com/dal-or-lentil
Moshur Dal (Imported),500 gm,55,https://chaldal.com/dal-or-lentil
Pran Moshur Dal (Deshi),1 kg,185,https://chaldal.com/dal-or-lentil
Khosha Chara Chola Boot (Peeled Chick Pea),500 gm,65,https://chaldal.com/dal-or-lentil
Mug Dal,250 gm,45,https://chaldal.com/dal-or-lentil
White Chick Peas (Kabuli Boot),500 gm,129,https://chaldal.com/dal-or-lentil
Mixed Dal,500 gm,75,https://chaldal.com/dal-or-lentil
Kangaroo Lentil (Moshur Dal),1 kg,179,https://chaldal.com/dal-or-lentil
Anchor Boot Dal,500 gm,39,https://chaldal.com/dal-or-lentil
Pran Mug Dal,500 gm,100,https://chaldal.com/dal-or-lentil
Pran Moshur Dal (Deshi),500 gm,95,https://chaldal.com/dal-or-lentil
Kheshari Dal,500 gm,59,https://chaldal.com/dal-or-lentil
Split Pea (Motor Dal),500 gm,79,https://chaldal.com/dal-or-lentil
Aarong Natural Moshur Dal,1 kg,185,https://chaldal.com/dal-or-lentil
Rahul Pure Mustard Oil,1 ltr,355,https://chaldal.com/oil
Farmer's Gold Flaxseed Oil,100 ml,165,https://chaldal.com/oil
La Espanola Extra Virgin Olive Oil,500 ml,1350,https://chaldal.com/oil
Teer Fortified Soyabean Oil,2 ltr,398,https://chaldal.com/oil
Fresh Fortified Soyabean Oil,5 ltr,975,https://chaldal.com/oil
Teer Fortified Soyabean Oil,1 ltr,199,https://chaldal.com/oil
Fresh Fortified Soyabean Oil,2 ltr,398,https://chaldal.com/oil
Radhuni Pure Mustard Oil,500 ml,200,https://chaldal.com/oil
Radhuni Pure Mustard Oil,1 ltr,380,https://chaldal.com/oil
ACI Nutrilife Rice Bran Oil,5 ltr,1160,https://chaldal.com/oil
Foodela Mustard Oil,1 ltr,360,https://chaldal.com/oil
Pusti Fortified Soyabean Oil,1 ltr,199,https://chaldal.com/oil
Fortune Fortified Rice Bran Oil,5 ltr,1210,https://chaldal.com/oil
Fresh Mustard Oil,500 ml,180,https://chaldal.com/oil
Fresh Mustard Oil,1 ltr,330,https://chaldal.com/oil
Fresh Rice Bran Oil,5 ltr,1080,https://chaldal.com/oil
King's Sunflower Oil Pet,5 ltr,2100,https://chaldal.com/oil
Foodela Mustard Oil,500 ml,180,https://chaldal.com/oil
Ecorganic Fortified Sunflower Oil Pet,5 ltr,2125,https://chaldal.com/oil
Orkide Sunflower Oil,5 ltr,2100,https://chaldal.com/oil
Saffola Active Plus Edible Oil,5 ltr,2000,https://chaldal.com/oil
Radhuni Pure Mustard Oil,2 ltr,750,https://chaldal.com/oil
Starship Fortified Soyabean Oil,2 ltr,398,https://chaldal.com/oil
Farmer's Gold Peanut oil,100 ml,345,https://chaldal.com/oil
Olio Orolio Olive Oil,3 ltr,4100,https://chaldal.com/oil
Olio Orolio Extra Virgin Olive Oil,5 ltr,10800,https://chaldal.com/oil
Olitalia Italian Pomace Olive Oil,250 ml,750,https://chaldal.com/oil
Sunshine Mustard Oil,1 ltr,360,https://chaldal.com/oil
Olio Orolio Olive Oil,1 ltr,1565,https://chaldal.com/oil
Olio Orolio Olive Oil,750 ml,1190,https://chaldal.com/oil
Olio Orolio Olive Oil,500 ml,900,https://chaldal.com/oil
Olio Orolio Extra Virgin Olive Oil,1 ltr,2300,https://chaldal.com/oil
Olio Orolio Extra Virgin Olive Oil,500 ml,1195,https://chaldal.com/oil
Clariss Olive Oil Pomace Glass Bottle,250 ml,495,https://chaldal.com/oil
Ceylon Organic Extra Virgin Coconut Oil,200 ml,600,https://chaldal.com/oil
Luglio Extra Virgin Olive Oil,1 ltr,1950,https://chaldal.com/oil
Golden Drop Sunflower Oil,5 ltr,2150,https://chaldal.com/oil
Ceylon Organic Extra Virgin Coconut Oil,500 ml,1590,https://chaldal.com/oil
Naturel Organic Extra Virgin Coconut Oil,500 ml,1525,https://chaldal.com/oil
Orkide Extra Virgin Olive Oil,500 ml,675,https://chaldal.com/oil
Pran Mustard Oil,1 ltr,340,https://chaldal.com/oil
YO WE Fragrance Sesame Oil,630 ml,1045,https://chaldal.com/oil
Pran Mustard Oil,500 ml,170,https://chaldal.com/oil
Ambassador Spanish Olive Oil Can,150 ml,550,https://chaldal.com/oil
Olio Orolio Olive Oil,5 ltr,6855,https://chaldal.com/oil
Olio Orolio Extra Virgin Olive Oil,750 ml,1770,https://chaldal.com/oil
Aroma Mustard Oil,1 ltr,340,https://chaldal.com/oil
Ligion Black Seed Oil,75 ml,225,https://chaldal.com/oil
Chia Seed,100 gm,59,https://chaldal.com/premium-ingredients
Farmer's Gold Raw Turmeric powder,100 gm,140,https://chaldal.com/premium-ingredients
Farmer's Gold Protein Powder,200 gm,450,https://chaldal.com/premium-ingredients
Ligion Black Seed With Sesame Seed,100 gm,130,https://chaldal.com/premium-ingredients
Saffron (Jafran),1 gm,299,https://chaldal.com/premium-ingredients
Ruchi Mango Pickle,400 gm,200,https://chaldal.com/pickles
Chachi's Chawk Sweet Sour Chutney,200 ml,165,https://chaldal.com/pickles
Ruchi Boroi Pickle,450 gm,220,https://chaldal.com/pickles
Parboti Local Garlic Pickle,180 gm,150,https://chaldal.com/pickles
Aafi Olive Pickle,400 gm,170,https://chaldal.com/pickles
Aafi Mango Pickle,400 gm,170,https://chaldal.com/pickles
ACME Olive Pickle,400 gm,150,https://chaldal.com/pickles
Kishwan Mango Pickle,400 gm,180,https://chaldal.com/pickles
Ruchi Chalta Pickle,400 gm,200,https://chaldal.com/pickles
Nicobena Tamarind Pickle,325 gm,185,https://chaldal.com/pickles
Nicobena Naga Bombay Chilli Pickle,120 gm,350,https://chaldal.com/pickles
Pran Jugol Chutney,300 gm,190,https://chaldal.com/pickles
Natcha Sweet Tamarind (Tetul),225 gm,399,https://chaldal.com/pickles
Nicobena Garlic Pickle,220 gm,275,https://chaldal.com/pickles
Ahmed Mixed Pickle,400 gm,180,https://chaldal.com/pickles
BD Food Olive Pickle,400 gm,200,https://chaldal.com/pickles
Balachaw (Dry Prawn Chutney),250 gm,330,https://chaldal.com/pickles
American Garden Jalapeno Pepper Sliced,454 gm,475,https://chaldal.com/pickles
BD Food Tatul Chutney,500 gm,170,https://chaldal.com/pickles
Pran Mixed Pickle,400 gm,200,https://chaldal.com/pickles
BD Food Garlic Pickle,400 gm,300,https://chaldal.com/pickles
Ruchi Chutney Tetul 15 gm,12 pcs,60,https://chaldal.com/pickles
Ruchi Mixed Pickle,400 gm,200,https://chaldal.com/pickles
Ruchi Olive Pickle,400 gm,210,https://chaldal.com/pickles
Ruchi Mixed Chutney,450 gm,160,https://chaldal.com/pickles
Ruchi Mango Pickle,200 gm,120,https://chaldal.com/pickles
Ruchi Garlic Pickle,200 gm,165,https://chaldal.com/pickles
Pran Olive Pickle,400 gm,200,https://chaldal.com/pickles
Pran Garlic Pickle,300 gm,240,https://chaldal.com/pickles
Pran Naga Chilli Pickle,300 gm,320,https://chaldal.com/pickles
BD Food Mango Pickle,400 gm,200,https://chaldal.com/pickles
Pran Mango Pickle,400 gm,200,https://chaldal.com/pickles
Pran Boroi Sweet Pickle,350 gm,180,https://chaldal.com/pickles
Ching's Green Chilli Sauce,680 gm,350,https://chaldal.com/cooking-sauces
Ching's Green Chilli Sauce,190 gm,150,https://chaldal.com/cooking-sauces
Ching's Chilli Sauce,680 gm,350,https://chaldal.com/cooking-sauces
Saad Sweet Chilli Sauce,340 gm,150,https://chaldal.com/cooking-sauces
Maekrua Oyster Sauce,600 ml,639,https://chaldal.com/cooking-sauces
Kikkoman Premium Soy Sauce,600 ml,679,https://chaldal.com/cooking-sauces
Sajeeb Soya Sauce,300 ml,100,https://chaldal.com/cooking-sauces
Best's Tomato Puree,400 gm,174,https://chaldal.com/cooking-sauces
Kikkoman Soy Sauce,1 ltr,1499,https://chaldal.com/cooking-sauces
Ruchi Sweet Chili Sauce,200 gm,90,https://chaldal.com/cooking-sauces
Ruchi BBQ Sauce,200 gm,150,https://chaldal.com/cooking-sauces
Blossoms Dark Soya Sauce,500 ml,429,https://chaldal.com/cooking-sauces
Chef Le Dark Soya Sauce,500 ml,310,https://chaldal.com/cooking-sauces
Chef Le Dark Soya Sauce,250 ml,174,https://chaldal.com/cooking-sauces
Chef Le Light Soya Sauce,500 ml,294,https://chaldal.com/cooking-sauces
American Garden Pizza Sauce Classic,397 ml,670,https://chaldal.com/cooking-sauces
Ahmed Garlic Sauce,340 gm,140,https://chaldal.com/cooking-sauces
Nando's Garlic Sauce,250 gm,550,https://chaldal.com/cooking-sauces
Umami BBQ Sauce,300 ml,275,https://chaldal.com/cooking-sauces
American Garden BBQ Sauce Original,510 gm,639,https://chaldal.com/cooking-sauces
Remia Garlic Sauce,250 ml,299,https://chaldal.com/cooking-sauces
Bachun Oyster Sauce,350 ml,450,https://chaldal.com/cooking-sauces
Life Oyster Flavoured Sauce,510 gm,382,https://chaldal.com/cooking-sauces
Best's Chilli & Garlic Sauce,320 gm,210,https://chaldal.com/cooking-sauces
Suree Premium Oyster Sauce,295 ml,435,https://chaldal.com/cooking-sauces
Ching's Red Chilli Sauce,200 gm,160,https://chaldal.com/other-sauces
Ching's Green Chilli Sauce,680 gm,350,https://chaldal.com/other-sauces
Ching's Green Chilli Sauce,190 gm,150,https://chaldal.com/other-sauces
Ching's Chilli Sauce,680 gm,350,https://chaldal.com/other-sauces
Saad Sweet Chilli Sauce,340 gm,150,https://chaldal.com/other-sauces
Ruchi Sweet Chilli Sauce,350 gm,130,https://chaldal.com/other-sauces
Ahmed Hot Chilli Sauce,340 gm,129,https://chaldal.com/other-sauces
Ahmed Green Chilli Sauce,340 gm,115,https://chaldal.com/other-sauces
Pran Chilli Sauce,340 gm,150,https://chaldal.com/other-sauces
Nando's Peri Peri Hot Sauce,250 gm,549,https://chaldal.com/other-sauces
Teo Tak Seng Silver Pomfret Fish Sauce 750 cc,,495,https://chaldal.com/other-sauces
Ahmed Sweet Chilli Sauce,340 gm,140,https://chaldal.com/other-sauces
Ruchi Sweet Chili Sauce,200 gm,90,https://chaldal.com/other-sauces
Ruchi BBQ Sauce,200 gm,150,https://chaldal.com/other-sauces
Pran Green Chilli Sauce,340 gm,130,https://chaldal.com/other-sauces
Kishwan Hot Chilli Sauce,340 gm,120,https://chaldal.com/other-sauces
Mr. Hung Sweet Chilli Sauce,700 ml,500,https://chaldal.com/other-sauces
Sriracha Hot Chilli Sauce,482 gm,1200,https://chaldal.com/other-sauces
ACME Sweet Chilli Sauce,340 gm,120,https://chaldal.com/other-sauces
Barilla Pasta Sauce Jar Napoletana,400 gm,599,https://chaldal.com/other-sauces
Barilla Pasta Sauce Jar Arrabbiata,400 gm,599,https://chaldal.com/other-sauces
Barilla Pasta Sauce Jar Basilico,400 gm,599,https://chaldal.com/other-sauces
Ahmed Tamarind Sauce,340 gm,130,https://chaldal.com/other-sauces
Ahmed Garlic Sauce,340 gm,140,https://chaldal.com/other-sauces
Ahmed Chilli Sauce,340 gm,150,https://chaldal.com/other-sauces
Nando's Peri Peri Mild Sauce,250 gm,579,https://chaldal.com/other-sauces
Ruchi Red Chilli Sauce,360 gm,150,https://chaldal.com/other-sauces
Nando's Pepper Sauce X-mild,250 gm,550,https://chaldal.com/other-sauces
Nando's Extra Extra Hot Peri Peri Sauce,250 gm,550,https://chaldal.com/other-sauces
Nando's Peri Peri Wild Herb Sauce,250 gm,549,https://chaldal.com/other-sauces
Nando's Garlic Sauce,250 gm,550,https://chaldal.com/other-sauces
Umami BBQ Sauce,300 ml,275,https://chaldal.com/other-sauces
King Bell Chilli Sauce,300 ml,190,https://chaldal.com/other-sauces
Life Oriental Barbecue Sauce,250 gm,223,https://chaldal.com/other-sauces
American Garden BBQ Sauce Original,510 gm,639,https://chaldal.com/other-sauces
Suree Sweet Chilli Sauce,295 ml,375,https://chaldal.com/other-sauces
Remia Garlic Sauce,250 ml,299,https://chaldal.com/other-sauces
Best's Chilli & Garlic Sauce,320 gm,210,https://chaldal.com/other-sauces
Chicken Eggs (Layer),12 pcs,129,https://chaldal.com/eggs
Chicken Eggs Layer (White),12 pcs,119,https://chaldal.com/eggs
Chicken Eggs (Deshi),6 pcs,109,https://chaldal.com/eggs
Duck Eggs (Hasher Dim),6 pcs,115,https://chaldal.com/eggs
Chicken Eggs (Layer),6 pcs,65,https://chaldal.com/eggs
Quail Eggs,20 pcs,89,https://chaldal.com/eggs
Chicken Eggs Layer (White),6 pcs,65,https://chaldal.com/eggs
Paragon Omega 3+ Eggs,12 pcs,265,https://chaldal.com/eggs
Aarong Dairy Pasteurized Liquid Milk,1 ltr,105,https://chaldal.com/liquid-uht-milk
Pran Pasteurized Full Cream Liquid Milk,1 ltr,100,https://chaldal.com/liquid-uht-milk
Aarong Dairy Laban,500 ml,75,https://chaldal.com/liquid-uht-milk
Danish Ayran Pasteurized Full Cream Liquid Milk,1 ltr,140,https://chaldal.com/liquid-uht-milk
Aarong Dairy Matha,200 ml,35,https://chaldal.com/liquid-uht-milk
Danish Ayran Pasteurized Full Cream Liquid Milk,2 ltr,255,https://chaldal.com/liquid-uht-milk
Pran Mango Flavored Milk (Pouch),150 ml,25,https://chaldal.com/liquid-uht-milk
Pran Chocolate Flavored Milk (Pouch),150 ml,25,https://chaldal.com/liquid-uht-milk
Aarong Dairy UHT Milk,500 ml,60,https://chaldal.com/liquid-uht-milk
Pran UHT Milk,1 ltr,130,https://chaldal.com/liquid-uht-milk
Aarong Dairy Chocolate Milk Drink UHT,200 ml,35,https://chaldal.com/liquid-uht-milk
Pran UHT Milk,200 ml,30,https://chaldal.com/liquid-uht-milk
Pran UHT Milk,500 ml,60,https://chaldal.com/liquid-uht-milk
Aarong Dairy Full Cream Milk Powder,500 gm,460,https://chaldal.com/liquid-uht-milk
Farm Fresh UHT Milk,500 ml,60,https://chaldal.com/liquid-uht-milk
Cowhead Pure UHT Milk,1 ltr,449,https://chaldal.com/liquid-uht-milk
Aarong Dairy Lassi,200 ml,40,https://chaldal.com/liquid-uht-milk
Marks Active School Belgian Chocolate Flavour Milk Shake,200 ml,40,https://chaldal.com/liquid-uht-milk
Aarong Dairy Mango Milk Drink UHT,200 ml,35,https://chaldal.com/liquid-uht-milk
Pran Kulfi Milk Drink,200 ml,30,https://chaldal.com/liquid-uht-milk
Pran Badam Milk Drink,200 ml,30,https://chaldal.com/liquid-uht-milk
Pran Chocolate Milk Drink,200 ml,30,https://chaldal.com/liquid-uht-milk
Pran Mango Milk Drink,180 ml,30,https://chaldal.com/liquid-uht-milk
Cowhead UHT Pure Milk (Omega-3),1 ltr,490,https://chaldal.com/liquid-uht-milk
Cowhead UHT Milk Low Fat,1 ltr,459,https://chaldal.com/liquid-uht-milk
Aarong Dairy Sour Curd,500 gm,120,https://chaldal.com/yogurt
Aarong Dairy Low Fat Yogurt (Sour),500 gm,110,https://chaldal.com/yogurt
Aarong Dairy Sweetened Yogurt,500 gm,150,https://chaldal.com/yogurt
Pran Sour Curd,500 ml,120,https://chaldal.com/yogurt
Shokti+ Mishti Doi,75 gm,25,https://chaldal.com/yogurt
Pran Drinking Yogurt,200 ml,30,https://chaldal.com/yogurt
Pran Sweetened Yogurt,100 gm,30,https://chaldal.com/yogurt
Aarong Dairy Pantoa,600 gm,210,https://chaldal.com/yogurt
Aarong Dairy Roshogolla,600 gm,200,https://chaldal.com/yogurt
Aarong Dairy Roshogolla (20±2 pcs),1 kg,350,https://chaldal.com/yogurt
Starship Condensed Milk,400 gm,105,https://chaldal.com/condensed-milk-cream
No 1. Condensed Milk,400 gm,105,https://chaldal.com/condensed-milk-cream
Goalini Plus Condensed Milk,400 gm,105,https://chaldal.com/condensed-milk-cream
Danish Condensed Filled Milk,397 gm,105,https://chaldal.com/condensed-milk-cream
Nestle Coffee Mate Coffee Creamer Box,450 gm,380,https://chaldal.com/condensed-milk-cream
Vivo Ambient Whip Topping with Vegetable Fat,1100 gm,736,https://chaldal.com/condensed-milk-cream
Grand'Or UHT Cooking Cream,1000 gm,1550,https://chaldal.com/condensed-milk-cream
Nestle Coffee Mate Creamer,1 kg,850,https://chaldal.com/condensed-milk-cream
Nestle Coffee Mate Coffee Creamer Jar,400 gm,400,https://chaldal.com/condensed-milk-cream
Bread Pit White Bread,500 gm,110,https://chaldal.com/breads
White Bread,500 gm,70,https://chaldal.com/breads
Bread Pit Burger Bun,4 pcs,90,https://chaldal.com/breads
Bread Pit Milk Bread,300 gm,120,https://chaldal.com/breads
Bread Pit Multigrain Bread,300 gm,149,https://chaldal.com/breads
Golden Grain Puffed Rice (Hand Made),400 gm,75,https://chaldal.com/local-breakfast
Pran Puffed Rice (Muri),500 gm,75,https://chaldal.com/local-breakfast
Ruchi Puffed Rice (Muri),400 gm,65,https://chaldal.com/local-breakfast
Golden Harvest Premium Deshi Paratha 20 pcs,1300 gm,320,https://chaldal.com/local-breakfast
Bread Pit White Bread,500 gm,110,https://chaldal.com/local-breakfast
Pran Flattened Rice (Chira),500 gm,70,https://chaldal.com/local-breakfast
Golden Harvest Mega Deshi Paratha 1600 gm,20 pcs,380,https://chaldal.com/local-breakfast
Ruchi Puffed Rice (Muri),200 gm,35,https://chaldal.com/local-breakfast
White Bread,500 gm,70,https://chaldal.com/local-breakfast
Pran Puffed Rice (Muri),250 gm,40,https://chaldal.com/local-breakfast
Bread Pit Milk Bread,300 gm,120,https://chaldal.com/local-breakfast
Ispahani Bakery Fresh Dry Cake,300 gm,150,https://chaldal.com/local-breakfast
Bread Pit Multigrain Bread,300 gm,149,https://chaldal.com/local-breakfast
Farmer's Gold White Flattened Rice (Sada Chira),1 kg,120,https://chaldal.com/local-breakfast
BPM Homemade Puffed Rice (Muri),500 gm,135,https://chaldal.com/local-breakfast
Tiffany Crunch 'n' Cream Orange Wafers,65 gm,250,https://chaldal.com/local-breakfast
Dabur Honey,250 gm,250,https://chaldal.com/honey
ACI Pure Multifloral Honey,250 gm,230,https://chaldal.com/honey
Dabur Sundarbans Honey,500 gm,600,https://chaldal.com/honey
Allah Shafi Natural Honey,500 gm,975,https://chaldal.com/honey
Palermo Natural Honeycomb,500 gm,1109,https://chaldal.com/honey
Dabur Honey,400 gm,400,https://chaldal.com/honey
Dabur Honey,50 gm,70,https://chaldal.com/honey
Saffola Honey,100 gm,120,https://chaldal.com/honey
Buram Black Forest Honey,250 gm,855,https://chaldal.com/honey
Buram Acacia Honey,300 gm,960,https://chaldal.com/honey
Shefa'a Honey,500 gm,810,https://chaldal.com/honey
Clariss Acacia Honey,500 gm,950,https://chaldal.com/honey
Saffola Honey,500 gm,430,https://chaldal.com/honey
Saffola Honey,250 gm,230,https://chaldal.com/honey
Hosen Pure Honey,500 gm,789,https://chaldal.com/honey
Alshifa Acacia Honey,500 gm,2095,https://chaldal.com/honey
Alshifa Acacia Honey,250 gm,1095,https://chaldal.com/honey
Alshifa Black Forest Honey,500 gm,2095,https://chaldal.com/honey
Alshifa Natural Floral Honey,500 gm,1050,https://chaldal.com/honey
Dabur Honey,500 gm,465,https://chaldal.com/honey
Erko Mallow World Mmas,180 gm,395,https://chaldal.com/chocolates
Kinder Joy (Girls),20 gm,120,https://chaldal.com/chocolates
Cadbury Dairy Milk Chocolate Bar,12 gm,45,https://chaldal.com/chocolates
Cadbury Dairy Milk Silk Plain Chocolate,40 gm,180,https://chaldal.com/chocolates
Kinder Joy (Boys),20 gm,120,https://chaldal.com/chocolates
Ferrero Rocher Collection Pralines 269.4 gm,24 pcs,1800,https://chaldal.com/chocolates
Cadbury Dairy Milk Silk Roast Almond Chocolate Bar,143 gm,550,https://chaldal.com/chocolates
Divino Chocolate Little Angel,120 gm,160,https://chaldal.com/chocolates
Kind Salted Caramel Dark Chocolate,40 gm,295,https://chaldal.com/chocolates
Cadbury Celebrations,230 gm,850,https://chaldal.com/chocolates
First Choice Whipped Topping Mixed,72 gm,250,https://chaldal.com/chocolates
Bluebell Premium Dark Compound Baking Chocolate,500 gm,360,https://chaldal.com/chocolates
Erko Mallow World Blue & White Mallow,100 gm,209,https://chaldal.com/chocolates
Erko Mallow Plus Twist Mallow,180 gm,395,https://chaldal.com/chocolates
Cadbury Dairy Milk Silk Chocolate Family Pack,123 gm,500,https://chaldal.com/chocolates
Cadbury Dairy Milk Silk Fruit & Nut Chocolate Bar,137 gm,580,https://chaldal.com/chocolates
Cadbury Dairy Milk Silk Roast Almond Chocolate Bar,52 gm,250,https://chaldal.com/chocolates
Cadbury Dairy Milk Silk Plain Chocolate Bar,140 gm,580,https://chaldal.com/chocolates
Cadbury Dairy Milk Silk Fruit & Nut Chocolate Bar,51 gm,240,https://chaldal.com/chocolates
Cadbury Dairy Milk Silk Bubbly Chocolate,120 gm,550,https://chaldal.com/chocolates
Amul Happy Birthday Milk Chocolate,150 gm,555,https://chaldal.com/chocolates
Amul I love You Fruit N Nut Chocolate,150 gm,470,https://chaldal.com/chocolates
Amul Dark Chocolate Minis Gable Pouch,100 gm,469,https://chaldal.com/chocolates
Amul Dark Chocolate,150 gm,570,https://chaldal.com/chocolates
Cadbury Dairy Milk Silk Plain Chocolate,60 gm,249,https://chaldal.com/chocolates
Amul Dark Chocolate Bar,125 gm,459,https://chaldal.com/chocolates
Munchy's Oat Krunch Dark Chocolate Cookies,208 gm,480,https://chaldal.com/chocolates
Cavendish & Harvey Mango Kiwi Drops,200 gm,399,https://chaldal.com/chocolates
Cadbury Dairy Milk Silk Fruit & Nut,55 gm,240,https://chaldal.com/chocolates
Ferrero Rocher Premium Chocolates 16 Pcs,200 gm,1100,https://chaldal.com/chocolates
Cadbury Dairy Milk Silk Chocolate,60 gm,240,https://chaldal.com/chocolates
Rinda Fruity Nata Jelly Flavoured,225 gm,365,https://chaldal.com/candies
Haribo Chamallows Party Candy,150 gm,400,https://chaldal.com/candies
Cavendish & Harvey Candy Wild Berry Drops,175 gm,449,https://chaldal.com/candies
Cavendish & Harvey Candy Citrus Fruit Drops,200 gm,490,https://chaldal.com/candies
Haribo Happy Grapes Candy,80 gm,250,https://chaldal.com/candies
Haribo Worms Zourr Candy,80 gm,250,https://chaldal.com/candies
Haribo Starmix Candy,160 gm,460,https://chaldal.com/candies
Haribo Happy Cola Candy,160 gm,460,https://chaldal.com/candies
Haribo Happy Cola Sour Candy,160 gm,460,https://chaldal.com/candies
Haribo Chamallows Pink & White Candy,150 gm,400,https://chaldal.com/candies
Haribo GoldBears Candy,160 gm,460,https://chaldal.com/candies
Cavendish & Harvey Sour Cherry Candy Poly,100 gm,250,https://chaldal.com/candies
Haribo Worms Candy,80 gm,250,https://chaldal.com/candies
Haribo Happy Cola Sour Candy,80 gm,250,https://chaldal.com/candies
Haribo Happy Cola Candy,80 gm,250,https://chaldal.com/candies
Haribo Goldbears Candy,80 gm,250,https://chaldal.com/candies
Olympic Green Mango Lozenge (Candy),50 pcs,50,https://chaldal.com/candies
Cavendish & Harvey Sour Lemon Drops,200 gm,490,https://chaldal.com/candies
Cavendish & Harvey Butterscotch Drops,175 gm,329,https://chaldal.com/candies
Fox's Crystal Clear Fruity Mints Candy,180 gm,345,https://chaldal.com/candies
Tic Tac Mint Mouth Freshener,13 gm,50,https://chaldal.com/mints-mouth-fresheners
Sargam Royal Crispy Mouth Freshener,40 gm,100,https://chaldal.com/mints-mouth-fresheners
Eclipse Sugar Free Winterfrost Mints,35 gm,290,https://chaldal.com/mints-mouth-fresheners
Eclipse Sugar Free Mints Spearmint Flavor,35 gm,370,https://chaldal.com/mints-mouth-fresheners
Mentos Pure Fresh Chewing Sugarfree Gum B.Lime Mint,29.7 gm,200,https://chaldal.com/mints-mouth-fresheners
Cocola Egg Noodles,125 gm,20,https://chaldal.com/noodles
Nestle Maggi 2 Minute Masala Instant Noodles,16 pack,340,https://chaldal.com/noodles
Nestle Maggi 2-Minute Masala Instant Noodles,4 pack,95,https://chaldal.com/noodles
Cocola Chicken Masala Noodles,150 gm,25,https://chaldal.com/noodles
Samyang Hot Chicken Ramen Jjajang Flavor Noodles,140 gm,239,https://chaldal.com/noodles
Samyang Hot Chicken Ramen Noodles 2X Spicy,140 gm,239,https://chaldal.com/noodles
Mr. Noodles Rice Stick Noodles,454 gm,370,https://chaldal.com/noodles
Cocola Egg & Chicken Masala Noodles,150 gm,25,https://chaldal.com/noodles
Nestle Maggi 2-Minute Masala Instant Noodles,8 pack,180,https://chaldal.com/noodles
Mr.Noodles Magic Masala Easy Instant,496 gm,170,https://chaldal.com/noodles
Mr. Noodles Korean Super Spicy,496 gm,210,https://chaldal.com/noodles
Mr. Noodles Cup Noodles Magic Masala,40 gm,35,https://chaldal.com/noodles
Nestle Maggi 2-Minute Masala Instant Noodles,12 pack,265,https://chaldal.com/noodles
Dragon Brand Noodles,300 gm,60,https://chaldal.com/noodles
Mama Noodles (Hot And Spicy Flavour) 10 pcs,620 gm,220,https://chaldal.com/noodles
Chopstick Instant Noodles Masala Delight 496 gm,8 pack,175,https://chaldal.com/noodles
MAGGI Hot & Spicy Blast Noodles,8 pack,200,https://chaldal.com/noodles
Mr. Noodles Korean Super Spicy,248 gm,110,https://chaldal.com/noodles
Mama Instant Noodles (Hot & Spicy Flavour) 4 pcs,248 gm,95,https://chaldal.com/noodles
Mama Noodles (Chicken Flavour) 8 pcs,496 gm,175,https://chaldal.com/noodles
Mama Noodles (Hot & Spicy Flavour) 8 pcs,496 gm,175,https://chaldal.com/noodles
Mr. Noodles Korean Kimchi Ramen 8 pcs,480 gm,210,https://chaldal.com/noodles
Chopstick Ramen Hot Chicken Instant Noodles 8 pack,640 gm,650,https://chaldal.com/noodles
Chopstick Ramen Hot Cheese Instant Noodles 8 pack,640 gm,650,https://chaldal.com/noodles
Samyang Hot Chicken Ramen 3X Spicy,140 gm,199,https://chaldal.com/noodles
Nongshim Chapagetti Original Noodles,140 gm,175,https://chaldal.com/noodles
Mama Noodles (Chicken Flavour) 10 pcs,620 gm,220,https://chaldal.com/noodles
Samyang Hot Chicken Ramen 2X Spicy Cup Noodles,70 gm,160,https://chaldal.com/noodles
Samyang Hot Chicken Ramen Stew Noodles,145 gm,239,https://chaldal.com/noodles
Samyang Hot Chicken Ramen Cheese Noodles,140 gm,239,https://chaldal.com/noodles
How How Rice Stick Noodles,500 gm,369,https://chaldal.com/noodles
Nissin Cup Noodles Japanese Style Beef,66 gm,109,https://chaldal.com/noodles
Nissin Cup Noodles Japanese Style Chicken,67 gm,109,https://chaldal.com/noodles
Mama OK Instant Noodles Fried Shrimp Tom Yum Flavor,85 gm,140,https://chaldal.com/noodles
Samyang Hot Chicken Cheese Noodles,700 gm,1050,https://chaldal.com/noodles
Samyang Jjajang Hot Chicken Noodles,700 gm,1240,https://chaldal.com/noodles
Samyang Hot Chicken Karba Noodles,650 gm,1075,https://chaldal.com/noodles
Mama Cup Noodles (Hot & Spicy Flavour) 62 gm,each,110,https://chaldal.com/noodles
Nestle Maggi 2-Minute Noodles Masala,12 pack,265,https://chaldal.com/noodles
Mama Cup Noodles Instant Shrimp Tom Yum,each,190,https://chaldal.com/noodles
Imee Chicken Curry Instant Noodles,65 gm,175,https://chaldal.com/noodles
Ifad Eggy Instant Masala Noodles 4 pcs,300 gm,90,https://chaldal.com/noodles
Mama Cup Noodles (Shrimp Tomyum Flavour) 62 gm,each,110,https://chaldal.com/noodles
Sedaap Supreme Instant Korean Spicy Chicken Noodles,4 pcs,300,https://chaldal.com/noodles
Golden Grain Red Flattened Rice (Lal Chira),500 gm,65,https://chaldal.com/local-snacks
Pran Puffed Rice (Muri),500 gm,75,https://chaldal.com/local-snacks
Ruchi Jhal Chanachur,150 gm,50,https://chaldal.com/local-snacks
Pran Mango Bar,10 pcs,100,https://chaldal.com/local-snacks
Ramisa Fried Chira (Masala),200 gm,70,https://chaldal.com/local-snacks
Pran Flattened Rice (Chira),500 gm,70,https://chaldal.com/local-snacks
Ruchi Puffed Rice (Muri),200 gm,35,https://chaldal.com/local-snacks
Ruchi Bbq Chanachur,22 gm,10,https://chaldal.com/local-snacks
Ruchi Bbq Chanachur,500 gm,150,https://chaldal.com/local-snacks
Bombay Sweets Chanachur,150 gm,50,https://chaldal.com/local-snacks
Ruchi Bbq Chanachur,150 gm,50,https://chaldal.com/local-snacks
Ruchi Jhal Chanachur,500 gm,150,https://chaldal.com/local-snacks
Pran Puffed Rice (Muri),250 gm,40,https://chaldal.com/local-snacks
Bombay Sweets Chanachur,500 gm,150,https://chaldal.com/local-snacks
Pran Badam Bhaja 18 gm,4 pcs,40,https://chaldal.com/local-snacks
Ruchi Bbq Chanachur,300 gm,100,https://chaldal.com/local-snacks
Teer Puffed Rice (Muri),500 gm,75,https://chaldal.com/local-snacks
Pran Dal 20 gm (Net Weight ± 2 gm),4 pcs,40,https://chaldal.com/local-snacks
Bombay Sweets Chanachur,300 gm,100,https://chaldal.com/local-snacks
Bombay Sweets Bombay Naga Jhal Chanachur,150 gm,50,https://chaldal.com/local-snacks
Bombay Sweets Bombay Naga Jhal Chanachur,300 gm,100,https://chaldal.com/local-snacks
Dihan Salted Bakorkhani,400 gm,180,https://chaldal.com/local-snacks
Aafi Puffed Rice (Muri),500 gm,70,https://chaldal.com/local-snacks
Ruchi Premium Mix Chanachur,200 gm,120,https://chaldal.com/local-snacks
Astha Foods Nababi Choco Bakorkhani,400 gm,210,https://chaldal.com/local-snacks
CBL Munchee Chocolate Wafer,100 gm,90,https://chaldal.com/local-snacks
BPM Homemade Puffed Rice (Muri),500 gm,135,https://chaldal.com/local-snacks
Tiffany Crunch 'n' Cream Orange Wafers,65 gm,250,https://chaldal.com/local-snacks
Tiffany Crunch 'n' Cream Strawberry Wafers,76 gm,190,https://chaldal.com/local-snacks
Pran Mango Bar,30 pcs,300,https://chaldal.com/local-snacks
Golden Harvest Frozen Dal Puri 10 pcs,454 gm,145,https://chaldal.com/local-snacks
Bombay Sweets Dalmoth Namkeen,150 gm,60,https://chaldal.com/local-snacks
Ifad Eggy Stix Bar-B-Q Chips,16 gm,10,https://chaldal.com/chips-pretzels
Bombay Sweets Potato Crackers,28 gm,20,https://chaldal.com/chips-pretzels
Sun Chips Tomato Tango,35 gm,30,https://chaldal.com/chips-pretzels
Kurkure Naughty Tomato Chips,70 gm,50,https://chaldal.com/chips-pretzels
Cheese Puff,14 gm,10,https://chaldal.com/chips-pretzels
Bombay Sweets Mr. Twist,22 gm,25,https://chaldal.com/chips-pretzels
Bombay Sweets Ring Chips,25 gm,20,https://chaldal.com/chips-pretzels
Sun Chips Mix Masala,20 gm,20,https://chaldal.com/chips-pretzels
Kurkure American Style Cream & Onion Chips,25 gm,20,https://chaldal.com/chips-pretzels
Pran Potato Cracker,15 gm,10,https://chaldal.com/chips-pretzels
Bombay Sweets Cheese Ball Cheezee Corn Snacks,10 gm,10,https://chaldal.com/chips-pretzels
Sun Chips Tomato Tango,20 gm,20,https://chaldal.com/chips-pretzels
Bombay Sweets Nachoz Chutney & Lime,30 gm,20,https://chaldal.com/chips-pretzels
Bombay Sweets Alooz Spanish Tomato Flavor,20 gm,20,https://chaldal.com/chips-pretzels
Kurkure Chilli Chatka Chips,25 gm,20,https://chaldal.com/chips-pretzels
Pringles Saucy BBQ Potato Chips,134 gm,350,https://chaldal.com/chips-pretzels
Kurkure Masala Munch Chips,70 gm,50,https://chaldal.com/chips-pretzels
Mister Potato Hot & Spicy Crisps,100 gm,310,https://chaldal.com/chips-pretzels
Mister Potato BBQ Crisps,100 gm,275,https://chaldal.com/chips-pretzels
Pringles Cheddar Cheese Potato Chips,158 gm,510,https://chaldal.com/chips-pretzels
Sun Chips Tomato Tango,75 gm,60,https://chaldal.com/chips-pretzels
Sun Chips Mix Masala,75 gm,60,https://chaldal.com/chips-pretzels
Pringles Potato Chips Sour Cream & Onion,158 gm,439,https://chaldal.com/chips-pretzels
Olympic Energy Plus Biscuits,62 gm,15,https://chaldal.com/plain-biscuits
Haque Original Milk Marie Biscuit,225 gm,60,https://chaldal.com/plain-biscuits
Haque La Kokonat Cookies Biscuit,100 gm,30,https://chaldal.com/plain-biscuits
Pran Potata Spicy Biscuit,100 gm,30,https://chaldal.com/plain-biscuits
Olympic Energy Plus Biscuits,185 gm,50,https://chaldal.com/plain-biscuits
Olympic Nutty Real Peanut Biscuit,50 gm,15,https://chaldal.com/plain-biscuits
Olympic Milk Marie Biscuits,200 gm,50,https://chaldal.com/plain-biscuits
Olympic Chocolate Plus Biscuit,42 gm,10,https://chaldal.com/plain-biscuits
Olympic Butter Bite Biscuits,165 gm,50,https://chaldal.com/plain-biscuits
Haque Digestive Biscuit,120 gm,30,https://chaldal.com/plain-biscuits
Dekko Marie Classic Biscuit,222 gm,60,https://chaldal.com/plain-biscuits
Olympic Digestive High Fiber Biscuit,110 gm,30,https://chaldal.com/plain-biscuits
Haque Mr. Energy Instant Energy Biscuit,185 gm,50,https://chaldal.com/plain-biscuits
Haque Kheer Malai Biscuit,161 gm,50,https://chaldal.com/plain-biscuits
Dekko Oroma Orange Biscuits,150 gm,40,https://chaldal.com/plain-biscuits
Bakeman's Glaze Sugar Glazed Biscuit,180 gm,50,https://chaldal.com/plain-biscuits
Funtastic Milk Mate Biscuit,203 gm,50,https://chaldal.com/plain-biscuits
Ispahani Milk Marie Biscuit,200 gm,60,https://chaldal.com/plain-biscuits
Olympic First Choice Salted Biscuits,180 gm,50,https://chaldal.com/plain-biscuits
Ifad Choco Delight Biscuit,175 gm,60,https://chaldal.com/plain-biscuits
Ifad Kaju Delight Biscuit,175 gm,60,https://chaldal.com/plain-biscuits
Munchy's Lexus Chocolate Cream Sandwich Cracker,225 gm,490,https://chaldal.com/plain-biscuits
Danish Milk Marie Biscuit,200 gm,60,https://chaldal.com/plain-biscuits
Olympic Marie Gold Biscuit,190 gm,40,https://chaldal.com/plain-biscuits
Cocola Champion Chocolate Cream Biscuit,65 gm,20,https://chaldal.com/cream-biscuits
Bisk Club Shero Cream Biscuit,85 gm,30,https://chaldal.com/cream-biscuits
Fresh Fantasy Chocolate Filled Cookies Biscuit,175 gm,150,https://chaldal.com/cream-biscuits
Olympic Pineapple Cream Biscuits,40 gm,10,https://chaldal.com/cream-biscuits
Haque Milk Chocolate Digestive Biscuit,137 gm,40,https://chaldal.com/cream-biscuits
Olympic Tim Tim Orange Biscuit,40 gm,10,https://chaldal.com/cream-biscuits
Fresh Fun Fill Sandwich Chocolate Cream Biscuit,34 gm,10,https://chaldal.com/cream-biscuits
Tiffany Crunch 'n' Cream Vanilla Wafers,135 gm,320,https://chaldal.com/cream-biscuits
Munchy's Topmix Assorted Biscuits,295 gm,580,https://chaldal.com/cream-biscuits
Munchy's Lexus Cheese Cream Sandwich Cracker Biscuit,225 gm,490,https://chaldal.com/cream-biscuits
Tiffany Delights Bourbon Creams,200 gm,470,https://chaldal.com/cream-biscuits
Parle Hide & Seek Black Bourbon Choco Creme Biscuit,100 gm,195,https://chaldal.com/cream-biscuits
Ifad Butter Delight Biscuit,150 gm,50,https://chaldal.com/cream-biscuits
Ifad Orange Delight Biscuit,140 gm,40,https://chaldal.com/cream-biscuits
Munchy's Lexus Choco Coated Chocolate Cream Biscuit,200 gm,480,https://chaldal.com/cream-biscuits
Munchy's Topmix Assorted Biscuits Tin,700 gm,1870,https://chaldal.com/cream-biscuits
Kolson Macaroni Pasta Screw,400 gm,85,https://chaldal.com/pasta-macaroni
Kolson Macaroni Shell,400 gm,85,https://chaldal.com/pasta-macaroni
Farina Macaroni Premium Quality,500 gm,110,https://chaldal.com/pasta-macaroni
Farina Macaroni,400 gm,90,https://chaldal.com/pasta-macaroni
Farina Macaroni,200 gm,50,https://chaldal.com/pasta-macaroni
Kolson Macaroni Bamboo,400 gm,85,https://chaldal.com/pasta-macaroni
Kolson Macaroni Assorted Pack,500 gm,120,https://chaldal.com/pasta-macaroni
Mr. Pasta Macaroni Shells,400 gm,90,https://chaldal.com/pasta-macaroni
Farmer's Gold Pasta,400 gm,180,https://chaldal.com/pasta-macaroni
Barilla Classic Spaghettoni N.7 Pasta,500 gm,395,https://chaldal.com/pasta-macaroni
Emirates Macaroni Penne Rigate Pasta,400 gm,195,https://chaldal.com/pasta-macaroni
Emirates Macaroni Corni Corrugated Pasta,400 gm,195,https://chaldal.com/pasta-macaroni
Reggia Pasta Penne Mez,500 gm,265,https://chaldal.com/pasta-macaroni
Barilla Fusilli N.98 Pasta,500 gm,449,https://chaldal.com/pasta-macaroni
Barilla Spaghetti N.5 Pasta,500 gm,449,https://chaldal.com/pasta-macaroni
Barilla Angel Hair N.1 Pasta,500 gm,360,https://chaldal.com/pasta-macaroni
Barilla Pasta Sauce Jar Napoletana,400 gm,599,https://chaldal.com/pasta-macaroni
Barilla Pasta Sauce Jar Arrabbiata,400 gm,599,https://chaldal.com/pasta-macaroni
Barilla Pasta Sauce Jar Basilico,400 gm,599,https://chaldal.com/pasta-macaroni
Pastiano Spiralli Pasta,500 gm,240,https://chaldal.com/pasta-macaroni
Pastiano Penne Pasta,500 gm,240,https://chaldal.com/pasta-macaroni
Barilla Farfalle Pasta (436),500 gm,449,https://chaldal.com/pasta-macaroni
Barilla Penne Rigate Pasta (N.437),500 gm,449,https://chaldal.com/pasta-macaroni
Dekko Oyster Pasta,200 gm,60,https://chaldal.com/pasta-macaroni
Hat Macaroni Penne Pasta,500 gm,235,https://chaldal.com/pasta-macaroni
Knorr Soup Chicken Corn,24 gm,55,https://chaldal.com/soups
Nestle Maggi Healthy Soup Corn With Chicken 25 gm,4 pcs,220,https://chaldal.com/soups
Nestle Maggi Healthy Soup Thai Sachet,35 gm,55,https://chaldal.com/soups
Nestle Maggi Healthy Soup Corn With Chicken,25 gm,55,https://chaldal.com/soups
Knorr Soup Chicken Corn 24 gm,5 pcs,275,https://chaldal.com/soups
Knorr Soup Thai 28 gm,5 pcs,250,https://chaldal.com/soups
Knorr Soup Thai,28 gm,55,https://chaldal.com/soups
Nestle Maggi Healthy Soup Vegetables Sachet 25 gm,4 pcs,200,https://chaldal.com/soups
Nestle Maggi Healthy Soup Thai Sachet 35 gm,4 pcs,220,https://chaldal.com/soups
Ramisa Fried Nut (White) Jar,200 gm,160,https://chaldal.com/popcorn-nuts
Royal Gardens Salted Cashews,100 gm,435,https://chaldal.com/popcorn-nuts
Almonds (Kath Badam),100 gm,139,https://chaldal.com/popcorn-nuts
Walnuts (Akhrot),100 gm,179,https://chaldal.com/popcorn-nuts
Peanut Peeled (Vaja Cheena Badam),100 gm,35,https://chaldal.com/popcorn-nuts
Pran Badam Bhaja 18 gm,4 pcs,40,https://chaldal.com/popcorn-nuts
Royal Gardens Masala Cashews,150 gm,695,https://chaldal.com/popcorn-nuts
Fresh Garden Love Plum,200 gm,345,https://chaldal.com/popcorn-nuts
Golden Garden Roasted Peanut Kernels,500 gm,350,https://chaldal.com/popcorn-nuts
Victoria Chick Peas,400 gm,119,https://chaldal.com/popcorn-nuts
Blue Diamond Almonds Bold Habanero BBQ,170 gm,850,https://chaldal.com/popcorn-nuts
Blue Diamond Almonds Honey Roasted,170 gm,850,https://chaldal.com/popcorn-nuts
Blue Diamond Almonds Bold Wasabi & Soy Sauce,170 gm,850,https://chaldal.com/popcorn-nuts
Thai Park Roseberry Plum,200 gm,260,https://chaldal.com/popcorn-nuts
Fit Food Honey Roasted Almond,125 gm,260,https://chaldal.com/popcorn-nuts
Noi Party Snack,128 gm,350,https://chaldal.com/popcorn-nuts
Noi Salted Peanuts,110 gm,352,https://chaldal.com/popcorn-nuts
Noi Cuttlefish Coated Green Peas,128 gm,318,https://chaldal.com/popcorn-nuts
Nut Candy Salted Cashew Nuts (Kaju Badam),140 gm,989,https://chaldal.com/popcorn-nuts
Nut Candy Salted Peanuts,150 gm,490,https://chaldal.com/popcorn-nuts
Nut Candy Wasabi Coated Green Peas,180 gm,550,https://chaldal.com/popcorn-nuts
Tong Garden Salted Almonds,35 gm,239,https://chaldal.com/popcorn-nuts
Tong Garden Japanese Rice Cracker Mixed Coated Peanut,150 gm,675,https://chaldal.com/popcorn-nuts
Crunchos Assorted Mix Nuts Tin,350 gm,1619,https://chaldal.com/popcorn-nuts
Tong Garden Salted Pistachio (Pesta Badam),130 gm,995,https://chaldal.com/popcorn-nuts
Tong Garden Salted Almonds,140 gm,995,https://chaldal.com/popcorn-nuts
Tong Garden Salted Peanuts Can,150 gm,695,https://chaldal.com/popcorn-nuts
Tong Garden Salted Cocktail Nuts,160 gm,995,https://chaldal.com/popcorn-nuts
Tong Garden Salted Cashew Nuts Can,150 gm,995,https://chaldal.com/popcorn-nuts
Royal Gardens Garlic Roasted Cashews,150 gm,695,https://chaldal.com/popcorn-nuts
Royal Gardens Salted Cashews,150 gm,695,https://chaldal.com/popcorn-nuts
Royal Gardens Premium Nuts,100 gm,350,https://chaldal.com/popcorn-nuts
Wonder Muffin Cake 16 gm,6 pcs,60,https://chaldal.com/cakes
Olympic Dry Cake Biscuit,290 gm,150,https://chaldal.com/cakes
Ispahani Bakery Fresh Dry Cake,300 gm,150,https://chaldal.com/cakes
Olympic Chocolate Soft Cake,40 gm,20,https://chaldal.com/cakes
Dan Cake Vanilla Layer Cake 12 pack,324 gm,300,https://chaldal.com/cakes
Dan Cake Fruit Cake Sliced,300 gm,180,https://chaldal.com/cakes
Dan Cake Marble Dry Cake,280 gm,200,https://chaldal.com/cakes
Dan Cake Dry Cake,300 gm,200,https://chaldal.com/cakes
Dan Cake Marble cake,300 gm,200,https://chaldal.com/cakes
Kishwan Dry Cake,300 gm,150,https://chaldal.com/cakes
Olympic Ghee Soft Cake,40 gm,20,https://chaldal.com/cakes
Dan Cake Chocolate Pound Cake,220 gm,130,https://chaldal.com/cakes
Bragg Organic Apple Cider Vinegar,946 ml,1499,https://chaldal.com/salad-dressing
Pran Synthetic Vinegar,650 ml,55,https://chaldal.com/salad-dressing
Ahmed White Vinegar,500 ml,70,https://chaldal.com/salad-dressing
American Garden Real Mayonnaise,887 ml,1535,https://chaldal.com/salad-dressing
Kewpie Dressing Roasted Sesame Salad,210 ml,365,https://chaldal.com/salad-dressing
Herman Garlic Mayonnaise,500 gm,520,https://chaldal.com/salad-dressing
American Garden Real Mayonnaise,473 ml,965,https://chaldal.com/salad-dressing
American Garden Pizza Sauce Classic,397 ml,670,https://chaldal.com/salad-dressing
Thai Choice Som Tum Salad Dressing,200 ml,275,https://chaldal.com/salad-dressing
Remia Salad Dressing Garlic,250 ml,330,https://chaldal.com/salad-dressing
Saporito Red Grape Vinegar,500 ml,619,https://chaldal.com/salad-dressing
Ahmed White Vinegar,325 ml,58,https://chaldal.com/salad-dressing
Remia Salad Cream,250 ml,330,https://chaldal.com/salad-dressing
Tata Tea Premium,400 gm,149,https://chaldal.com/beverages-tea
Dilmah Ceylon Moroccan Mint Green Tea,40 gm,549,https://chaldal.com/beverages-tea
Ispahani Mirzapore Best Leaf Tea,500 gm,270,https://chaldal.com/beverages-tea
Seylon Family Blend Black Tea,400 gm,225,https://chaldal.com/beverages-tea
Dilmah Premium Ceylon Tea 50 gm,25 pcs,480,https://chaldal.com/beverages-tea
Kazi & Kazi Organic Moringa Herbal Infusion Tea 25 pcs,37.5 gm,290,https://chaldal.com/beverages-tea
Kazi & Kazi Organic Lemongrass Pyramid Herbal Infusion Tea 20 pcs,30 gm,210,https://chaldal.com/beverages-tea
Seylon Family Blend Black Tea,200 gm,120,https://chaldal.com/beverages-tea
Dilmah Ceylon Green Tea With Cardamom,40 gm,715,https://chaldal.com/beverages-tea
Fresh Premium Tea Bag,100 gm,95,https://chaldal.com/beverages-tea
Lipton Green Tea Bag Honey and Lemon,25 pcs,170,https://chaldal.com/beverages-tea
Tetley Green Tea Bag Pure and Original 25 pcs,32.5 gm,140,https://chaldal.com/beverages-tea
Seylon Instant Milk Tea 3 in 1,15 gm,10,https://chaldal.com/beverages-tea
Ispahani Mirzapore Tea Bag,50 pcs,100,https://chaldal.com/beverages-tea
Ispahani Mirzapore Best Leaf Tea,400 gm,230,https://chaldal.com/beverages-tea
Ispahani Mirzapore Best Leaf Tea,200 gm,116,https://chaldal.com/beverages-tea
Brooke Bond Taaza Black Tea,400 gm,250,https://chaldal.com/beverages-tea
Seylon Gold Tea,500 gm,240,https://chaldal.com/beverages-tea
Brooke Bond Taaza Black Tea,200 gm,130,https://chaldal.com/beverages-tea
Brooke Bond Taaza Tea,500 gm,250,https://chaldal.com/beverages-tea
Kazi & Kazi Organic Green Tea 40 pcs,60 gm,215,https://chaldal.com/beverages-tea
Dilmah Geen Tea with Jasmine 40 gm,20 pcs,595,https://chaldal.com/beverages-tea
Dilmah Green Tea with Camomile 30 gm,20 pcs,630,https://chaldal.com/beverages-tea
Dilmah Darjeeling Tea 50 gm,25 pcs,790,https://chaldal.com/beverages-tea
Seylon Instant Milk Tea 3 in 1 Stick Pouch,25 pcs,250,https://chaldal.com/beverages-tea
Kazi & Kazi Organic Orthodox Pyramid Black Tea 20 pcs,40 gm,190,https://chaldal.com/beverages-tea
Kazi & Kazi Organic Luxury Black Tea,400 gm,345,https://chaldal.com/beverages-tea
Kazi & Kazi Organic Luxury Black Tea,200 gm,180,https://chaldal.com/beverages-tea
Kazi & Kazi Organic Chamomile Herbal Infusion Tea 25 pcs,37.5 gm,490,https://chaldal.com/beverages-tea
Kazi & Kazi Organic Sleepy Tea 25 pcs,37.5 gm,490,https://chaldal.com/beverages-tea
Kazi & Kazi Organic Orthodox Pyramid Oolong Tea 20 pcs,40 gm,210,https://chaldal.com/beverages-tea
Kazi & Kazi Organic Orthodox Pyramid Green Tea 20 pcs,30 gm,210,https://chaldal.com/beverages-tea
Revival Lemon Green Tea,45 gm,160,https://chaldal.com/beverages-tea
Yummy Black Tea,500 gm,400,https://chaldal.com/beverages-tea
ZealCafe Instant Masala Tea (Red Tea),1 kg,360,https://chaldal.com/beverages-tea
Kd Herbal Tea,100 gm,620,https://chaldal.com/beverages-tea
Halda Valley Red Robe Oolong Tea,45 gm,245,https://chaldal.com/beverages-tea
Revival Karak Masala Tea,200 gm,220,https://chaldal.com/beverages-tea
Dr. H&H Slimming Tea Bags 30 pcs,60 gm,400,https://chaldal.com/beverages-tea
Kericho Gold Round Tea Bag 50 pcs,100 gm,329,https://chaldal.com/beverages-tea
ACME Tea Premium Gold,200 gm,110,https://chaldal.com/beverages-tea
Dilmah Ginger & Honey Black Tea,30 gm,405,https://chaldal.com/beverages-tea
Kazi & Kazi Organic Tea Turmeric Infusion 40 pcs,60 gm,295,https://chaldal.com/beverages-tea
Halda Valley Golden Eyebrow Black Tea,50 gm,500,https://chaldal.com/beverages-tea
Dilmah Ceylon Green Tea With Ceylon Cinnamon,40 gm,715,https://chaldal.com/beverages-tea
Ispahani Blender's Choice Premium Green Tea Bag 70 gm,50 pcs,205,https://chaldal.com/beverages-tea
Kazi & Kazi Organic Green Mint Tea 25 pcs,37.5 gm,295,https://chaldal.com/beverages-tea
Paragon Hajinagar PD Tea,500 gm,225,https://chaldal.com/beverages-tea
Paragon Hajinagar BOP Tea,500 gm,220,https://chaldal.com/beverages-tea
Kazi & Kazi Organic Green Lemongrass Tea 40 pcs,60 gm,220,https://chaldal.com/beverages-tea
SMC Taste Me Orange Instant Drink Powder,200 gm,120,https://chaldal.com/powder-mixes
SMC BOLT Glucose Powder,200 gm,85,https://chaldal.com/powder-mixes
Dekko Fruit Funda Soft Drink Powder (Orange),250 gm,127,https://chaldal.com/powder-mixes
Dekko Fruit Funda Mango Instant Drink Powder,250 gm,127,https://chaldal.com/powder-mixes
Dekko Fruit Funda Soft Drink Powder Mango (Free Orange Drink Powder 125 gm),500 gm,280,https://chaldal.com/powder-mixes
Tang Mango Instant Drink Powder BIB,500 gm,425,https://chaldal.com/powder-mixes
Dekko Fruit Funda Soft Drink Powder (Orange),125 gm,80,https://chaldal.com/powder-mixes
Dekko Fruit Funda Soft Drink Powder (Mango),125 gm,80,https://chaldal.com/powder-mixes
Standard Horlicks Health And Nutrition Drink Jar,250 gm,280,https://chaldal.com/powder-mixes
ISPI Mango Instant Powder Drink,750 gm,450,https://chaldal.com/powder-mixes
ISPI Orange Instant Powder Drink,250 gm,160,https://chaldal.com/powder-mixes
Hershey's Chocolate Syrup,623 gm,1029,https://chaldal.com/powder-mixes
Mother's Horlicks Health and Nutrition Drink BIB,350 gm,620,https://chaldal.com/powder-mixes
Tang Orange Flavoured Instant Drink Powder Jar,750 gm,780,https://chaldal.com/powder-mixes
ISPI Orange Instant Powder Drink,500 gm,280,https://chaldal.com/powder-mixes
Tang Mango Instant Drink Powder BIB,200 gm,200,https://chaldal.com/powder-mixes
Tang Mango Flavoured Instant Drink Powder Jar,750 gm,780,https://chaldal.com/powder-mixes
Tang Orange Instant Drink Powder BIB,75 gm,100,https://chaldal.com/powder-mixes
Tang Orange Instant Drink Powder BIB,500 gm,425,https://chaldal.com/powder-mixes
Tang Orange Instant Drink Powder BIB,200 gm,200,https://chaldal.com/powder-mixes
Shokti+ Orange Soft Drinks Powder,500 gm,400,https://chaldal.com/powder-mixes
Shokti+ Mango Soft Drinks Powder,500 gm,400,https://chaldal.com/powder-mixes
Foster Clark's Pineapple Instant Drink Powder,450 gm,500,https://chaldal.com/powder-mixes
Tang Orange Flavoured Instant Drink Powder Tub,2 kg,1900,https://chaldal.com/powder-mixes
Tang Mango Flavoured Instant Drink Powder Tub,2 kg,1900,https://chaldal.com/powder-mixes
Nutri+ Juicee+ Orange Fortified Soft Drink Powder,500 gm,280,https://chaldal.com/powder-mixes
Nutri+ Juicee+ Mango Fortified Soft Drink Powder,250 gm,150,https://chaldal.com/powder-mixes
Foster Clark's Mango Instant Drink Powder,450 gm,530,https://chaldal.com/powder-mixes
American Garden Pancake Syrup Original,710 ml,1215,https://chaldal.com/powder-mixes
Horlicks Chocolate Flavour Jar,500 gm,550,https://chaldal.com/powder-mixes
Junior Horlicks Health And Nutrition Drink Container Stage-2,500 gm,550,https://chaldal.com/powder-mixes
Maltova Health And Nutrition Drink BIB,400 gm,550,https://chaldal.com/powder-mixes
Country Time Pink lemonade Powder Drink,538 gm,1500,https://chaldal.com/powder-mixes
Country Time lemonade Powder Drink,538 gm,1550,https://chaldal.com/powder-mixes
Ovaltine Power 10 Chocolate Drink Jar,400 gm,1000,https://chaldal.com/powder-mixes
Boost Chocolate Jar,400 gm,550,https://chaldal.com/powder-mixes
ISPI Mango Instant Powder Drink,500 gm,280,https://chaldal.com/powder-mixes
ISPI Mango Instant Powder Drink,250 gm,160,https://chaldal.com/powder-mixes
Hershey's Strawberry Syrup,623 gm,939,https://chaldal.com/powder-mixes
Women's Plus Horlicks Health And Nutrition Drink Jar,400 gm,600,https://chaldal.com/powder-mixes
Horlicks Lite Health And Nutrition Drink Jar,400 gm,650,https://chaldal.com/powder-mixes
Foster Clark's Pineapple Instant Drink Powder,750 gm,840,https://chaldal.com/powder-mixes
Foster Clark's Mango Instant Drink Powder,750 gm,840,https://chaldal.com/powder-mixes
Foster Clark's Mandarin Instant Drink Powder,750 gm,840,https://chaldal.com/powder-mixes
Hamdard Amrupali Fruit Syrup,750 ml,450,https://chaldal.com/powder-mixes
SMC Taste Me Mango Instant Drink Powder,200 gm,120,https://chaldal.com/powder-mixes
SMC Plus Lemon Electrolyte Drink 250 ml (Combo Pack),6 pcs,270,https://chaldal.com/juice
Pran Drinko Litchi Juice,250 ml,30,https://chaldal.com/juice
Bruvana Sports+ Electrolyte Beverage (Mango Flavor),250 ml,40,https://chaldal.com/juice
Malee Lychee Juice,1 ltr,630,https://chaldal.com/juice
SMC Plus Orange Electrolyte Drink 250 ml (Combo Pack),6 pcs,270,https://chaldal.com/juice
Pran Frooto Mango Fruit Drink,250 ml,25,https://chaldal.com/juice
Pran Frooto Mango Fruit Drink,500 ml,45,https://chaldal.com/juice
Frutika Mango Juice,1 ltr,90,https://chaldal.com/juice
Sunquick Orange Fruit Drink,1 ltr,140,https://chaldal.com/juice
Sunquick Mango Fruit Drink,1 ltr,120,https://chaldal.com/juice
Malee 100% Pomegranate & Mixed Fruit Juice,1 ltr,630,https://chaldal.com/juice
Malee 100% Pineapple Juice,1 ltr,630,https://chaldal.com/juice
Mr. Shammi Strawberry Juice,250 ml,190,https://chaldal.com/juice
Bruvana Sports+ Electrolyte Beverage (Pineapple Flavor),250 ml,40,https://chaldal.com/juice
Pran Pomegranate Fruit Drinks,200 ml,25,https://chaldal.com/juice
Sunquick Apple-Drink Concentrate,300 ml,375,https://chaldal.com/juice
Sunquick Pink Guava & Strawberry-Drink Concentrate,300 ml,495,https://chaldal.com/juice
Sunquick Fruit Cocktail-Drink Concentrate,300 ml,450,https://chaldal.com/juice
Frutika Mango Drinks,250 ml,30,https://chaldal.com/juice
Latina 100 % Juice (Mango),1 ltr,200,https://chaldal.com/juice
Nutrilife Guava Juice,160 ml,45,https://chaldal.com/juice
Nutrilife Orange Juice,160 ml,45,https://chaldal.com/juice
Nutrilife Apple Juice,160 ml,45,https://chaldal.com/juice
Fontana Mango Juice,1 ltr,550,https://chaldal.com/juice
Pran Drinko Mango Juice,250 ml,30,https://chaldal.com/juice
Nestle Fruita Vitals Chaunsa Mango Juice,1 ltr,354,https://chaldal.com/juice
Nestle Fruita Vitals Apple Juice,1 ltr,354,https://chaldal.com/juice
Cyprina Mango Nectar,1 ltr,560,https://chaldal.com/juice
Aaram Juice Orange,1 ltr,415,https://chaldal.com/juice
Aaram Juice Apple,1 ltr,415,https://chaldal.com/juice
Aaram Juice Mango,1 ltr,415,https://chaldal.com/juice
Nutrilife Orange Juice,1 ltr,295,https://chaldal.com/juice
Nutrilife Guava Juice,1 ltr,295,https://chaldal.com/juice
Pran Drinko Pineapple Juice,250 ml,30,https://chaldal.com/juice
Shezan Mango Fruit Drink,500 ml,45,https://chaldal.com/juice
Ribena Blackcurrant Juice,850 ml,1075,https://chaldal.com/juice
Sunquick Blackcurrant Juice,700 ml,750,https://chaldal.com/juice
Shezan Mango Fruit Drinks,1 ltr,85,https://chaldal.com/juice
Nutrilife Pomegranate Juice,1 ltr,350,https://chaldal.com/juice
Nutrilife Apple Juice,1 ltr,295,https://chaldal.com/juice
Sunquick Orange-Drink Concentrate,700 ml,890,https://chaldal.com/juice
Frutika Mango Juice,500 ml,55,https://chaldal.com/juice
Latina 100 % Juice (Orange),1 ltr,285,https://chaldal.com/juice
Latina 100 % Juice (Apple),1 ltr,285,https://chaldal.com/juice
Cyprina Grape Juice,1 ltr,560,https://chaldal.com/juice
Sammi Orange Juice Can,240 ml,180,https://chaldal.com/juice
Masafi Orange Juice,2 ltr,1120,https://chaldal.com/juice
Sammi Strawberry Juice Can,250 ml,190,https://chaldal.com/juice
Fontana Grape Juice,1 ltr,639,https://chaldal.com/juice
Fontana Apple Juice,1 ltr,475,https://chaldal.com/juice
Ion Alkaline Drinking Water,650 ml,65,https://chaldal.com/water
Ion Alkaline Drinking Water,330 ml,35,https://chaldal.com/water
Aquafina Drinking Water,1 ltr,30,https://chaldal.com/water
Mum Drinking Water,500 ml,20,https://chaldal.com/water
Super Fresh Drinking Water,500 ml,20,https://chaldal.com/water
Mum Drinking Water,5 ltr,100,https://chaldal.com/water
Mum Drinking Water,2 ltr,45,https://chaldal.com/water
Aquafina Drinking Water,500 ml,20,https://chaldal.com/water
Pureit Classic Germ Kill Kit,1500 ltr,800,https://chaldal.com/water
Mum Drinking Water,330 ml,15,https://chaldal.com/water
Muskan Drinking Water,500 ml,20,https://chaldal.com/water
Muskan Drinking Water,2 ltr,40,https://chaldal.com/water
Kinley Drinking Water,500 ml,20,https://chaldal.com/water
Perrier Mineral Water,750 ml,550,https://chaldal.com/water
Mum Drinking Water,1.5 ltr,35,https://chaldal.com/water
Granular Activated Carbon Filter,each,270,https://chaldal.com/water
Evian Natural Mineral Water,500 ml,289,https://chaldal.com/water
Golden Harvest Frozen Chicken Meat Ball,400 gm,300,https://chaldal.com/chicken-snacks
Kazi Farms Kitchen Chicken Sausage 10 pcs,340 gm,260,https://chaldal.com/chicken-snacks
Golden Harvest Chicken Sausage,340 gm,260,https://chaldal.com/chicken-snacks
Golden Harvest Mini Chicken Nuggets,300 gm,240,https://chaldal.com/chicken-snacks
Kazi Farms Kitchen Spicy Chicken Nuggets,250 gm,200,https://chaldal.com/chicken-snacks
Jhatpot Chicken Nuggets 20 pcs,300 gm,240,https://chaldal.com/chicken-snacks
Golden Harvest Chicken Shami Kabab,200 gm,250,https://chaldal.com/chicken-snacks
Kazi Farms Kitchen Chicken Samosa (22-23 pcs),250 gm,215,https://chaldal.com/chicken-snacks
Golden Harvest Frozen Chicken Samosa 25 pcs,250 gm,215,https://chaldal.com/chicken-snacks
Kazi Farms Kitchen Chicken Spring Roll (23-25 pcs),250 gm,215,https://chaldal.com/chicken-snacks
Golden Harvest Mini Chicken Spring Roll 15 pcs,300 gm,235,https://chaldal.com/chicken-snacks
Country Natural Chicken Samosa,300 gm,250,https://chaldal.com/chicken-snacks
Country Natural Chicken Spicy Lollipop,400 gm,350,https://chaldal.com/chicken-snacks
Jhatpot Chicken Strips,250 gm,280,https://chaldal.com/chicken-snacks
Quality Chicken Spring Roll 25 pcs,250 gm,230,https://chaldal.com/chicken-snacks
Quality Chicken Meatball,250 gm,210,https://chaldal.com/chicken-snacks
Quality Chicken Smoked Sausage,350 gm,290,https://chaldal.com/chicken-snacks
AG Food Chicken Burger Patty 4 pcs,200 gm,200,https://chaldal.com/chicken-snacks
AG Food Chicken Mini Spring Roll,250 gm,230,https://chaldal.com/chicken-snacks
AG Food Chicken Mini Samosa,250 gm,230,https://chaldal.com/chicken-snacks
AG Food Spicy Chicken Sausage,340 gm,275,https://chaldal.com/chicken-snacks
Paragon Chicken Spring Roll 400 gm,10 pcs,320,https://chaldal.com/chicken-snacks
Paragon Chicken Popcorn,250 gm,265,https://chaldal.com/chicken-snacks
Kazi Farms Kitchen Chicken Spicy Meat Ball,250 gm,195,https://chaldal.com/chicken-snacks
Jhatpot Chicken Mini Spring Roll,200 gm,200,https://chaldal.com/chicken-snacks
Golden Harvest Spicy Chicken Sausage 340 gm,10 pcs,275,https://chaldal.com/chicken-snacks
Golden Harvest Mini Singara 20 pcs,300 gm,125,https://chaldal.com/vegetable-snacks
AG Food Vegetable Spring Roll 10 pcs,400 gm,120,https://chaldal.com/vegetable-snacks
Kazi Farms Kitchen Vegetable Spring Roll 10 pcs,400 gm,145,https://chaldal.com/vegetable-snacks
Jhatpot Aloo Puri 454 gm,10 pcs,140,https://chaldal.com/vegetable-snacks
Jhatpot Vegetables Spring Roll 360 gm,9 pcs,140,https://chaldal.com/vegetable-snacks
Jhatpot Vegetables Singara 400 gm,10 pcs,125,https://chaldal.com/vegetable-snacks
Kazi Farms Kitchen Dal Puri 10 pcs,450 gm,145,https://chaldal.com/vegetable-snacks
Welcome Light Meat Tuna In Sunflower Oil (Flake),170 gm,190,https://chaldal.com/fish-cans
King Bell Tuna Salad Vegetables,170 gm,320,https://chaldal.com/fish-cans
King Bell Tuna Salad In Tomato Sauce,170 gm,310,https://chaldal.com/fish-cans
Nautilus Lite Sandwich Tuna In Spring Water,165 gm,429,https://chaldal.com/fish-cans
Nautilus Sandwich Tuna In Soybean Oil,165 gm,319,https://chaldal.com/fish-cans
Nautilus Lite Tuna Chunk Soybean Oil,165 gm,319,https://chaldal.com/fish-cans
Roja Crumbly Crumbly Shrimp Tempura,224 gm,495,https://chaldal.com/fish-snacks
OceanRia Lobster Ball,500 gm,830,https://chaldal.com/fish-snacks
OceanRia Imitation Crab Stick,500 gm,800,https://chaldal.com/fish-snacks
OceanRia Fish Sandwich,500 gm,850,https://chaldal.com/fish-snacks
OceanRia Crab Nugget,500 gm,800,https://chaldal.com/fish-snacks
OceanRia Vegie Fish Ball,500 gm,800,https://chaldal.com/fish-snacks
OceanRia Fried Fish Ball,500 gm,499,https://chaldal.com/fish-snacks
Roja Shrimp Samosa 19-21 pcs,240 gm,240,https://chaldal.com/fish-snacks
Roja Cheezy Cheezy Fish Kieves,240 gm,320,https://chaldal.com/fish-snacks
Roja Peri Peri Fish Nugget,240 gm,235,https://chaldal.com/fish-snacks
Roja Peri Peri Fish Stick,240 gm,265,https://chaldal.com/fish-snacks
Roja Kids Shrimp Nuggets,240 gm,245,https://chaldal.com/fish-snacks
Watteh Greens Red Amaranth Microgreen,25 gm,399,https://chaldal.com/diabetic-food
Watteh Greens Radish Microgreen,25 gm,149,https://chaldal.com/diabetic-food
Watteh Greens Mustard Microgreen,25 gm,149,https://chaldal.com/diabetic-food
Ahmed Sugar Free Orange Jelly,500 gm,265,https://chaldal.com/diabetic-food
ACI Nutrilife Brown Flour (Atta),1 kg,70,https://chaldal.com/diabetic-food
ACI Nutrilife Brown Atta,2 kg,140,https://chaldal.com/diabetic-food
ACI Nutrilife Rice Bran Oil,5 ltr,1160,https://chaldal.com/diabetic-food
Teer Whole Wheat Flour (Atta),2 kg,140,https://chaldal.com/diabetic-food
Zero Cal Box 150 Sachets,,400,https://chaldal.com/diabetic-food
Zero Cal Sugar 200 Tablets,each,200,https://chaldal.com/diabetic-food
Zero Cal Stevia Natural Sugar Substitute Sachets,30 pcs,120,https://chaldal.com/diabetic-food
Zero Cal Box 75 Sachets 1 box,,250,https://chaldal.com/diabetic-food
Kellogg's Oats Cereal,400 gm,360,https://chaldal.com/diabetic-food
Trident Sugar Free Gum Spearmint Flavor,26.6 gm,140,https://chaldal.com/diabetic-food
Zerova Tablets,100 pcs,300,https://chaldal.com/diabetic-food
Sugar Free Natura Diet Sugar,80 gm,410,https://chaldal.com/diabetic-food
Eclipse Sugar Free Winterfrost Mints,35 gm,290,https://chaldal.com/diabetic-food
Iko Sugar Free Oat Bran Crackers,220 gm,730,https://chaldal.com/diabetic-food
Kellogg's Oats Cereal (Free Container),400 gm,360,https://chaldal.com/diabetic-food
Virginia White Oats,400 gm,500,https://chaldal.com/diabetic-food
Eclipse Sugar Free Mints Spearmint Flavor,35 gm,370,https://chaldal.com/diabetic-food
Iko Sugar Free Pumpkin Cookies,178 gm,610,https://chaldal.com/diabetic-food
Canderel Sucralose Jar,75 gm,790,https://chaldal.com/diabetic-food
Zero Cal Sugar 100 tablets,each,120,https://chaldal.com/diabetic-food
Pran Sugar Free Orange Jelly,450 gm,270,https://chaldal.com/diabetic-food
Zero Cal Sugar Sachets,25 pcs,100,https://chaldal.com/diabetic-food
Quaker White Oats,500 gm,599,https://chaldal.com/diabetic-food
Fresh Hand Towel (250X1 Ply),each,100,https://chaldal.com/paper-products
Fresh Perfumed Facial Tissue (150 X 2) ply Box,each,100,https://chaldal.com/paper-products
Bashundhara Kitchen Towel Rolls,2 pcs,160,https://chaldal.com/paper-products
"Fresh Paper Napkins 13"" Perfumed (100X1 Ply)",each,75,https://chaldal.com/paper-products
Bashundhara Kitchen Towel Rolls,each,85,https://chaldal.com/paper-products
Fresh kitchen Towel Roll,each,85,https://chaldal.com/paper-products
Partex Cleen Toilet Tissue,4 pcs,95,https://chaldal.com/paper-products
Bashundhara Toilet Tissue White Extra Savings Pack,4 pcs,100,https://chaldal.com/paper-products
"Bashundhara Paper Napkins 13"" Unscented",100 pcs,75,https://chaldal.com/paper-products
Fresh Toilet Tissue (Family Value Pack),4 pcs,100,https://chaldal.com/paper-products
Bashundhara Facial Tissue Perfumed (120 X 2) ply,each,85,https://chaldal.com/paper-products
Fay Toilet Tissue White 180 Sheet,each,30,https://chaldal.com/paper-products
Fresh hand towel 250 Sheet,each,110,https://chaldal.com/paper-products
Partex Cleen Toilet Tissue,2 pcs,46,https://chaldal.com/paper-products
Fresh hand towel 200 Sheet,each,95,https://chaldal.com/paper-products
Bashundhara Hand Towel White (200 X 1) ply Box,each,100,https://chaldal.com/paper-products
Partex Cleen Toilet Tissue,12 pcs,285,https://chaldal.com/paper-products
Bashundhara Gold Toilet Tissue,each,38,https://chaldal.com/paper-products
Partex Cleen Toilet Tissue,each,28,https://chaldal.com/paper-products
Mortein 2 in 1 Mosquito & Cockroach Killer Aerosol Spray,400 ml,369,https://chaldal.com/pest-control
GoodKnight Liquid Mosquito Repellent Refill,45 ml,130,https://chaldal.com/pest-control
ACI Aerosol Insect Spray,475 ml,415,https://chaldal.com/pest-control
Black Hit Anti Mosquito Aerosol Spray Lime,475 ml,415,https://chaldal.com/pest-control
Mortein Mosquito Repellent Insta Vaporizer (Machine + Refill),each,220,https://chaldal.com/pest-control
Mortein Mosquito Repellent Insta Vaporizer Refill,45 ml,130,https://chaldal.com/pest-control
Finis Black Booster Mosquito Coil,10 pcs,60,https://chaldal.com/pest-control
Baoma Mosquito Coil (No smoke),10 pcs,135,https://chaldal.com/pest-control
Finis Max Jumbo Mosquito Coil,10 pcs,60,https://chaldal.com/pest-control
Finis Booster Mosquito Coil,10 pcs,60,https://chaldal.com/pest-control
ACI Aerosol Insect Spray Jumbo,800 ml,620,https://chaldal.com/pest-control
Godrej New Hit Cockroaches Spray,400 ml,350,https://chaldal.com/pest-control
Godrej Red Hit Cockroaches Spray Fresh Fragrance,625 ml,530,https://chaldal.com/pest-control
Black Hit Anti Mosquito Aerosol Spray Lime Fresh,800 ml,620,https://chaldal.com/pest-control
Godrej Good Knight Power Activ+ (Machine + Refill),each,180,https://chaldal.com/pest-control
Weidasi Multifunction Electric Mosquito Swatter With Led Light And Charger (Orange),each,719,https://chaldal.com/pest-control
Black Hit Anti Mosquito Lime Fresh Aerosol,200 ml,225,https://chaldal.com/pest-control
Godrej Fresh Fragrance New Hit Cockroaches Aerosol (Red),200 ml,200,https://chaldal.com/pest-control
Godrej Good Knight Power Activ+ Twin Saver Pack 45 ml,each,230,https://chaldal.com/pest-control
Odomos Naturals Mosquito Repellent Spray,100 ml,670,https://chaldal.com/pest-control
Hit Chalk Kills Cockroach,15 gm,30,https://chaldal.com/pest-control
Black Hit Anti Mosquito Swatter Racquet,each,650,https://chaldal.com/pest-control
Baygon Cockroach Control,270 ml,769,https://chaldal.com/pest-control
Xpel Kids Spray & Lotion Twin Set,each,550,https://chaldal.com/pest-control
Xpel Kids Mosquito Bands Twin Pack,each,350,https://chaldal.com/pest-control
Bosny Non Poisonous Rat Glue,400 ml,570,https://chaldal.com/pest-control
Night Queen Magic Mosquito Net (Size 6'X7') Free USB LED Lamp,each,549,https://chaldal.com/pest-control
Yage Electronic Mosquito Swatter (White & Blue),each,799,https://chaldal.com/pest-control
Finis Insect Powder,40 gm,30,https://chaldal.com/pest-control
Finis Insect Powder,100 gm,45,https://chaldal.com/pest-control
ACI Cockroach Spray,400 ml,350,https://chaldal.com/pest-control
Saf1 Lavender Floor Cleaner,1 ltr,250,https://chaldal.com/floor-glass-cleaners
Rok Glazeo Scented Glass Cleaner Refill (Free 100 ml + Scrubber),250 ml,120,https://chaldal.com/floor-glass-cleaners
Shinex Floor Cleaner Natural,1000 ml,270,https://chaldal.com/floor-glass-cleaners
Shinex Glass Cleaner Spray,350 ml,140,https://chaldal.com/floor-glass-cleaners
Finis Perfume Finyle Toilet & Floor Cleaner,1 ltr,165,https://chaldal.com/floor-glass-cleaners
Saf1 Pink Dream Floor Cleaner,1 ltr,250,https://chaldal.com/floor-glass-cleaners
Lizol Floor Cleaner Citrus Disinfectant Surface,1 ltr,300,https://chaldal.com/floor-glass-cleaners
Lizol Disinfectant Surface & Floor Cleaner Citrus,500 ml,160,https://chaldal.com/floor-glass-cleaners
Finis Phenyle Extra Strong Toilet & Floor Cleaner,3 ltr,185,https://chaldal.com/floor-glass-cleaners
Mr. Brasso Glass & Multisurface Cleaner Refill,500 ml,190,https://chaldal.com/floor-glass-cleaners
Lizol Disinfectant Surface & Floor Cleaner Lavender,500 ml,160,https://chaldal.com/floor-glass-cleaners
Mr. Brasso Glass & Multisurface Cleaner Spray,500 ml,230,https://chaldal.com/floor-glass-cleaners
Lizol Floor Cleaner Floral Disinfectant Surface,1 ltr,300,https://chaldal.com/floor-glass-cleaners
Rok Pine Disinfectant Floor Cleaner,1 ltr,288,https://chaldal.com/floor-glass-cleaners
Savlon Shinex Liquid Floor Cleaner Natural (Free Leona Soap 100 gm ),1 ltr,270,https://chaldal.com/floor-glass-cleaners
Sparkbliss Screen Cleaner,200 ml,170,https://chaldal.com/floor-glass-cleaners
Sparkbliss Spring Glass Cleaner,450 ml,160,https://chaldal.com/floor-glass-cleaners
Mr. Brasso Glass & Multisurface Cleaner Refill,250 ml,100,https://chaldal.com/floor-glass-cleaners
Lizol Disinfectant Surface Cleaner Neem,500 ml,160,https://chaldal.com/floor-glass-cleaners
Lizol Disinfectant Surface Cleaner Neem,1 ltr,300,https://chaldal.com/floor-glass-cleaners
Rok Lemon Disinfectant Floor Cleaner,1 ltr,295,https://chaldal.com/floor-glass-cleaners
Amana Citrus Disinfectant Surface & Floor Cleaner,1 ltr,295,https://chaldal.com/floor-glass-cleaners
Amana Glass & Household Cleaner,5 ltr,650,https://chaldal.com/floor-glass-cleaners
Rok Glazeo Scented Glass Cleaner Spray,750 ml,255,https://chaldal.com/floor-glass-cleaners
Rok Citrus Floor Cleaner,1 ltr,295,https://chaldal.com/floor-glass-cleaners
RFL Glass Cleaner Wiper,each,65,https://chaldal.com/floor-glass-cleaners
Mysol Glass Cleaner,500 ml,200,https://chaldal.com/floor-glass-cleaners
Finex Floor Cleaner Lime Fresh,1 ltr,250,https://chaldal.com/floor-glass-cleaners
Rok Rose Disinfectant Floor Cleaner,1 ltr,295,https://chaldal.com/floor-glass-cleaners
Rok Lemon Disinfectant Floor Cleaner,500 ml,155,https://chaldal.com/floor-glass-cleaners
Rok Pine Disinfectant Floor Cleaner,500 ml,155,https://chaldal.com/floor-glass-cleaners
Lizol Disinfectant Surface & Floor Cleaner Citrus,5 ltr,1250,https://chaldal.com/floor-glass-cleaners
Lizol Disinfectant Surface & Floor Cleaner Floral,5 ltr,1250,https://chaldal.com/floor-glass-cleaners
Shinex Floor Cleaner Floral,1 ltr,285,https://chaldal.com/floor-glass-cleaners
Shinex Floor Cleaner Citrus,1 ltr,300,https://chaldal.com/floor-glass-cleaners
Finis Wood Preservative Tin,480 ml,150,https://chaldal.com/floor-glass-cleaners
Glitter Glass & Surface Cleaner,500 ml,135,https://chaldal.com/floor-glass-cleaners
Lizol Disinfectant Surface & Floor Cleaner Floral,500 ml,160,https://chaldal.com/floor-glass-cleaners
Shinex Glass Cleaner Refill,350 ml,115,https://chaldal.com/floor-glass-cleaners
Lizol Disinfectant Surface & Floor Cleaner Jasmine,500 ml,160,https://chaldal.com/floor-glass-cleaners
Cif Summer Flower & Mint Floors Cleaner,1 ltr,495,https://chaldal.com/floor-glass-cleaners
Colin Glass & Multisurface Cleaner Spray,500 ml,230,https://chaldal.com/floor-glass-cleaners
Mine Glass Cleaner (Free Mine Detergent 200 gm),500 ml,190,https://chaldal.com/floor-glass-cleaners
Shinex Floor Cleaner Floral,500 ml,160,https://chaldal.com/floor-glass-cleaners
Comode Long Handle Clean Brush,each,179,https://chaldal.com/cleaning-accessories
Rok Dishwashing Steel Scourer,each,35,https://chaldal.com/cleaning-accessories
ACI Wonder Stainless Steel Scrubber,each,25,https://chaldal.com/cleaning-accessories
Dishwashing Stainless Steel Scrubber,4 pcs,150,https://chaldal.com/cleaning-accessories
Dish Washing Scrubbing Pad,each,30,https://chaldal.com/cleaning-accessories
"Trash Bag Black - 20"" x 30""",12 pcs,283,https://chaldal.com/cleaning-accessories
Flower Broom (Ful Jharu) Large,each,159,https://chaldal.com/cleaning-accessories
Flower Broom (Ful Jharu) Medium,each,125,https://chaldal.com/cleaning-accessories
RFL China Bed Jharu (Lime Green),each,109,https://chaldal.com/cleaning-accessories
RFL Magic Clean Bucket With Mop (Green),each,2000,https://chaldal.com/cleaning-accessories
RFL Dust Pan Small (Red),each,40,https://chaldal.com/cleaning-accessories
RFL Flat Floor Mop,each,270,https://chaldal.com/cleaning-accessories
RFL Supreme Floor Mop,each,220,https://chaldal.com/cleaning-accessories
RFL Elegant Floor Mop,each,290,https://chaldal.com/cleaning-accessories
RFL Long Handle Floor Brush,each,230,https://chaldal.com/cleaning-accessories
RFL Super Premium Floor Mop,each,315,https://chaldal.com/cleaning-accessories
RFL Toilet Brush Economy 51 cm,each,65,https://chaldal.com/cleaning-accessories
RFL Glass Cleaner Wiper,each,65,https://chaldal.com/cleaning-accessories
Scotch-Brite Floor Cotton Mop,each,990,https://chaldal.com/cleaning-accessories
Planet Large Sweeping Broom,each,75,https://chaldal.com/cleaning-accessories
Npoly Dust Pan (Red) 8 x 6 inch,each,60,https://chaldal.com/cleaning-accessories
Plastic Dust Pan,each,106,https://chaldal.com/cleaning-accessories
Magic Fiber Twist Floor Steel Mop (China),each,399,https://chaldal.com/cleaning-accessories
SS Long Handle Cotton Mop China,each,540,https://chaldal.com/cleaning-accessories
Cloth Pin 4 Color,16 pcs,119,https://chaldal.com/cleaning-accessories
Sponge Mop Pva Refill 11 inch (Yellow),each,235,https://chaldal.com/cleaning-accessories
Lacy's Chefwrap 45 cm X 300 mtr,each,1159,https://chaldal.com/cleaning-accessories
"Plastic Red Broom (62"") Handle Jhul Jharu (China)",each,249,https://chaldal.com/cleaning-accessories
"Floor Hand Brush 6"" Local",each,200,https://chaldal.com/cleaning-accessories
"Comod Pump Local 17"" (Red)",each,145,https://chaldal.com/cleaning-accessories
"Comode Handle Box Brush 23""",each,244,https://chaldal.com/cleaning-accessories
"Big Broom 31"" (Shola)",each,145,https://chaldal.com/cleaning-accessories
Basin Curve Clean Brush,each,119,https://chaldal.com/cleaning-accessories
"Trash Bag White - 20"" x 30""",10 pcs,230,https://chaldal.com/cleaning-accessories
Disposable Vinyl Gloves Pack (L),each,770,https://chaldal.com/cleaning-accessories
"Plastic Floor Trapper Mat Red 23""x15"" (China)",each,249,https://chaldal.com/cleaning-accessories
Odonil Air Freshener Block Jasmine Mist,48 gm,65,https://chaldal.com/air-freshners
Godrej Aer Power Pocket Bathroom Fragrance Sea Breeze,10 gm,75,https://chaldal.com/air-freshners
Godrej Aer Power Pocket Bathroom Fragrance Rose Fresh Blossom,10 gm,75,https://chaldal.com/air-freshners
Odonil Air Freshener Block Lavender Meadows,48 gm,65,https://chaldal.com/air-freshners
Odonil Air Freshener Block Orchid Dew,48 gm,65,https://chaldal.com/air-freshners
Odonil Air Freshener Block Mystic Rose,48 gm,65,https://chaldal.com/air-freshners
Godrej Aer Room Air Freshener Spray Cool Surf Blue,300 ml,300,https://chaldal.com/air-freshners
Ermani Air Freshener (Lemon),300 ml,290,https://chaldal.com/air-freshners
Go Fresh Air Freshener Anti Tobacco,300 ml,195,https://chaldal.com/air-freshners
Go Fresh Air Freshener Strawberry,300 ml,195,https://chaldal.com/air-freshners
Bashundhara Air Freshener Orchid,300 ml,290,https://chaldal.com/air-freshners
Bashundhara Air Freshener Lotus,300 ml,240,https://chaldal.com/air-freshners
Fresh N Garden Air Freshener Orange,300 ml,220,https://chaldal.com/air-freshners
Godrej Aer Room Air Freshener Spray Monsoon Refresh,220 ml,240,https://chaldal.com/air-freshners
Godrej Aer Power Bathroom Fragrance Assorted (Buy 4 Get 1 Free),10 gm,300,https://chaldal.com/air-freshners
Fresh N Garden Oudh Air Freshener,300 ml,220,https://chaldal.com/air-freshners
Fantastik Air Freshener Natural Orchid,300 ml,280,https://chaldal.com/air-freshners
Shalimar Chandan Incense Sticks (Agarbatti),150 gm,170,https://chaldal.com/air-freshners
Fresh N Garden Air Freshener Lemon,300 ml,220,https://chaldal.com/air-freshners
Godrej Aer Room Air Freshener Spray Violet Valley Bloom,300 ml,300,https://chaldal.com/air-freshners
Odonil Air Freshener Room Spray Jasmin Fresh,300 ml,320,https://chaldal.com/air-freshners
Odonil Air Freshener Room Spray Citrus Fresh,300 ml,300,https://chaldal.com/air-freshners
Godrej Aer Power Pocket Bathroom Fragrance Fresh Blossom,10 gm,70,https://chaldal.com/air-freshners
Godrej Aer Power Pocket Bathroom Fragrance Lavender Bloom,10 gm,75,https://chaldal.com/air-freshners
Wave Air Freshener (Anti Tobacco),300 ml,290,https://chaldal.com/air-freshners
Armaf Enchanted Lemon Air Freshener,300 ml,440,https://chaldal.com/air-freshners
Spring Anti Tobacco Wild Pine Air Freshener,300 ml,300,https://chaldal.com/air-freshners
Wave Air Freshener (Lemongrass),300 ml,290,https://chaldal.com/air-freshners
Wave Air Freshener (Rojonigondha),300 ml,290,https://chaldal.com/air-freshners
Wave Air Freshener (Jasmine),300 ml,290,https://chaldal.com/air-freshners
Fresh N Fresh Air Freshener Jasmine,300 ml,400,https://chaldal.com/air-freshners
Fresh N Fresh Air Freshener Lemon,300 ml,450,https://chaldal.com/air-freshners
Fresh N Fresh Air Freshener Rose,300 ml,350,https://chaldal.com/air-freshners
Godrej Aer Cool Surf Blue Click Gel AC Vent Car Freshener,each,399,https://chaldal.com/air-freshners
Godrej Aer Twist Dashboard Car Freshener Cool Surf (Blue),45 gm,599,https://chaldal.com/air-freshners
Godrej Aer Room Air Freshener Spray Fresh Lush Green,300 ml,300,https://chaldal.com/air-freshners
Fay Air Freshener Lily 3 in 1,300 ml,320,https://chaldal.com/air-freshners
Fay Air Freshener Orchid 3 In 1,300 ml,320,https://chaldal.com/air-freshners
Fay Air Freshener Lime 3 in 1,300 ml,320,https://chaldal.com/air-freshners
Fay Air Freshener Jasmine 3 in 1,300 ml,340,https://chaldal.com/air-freshners
Fay Air Freshener Magnolia 3 in 1,300 ml,340,https://chaldal.com/air-freshners
Fay Air Freshener Rose 3 in 1,300 ml,340,https://chaldal.com/air-freshners
Fay Air Freshener Narcissus 3 in1,300 ml,320,https://chaldal.com/air-freshners
Spring Air Freshener Orange Fresh,300 ml,320,https://chaldal.com/air-freshners
Fay Air Freshener Lavender 3 in 1,300 ml,340,https://chaldal.com/air-freshners
Spring Air Freshener Lemon Fresh,300 ml,320,https://chaldal.com/air-freshners
Spring Air Freshener Floral Fresh,300 ml,320,https://chaldal.com/air-freshners
Godrej Aer Twist Dashboard Car Freshener Fresh Lush (Green),45 gm,599,https://chaldal.com/air-freshners
Angelic Fresh Air Freshener Amazonia,300 ml,340,https://chaldal.com/air-freshners
Angelic Fresh Air Freshener Orchid Breeze,300 ml,340,https://chaldal.com/air-freshners
RFL Dust Keeper Paper Basket (Red),each,100,https://chaldal.com/trash-bin-basket
RFL Sunflower Paper Basket (Blue),each,130,https://chaldal.com/trash-bin-basket
RFL Wave Paper Basket (Pink),each,115,https://chaldal.com/trash-bin-basket
RFL Wave Paper Basket (Blue),each,115,https://chaldal.com/trash-bin-basket
RFL Modern Paper Basket (Pink),each,85,https://chaldal.com/trash-bin-basket
RFL Modern Paper Basket (Blue),each,115,https://chaldal.com/trash-bin-basket
RFL Clean Paper Basket (Pink),each,110,https://chaldal.com/trash-bin-basket
RFL Clean Paper Basket (Blue),each,115,https://chaldal.com/trash-bin-basket
RFL Dust Keeper Paper Basket (Blue),each,100,https://chaldal.com/trash-bin-basket
RFL Flip And Clean Dust Bin 4 ltr,each,200,https://chaldal.com/trash-bin-basket
Fresh Hand Towel (250X1 Ply),each,100,https://chaldal.com/kitchen-accessories
Bashundhara Kitchen Towel Rolls,2 pcs,160,https://chaldal.com/kitchen-accessories
"Fresh Paper Napkins 13"" Perfumed (100X1 Ply)",each,75,https://chaldal.com/kitchen-accessories
Bashundhara Kitchen Towel Rolls,each,85,https://chaldal.com/kitchen-accessories
Fresh kitchen Towel Roll,each,85,https://chaldal.com/kitchen-accessories
RFL Stainless Steel Net Spoon 33 cm,each,105,https://chaldal.com/kitchen-accessories
RFL Vegetable Washing Net 37 cm (Red),each,115,https://chaldal.com/kitchen-accessories
Npoly Vegetable Washing Net (Red) 36 cm,each,70,https://chaldal.com/kitchen-accessories
RFL Plastic Dala Big (Red),each,240,https://chaldal.com/kitchen-accessories
"Bashundhara Paper Napkins 13"" Unscented",100 pcs,75,https://chaldal.com/kitchen-accessories
Rok Dishwashing Steel Scourer,each,35,https://chaldal.com/kitchen-accessories
Partex Cleen Kitchen Towel Roll,each,85,https://chaldal.com/kitchen-accessories
Match Box,12 pcs,35,https://chaldal.com/kitchen-accessories
Partex Cleen Kitchen Towel Roll,2 pcs,160,https://chaldal.com/kitchen-accessories
Dishwashing Stainless Steel Scrubber,4 pcs,150,https://chaldal.com/kitchen-accessories
Dish Washing Scrubbing Pad,each,30,https://chaldal.com/kitchen-accessories
Diamond Plastic Stretch Wrap 200 sq ft,each,289,https://chaldal.com/kitchen-accessories
BBQ Portable machine 17 inch,each,1489,https://chaldal.com/kitchen-accessories
BBQ Grill Tin Maker With 5 Stick Silver,each,599,https://chaldal.com/kitchen-accessories
BBQ Net Holder Clip Silver,each,929,https://chaldal.com/kitchen-accessories
Blossoms Quality Wax Paper (10 m X 30 cm),each,429,https://chaldal.com/kitchen-accessories
Spoon Stand Round,each,269,https://chaldal.com/kitchen-accessories
Stainless Steel Roncfa Knife,each,215,https://chaldal.com/kitchen-accessories
Stainless Steel Vegetable Peeler,each,269,https://chaldal.com/kitchen-accessories
BBQ Brush (Red),each,119,https://chaldal.com/kitchen-accessories
RFL Super Hero Tiffin Box,each,100,https://chaldal.com/kitchen-accessories
RFL Winner Tiffin Box Rectangular,each,150,https://chaldal.com/kitchen-accessories
RFL Modern Pen Holder Light Blue,each,65,https://chaldal.com/kitchen-accessories
RFL Two Color Magic Stool Medium Exclusive,each,375,https://chaldal.com/kitchen-accessories
RFL Two Color Magic Stool High Exclusive,each,475,https://chaldal.com/kitchen-accessories
RFL Dispo knife Trans Set,50 pcs,160,https://chaldal.com/kitchen-accessories
RFL English Dish Rack Red,each,670,https://chaldal.com/kitchen-accessories
RFL Deluxe Bowl Red 8 ltr,each,140,https://chaldal.com/kitchen-accessories
RFL Smart Kitchen Rack Mini Two Color,each,480,https://chaldal.com/kitchen-accessories
RFL Deluxe Bowl Red 3 ltr,each,80,https://chaldal.com/kitchen-accessories
RFL Caino Stool Medium Eagle Brown,each,300,https://chaldal.com/kitchen-accessories
RFL Chef Chopping Board,each,350,https://chaldal.com/kitchen-accessories
RFL Hefty Chopping Board (Lime Green),each,125,https://chaldal.com/kitchen-accessories
RFL Salad Cutting Board (Orange),each,275,https://chaldal.com/kitchen-accessories
RFL Oval Washing Net Sm Blue 32 cm,each,75,https://chaldal.com/kitchen-accessories
RFL Flower Cloth Clip Set,12 pcs,150,https://chaldal.com/kitchen-accessories
RFL Rice Washing Net Cyan Blue 40 cm,each,160,https://chaldal.com/kitchen-accessories
RFL Rice Washing Net Red 40 cm,each,160,https://chaldal.com/kitchen-accessories
RFL Apple Jug Trans 2.5 ltr,each,200,https://chaldal.com/kitchen-accessories
RFL Roman Wall Rack (Light Blue),each,330,https://chaldal.com/kitchen-accessories
RFL Rtg Spice Tray (Red),each,150,https://chaldal.com/kitchen-accessories
RFL Cherry Container Trans Set,3 pcs,310,https://chaldal.com/kitchen-accessories
RFL Family Basket,each,520,https://chaldal.com/kitchen-accessories
RFL Glass Stand Red,each,130,https://chaldal.com/kitchen-accessories
RFL Popular Chopping Board White 34 cm,each,260,https://chaldal.com/kitchen-accessories
Transtec Ceiling Rose,each,45,https://chaldal.com/electric-multiplug
Transtec 3 Pin Travel Adapter (13 AMP),each,130,https://chaldal.com/electric-multiplug
Transtec 3 Pin Plug (16 AMP),each,90,https://chaldal.com/electric-multiplug
Transtec 3 Pin Plug (13 AMP),each,80,https://chaldal.com/electric-multiplug
Transtec E27 Batten (Screw) Holder,each,40,https://chaldal.com/electric-multiplug
Many 3 Socket Power Converter Multi Plug (3 Pin),each,489,https://chaldal.com/electric-multiplug
RFL Click 3 Socket Multiplug (2 Pin),each,660,https://chaldal.com/electric-multiplug
RFL Click 4 Socket Multiplug (2 Pin),each,850,https://chaldal.com/electric-multiplug
Jackly Hardware Tools,each,249,https://chaldal.com/tools-hardware
Quality Clipper Nail Cutter,each,122,https://chaldal.com/tools-hardware
Stainless Steel Windbreak Clip,20 pcs,155,https://chaldal.com/tools-hardware
Portable Digital Weight Scale,,439,https://chaldal.com/tools-hardware
Glue Gun Stick 11 inch White,5 pcs,100,https://chaldal.com/tools-hardware
Can & Bottle Opener,each,269,https://chaldal.com/tools-hardware
Cutting Pliers (Red & Black),each,426,https://chaldal.com/tools-hardware
Feather Paint Brush,each,139,https://chaldal.com/tools-hardware
Nail Cutter,each,199,https://chaldal.com/tools-hardware
Mobaj Premium 7 Levers Lock,each,899,https://chaldal.com/tools-hardware
Stainless Steel Rice Spoon,each,197,https://chaldal.com/tools-hardware
"Forged Steel Wrench (300 mm X 12"")",each,449,https://chaldal.com/tools-hardware
RFL Deluxe Bowl Red 8 ltr,each,140,https://chaldal.com/baskets-buckets
RFL Deluxe Bowl Red 3 ltr,each,80,https://chaldal.com/baskets-buckets
RFL Family Basket,each,520,https://chaldal.com/baskets-buckets
RFL Deluxe Bucket 15 ltr (Red),each,240,https://chaldal.com/baskets-buckets
RFL Design Bucket 20 ltr (SM Blue),each,300,https://chaldal.com/baskets-buckets
RFL Design Bucket 25 ltr (Red),each,300,https://chaldal.com/baskets-buckets
RFL Design Bucket 25 ltr (SM Blue),each,350,https://chaldal.com/baskets-buckets
RFL Design Bucket 8 ltr (SM Blue),each,150,https://chaldal.com/baskets-buckets
RFL Design Bucket 8 ltr (Red),each,150,https://chaldal.com/baskets-buckets
RFL Design Bucket 5 ltr (SM Blue),each,120,https://chaldal.com/baskets-buckets
RFL Design Bowl 8 ltr (Blue),each,120,https://chaldal.com/baskets-buckets
RFL Design Bowl 8 ltr (Red),each,150,https://chaldal.com/baskets-buckets
RFL Design Bowl 3 ltr (Red),each,80,https://chaldal.com/baskets-buckets
RFL Design Bowl 3 ltr (Blue),each,80,https://chaldal.com/baskets-buckets
RFL Design Bowl 5 ltr (Red),each,110,https://chaldal.com/baskets-buckets
RFL Design Bowl 5 ltr (Blue),each,110,https://chaldal.com/baskets-buckets
RFL Round Laundry Basket (Red),each,300,https://chaldal.com/baskets-buckets
RFL Magic Clean Bucket With Mop (Green),each,2000,https://chaldal.com/baskets-buckets
Npoly Design Bucket With Lead (Red),25 ltr,445,https://chaldal.com/baskets-buckets
RFL Cane Laundry Brown Basket Big,each,980,https://chaldal.com/baskets-buckets
RFL Super Hero Tiffin Box,each,100,https://chaldal.com/box-container
RFL Winner Tiffin Box Rectangular,each,150,https://chaldal.com/box-container
RFL Cherry Container Trans Set,3 pcs,310,https://chaldal.com/box-container
RFL Classic Round Container Trans Set,5 pcs,190,https://chaldal.com/box-container
Npoly Round Food Box,3 pcs,255,https://chaldal.com/box-container
Npoly Printed Container (Tr Pink) 15 ltr,each,270,https://chaldal.com/box-container
Npoly Printed Container (Tr Pink) 10 ltr,each,195,https://chaldal.com/box-container
Malik Seeds Mishti Kumra Beej (Rongila),each,60,https://chaldal.com/gardening
Malik Seeds Lau Beej (Pallabi),each,60,https://chaldal.com/gardening
Malik Seeds Chichinga Beej (Asha),each,60,https://chaldal.com/gardening
Malik Seeds Jhinga Beej (Raman),each,60,https://chaldal.com/gardening
Malik Seeds Begun Beej (Pritam),each,60,https://chaldal.com/gardening
Malik Seeds Begun Beej (Lalita),each,60,https://chaldal.com/gardening
Malik Seeds Tok Tomato Beej (Sour Round),each,60,https://chaldal.com/gardening
RFL RTG Flower Tub Small (Sandal Wood),each,99,https://chaldal.com/gardening
RFL RTG Flower Tub Big (Sandal Wood),each,200,https://chaldal.com/gardening
RFL RTG Flower Tub Big (Tulip Green),each,200,https://chaldal.com/gardening
RFL TEL Square Flower Tub (Sandal Wood) 12 inch,each,260,https://chaldal.com/gardening
RFL TEL Square Flower Tub (Rose Wood) 12 inch,each,260,https://chaldal.com/gardening
RFL TEL Flower Tub With Tray (Fanta Orange) 14 inch,each,180,https://chaldal.com/gardening
RFL TEL Hanging Flower Tub Small (Red) 6 inch,each,60,https://chaldal.com/gardening
RFL TEL Hanging Flower Tub Small (Brown) 6 inch,each,60,https://chaldal.com/gardening
RFL TEL Modern Flower Tub With Tray (Rose Wood) 8 inch,each,80,https://chaldal.com/gardening
RFL TEL Modern Flower Tub With Tray (Rose Wood) 6 inch,each,50,https://chaldal.com/gardening
RFL TEL Modern Flower Tub With Tray (Brown) 6 inch,each,50,https://chaldal.com/gardening
RFL Grill Mounted Flower Tub (Orange) 6 inch,each,62,https://chaldal.com/gardening
RFL Grill Mounted Flower Tub (Lime Green) 6 inch,each,62,https://chaldal.com/gardening
Malik Seeds Borboti Beej (Nice Green),each,60,https://chaldal.com/gardening
Malik Seeds Mishti Kumra Beej (Black Sweet),each,60,https://chaldal.com/gardening
Malik Seeds Dhundol Beej (Aarti),each,60,https://chaldal.com/gardening
Malik Seeds Boro Korola Beej (Apon),each,60,https://chaldal.com/gardening
Malik Seeds Choto Korola Beej (Malik 1315),each,60,https://chaldal.com/gardening
Malik Seeds Shosha Beej (Moynamoti),each,60,https://chaldal.com/gardening
Malik Seeds Dherosh beej (Shomy),each,60,https://chaldal.com/gardening
Malik Seeds Morich Beej (Bijlee),each,60,https://chaldal.com/gardening
RFL English Dish Rack Red,each,670,https://chaldal.com/rack-organizer
RFL Smart Kitchen Rack Mini Two Color,each,480,https://chaldal.com/rack-organizer
RFL Flower Cloth Clip Set,12 pcs,150,https://chaldal.com/rack-organizer
RFL Heavy Rehal Red,each,200,https://chaldal.com/rack-organizer
RFL Roman Wall Rack (Light Blue),each,330,https://chaldal.com/rack-organizer
RFL Wall Hanger 10 Hooks (SM Blue),each,120,https://chaldal.com/rack-organizer
RFL Standard Mini Rack (Red & White),each,220,https://chaldal.com/rack-organizer
RFL Mini Rack (SM Blue),each,260,https://chaldal.com/rack-organizer
RFL Shoe Rack 4 Step (Red),each,550,https://chaldal.com/rack-organizer
Npoly Round Cloth Hanger (Red),each,200,https://chaldal.com/rack-organizer
"Steel Wire (22""x6"") Wall 6 Hook Hanger (China)",each,299,https://chaldal.com/rack-organizer
RFL Smart Dish Rack With Tray (Red),each,190,https://chaldal.com/rack-organizer
Kinder Comfy Fit Pants Diaper L (8-15 kg),5 pcs,129,https://chaldal.com/medium-2
Kinder Comfy Fit Pants Diaper M (6-12 kg),5 pcs,129,https://chaldal.com/medium-2
Savlon Twinkle Baby Pant Diaper L 8-15 kg,34 pcs,819,https://chaldal.com/medium-2
Savlon Twinkle Baby Pant Diaper L 8-15 kg,48 pcs,1029,https://chaldal.com/medium-2
Savlon Twinkle Baby Pant Diaper XL 12-20 kg,32 pcs,789,https://chaldal.com/medium-2
Good Care Baby Diaper 3 M Midi (4-9 kg),40 pcs,1170,https://chaldal.com/medium-2
Avonee Baby Diaper Pants S (4-8 kg),5 pcs,119,https://chaldal.com/medium-2
Comfort Baby Diaper Pant L (9-14 kg),5 pcs,119,https://chaldal.com/medium-2
Comfort Baby Diaper Pant XL (12-17 kg),32 pcs,649,https://chaldal.com/medium-2
Comfort Baby Diaper Pant L (9-14 kg),36 pcs,759,https://chaldal.com/medium-2
Comfort Baby Diaper Pant M (7-12 kg),40 pcs,639,https://chaldal.com/medium-2
Comfort Baby Diaper Pant S (3-8 kg),42 pcs,699,https://chaldal.com/medium-2
NeoCare Premium Baby Diaper Belt L (7-18 kg),50 pcs,1339,https://chaldal.com/medium-2
Fresh Happy Nappy Pant Diaper M (7- 12 kg),40 pcs,839,https://chaldal.com/medium-2
Fresh Happy Nappy Pant Diaper M (7-12 kg),5 pcs,119,https://chaldal.com/medium-2
Savlon Twinkle Baby Pant Diaper M 6-12 kg,40 pcs,869,https://chaldal.com/medium-2
Savlon Twinkle Baby Pant Diaper S 8 kg,42 pcs,829,https://chaldal.com/medium-2
Avonee Maxi 4 Baby Diaper Pants L 9-14 kg,34 pcs,749,https://chaldal.com/medium-2
Molfix Baby Diaper Pants Super Pack Juni 12-17 kg,68 pcs,3340,https://chaldal.com/medium-2
Kidstar Baby Diaper Belt L (9-18 kg),56 pcs,929,https://chaldal.com/medium-2
Kidstar Baby Diaper Belt XL (12-25 kg),50 pcs,979,https://chaldal.com/medium-2
Bashundhara Diapant Baby Diaper L 9-14 kg,34 pcs,699,https://chaldal.com/medium-2
Savlon Twinkle Baby Belt Diaper XL 11-25 Kg,32 pcs,929,https://chaldal.com/medium-2
Savlon Twinkle Baby Belt Diaper M 6-11 kg,40 pcs,959,https://chaldal.com/medium-2
Supermom Baby Diaper Belt S (3- 8 kg),5 pcs,139,https://chaldal.com/medium-2
Nannys Baby Love Diaper Belt 3 Midi 4-9 kg  (Free Wipes 72 pcs),25 pcs,749,https://chaldal.com/medium-2
Kinder Comfy Fit Pants Diaper XL (12-20 kg),4 pcs,129,https://chaldal.com/medium-2
Supermom Baby Diaper Belt L (9-14 kg),40 pcs,1179,https://chaldal.com/medium-2
Savlon Twinkle Baby Pant Diaper S 8 kg,60 pcs,1089,https://chaldal.com/medium-2
Savlon Twinkle Baby Belt Diaper (L 7-18 kg),36 pcs,919,https://chaldal.com/medium-2
Kinder Comfy Fit Pants Diaper L (8-15 kg),5 pcs,129,https://chaldal.com/large-2
Kinder Comfy Fit Pants Diaper M (6-12 kg),5 pcs,129,https://chaldal.com/large-2
Savlon Twinkle Baby Pant Diaper L 8-15 kg,34 pcs,819,https://chaldal.com/large-2
Fresh Happy Nappy Pant Diaper L (9-14 kg),34 pcs,789,https://chaldal.com/large-2
Savlon Twinkle Baby Pant Diaper L 8-15 kg,48 pcs,1029,https://chaldal.com/large-2
Savlon Twinkle Baby Pant Diaper XXL 14-25 kg,24 pcs,749,https://chaldal.com/large-2
Savlon Twinkle Baby Pant Diaper XL 12-20 kg,32 pcs,789,https://chaldal.com/large-2
Comfort Baby Diaper Pant XXL (16-25 kg),26 pcs,829,https://chaldal.com/large-2
Comfort Baby Diaper Pant L (9-14 kg),5 pcs,119,https://chaldal.com/large-2
Comfort Baby Diaper Pant XL (12-17 kg),32 pcs,649,https://chaldal.com/large-2
Comfort Baby Diaper Pant L (9-14 kg),36 pcs,759,https://chaldal.com/large-2
NeoCare Premium Baby Diaper Belt L (7-18 kg),50 pcs,1339,https://chaldal.com/large-2
Avonee Maxi 4 Baby Diaper Pants L 9-14 kg,34 pcs,749,https://chaldal.com/large-2
Molfix Baby Diaper Pants Super Pack Juni 12-17 kg,68 pcs,3340,https://chaldal.com/large-2
Kidstar Baby Diaper Belt L (9-18 kg),56 pcs,929,https://chaldal.com/large-2
Kidstar Baby Diaper Belt XL (12-25 kg),50 pcs,979,https://chaldal.com/large-2
Bashundhara Diapant Baby Diaper L 9-14 kg,34 pcs,699,https://chaldal.com/large-2
Savlon Twinkle Baby Belt Diaper XL 11-25 Kg,32 pcs,929,https://chaldal.com/large-2
Kinder Comfy Fit Pants Diaper XL (12-20 kg),4 pcs,129,https://chaldal.com/large-2
Supermom Baby Diaper Belt L (9-14 kg),40 pcs,1179,https://chaldal.com/large-2
Savlon Twinkle Baby Belt Diaper (L 7-18 kg),36 pcs,919,https://chaldal.com/large-2
Smart Care Ultra Thin Baby Pant Diaper XL (12-17 kg),46 pcs,1629,https://chaldal.com/extra-large-15-kg-diapers
Fresh Happy Nappy Pant Diaper XL (12 -17 kg),32 pcs,699,https://chaldal.com/extra-large-15-kg-diapers
Fresh Happy Nappy Pant Diaper XXL (12-25 kg),24 pcs,719,https://chaldal.com/extra-large-15-kg-diapers
Comfort Baby Diaper Pant XXXL (20-30 kg),24 pcs,829,https://chaldal.com/extra-large-15-kg-diapers
Savlon Twinkle Baby Pant Diaper XXL 14-25 kg,24 pcs,749,https://chaldal.com/extra-large-15-kg-diapers
Fresh Happy Nappy Pant Diaper XXL (12-25 kg),4 pcs,119,https://chaldal.com/extra-large-15-kg-diapers
Savlon Twinkle Baby Pant Diaper XL 12-20 kg,32 pcs,789,https://chaldal.com/extra-large-15-kg-diapers
Nannys Baby Love Diaper Belt 4 Maxi 8-18 kg (Free Wipes 72 pcs),25 pcs,925,https://chaldal.com/extra-large-15-kg-diapers
Comfort Baby Diaper Pant XXL (16-25 kg),26 pcs,829,https://chaldal.com/extra-large-15-kg-diapers
Comfort Baby Diaper Pant XL (12-17 kg),32 pcs,649,https://chaldal.com/extra-large-15-kg-diapers
Fresh Happy Nappy Pant Diaper XL (12 -17 kg),4 pcs,119,https://chaldal.com/extra-large-15-kg-diapers
Molfix Baby Diaper Pants Super Pack Extra Large 15+ kg,58 pcs,3480,https://chaldal.com/extra-large-15-kg-diapers
Molfix Baby Diaper Pants Super Pack Juni 12-17 kg,68 pcs,3340,https://chaldal.com/extra-large-15-kg-diapers
Pampers Baby Dry 8 Jumbo Plus Belt 17+ kg,52 pcs,4499,https://chaldal.com/extra-large-15-kg-diapers
Kidstar Baby Diaper Belt L (9-18 kg),56 pcs,929,https://chaldal.com/extra-large-15-kg-diapers
Kidstar Baby Diaper Belt XL (12-25 kg),50 pcs,979,https://chaldal.com/extra-large-15-kg-diapers
Savlon Twinkle Baby Belt Diaper XL 11-25 Kg,32 pcs,929,https://chaldal.com/extra-large-15-kg-diapers
Smart Care Ultra Thin Baby Pant Diaper XXL (15-25 kg),42 pcs,1629,https://chaldal.com/extra-large-15-kg-diapers
Kinder Comfy Fit Pants Diaper XL (12-20 kg),4 pcs,129,https://chaldal.com/extra-large-15-kg-diapers
Huggies Dry Pants Baby Diaper Pant XL (12-17 kg),40 pcs,2019,https://chaldal.com/extra-large-15-kg-diapers
Kinder Comfy Fit Pants Diaper M (6-12 kg),5 pcs,129,https://chaldal.com/small-2
Good Care Baby Diaper 3 M Midi (4-9 kg),40 pcs,1170,https://chaldal.com/small-2
Avonee Baby Diaper Pants S (4-8 kg),5 pcs,119,https://chaldal.com/small-2
Comfort Baby Diaper Pant M (7-12 kg),40 pcs,639,https://chaldal.com/small-2
Comfort Baby Diaper Pant S (3-8 kg),42 pcs,699,https://chaldal.com/small-2
NeoCare Premium Baby Diaper Belt L (7-18 kg),50 pcs,1339,https://chaldal.com/small-2
NeoCare Premium Baby Diaper Belt S (3-6 kg),50 pcs,939,https://chaldal.com/small-2
Fresh Happy Nappy Pant Diaper S (4-8 kg),42 pcs,779,https://chaldal.com/small-2
Fresh Happy Nappy Pant Diaper S (4-8 kg),5 pcs,119,https://chaldal.com/small-2
Savlon Twinkle Baby Pant Diaper M 6-12 kg,40 pcs,869,https://chaldal.com/small-2
Savlon Twinkle Baby Pant Diaper S 8 kg,42 pcs,829,https://chaldal.com/small-2
Kidz Baby Diaper Belt New Born (0-4 kg),25 pcs,799,https://chaldal.com/small-2
Supermom Baby Diaper Belt S (3- 8 kg),5 pcs,139,https://chaldal.com/small-2
Kinder Comfy Fit Pants Diaper S (3-8 kg),42 pcs,799,https://chaldal.com/small-2
SMC Smile Baby Diaper Belt S (3-6 kg),5 pcs,89,https://chaldal.com/small-2
Savlon Twinkle Baby Pant Diaper S 8 kg,60 pcs,1089,https://chaldal.com/small-2
Smart Care Ultra Thin Baby Diaper Belt New Born (2-5 kg),25 pcs,850,https://chaldal.com/newborn-2
Avonee Baby Diaper Pants S (4-8 kg),5 pcs,119,https://chaldal.com/newborn-2
Comfort Baby Diaper Pant S (3-8 kg),42 pcs,699,https://chaldal.com/newborn-2
NeoCare Premium Baby Diaper Belt S (3-6 kg),50 pcs,939,https://chaldal.com/newborn-2
Kidz Baby Diaper Belt New Born (0-4 kg),25 pcs,799,https://chaldal.com/newborn-2
Supermom Baby Diaper Belt S (3- 8 kg),5 pcs,139,https://chaldal.com/newborn-2
Kinder Comfy Fit Pants Diaper S (3-8 kg),42 pcs,799,https://chaldal.com/newborn-2
SMC Smile Baby Diaper Belt S (3-6 kg),5 pcs,89,https://chaldal.com/newborn-2
Standard Horlicks Health And Nutrition Drink Jar,250 gm,280,https://chaldal.com/milk-juice-drinks
Pran Mango Flavored Milk (Pouch),150 ml,25,https://chaldal.com/milk-juice-drinks
Pran Chocolate Flavored Milk (Pouch),150 ml,25,https://chaldal.com/milk-juice-drinks
Complan Chocolate Pack,350 gm,405,https://chaldal.com/milk-juice-drinks
Horlicks Chocolate Flavour Jar,500 gm,550,https://chaldal.com/milk-juice-drinks
Junior Horlicks Health And Nutrition Drink Container Stage-2,500 gm,550,https://chaldal.com/milk-juice-drinks
Standard Horlicks Health And Nutrition Drink Jar,500 gm,500,https://chaldal.com/milk-juice-drinks
Ovaltine Power 10 Chocolate Drink Jar,400 gm,1000,https://chaldal.com/milk-juice-drinks
Eldomilk 2+ Growing Up Milk Powder (2-3 Years),350 gm,495,https://chaldal.com/milk-juice-drinks
PediaSure Vanilla Delight,1 kg,3385,https://chaldal.com/milk-juice-drinks
Biomil 3 Follow Up Formula Milk Powder (1-2 Y),350 gm,645,https://chaldal.com/milk-juice-drinks
Biomil 2 Milk Powder (6-12 months),350 gm,645,https://chaldal.com/milk-juice-drinks
Biomil 1 Milk Powder (0-6 months),350 gm,625,https://chaldal.com/milk-juice-drinks
Nestle NAN 1 OPTIPRO Formula (0 to 6 months) Tin (UAE),800 gm,4099,https://chaldal.com/formula
Nestle Lactogen 4 Infant Formula Milk Powder (2-5 Y),350 gm,620,https://chaldal.com/formula
Nestle Cerelac 1 Wheat & Three Fruits (6 M+),350 gm,420,https://chaldal.com/formula
Nestle Nan Optipro 2 Formula Milk Powder (6 M+),800 gm,2375,https://chaldal.com/formula
Nestle Nan Optipro 1 Formula Milk Powder (0-6 M),800 gm,2375,https://chaldal.com/formula
Nestle Nan Optipro 2 Formula Milk Powder (6 M+),350 gm,920,https://chaldal.com/formula
Eldobaby 3 Follow Up Formula Jar (1-2 Years),350 gm,515,https://chaldal.com/formula
Nestle NAN 2 OPTIPRO Formula 6-12 months Tin (UAE),800 gm,3999,https://chaldal.com/formula
Similac Infant Formula 2 (After 6 Months),400 gm,1099,https://chaldal.com/formula
Eldobaby 3 Follow Up Formula (1-2 Years),350 gm,650,https://chaldal.com/formula
Cow & Gate Growing Up Milk 4 (From 2-3 Years),800 gm,4000,https://chaldal.com/formula
Eldomilk 2+ Growing Up Milk Powder (2-3 Years),350 gm,495,https://chaldal.com/formula
Biomil 3 Follow-Up Milk Formula Powder (1-2 Y),400 gm,830,https://chaldal.com/formula
Biomil 2 Milk (6-12 months) Tin,1 kg,1950,https://chaldal.com/formula
Mother's Smile Prima 1 Milk Tin (0-6 months),400 gm,850,https://chaldal.com/formula
Nestle Lactogen 1 Formula Milk Powder (0-6 M),350 gm,650,https://chaldal.com/formula
Nestle Nan Optipro 1 Formula Milk Powder (0-6 M),400 gm,1100,https://chaldal.com/formula
Nestle Lactogen 1 Formula Milk Powder (0-6 M),400 gm,840,https://chaldal.com/formula
Nestle NAN AL 110 Formula Milk Powder (0-6 M+),400 gm,1450,https://chaldal.com/formula
Biomil 3 Follow Up Formula Milk Powder (1-2 Y),350 gm,645,https://chaldal.com/formula
Biomil 2 Milk Powder (6-12 months),350 gm,645,https://chaldal.com/formula
Biomil 1 Milk Powder (0-6 months),350 gm,625,https://chaldal.com/formula
Similac Infant Formula 3 Tin (1-3 Years),800 gm,3949,https://chaldal.com/formula
Eldobaby 1 Infant Formula With Iron (0-6 M),400 gm,820,https://chaldal.com/formula
Parachute Just for Baby - Baby Shampoo,100 ml,199,https://chaldal.com/bath-skincare
Parachute Just For Baby - Baby Face Cream,100 gm,239,https://chaldal.com/bath-skincare
Kodomo Baby Lotion,180 ml,680,https://chaldal.com/bath-skincare
Baby Soft Baby Face Cream,50 ml,140,https://chaldal.com/bath-skincare
Baby Soft Baby Lotion,100 ml,190,https://chaldal.com/bath-skincare
Baby Soft Baby Wash,100 ml,190,https://chaldal.com/bath-skincare
Himalaya Baby Lotion,200 ml,300,https://chaldal.com/bath-skincare
Johnson's Baby Soap 50 gm (Buy 3 Get 1 Free),4 pcs,300,https://chaldal.com/bath-skincare
Johnson's Milk + Rice Baby Bath,500 ml,723,https://chaldal.com/bath-skincare
Parachute Just For Baby - Milky Glow Baby Face Cream,100 ml,285,https://chaldal.com/bath-skincare
Parachute Just For Baby - Milky Glow Baby Lotion,200 ml,415,https://chaldal.com/bath-skincare
Meril Baby Shampoo,200 ml,290,https://chaldal.com/bath-skincare
Parachute Just for Baby - Baby Shampoo,200 ml,325,https://chaldal.com/bath-skincare
Johnson's Baby Bath Milk + Rice,100 ml,175,https://chaldal.com/bath-skincare
Johnson's Baby Lotion Milk + Rice,50 gm,145,https://chaldal.com/bath-skincare
Johnson's Baby Powder Blossoms,200 gm,490,https://chaldal.com/bath-skincare
Johnson's Baby Lotion Milk + Rice,100 ml,286,https://chaldal.com/bath-skincare
Johnson's Baby Cream,50 gm,177,https://chaldal.com/bath-skincare
Johnson's Baby Soap,50 gm,114,https://chaldal.com/bath-skincare
Johnson's Baby Oil With Vitamin E,100 ml,357,https://chaldal.com/bath-skincare
Johnson's Baby Lotion With Coconut Oil,100 ml,276,https://chaldal.com/bath-skincare
Johnson's Baby Milk Soap,75 gm,140,https://chaldal.com/bath-skincare
Johnson's Baby Powder Blossoms,100 gm,260,https://chaldal.com/bath-skincare
Johnson's Baby Powder,200 gm,480,https://chaldal.com/bath-skincare
Johnson's Baby Powder,100 gm,240,https://chaldal.com/bath-skincare
Himalaya Baby Lotion,100 ml,220,https://chaldal.com/bath-skincare
Himalaya Gentle Baby Soap,75 gm,85,https://chaldal.com/bath-skincare
Himalaya Gentle Baby Shampoo,200 ml,320,https://chaldal.com/bath-skincare
Parachute Just For Baby - Baby Face Cream,50 gm,150,https://chaldal.com/bath-skincare
Parachute Just For Baby - Baby Oil,100 ml,210,https://chaldal.com/bath-skincare
Parachute Just For Baby - Baby Wash,100 ml,225,https://chaldal.com/bath-skincare
Parachute Just For Baby - Baby Soap,75 gm,95,https://chaldal.com/bath-skincare
Twinkle Baby Soap,75 gm,95,https://chaldal.com/bath-skincare
Johnson's Baby Powder,380 gm,790,https://chaldal.com/bath-skincare
Parachute Just For Baby - Baby Powder,200 gm,265,https://chaldal.com/bath-skincare
Johnson's Face Care For Normal Skin,150 ml,720,https://chaldal.com/bath-skincare
Parachute Just For Baby - Baby Lotion,200 ml,365,https://chaldal.com/bath-skincare
Parachute Just For Baby - Baby Wash,200 ml,325,https://chaldal.com/bath-skincare
Parachute Just For Baby - Baby Oil,200 ml,425,https://chaldal.com/bath-skincare
Dove Baby Sensitive Moisture Lotion,200 ml,550,https://chaldal.com/bath-skincare
Johnson's Baby Jelly Lightly Fragranced,100 ml,419,https://chaldal.com/bath-skincare
Johnson's Baby Jelly Lightly Fragranced,250 ml,900,https://chaldal.com/bath-skincare
Meril Baby Powder,100 gm,130,https://chaldal.com/bath-skincare
Johnson's Baby Oil,300 ml,850,https://chaldal.com/bath-skincare
Kodomo Baby Soap Moisturizer,75 gm,187,https://chaldal.com/bath-skincare
Kodomo Rice Milk Bath (Family),750 ml,1533,https://chaldal.com/bath-skincare
Johnson's Baby Soap,150 gm,380,https://chaldal.com/bath-skincare
Johnson's Baby Lotion Milk + Rice,200 ml,588,https://chaldal.com/bath-skincare
Kodomo Baby Powder (3+) Natural Soft Protection,180 gm,432,https://chaldal.com/bath-skincare
Kodomo Baby Bath Rice Milk Refill,650 ml,1000,https://chaldal.com/bath-skincare
Meril Baby Gel Orange Toothpaste,45 gm,100,https://chaldal.com/baby-oral-care
Pepsodent Toothpaste Kids Strawbery,45 gm,90,https://chaldal.com/baby-oral-care
Pepsodent Awesome Orange Toothpaste,45 gm,85,https://chaldal.com/baby-oral-care
Aquafresh Baby Paste (6-8 years),50 ml,325,https://chaldal.com/baby-oral-care
Parachute Just For Baby Toothpaste (Mix Fruit),45 gm,100,https://chaldal.com/baby-oral-care
Farlin Baby Floss Toothpick,50 pcs,229,https://chaldal.com/baby-oral-care
Colgate Baby Strawberry Toothpaste (0-2 years),50 ml,368,https://chaldal.com/baby-oral-care
Meril Baby Toothbrush,each,70,https://chaldal.com/baby-oral-care
Meril Baby Gel Strawberry Toothpaste,45 gm,100,https://chaldal.com/baby-oral-care
Aquafresh Little Teeth Toothpaste (3-5 Years),50 ml,440,https://chaldal.com/baby-oral-care
Kodomo Baby Toothpaste Strawberry Flavor,40 gm,133,https://chaldal.com/baby-oral-care
Aquafresh Milk Teeth Toothpaste (0-2 Years),50 ml,459,https://chaldal.com/baby-oral-care
Smart Care Ultra Thin Baby Diaper Belt New Born (2-5 kg),25 pcs,850,https://chaldal.com/newborn-essentials
NeoCare Baby Wipes,120 pcs,235,https://chaldal.com/newborn-essentials
Lion Nipple (S),each,40,https://chaldal.com/newborn-essentials
Kidz Baby Diaper Belt New Born (0-4 kg),25 pcs,799,https://chaldal.com/newborn-essentials
Angel Silicon Nipple (0-3 Months),each,55,https://chaldal.com/newborn-essentials
Farlin Herbal Baby Wet Wipes,85 pcs,615,https://chaldal.com/newborn-essentials
Angel Baby Feeding Bottle & Nipple Cleanser,500 ml,501,https://chaldal.com/newborn-essentials
Pur Baby New Born Feeder S,70 ml,350,https://chaldal.com/newborn-essentials
Supermom Baby Diaper Belt S (3- 8 kg),5 pcs,139,https://chaldal.com/newborn-essentials
Farlin Baby Cotton Buds,200 pcs,400,https://chaldal.com/baby-accessories
SmartCare Baby Bottle and Accessories Liquid Wash,500 ml,550,https://chaldal.com/baby-accessories
Pur Going Out Cup (Green) 250 ml,each,529,https://chaldal.com/baby-accessories
Lion Bottle & Nipple Brush (Blue),each,170,https://chaldal.com/baby-accessories
All-Max Maximum Protection 3 layer Medical Mask,50 pcs,400,https://chaldal.com/baby-accessories
Birthday Celebration Balloon,20 pcs,150,https://chaldal.com/baby-accessories
Smartcare Silicon Baby Teether (6+ months),each,175,https://chaldal.com/baby-accessories
Smartcare Silicon Nipple (3+ Months ) M,each,50,https://chaldal.com/baby-accessories
Smartcare Silicon Nipple (6+ months) L,each,50,https://chaldal.com/baby-accessories
Smartcare Baby pacifier Medicine Feeder,10 ml,215,https://chaldal.com/baby-accessories
Smartcare Bottle & Nipple Brush Set,each,265,https://chaldal.com/baby-accessories
Kodomo Baby Bottle Cleanser Refill,700 ml,600,https://chaldal.com/baby-accessories
Farlin Baby Floss Toothpick,50 pcs,229,https://chaldal.com/baby-accessories
Farlin Milk Powder Container Mixed Color 4 layer,,345,https://chaldal.com/baby-accessories
Farlin Baby Hair Comb & Brush Set,each,580,https://chaldal.com/baby-accessories
Farlin Breast Pump Manual,each,472,https://chaldal.com/baby-accessories
"Farlin Baby Comfortable Cot Sheet (24""X36"")",each,558,https://chaldal.com/baby-accessories
Farlin Baby Feeding Bottle & Nipple Cleanser Refill,700 ml,708,https://chaldal.com/baby-accessories
Farlin Baby Clothing Detergent,500 ml,629,https://chaldal.com/baby-accessories
Angel Baby Feeding Bottle & Nipple Cleanser,500 ml,501,https://chaldal.com/baby-accessories
Farlin Baby Feeding Bottle & Nipple Cleanser,700 ml,892,https://chaldal.com/baby-accessories
"Farlin Air-Filled Rubber Cot Sheet (24""X36"")",each,1643,https://chaldal.com/baby-accessories
Angel Breast Pump Normal (BAA-22),each,386,https://chaldal.com/baby-accessories
Angel Feeding Bottle Brush (BR-1F3),each,279,https://chaldal.com/baby-accessories
Pur Baby Feeder & Nipple Brush (R.6104) 1 set,,480,https://chaldal.com/baby-accessories
Pur Baby Brush & Comb (Pink) 1 set,,479,https://chaldal.com/baby-accessories
Pur Baby Manicure Set (Paste),each,362,https://chaldal.com/baby-accessories
Pur Going Out Cup (Pink) 250 ml,each,554,https://chaldal.com/baby-accessories
Pur Baby Plastic Bib (Pink),each,300,https://chaldal.com/baby-accessories
Meril Milk & Beli Soap Bar,100 gm,60,https://chaldal.com/womens-soaps
Radiant Raxoll Antibacterial Soap (Moisture),75 gm,60,https://chaldal.com/womens-soaps
Radiant Raxoll Antibacterial Soap (Sport),100 gm,75,https://chaldal.com/womens-soaps
Radiant Raxoll Antibacterial Soap (Moisture),100 gm,75,https://chaldal.com/womens-soaps
Dettol Soap Neem with Pure Neem Oil Shower Bar,125 gm,89,https://chaldal.com/womens-soaps
Dettol Soap Neem with Pure Neem Oil Shower Bar,75 gm,65,https://chaldal.com/womens-soaps
Dettol Original Germ Defence Soap,100 gm,80,https://chaldal.com/womens-soaps
ACI Savlon Soap Fresh 125 gm,3 pcs,225,https://chaldal.com/womens-soaps
"Dettol Soap Summer Pack (Cool, Fresh & Original) 75 gm",3 pcs,195,https://chaldal.com/womens-soaps
Dettol Soap Fresh Bathing Bar Soap With Odour Protection,125 gm,95,https://chaldal.com/womens-soaps
Dettol Soap Fresh Bathing Bar Soap With Odour Protection,75 gm,65,https://chaldal.com/womens-soaps
Pears Transparent Soap With Lemon Flower Extracts,125 gm,345,https://chaldal.com/womens-soaps
Dettol Soap Bathing Bar Original Germ Defence 125 gm (Combo Pack),2 pcs,190,https://chaldal.com/womens-soaps
ACI Neem Original (Olive & Aloe Vera) Soap,75 gm,45,https://chaldal.com/womens-soaps
ACI Savlon Mild Antiseptic Soap,125 gm,80,https://chaldal.com/womens-soaps
ACI Savlon Mild Antiseptic Soap,100 gm,70,https://chaldal.com/womens-soaps
Lifebuoy Soap Bar Care,150 gm,80,https://chaldal.com/womens-soaps
Meril Milk & Beli Soap Bar,150 gm,90,https://chaldal.com/womens-soaps
Lux Soap Bar Bright Glow,150 gm,90,https://chaldal.com/womens-soaps
Lux Soap Bar Flawless Glow,150 gm,90,https://chaldal.com/womens-soaps
Lux Soap Bar Flawless Glow,90 gm,60,https://chaldal.com/womens-soaps
Sandalina Sandal & Moisturiser Soap,100 gm,60,https://chaldal.com/womens-soaps
Dettol Bathing Soap Bar Skincare,27 gm,15,https://chaldal.com/womens-soaps
Sandalina Sandal & Rose Soap,150 gm,90,https://chaldal.com/womens-soaps
Lux Soap Bar Flawless Glow,25 gm,15,https://chaldal.com/womens-soaps
Lux Soap Bar Bright Glow,90 gm,60,https://chaldal.com/womens-soaps
Meril Milk & Kiwi Soap Bar,150 gm,80,https://chaldal.com/womens-soaps
Lifebuoy Soap Bar Mild Care 100 gm,2 pcs,94,https://chaldal.com/womens-soaps
Lux Soap Bar Flawless Glow 90 gm,2 pcs,110,https://chaldal.com/womens-soaps
Akij Health + Original Soap,100 gm,60,https://chaldal.com/womens-soaps
Lux Jasmine Soap Bar Bright Glow,75 gm,50,https://chaldal.com/womens-soaps
Dettol Soap Original Germ Defence Bathing Bar,50 gm,40,https://chaldal.com/womens-soaps
Dettol Fresh Soap 125 gm (25 gm Extra),150 gm,90,https://chaldal.com/womens-soaps
Dettol Cool Soap 125 gm (25 gm Extra),150 gm,90,https://chaldal.com/womens-soaps
Dettol Skincare With Moisturizers Soap,100 gm,75,https://chaldal.com/womens-soaps
Dettol Aloe Vera Shower Bar,100 gm,80,https://chaldal.com/womens-soaps
ACI Savlon Soap Fresh 100 gm,3 pcs,210,https://chaldal.com/womens-soaps
ACI Savlon Soap Mild 100 gm,3 pcs,210,https://chaldal.com/womens-soaps
ACI Savlon Soap Mild 125 gm,3 pcs,225,https://chaldal.com/womens-soaps
Boroplus Neem Antibacterial Moisturising Soap 100 gm,3 pcs,210,https://chaldal.com/womens-soaps
Himalaya Neem & Turmeric Soap,75 gm,50,https://chaldal.com/womens-soaps
Godrej No.1 Jasmine Soap,75 gm,40,https://chaldal.com/womens-soaps
Godrej No.1 Lime Soap,75 gm,40,https://chaldal.com/womens-soaps
Ribana Saffron Goat's Milk Soap,110 gm,950,https://chaldal.com/womens-soaps
Dr Davey Black Soap,100 gm,189,https://chaldal.com/womens-soaps
Godrej No.1 Sandal Soap,100 gm,55,https://chaldal.com/womens-soaps
Himalaya Neem & Turmeric Soap 125 gm (Buy 3 Get 1 Free),4 pcs,240,https://chaldal.com/womens-soaps
Lux Soap Bar Velvet Glow,75 gm,50,https://chaldal.com/womens-soaps
Lux Soap Bar Soft Glow,150 gm,90,https://chaldal.com/womens-soaps
Dettol Bathing Soap Bar Skincare 125 gm (Combo Pack),4 pcs,380,https://chaldal.com/womens-soaps
Nivea Express Hydration Body Lotion,380 ml,1250,https://chaldal.com/female-moisturizer
Nivea Soft Light Moisturiser Cream,50 ml,425,https://chaldal.com/female-moisturizer
Enchanteur Perfumed Body Lotion Charming Satin Smooth,500 ml,1700,https://chaldal.com/female-moisturizer
Dove Nourishing Radiance Body Care Lotion,250 ml,380,https://chaldal.com/female-moisturizer
Ponds Super Light Gel,49 gm,230,https://chaldal.com/female-moisturizer
Nature Republic Soothing & Moisture Aloe Vera Gel,300 ml,849,https://chaldal.com/female-moisturizer
Vaseline Intensive Care Cocoa Radiant Lotion,200 ml,425,https://chaldal.com/female-moisturizer
Vaseline Intensive Care Advance Strength Lotion,400 ml,825,https://chaldal.com/female-moisturizer
Nivea Soft Light Moisturiser Cream,200 ml,830,https://chaldal.com/female-moisturizer
Parachute SkinPure Skin Lotion Natural Moisture,200 ml,250,https://chaldal.com/female-moisturizer
Parachute SkinPure Skin Lotion Natural White,200 ml,260,https://chaldal.com/female-moisturizer
Parachute SkinPure Skin Lotion Natural Moisture,300 ml,340,https://chaldal.com/female-moisturizer
Parachute SkinPure Skin Lotion Natural White,100 ml,160,https://chaldal.com/female-moisturizer
Parachute SkinPure Skin Lotion Natural Moisture,100 ml,150,https://chaldal.com/female-moisturizer
Parachute SkinPure Aloe Vera Gel,100 ml,205,https://chaldal.com/female-moisturizer
Parachute SkinPure Aloe Vera Gel,50 ml,120,https://chaldal.com/female-moisturizer
Creme 21 Vitamin E Moisturizing Soft Cream,150 ml,605,https://chaldal.com/female-moisturizer
Boots Cocoa Butter Body Lotion,390 ml,1550,https://chaldal.com/female-moisturizer
Dove Nourishing Body Care Intensive Body Lotion,400 ml,715,https://chaldal.com/female-moisturizer
Koelcia Grape Soothing Gel,300 gm,1100,https://chaldal.com/female-moisturizer
Eunyul Tomato Soothing Gel,300 gm,1400,https://chaldal.com/female-moisturizer
Enchanteur Perfumed Body Lotion Gorgeous Satin Smooth,500 ml,1500,https://chaldal.com/female-moisturizer
Boroplus Moisturising Lotion Aloe Vera & Milk,300 ml,390,https://chaldal.com/female-moisturizer
O'uyuey Aloe Vera Soothing Moisturizing Gel,250 ml,440,https://chaldal.com/female-moisturizer
Enchanteur Perfumed Body Lotion Romantic Satin Smooth,500 ml,1150,https://chaldal.com/female-moisturizer
Revive Moisturizing Lotion,200 ml,260,https://chaldal.com/female-moisturizer
Vaseline Lotion Deep Restore,400 ml,850,https://chaldal.com/female-moisturizer
Vaseline Lotion Healthy Bright,100 ml,190,https://chaldal.com/female-moisturizer
Vaseline Lotion Healthy Bright,200 ml,300,https://chaldal.com/female-moisturizer
Vaseline Lotion Healthy Bright,300 ml,420,https://chaldal.com/female-moisturizer
Nivea Intensive Moisture Body Milk Lotion,250 ml,725,https://chaldal.com/female-moisturizer
Tibet Pomade,50 ml,70,https://chaldal.com/female-moisturizer
Johnson's 24 Hour Moisture Soft Cream,200 ml,849,https://chaldal.com/female-moisturizer
Care:Nel Anti-Melasma Cica Cream,40 ml,1373,https://chaldal.com/female-moisturizer
Simple Kind to Skin Hydrating Light Moisturiser,125 ml,887,https://chaldal.com/female-moisturizer
Enchanteur Perfumed Body Lotion Enticing Satin Smooth,250 ml,900,https://chaldal.com/female-moisturizer
Enchanteur Perfumed Body Lotion Charming Satin Smooth,250 ml,900,https://chaldal.com/female-moisturizer
Nivea Soft Light Moisturiser Cream,100 ml,800,https://chaldal.com/female-moisturizer
Go Fresh pocket Perfume Red Hot Fragrance,17 ml,130,https://chaldal.com/womens-perfume
Go Fresh Pocket Perfume Miracle Fragrance,17 ml,130,https://chaldal.com/womens-perfume
Go Fresh Pocket Perfume player Fragrance,17 ml,130,https://chaldal.com/womens-perfume
Go Fresh Pocket Perfume Wild Game Fragrance,17 ml,130,https://chaldal.com/womens-perfume
Go Fresh Pocket Perfume Secret Fragrance,17 ml,130,https://chaldal.com/womens-perfume
Layer'r Wottagirl Secret Crush Body Spray,135 ml,595,https://chaldal.com/womens-perfume
Layer'r Shot Red Stallion Body Spray,135 ml,595,https://chaldal.com/womens-perfume
Layer'r Shot Power Play Body Spray,135 ml,595,https://chaldal.com/womens-perfume
Colour Me Women's Body Spray Pink,150 ml,775,https://chaldal.com/womens-perfume
Lafz Premium Body Spray Dariush,120 ml,390,https://chaldal.com/womens-perfume
Fa Roll On Aqua Auatic Fresh,50 ml,289,https://chaldal.com/womens-perfume
Fa Roll On Sport,50 ml,279,https://chaldal.com/womens-perfume
Fa Roll On Caribbean Lemon,50 ml,299,https://chaldal.com/womens-perfume
CA Active Women Body Spray,200 ml,680,https://chaldal.com/womens-perfume
Lafz Ibadet Body Spray,90 ml,300,https://chaldal.com/womens-perfume
Lafz Gul Wissal Body Spray,100 ml,294,https://chaldal.com/womens-perfume
Enchanteur Pocket Perfume Romantic,18 ml,350,https://chaldal.com/womens-perfume
Enchanteur Pocket Perfume Charming,18 ml,300,https://chaldal.com/womens-perfume
Enchanteur Perfumed Deo Roll On Alluring,50 ml,500,https://chaldal.com/womens-perfume
Royal Mirage Sport Perfume,120 ml,1750,https://chaldal.com/womens-perfume
Royal Mirage Sport Body Spray,150 ml,620,https://chaldal.com/womens-perfume
Eternal Love Xlouis Women Body Spray,200 ml,780,https://chaldal.com/womens-perfume
Layer'r Wottagirl Pure Paradise Body Spray,135 ml,545,https://chaldal.com/womens-perfume
Layer'r Wottagirl Pink Angel Body Spray,135 ml,595,https://chaldal.com/womens-perfume
Ossum Body Spray Teaser,120 ml,550,https://chaldal.com/womens-perfume
Ossum Body Spray Desire,120 ml,550,https://chaldal.com/womens-perfume
Ossum Body Spray Cherish,120 ml,550,https://chaldal.com/womens-perfume
Ossum Body Spray Appeal,120 ml,550,https://chaldal.com/womens-perfume
Ossum Body Mist Pleasere,115 ml,580,https://chaldal.com/womens-perfume
Ossum Body Mist Blossom,115 ml,670,https://chaldal.com/womens-perfume
Enchanteur Perfumed Deo Spary Gorgeous,150 ml,400,https://chaldal.com/womens-perfume
Enchanteur Perfumed Deo Spary Charming,150 ml,400,https://chaldal.com/womens-perfume
Colour Me Perfume Volt,50 ml,625,https://chaldal.com/womens-perfume
Ossum Perfumed Body Mist Delight,115 ml,750,https://chaldal.com/womens-perfume
Ossum Perfumed Body Mist Romance,115 ml,750,https://chaldal.com/womens-perfume
Fogg Scent Women (I Am Queen),100 ml,900,https://chaldal.com/womens-perfume
Layer'r Wattagirl Fresh Citrus Body Spray,135 ml,699,https://chaldal.com/womens-perfume
Enchanteur Perfumed Deo Spary Romantic,150 ml,450,https://chaldal.com/womens-perfume
Enchanteur Perfumed Deo Roll On Romantic,50 ml,319,https://chaldal.com/womens-perfume
Neutrogena Deep Clean Facial Cleanser,40 gm,499,https://chaldal.com/masks-cleansers
Lafz Apple Cider Vinegar Foaming Cleanser,100 ml,399,https://chaldal.com/masks-cleansers
Xpel Body Care Cleansing Charcoal Nose Strips (6 Strips),each,250,https://chaldal.com/masks-cleansers
Clean & Clear Lemon Facial Cleanser,100 ml,380,https://chaldal.com/masks-cleansers
Clean & Clear Daily Pore Cleanser,100 ml,450,https://chaldal.com/masks-cleansers
YC Aloe Vera Peel of Mask,120 ml,280,https://chaldal.com/masks-cleansers
YC Cucumber Peel of Mask,120 ml,650,https://chaldal.com/masks-cleansers
Garnier Skin Naturals Light Complete Serum Mask,each,135,https://chaldal.com/masks-cleansers
Beauty Formulas Charcoal Detox Cleanser,150 ml,460,https://chaldal.com/masks-cleansers
Ujjwala Care Gloss Hair Serum,100 ml,490,https://chaldal.com/serum-oil-toners
Angelina Hyaluronic Booster,60 ml,160,https://chaldal.com/serum-oil-toners
Lafz Luminous Skin Face Serum Alpha Arbutin,30 ml,1399,https://chaldal.com/serum-oil-toners
Garnier Skin Naturals Light Complete Serum Mask,each,135,https://chaldal.com/serum-oil-toners
Garnier Bright Complete Serum Cream UV,45 gm,310,https://chaldal.com/serum-oil-toners
Dove Face Wash Beauty Serum Sensitive,130 gm,330,https://chaldal.com/serum-oil-toners
Beauty Formulas Tea Tree Nose Pore Strips,6 pcs,220,https://chaldal.com/serum-oil-toners
White Tone Face Powder,50 gm,300,https://chaldal.com/serum-oil-toners
The Dermalix Acne Treatment Serum,30ml,890,https://chaldal.com/serum-oil-toners
The Dermalix Brightening Serum,30 ml,890,https://chaldal.com/serum-oil-toners
Radiant Raxoll Antibacterial Soap (Moisture),75 gm,60,https://chaldal.com/mens-soaps
Radiant Raxoll Antibacterial Soap (Sport),100 gm,75,https://chaldal.com/mens-soaps
Radiant Raxoll Antibacterial Soap (Moisture),100 gm,75,https://chaldal.com/mens-soaps
Dettol Soap Neem with Pure Neem Oil Shower Bar,125 gm,89,https://chaldal.com/mens-soaps
Dettol Soap Neem with Pure Neem Oil Shower Bar,75 gm,65,https://chaldal.com/mens-soaps
Dettol Original Germ Defence Soap,100 gm,80,https://chaldal.com/mens-soaps
ACI Savlon Soap Fresh 125 gm,3 pcs,225,https://chaldal.com/mens-soaps
Dettol Soap Fresh Bathing Bar Soap With Odour Protection,125 gm,95,https://chaldal.com/mens-soaps
Dettol Soap Fresh Bathing Bar Soap With Odour Protection,75 gm,65,https://chaldal.com/mens-soaps
Dettol Soap Bathing Bar Original Germ Defence 125 gm (Combo Pack),2 pcs,190,https://chaldal.com/mens-soaps
ACI Savlon Men Soap,100 gm,70,https://chaldal.com/mens-soaps
Lifebuoy Soap Bar Total,150 gm,80,https://chaldal.com/mens-soaps
Dettol Bathing Soap Bar Skincare,125 gm,95,https://chaldal.com/mens-soaps
Dettol Skincare Bodywash,250 ml,225,https://chaldal.com/mens-soaps
Dettol Bathing Soap Bar Skincare,27 gm,15,https://chaldal.com/mens-soaps
Lifebuoy Soap Bar Lemon Fresh,90 gm,55,https://chaldal.com/mens-soaps
ACI Savlon Fresh Antiseptic Soap,125 gm,80,https://chaldal.com/mens-soaps
Lifebuoy Soap Bar Mild Care 100 gm,2 pcs,94,https://chaldal.com/mens-soaps
Akij Health + Original Soap,100 gm,60,https://chaldal.com/mens-soaps
Lux Jasmine Soap Bar Bright Glow,75 gm,50,https://chaldal.com/mens-soaps
Dettol Soap Original Germ Defence Bathing Bar,50 gm,40,https://chaldal.com/mens-soaps
Dettol Fresh Soap 125 gm (25 gm Extra),150 gm,90,https://chaldal.com/mens-soaps
Dettol Cool Soap 125 gm (25 gm Extra),150 gm,90,https://chaldal.com/mens-soaps
Dettol Skincare With Moisturizers Soap,100 gm,75,https://chaldal.com/mens-soaps
Dettol Aloe Vera Shower Bar,100 gm,80,https://chaldal.com/mens-soaps
ACI Savlon Soap Fresh 100 gm,3 pcs,210,https://chaldal.com/mens-soaps
ACI Savlon Soap Mild 100 gm,3 pcs,210,https://chaldal.com/mens-soaps
ACI Savlon Soap Mild 125 gm,3 pcs,225,https://chaldal.com/mens-soaps
Irish Spring Original Body Wash,532 ml,1360,https://chaldal.com/mens-soaps
Irish Spring Aloe Soap,104.8 gm,270,https://chaldal.com/mens-soaps
Dr Davey Black Soap,100 gm,189,https://chaldal.com/mens-soaps
Lifebuoy Mild Care Antibacterial Body Wash,300 ml,450,https://chaldal.com/mens-soaps
Godrej No.1 Sandal Soap,100 gm,55,https://chaldal.com/mens-soaps
Himalaya Neem & Turmeric Soap 125 gm (Buy 3 Get 1 Free),4 pcs,240,https://chaldal.com/mens-soaps
Dettol Original Bodywash,250 ml,200,https://chaldal.com/mens-soaps
Dettol Fresh Antibacterial Bodywash Citrus & Orange Blossom,250 ml,350,https://chaldal.com/mens-soaps
Studio X Clean & Fresh Soap For Men,75 gm,60,https://chaldal.com/mens-soaps
Dettol Bathing Soap Bar Skincare 125 gm (Combo Pack),4 pcs,380,https://chaldal.com/mens-soaps
Dettol Soap Bathing Bar Original Germ Defence 125 gm (Combo Pack),4 pcs,380,https://chaldal.com/mens-soaps
Studio X Clean & Fresh Soap for Men,125 gm,90,https://chaldal.com/mens-soaps
Nivea Fresh Natural Body Spray,150 ml,525,https://chaldal.com/mens-soaps
Wild Stone Forest Spice Soap,125 gm,188,https://chaldal.com/mens-soaps
ACI Septex Deep Clean Antiseptic Bar,100 gm,55,https://chaldal.com/mens-soaps
ACI Septex Antiseptic Bar,100 gm,50,https://chaldal.com/mens-soaps
Cute Lemon Soap,125 gm,60,https://chaldal.com/mens-soaps
Dettol Soap Bathing Bar Aloe Vera,75 gm,65,https://chaldal.com/mens-soaps
ACI Neem Original Pure Neem Soap,100 gm,55,https://chaldal.com/mens-soaps
"Dettol Soap Bathing Bar Family Pack (Cool, Skincare & Original) 75 gm",3 pcs,195,https://chaldal.com/mens-soaps
Dettol Soap Bathing Bar Original Germ Defence 75 gm (Combo Pack),3 pcs,195,https://chaldal.com/mens-soaps
Camay Romantic Beauty Soap,170 gm,350,https://chaldal.com/mens-soaps
Head & Shoulders Smooth & Silky Anti Dandruff Shampoo,1 ltr,2799,https://chaldal.com/shampoo
Clear Men Shampoo Deep Cleanse,170 ml,270,https://chaldal.com/shampoo
Clear Shampoo Men Cool Sport Menthol Anti Dandruff,330 ml,500,https://chaldal.com/shampoo
Ujjwala Care Hair Protect Men Shampoo + Conditioner,200 ml,320,https://chaldal.com/shampoo
Clear Men Shampoo Deep Cleanse,330 ml,500,https://chaldal.com/shampoo
Herbal Essences White Strawberry & Sweet Mint Conditioner,400 ml,775,https://chaldal.com/shampoo
Herbal Essences Strength Whipped Cocoa Butter Conditioner,400 ml,775,https://chaldal.com/shampoo
Head & Shoulders Cool Menthol Anti Dandruff Shampoo,1 ltr,1800,https://chaldal.com/shampoo
Head & Shoulders Smooth & Silky Anti Dandruff Shampoo,340 ml,990,https://chaldal.com/shampoo
Head & Shoulders 2 in 1 Cool Menthol Anti Dandruff Shampoo + Conditioner,340 ml,1200,https://chaldal.com/shampoo
Head & Shoulders 2 in 1 Smooth & Silky Shampoo + Conditioner,180 ml,650,https://chaldal.com/shampoo
Head & Shoulders Cool Menthol Anti Dandruff Shampoo,180 ml,530,https://chaldal.com/shampoo
Head & Shoulders Silky Black Anti Dandruff Shampoo,340 ml,990,https://chaldal.com/shampoo
Sunsilk Lively Clean & Fresh Shampoo,300 ml,725,https://chaldal.com/shampoo
Clear Shampoo Complete Active Care Anti Dandruff,330 ml,400,https://chaldal.com/shampoo
Dove Shampoo Oxygen Moisture,330 ml,470,https://chaldal.com/shampoo
Dove Shampoo Intense Repair,170 ml,200,https://chaldal.com/shampoo
Dove Shampoo Intense Repair,330 ml,440,https://chaldal.com/shampoo
Dove Shampoo Nourishing Oil Care,170 ml,200,https://chaldal.com/shampoo
Dove Shampoo Nourishing Oil Care,330 ml,470,https://chaldal.com/shampoo
Sunsilk Shampoo Lusciously Thick & Long,330 ml,350,https://chaldal.com/shampoo
Clear Shampoo Men Cool Sport Menthol Anti Dandruff,170 ml,270,https://chaldal.com/shampoo
Clear Shampoo Complete Active Care Anti Dandruff,170 ml,240,https://chaldal.com/shampoo
Kool 2 In 1 After Shave Gel Cream,50 gm,140,https://chaldal.com/shaving-needs
Gillette Blue 2 Disposable Razor,each,55,https://chaldal.com/shaving-needs
Gillette Guard Cartridges Single Cartridge,each,30,https://chaldal.com/shaving-needs
Gillette Mach3 Turbo Men's Shaving Razor,each,665,https://chaldal.com/shaving-needs
Gillette Proglide Men's Grooming Razor With Flexible Technology,each,1090,https://chaldal.com/shaving-needs
Nivea Men Cool Kick Shaving Gel,200 ml,375,https://chaldal.com/shaving-needs
Kool After Shave Lotion,50 ml,200,https://chaldal.com/shaving-needs
Nivea Men Sensitive After Shave Lotion,100 ml,1250,https://chaldal.com/shaving-needs
Nivea Men Sensitive After Shave Lotion,100 ml,550,https://chaldal.com/shaving-needs
Kool Ultra Glide Shaving Foam,200 ml,350,https://chaldal.com/shaving-needs
Kool After Shave Lotion,100 ml,300,https://chaldal.com/shaving-needs
Gillette Mach3 New Blade Razor,each,655,https://chaldal.com/shaving-needs
Gillette Fusion Manual Razor,each,1090,https://chaldal.com/shaving-needs
Kool Frosty Shaving Cream,50 gm,55,https://chaldal.com/shaving-needs
Gillette Blue 2 Disposable Razor,each,55,https://chaldal.com/razors-blades
Gillette Guard Cartridges Single Cartridge,each,30,https://chaldal.com/razors-blades
Gillette Mach3 Turbo Men's Shaving Razor,each,665,https://chaldal.com/razors-blades
Gillette Proglide Men's Grooming Razor With Flexible Technology,each,1090,https://chaldal.com/razors-blades
Gillette Mach3 New Blade Razor,each,655,https://chaldal.com/razors-blades
Gillette Fusion Manual Razor,each,1090,https://chaldal.com/razors-blades
Enchanteur Perfumed Body Lotion Charming Satin Smooth,500 ml,1700,https://chaldal.com/lotion-cream
Emami Fair And Handsome Fairness Cream,30 gm,200,https://chaldal.com/lotion-cream
Lafz Aqua Sunscreen,100 ml,750,https://chaldal.com/lotion-cream
Parachute SkinPure Aloe Vera Gel,100 ml,205,https://chaldal.com/lotion-cream
Parachute SkinPure Aloe Vera Gel,50 ml,120,https://chaldal.com/lotion-cream
Eunyul Tomato Soothing Gel,300 gm,1400,https://chaldal.com/lotion-cream
Garnier Body Bright Complete Serum Milk UV,400 ml,1480,https://chaldal.com/lotion-cream
Emami Fair And Handsome Fairness Cream,60 gm,350,https://chaldal.com/lotion-cream
Tibet Pomade,50 ml,70,https://chaldal.com/lotion-cream
Care:Nel Anti-Melasma Cica Cream,40 ml,1373,https://chaldal.com/lotion-cream
Simple Kind to Skin Hydrating Light Moisturiser,125 ml,887,https://chaldal.com/lotion-cream
Comely Shower Gel (Sunshine Garden),350 ml,300,https://chaldal.com/mens-shower-gels
The Dermalix Rose Soothing Shower Gel,250 ml,350,https://chaldal.com/mens-shower-gels
Dettol Skincare Bodywash,250 ml,225,https://chaldal.com/mens-shower-gels
Lux Body Wash French Rose & Almond Oil,245 ml,220,https://chaldal.com/mens-shower-gels
Dettol Aloe Vera Bodywash,250 ml,225,https://chaldal.com/mens-shower-gels
Dettol Cool Bodywash,250 ml,225,https://chaldal.com/mens-shower-gels
Dettol Skincare Bodywash Refill,170 ml,125,https://chaldal.com/mens-shower-gels
Dettol Lasting Fresh Bodywash Refill,170 ml,125,https://chaldal.com/mens-shower-gels
Dettol Original Bodywash,250 ml,200,https://chaldal.com/mens-shower-gels
Dettol Fresh Antibacterial Bodywash Citrus & Orange Blossom,250 ml,350,https://chaldal.com/mens-shower-gels
Nivea Men Shower Gel Power Fresh,250 ml,700,https://chaldal.com/mens-shower-gels
Nivea Men Pure Impact Shower Gel,250 ml,650,https://chaldal.com/mens-shower-gels
Biore Mens Hygienic Energy Shower Gel,250 ml,750,https://chaldal.com/mens-shower-gels
Biore Mens Cool Energy Shower Gel,250 ml,750,https://chaldal.com/mens-shower-gels
St. Ives Fresh Skin Apricot Body Wash,400 ml,850,https://chaldal.com/mens-shower-gels
Fiama Gel Bar Soap Patchouli & Macadamia,125 gm,245,https://chaldal.com/mens-shower-gels
Nivea Men Shower Gel Active Clean,250 ml,650,https://chaldal.com/mens-shower-gels
Nivea Men Energy Shower Gel,250 ml,650,https://chaldal.com/mens-shower-gels
Nivea Men Cool Kick Shower Gel,250 ml,650,https://chaldal.com/mens-shower-gels
Palmolive Aroma Alluring Love Body Wash For Women&Men,250 ml,650,https://chaldal.com/mens-shower-gels
Palmolive Aroma Sweet Delight Body Wash,250 ml,650,https://chaldal.com/mens-shower-gels
Lifebuoy Handwash Total Refill,170 ml,90,https://chaldal.com/liquid-handwash
Dettol Fresh Liquid Handwash Refill,170 ml,80,https://chaldal.com/liquid-handwash
Dettol Fresh Liquid Handwash Pump,200 ml,110,https://chaldal.com/liquid-handwash
Savlon Handwash Lemon Burst,170 ml,80,https://chaldal.com/liquid-handwash
Lifebuoy Handwash Care Refill,170 ml,90,https://chaldal.com/liquid-handwash
ACI Savlon Iris Herbal Liquid Handwash Refill,170 ml,80,https://chaldal.com/liquid-handwash
Lifebuoy Handwash Lemon Fresh Pump,200 ml,115,https://chaldal.com/liquid-handwash
ACI Savlon Herbal Iris Handwash,500 ml,200,https://chaldal.com/liquid-handwash
Dettol Handwash Original Liquid Refill,170 ml,80,https://chaldal.com/liquid-handwash
ACI Savlon Aloe Vera Antiseptic Handwash Refill,170 ml,80,https://chaldal.com/liquid-handwash
Dettol Handwash Original Liquid Pump,200 ml,110,https://chaldal.com/liquid-handwash
ACI Savlon Ocean Blue Antiseptic Handwash Refill,170 ml,80,https://chaldal.com/liquid-handwash
Dettol Handwash Skincare Liquid Refill,170 ml,80,https://chaldal.com/liquid-handwash
Sepnil Sanitizing Hand Wash Marigold (Refill),170 ml,80,https://chaldal.com/liquid-handwash
ACI Savlon Ocean Blue Handwash,1 ltr,380,https://chaldal.com/liquid-handwash
Sepnil Extra Mild Tea Oil Handwash Refill,170 ml,75,https://chaldal.com/liquid-handwash
ACI Savlon Lavender Handwash Refill,170 ml,80,https://chaldal.com/liquid-handwash
Dettol Handwash Re-Energize Liquid Refill,750 ml,270,https://chaldal.com/liquid-handwash
Godrej Magic Handwash Refill Pack,9 gm,30,https://chaldal.com/liquid-handwash
Godrej Magic Handwash Refill Lime & Aloevera 9 gm,4 pcs,124,https://chaldal.com/liquid-handwash
Lifebuoy Handwash Total Bottle,1 ltr,400,https://chaldal.com/liquid-handwash
Lifebuoy Handwash Lemon Fresh Refill Multipack 170 ml,4 pcs,300,https://chaldal.com/liquid-handwash
Sparkbliss Lavender Liquid Handwash,250 ml,115,https://chaldal.com/liquid-handwash
Sparkbliss Lemon Green Liquid Handwash,250 ml,115,https://chaldal.com/liquid-handwash
Sparkbliss Lemon Yellow Liquid Handwash,250 ml,115,https://chaldal.com/liquid-handwash
Sparkbliss Moisturizing Antibacterial Aloe Vera Liquid Handwash,250 ml,120,https://chaldal.com/liquid-handwash
Sparkbliss Aquriaum Liquid Handwash,250 ml,115,https://chaldal.com/liquid-handwash
Sparkbliss Japanese Cherry Blossom Liquid Handwash,250 ml,115,https://chaldal.com/liquid-handwash
Godrej Magic Handwash Refill Lime & Aloevera,9 gm,30,https://chaldal.com/liquid-handwash
Godrej Magic Handwash Refill Neem & Aloevera 9 gm,4 pcs,120,https://chaldal.com/liquid-handwash
Rok Handwash Apple,175 ml,84,https://chaldal.com/liquid-handwash
Lifebuoy Handwash Care Refill Multipack 170 ml,4 pcs,300,https://chaldal.com/liquid-handwash
Original Source Hand Wash Coconut,300 ml,310,https://chaldal.com/liquid-handwash
Dettol Handwash Re-Energize Liquid,5 ltr,1400,https://chaldal.com/liquid-handwash
Lifebuoy Handwash Lemon Fresh,1 ltr,400,https://chaldal.com/liquid-handwash
Dettol Handwash Aloe Vera Bottle With Push-Pull Cap,200 ml,110,https://chaldal.com/liquid-handwash
Biore Anti Bacterial Guard Hand Soap Bottle,250 ml,660,https://chaldal.com/liquid-handwash
ACI Savlon Herbal Iris Handwash,1 ltr,380,https://chaldal.com/liquid-handwash
Dettol Handwash Aloe Vera Liquid Pump,200 ml,110,https://chaldal.com/liquid-handwash
Dettol Handwash Aloe Vera Liquid Refill,170 ml,80,https://chaldal.com/liquid-handwash
Lifebuoy Handwash Lemon Fresh Refill,170 ml,90,https://chaldal.com/liquid-handwash
ACI Savlon Active Antiseptic Handwash,5 ltr,1400,https://chaldal.com/liquid-handwash
Lifebuoy Handwash Total,5 ltr,1400,https://chaldal.com/liquid-handwash
Dettol Handwash Cool Liquid Refill,170 ml,80,https://chaldal.com/liquid-handwash
Dettol Handwash Cool Liquid Pump,200 ml,110,https://chaldal.com/liquid-handwash
Dettol Handwash Skincare Liquid Pump,200 ml,110,https://chaldal.com/liquid-handwash
ACI Savlon Herbal Marigold Handwash,500 ml,200,https://chaldal.com/liquid-handwash
ACI Savlon Herbal Lavender Handwash,500 ml,200,https://chaldal.com/liquid-handwash
Sepnil Sanitizing Hand Wash Marigold,200 ml,110,https://chaldal.com/liquid-handwash
ACI Savlon Aloe Vera Antiseptic Handwash Bottle,200 ml,110,https://chaldal.com/liquid-handwash
Fresh Hand Towel (250X1 Ply),each,100,https://chaldal.com/tissue-wipes
Fresh Perfumed Facial Tissue (150 X 2) ply Box,each,100,https://chaldal.com/tissue-wipes
"Fresh Paper Napkins 13"" Perfumed (100X1 Ply)",each,75,https://chaldal.com/tissue-wipes
Fresh White Paper Napkin Non-Perfumed,100 pcs,75,https://chaldal.com/tissue-wipes
Partex Cleen Hand Towel (200X2 Ply),each,85,https://chaldal.com/tissue-wipes
"Bashundhara Paper Napkins 13"" Unscented",100 pcs,75,https://chaldal.com/tissue-wipes
Fresh Toilet Tissue (Family Value Pack),4 pcs,100,https://chaldal.com/tissue-wipes
Fay Facial Tissue Non-Perfume (150 X 2 ply) Box,each,105,https://chaldal.com/tissue-wipes
Bashundhara Toilet Tissue,4 pcs,112,https://chaldal.com/tissue-wipes
Fay Perfume Facial Tissue Perfume (150 X 2 ply) Box,each,105,https://chaldal.com/tissue-wipes
Fay Toilet Tissue White 180 Sheet,each,30,https://chaldal.com/tissue-wipes
Bashundhara Gold Toilet Tissue,each,38,https://chaldal.com/tissue-wipes
Fay Multi-fold Hand Towel 1 Ply,150 pcs,160,https://chaldal.com/tissue-wipes
Meril Milk & Beli Soap Bar,100 gm,60,https://chaldal.com/soaps
Radiant Raxoll Antibacterial Soap (Moisture),75 gm,60,https://chaldal.com/soaps
Radiant Raxoll Antibacterial Soap (Sport),100 gm,75,https://chaldal.com/soaps
Radiant Raxoll Antibacterial Soap (Moisture),100 gm,75,https://chaldal.com/soaps
Tibet Luxury Pink Soap Natural Glow,100 gm,55,https://chaldal.com/soaps
Meril Milk & Kiwi Soap Bar,150 gm,80,https://chaldal.com/soaps
Lux Jasmine Soap Bar Bright Glow,75 gm,50,https://chaldal.com/soaps
"Dettol Bathing Soap (Original, Skincare, Cool & Fresh) 75 gm",4 pcs,260,https://chaldal.com/soaps
Dettol Soap Bathing Bar Aloe Vera,125 gm,95,https://chaldal.com/soaps
Dettol Bathing Soap Bar Skincare 125 gm (Combo Pack),4 pcs,380,https://chaldal.com/soaps
Dettol Soap Bathing Bar Original Germ Defence 125 gm (Combo Pack),4 pcs,380,https://chaldal.com/soaps
Wild Stone Forest Spice Soap,125 gm,188,https://chaldal.com/soaps
Dettol Soap Bathing Bar Original Germ Defence,125 gm,95,https://chaldal.com/soaps
Dettol Soap Bathing Bar Original Germ Defence,75 gm,65,https://chaldal.com/soaps
Radiant Raxoll Antibacterial Soap (Active),75 gm,60,https://chaldal.com/soaps
Radiant Raxoll Antibacterial Soap (Active),100 gm,75,https://chaldal.com/soaps
Nivea Express Hydration Body Lotion,380 ml,1250,https://chaldal.com/lotions
Enchanteur Perfumed Body Lotion Charming Satin Smooth,500 ml,1700,https://chaldal.com/lotions
Vaseline Lotion Deep Restore,200 ml,270,https://chaldal.com/lotions
Garnier Body Bright Complete Serum Milk,400 gm,1480,https://chaldal.com/lotions
B. Tech Expert Virgin Moisturising Stretch Mark Lotion,100 ml,380,https://chaldal.com/lotions
B. Tech Expert Goat Milk Whitening Body Lotion,200 ml,265,https://chaldal.com/lotions
Vaseline Intensive Care Cocoa Radiant Lotion,200 ml,425,https://chaldal.com/lotions
Vaseline Intensive Care Advance Strength Lotion,400 ml,825,https://chaldal.com/lotions
Parachute SkinPure Skin Lotion Natural Moisture,200 ml,250,https://chaldal.com/lotions
Parachute SkinPure Skin Lotion Natural White,200 ml,260,https://chaldal.com/lotions
Parachute SkinPure Skin Lotion Natural Moisture,300 ml,340,https://chaldal.com/lotions
Parachute SkinPure Skin Lotion Natural White,100 ml,160,https://chaldal.com/lotions
Parachute SkinPure Skin Lotion Natural Moisture,100 ml,150,https://chaldal.com/lotions
Boots Cocoa Butter Body Lotion,390 ml,1550,https://chaldal.com/lotions
Dove Nourishing Body Care Intensive Body Lotion,400 ml,715,https://chaldal.com/lotions
Enchanteur Perfumed Body Lotion Gorgeous Satin Smooth,500 ml,1500,https://chaldal.com/lotions
Garnier Body Bright Complete Serum Milk UV,400 ml,1480,https://chaldal.com/lotions
Boroplus Moisturising Lotion Aloe Vera & Milk,300 ml,390,https://chaldal.com/lotions
Xpel Kids Spray & Lotion Twin Set,each,550,https://chaldal.com/lotions
Vaseline Intensive Care Body Lotion,400 ml,1250,https://chaldal.com/lotions
Enchanteur Perfumed Body Lotion Romantic Satin Smooth,500 ml,1150,https://chaldal.com/lotions
Revive Moisturizing Lotion,200 ml,260,https://chaldal.com/lotions
Vaseline Lotion Deep Restore,400 ml,850,https://chaldal.com/lotions
Vaseline Lotion Healthy Bright,100 ml,190,https://chaldal.com/lotions
Vaseline Lotion Healthy Bright,200 ml,300,https://chaldal.com/lotions
Vaseline Lotion Healthy Bright,300 ml,420,https://chaldal.com/lotions
Nivea Intensive Moisture Body Milk Lotion,250 ml,725,https://chaldal.com/lotions
Enchanteur Perfumed Body Lotion Enticing Satin Smooth,250 ml,900,https://chaldal.com/lotions
Enchanteur Perfumed Body Lotion Charming Satin Smooth,250 ml,900,https://chaldal.com/lotions
Parachute SkinPure Petroleum Jelly,15 ml,23,https://chaldal.com/petroleum-jelly
Comely Non Sticky Glycerin (Aloe vera),100 gm,150,https://chaldal.com/petroleum-jelly
Skin Secret Glycerin,125 ml,140,https://chaldal.com/petroleum-jelly
Vaseline Blueseal Cocoa Butter Jelly,250 ml,950,https://chaldal.com/petroleum-jelly
Vaseline Blueseal Vitamin E Jelly,50 ml,299,https://chaldal.com/petroleum-jelly
Vaseline Blueseal Original Petroleum Jelly,250 ml,880,https://chaldal.com/petroleum-jelly
Cute Refined Glycerine,60 ml,50,https://chaldal.com/petroleum-jelly
Cute Pomade,50 gm,70,https://chaldal.com/petroleum-jelly
Meril Petroleum Jelly Lemon Fresh,100 ml,110,https://chaldal.com/petroleum-jelly
Parachute SkinPure Petroleum Jelly,100 ml,110,https://chaldal.com/petroleum-jelly
Parachute SkinPure Petroleum Jelly,50 ml,65,https://chaldal.com/petroleum-jelly
Vaseline Petroleum Jelly,100 ml,250,https://chaldal.com/petroleum-jelly
Meril Glycerin,120 gm,115,https://chaldal.com/petroleum-jelly
Tibet Glycerin,125 gm,115,https://chaldal.com/petroleum-jelly
Vaseline Skin Protecting Jelly,5.5 ml,25,https://chaldal.com/petroleum-jelly
Vaseline Petroleum Jelly,50 ml,65,https://chaldal.com/petroleum-jelly
Meril Petroleum Jelly Lemon Fresh,50 ml,65,https://chaldal.com/petroleum-jelly
Meril Rose Water Glycerine,120 gm,200,https://chaldal.com/petroleum-jelly
La Espanola Extra Virgin Olive Oil,500 ml,1350,https://chaldal.com/body-hair-oil
Ujjwala Care Anti Hairfall Herbal Hair Oil,100 ml,200,https://chaldal.com/body-hair-oil
Ujjwala Care Skin Lightening Body Oil,200 ml,380,https://chaldal.com/body-hair-oil
Ujjwala Care Skin Lightening Body Oil,100 ml,200,https://chaldal.com/body-hair-oil
Maya All Natural Moroccan Argan Oil,30 ml,850,https://chaldal.com/body-hair-oil
Maya All Natural Spanish Rosehip Seed Oil,30 ml,850,https://chaldal.com/body-hair-oil
Maya True Herbs Marula Oil,30 ml,850,https://chaldal.com/body-hair-oil
Kd Natures Aid Rose Oil,50 ml,280,https://chaldal.com/body-hair-oil
Olio Orolio Massage Oil,250 ml,480,https://chaldal.com/body-hair-oil
Ambassador Spanish Olive Oil,250 ml,780,https://chaldal.com/body-hair-oil
Oillina Natural Skin Care Olive Oil,100 ml,220,https://chaldal.com/body-hair-oil
Nivea Men Oil Control Moisturizer,50 ml,850,https://chaldal.com/body-hair-oil
Parachute SkinPure Beauty Olive Oil,200 ml,320,https://chaldal.com/body-hair-oil
Olitalia Italian Olive Oil,100 ml,475,https://chaldal.com/body-hair-oil
Parachute Advansed Aloe Vera Hair Oil 250 ml,2 pcs,640,https://chaldal.com/body-hair-oil
Livon Hair Serum,50 ml,300,https://chaldal.com/body-hair-oil
Bio Oil Specialist Skincare Oil,60 ml,650,https://chaldal.com/body-hair-oil
Meril Olive Oil Tin Jar,150 ml,450,https://chaldal.com/body-hair-oil
Himani Navaratna Cool Ayurvedic Hair Oil,200 ml,280,https://chaldal.com/body-hair-oil
Ujjwala Care Anti Hairfall Herbal Hair Oil,200 ml,380,https://chaldal.com/body-hair-oil
Maya True Herbs Cooling Coconut Hair Oil,200 ml,250,https://chaldal.com/body-hair-oil
Vaseline Lip Therapy Original,4.8 gm,225,https://chaldal.com/lipsticks-lip-balm
Vaseline Lip Therapy Rosy Lips,20 gm,350,https://chaldal.com/lipsticks-lip-balm
Meril Lip Balm Lemon,4.8 gm,50,https://chaldal.com/lipsticks-lip-balm
Vaseline Lip Therapy Original,20 gm,259,https://chaldal.com/lipsticks-lip-balm
Vaseline Lip Therapy Aloe Vera,20 gm,309,https://chaldal.com/lipsticks-lip-balm
Lilac Lip Balm Rose,30 gm,200,https://chaldal.com/lipsticks-lip-balm
Lipsilk Lip Balm Strawberry,7 gm,210,https://chaldal.com/lipsticks-lip-balm
Nivea Soft Rose Lip Care,4.8 gm,500,https://chaldal.com/lipsticks-lip-balm
Meril Lip Balm Strawberry,4.8 gm,50,https://chaldal.com/lipsticks-lip-balm
Glow & Lovely Face Cream Blemish Balm,40 gm,240,https://chaldal.com/lipsticks-lip-balm
Vaseline Lip Therapy Rose & Almond Oil,20 gm,350,https://chaldal.com/lipsticks-lip-balm
Keya Lipgel Tube,6 gm,18,https://chaldal.com/lipsticks-lip-balm
Meril Lipgel,each,50,https://chaldal.com/lipsticks-lip-balm
Godrej Permanent Liquid Hair Dye Black (Buy 1 Get 1 Free),40 ml,150,https://chaldal.com/hair-color
Godrej Expert Easy 5 Minute Shampoo Based Hair Color (Black),10 gm,30,https://chaldal.com/hair-color
Bigen Hair Color & Conditioner (Light Brown),80 gm,750,https://chaldal.com/hair-color
Bigen Hair Color & Conditioner (Natural Brown),80 gm,700,https://chaldal.com/hair-color
Bigen Hair Color & Conditioner (Dark Brown),80 gm,700,https://chaldal.com/hair-color
Bigen Hair Color & Conditioner (Natural Black),80 gm,700,https://chaldal.com/hair-color
Kangaro Stapler Pin No.10 Small 1000 staples,,39,https://chaldal.com/stapler-punch
Deli Stapler Machine (Green),each,90,https://chaldal.com/stapler-punch
Deli Stapler Machine (Blue),each,90,https://chaldal.com/stapler-punch
Kangaro Punch Machine (Light Yellow Green),each,179,https://chaldal.com/stapler-punch
Kangaro Pin Remover (Red),each,109,https://chaldal.com/stapler-punch
Kangaro Pin Remover (Black),each,149,https://chaldal.com/stapler-punch
Deli Stapler Machine (White),each,80,https://chaldal.com/stapler-punch
Deli Pin Remover,each,79,https://chaldal.com/stapler-punch
Deli Stapler Machine,each,215,https://chaldal.com/stapler-punch
Kangaro Stapler Machine Medium,each,189,https://chaldal.com/stapler-punch
Kangaro Punch Machine,each,169,https://chaldal.com/stapler-punch
Kangaro Pin Remover,each,99,https://chaldal.com/stapler-punch
Bili Management File A4 (Purple),each,39,https://chaldal.com/file-folder
Bili Management File A4 (Blue),each,39,https://chaldal.com/file-folder
Bili Management File A4 (Green),each,39,https://chaldal.com/file-folder
Transparent File Folder,each,39,https://chaldal.com/file-folder
Court File (Orange),each,79,https://chaldal.com/file-folder
Court File (Blue),each,79,https://chaldal.com/file-folder
Court File (Yellow),each,69,https://chaldal.com/file-folder
RFL Good Luck Three Station File Organizer,each,300,https://chaldal.com/file-folder
Deli Management File,each,35,https://chaldal.com/file-folder
Bag File,each,649,https://chaldal.com/file-folder
Court File,each,49,https://chaldal.com/file-folder
Bili Management File A4 (Orange),each,39,https://chaldal.com/file-folder
Deli Student Ruler Compass Set Blue,each,125,https://chaldal.com/measuring
Deli Student Ruler Compass Set Pink,each,125,https://chaldal.com/measuring
Deli Compass With Lead Pencil (Pink),each,100,https://chaldal.com/measuring
Deli Compass With Lead Pencil (Blue),each,200,https://chaldal.com/measuring
RFL Good Luck Scale Super 30 cm,each,15,https://chaldal.com/measuring
RFL Good Luck Scale Scholar 30 cm,each,15,https://chaldal.com/measuring
Deli Orbit Classic Metal Compass Set,each,235,https://chaldal.com/measuring
Deli Compass Set,each,400,https://chaldal.com/measuring
Deli Correction Pen Cover Up (White) 8 ml,each,49,https://chaldal.com/pens
Matador i-teen Aroma Ball Pen Black Ink,6 pcs,73,https://chaldal.com/pens
Deli Correction Pen 7 ml,each,80,https://chaldal.com/pens
Econo Soft Grip Ball Pen,10 pcs,100,https://chaldal.com/pens
Linc Glycer Ball Pen Red,6 pcs,159,https://chaldal.com/pens
Matador I-Teen Pen,6 pcs,70,https://chaldal.com/pens
Faber Castell Pencil 7420 HB,12 pcs,125,https://chaldal.com/pencils
Faber Castell Pencil HB (Gold Faber),12 pcs,320,https://chaldal.com/pencils
Faber Castell Red Matt Pencil HB,12 pcs,156,https://chaldal.com/pencils
Fresh Campus 4B Pencil 66 gm,12 pcs,120,https://chaldal.com/pencils
Fresh Campus 2B Pencil 68 gm,12 pcs,120,https://chaldal.com/pencils
Faber Castell HB pencil (with Eraser),12 pcs,249,https://chaldal.com/pencils
Deli Whiteboard Eraser (Grey),each,50,https://chaldal.com/erasers-correction-fluid
RFL Good Luck Duster Blue,each,35,https://chaldal.com/erasers-correction-fluid
RFL Good Luck Duster Red,each,30,https://chaldal.com/erasers-correction-fluid
Deli Correction Pen Quick Drying 8 ml,each,55,https://chaldal.com/erasers-correction-fluid
Pencil Sharpner (94529),each,19,https://chaldal.com/erasers-correction-fluid
Sonali A4 Size Paper (65 GSM) 1 Rim,,419,https://chaldal.com/printing-paper
Sonali A4 Size Paper (80 GSM) 1 Rim,,589,https://chaldal.com/printing-paper
Double A A3 Size Paper (80 GSM) 1 rim,,1479,https://chaldal.com/printing-paper
Fresh A4 Size Paper (80 GSM) 1 Rim,,520,https://chaldal.com/printing-paper
Double A Legal Size (80 GSM) 1 rim,,1079,https://chaldal.com/printing-paper
Bashundhara Paper A4 Size (70 GSM) 1 Rim,each,465,https://chaldal.com/printing-paper
Paper Tech  A4 Size (80 GSM) 1 Rim,each,499,https://chaldal.com/printing-paper
Century A4 Size Paper (80 GSM) 1 Rim,each,779,https://chaldal.com/printing-paper
University khata 300 Pages,each,169,https://chaldal.com/notebook-diary
RFL Good Luck Kids Arabic Book,each,30,https://chaldal.com/notebook-diary
Register Book 150 pages,,90,https://chaldal.com/notebook-diary
Register Book 300 Page,each,179,https://chaldal.com/notebook-diary
University khata 300 Pages,each,169,https://chaldal.com/school-supplies
Pencil Bag (Yellow),each,40,https://chaldal.com/school-supplies
Pencil Box (Red),each,114,https://chaldal.com/school-supplies
Pencil Box (Pink),each,114,https://chaldal.com/school-supplies
Pencil Box (Purple),each,114,https://chaldal.com/school-supplies
Pencil Box (Blue),each,114,https://chaldal.com/school-supplies
Matador i-teen Aroma Ball Pen Black Ink,6 pcs,73,https://chaldal.com/school-supplies
Deli Compass Set,each,400,https://chaldal.com/school-supplies
Casio Scientific Calculator (FX 991ES Plus),each,1339,https://chaldal.com/school-supplies
Faber Castell HB pencil (with Eraser),12 pcs,249,https://chaldal.com/school-supplies
LCD Writing Tablet 8.5 Inches,each,299,https://chaldal.com/school-supplies
SmartHeart Creamy Treat Tuna,60 gm,279,https://chaldal.com/cat-food
Royal Canin Adult Persian,2 kg,3169,https://chaldal.com/cat-food
Foodinnova Toro Toro Cat Soup Tuna & Katsuobushi,75 gm,239,https://chaldal.com/cat-food
Foodinnova Toro Toro Cat Soup Tuna & Mix Seafood,75 gm,249,https://chaldal.com/cat-food
Foodinnova Toro Toro Cat Soup Tuna Fiber,75 gm,249,https://chaldal.com/cat-food
Foodinnova Toro Toro Cat Soup Chicken & Vegetable,75 gm,249,https://chaldal.com/cat-food
Foodinnova Cat Food Nekko Tuna In Gravy,70 gm,99,https://chaldal.com/cat-food
Foodinnova Cat Food Nekko Real Tuna In Jelly,70 gm,99,https://chaldal.com/cat-food
SmartHeart Adult Cat Food Seafood,3 kg,1649,https://chaldal.com/cat-food
SmartHeart Cat Food Adult Mackerel Flavor,3 kg,1969,https://chaldal.com/cat-food
Whiskas Adult Cat Food Tuna,80 gm,99,https://chaldal.com/cat-food
Whiskas Adult Cat Food Ocean Fish,80 gm,99,https://chaldal.com/cat-food
SmartHeart Adult Cat Food Sardine Chicken & Rice,85 gm,99,https://chaldal.com/cat-food
Paw Paw Kitten Dry Cat Food Chicken,1.5 kg,699,https://chaldal.com/kitten-food
Bonacibo Cat Food Kitten Chicken With Anchovy & Rice,1.5 kg,1139,https://chaldal.com/kitten-food
Foodinnova Nekko Kitten Chicken Mousse,70 gm,99,https://chaldal.com/kitten-food
Foodinnova Nekko Kitten Tuna Mousse with Goat Milk,70 gm,99,https://chaldal.com/kitten-food
SmartHeart Kitten Food Tuna,85 gm,119,https://chaldal.com/kitten-food
Whiskas Junior Cat Food Mackerel,80 gm,99,https://chaldal.com/kitten-food
Whiskas Cat Food Junior Tuna Kitten,80 gm,99,https://chaldal.com/kitten-food
SmartHeart Puppy Dog Food Beef & Milk,500 gm,249,https://chaldal.com/dog-food
SmartHeart Adult Dog Chicken & Egg Flavor,500 gm,319,https://chaldal.com/dog-food
SmartHeart Puppy Food Beef & Milk,8 kg,2749,https://chaldal.com/dog-food
SmartHeart Puppy Food Chicken Egg & Milk,8 kg,2749,https://chaldal.com/dog-food
SmartHeart Adult Dog Food Smoked Liver Flavor,500 gm,219,https://chaldal.com/dog-food
RFL Pakhir Basha (Bird Nest),each,400,https://chaldal.com/pet-grooming-cleaning
Bearing Tick And Flea Dog Shampoo Short Hair,300 ml,549,https://chaldal.com/pet-grooming-cleaning
Bearing Tick & Flea Dog Spray,250 ml,1795,https://chaldal.com/pet-grooming-cleaning
Versele Laga Cat Attract,200 ml,1519,https://chaldal.com/pet-grooming-cleaning
Versele Laga Oropharme Oral Spary,150 ml,579,https://chaldal.com/pet-grooming-cleaning
Versele Laga Cat Dry Shampoo,150 ml,1049,https://chaldal.com/pet-grooming-cleaning
Petme Oral +Plus Gel,30 gm,469,https://chaldal.com/pet-grooming-cleaning
Petslife Lorikeet Diet Bird Food,250 gm,599,https://chaldal.com/bird-food
Petslife Fruit Mix Pellets For Parrots,150 gm,350,https://chaldal.com/bird-food
Gold Wings Premium Budgies Mix,1 kg,529,https://chaldal.com/bird-food
SmartHeart Rabbit Food Veggies & Cereals,200 gm,99,https://chaldal.com/bird-food
Varsele Laga Nutri A19 Bird Food,800 gm,1799,https://chaldal.com/bird-food
Versele Laga Rabbit Food Crock Complete (Carrot),50 gm,359,https://chaldal.com/bird-food
Singapore Math Book 1B,each,450,https://chaldal.com/toys-sports
Deer Football (Size 5),each,909,https://chaldal.com/toys-sports
Bear Hug Me Soft Toy,each,1375,https://chaldal.com/toys-sports
Hello Kitty Big Love soft Toy,each,1090,https://chaldal.com/toys-sports
Taddy Bear Galice Soft Toy,each,870,https://chaldal.com/toys-sports
Pooh Bear Size M,each,990,https://chaldal.com/toys-sports
Birthday Celebration Balloon,20 pcs,150,https://chaldal.com/toys-sports
Golden Wings Badminton Shuttlecock,12 pcs,500,https://chaldal.com/toys-sports
Happy Anniversary Foil (Golden) 16 Letters,,195,https://chaldal.com/toys-sports
LCD Writing Tablet 8.5 Inches,each,299,https://chaldal.com/toys-sports
Golden Wing G10 Badminton Shuttlecock,6 pcs,399,https://chaldal.com/toys-sports
Mobil Delvac MX 15W-40,5 ltr,2900,https://chaldal.com/vehicle-essentials
Alex Car Wash,500 ml,345,https://chaldal.com/vehicle-essentials
Petronas Mach 5 Plus 20w-50 (API SJ),4 ltr,1480,https://chaldal.com/vehicle-essentials
Super V Multi Grade Engine Oil 20W-50,1 ltr,689,https://chaldal.com/vehicle-essentials
Godrej Aer Cool Surf Blue Click Gel AC Vent Car Freshener,each,399,https://chaldal.com/vehicle-essentials
Alex Car Shampoo & Wax,500 ml,495,https://chaldal.com/vehicle-essentials
Mobil Super Moto 10W-30,1 ltr,625,https://chaldal.com/vehicle-essentials
Mobil Super Moto 20W-40,1 ltr,625,https://chaldal.com/vehicle-essentials
"Forged Steel Wrench (300 mm X 12"")",each,449,https://chaldal.com/vehicle-essentials
SMC Orsaline-N,25 pcs,150,https://chaldal.com/antiseptics
ACI Savlon Antiseptic Liquid,56 ml,45,https://chaldal.com/antiseptics
Dettol Antiseptic Disinfectant Liquid,100 ml,60,https://chaldal.com/antiseptics
ACI Savlon Antiseptic,5 ltr,1149,https://chaldal.com/antiseptics
ACI Savlon Liquid Antiseptic,1000 ml,280,https://chaldal.com/antiseptics
ACI Savlon Liquid Antiseptic,500 ml,175,https://chaldal.com/antiseptics
Alcohol Prep Pads,100 pcs,155,https://chaldal.com/antiseptics
Himani Fast Relief,50 ml,500,https://chaldal.com/antiseptics
Hexisol Hand Rub,50 ml,55,https://chaldal.com/antiseptics
Hexisol Hand Rub,250 ml,140,https://chaldal.com/antiseptics
Dettol Antiseptic Disinfectant Liquid,500 ml,175,https://chaldal.com/antiseptics
Dettol Antiseptic Disinfectant Liquid,5 ltr,1500,https://chaldal.com/antiseptics
ACI Savlon Antiseptic Liquid Bottle,112 ml,60,https://chaldal.com/antiseptics
Dettol Fresh Liquid Handwash Refill,170 ml,80,https://chaldal.com/handwash-handrub
Dettol Fresh Liquid Handwash Pump,200 ml,110,https://chaldal.com/handwash-handrub
Dettol Handwash Original Liquid Refill,170 ml,80,https://chaldal.com/handwash-handrub
Dettol Handwash Original Liquid Pump,200 ml,110,https://chaldal.com/handwash-handrub
ACI Savlon Ocean Blue Antiseptic Handwash Refill,170 ml,80,https://chaldal.com/handwash-handrub
Dettol Handwash Skincare Liquid Refill,170 ml,80,https://chaldal.com/handwash-handrub
Dettol Handwash Re-Energize Liquid Refill,750 ml,270,https://chaldal.com/handwash-handrub
Savlon Instant Hand Sanitizer,200 ml,200,https://chaldal.com/handwash-handrub
Savlon Hand Sanitizer,50 ml,80,https://chaldal.com/handwash-handrub
Dettol Handwash Re-Energize Liquid,5 ltr,1400,https://chaldal.com/handwash-handrub
Hexisol Hand Rub,50 ml,55,https://chaldal.com/handwash-handrub
Hexisol Hand Rub,250 ml,140,https://chaldal.com/handwash-handrub
Sepnil Instant Hand Sanitizer,40 ml,80,https://chaldal.com/handwash-handrub
Dettol Handwash Aloe Vera Liquid Pump,200 ml,110,https://chaldal.com/handwash-handrub
Dettol Handwash Aloe Vera Liquid Refill,170 ml,80,https://chaldal.com/handwash-handrub
Sepnil Instant Hand Sanitizer,200 ml,250,https://chaldal.com/handwash-handrub
Dettol Handwash Cool Liquid Refill,170 ml,80,https://chaldal.com/handwash-handrub
Dettol Handwash Cool Liquid Pump,200 ml,110,https://chaldal.com/handwash-handrub
Dettol Handwash Skincare Liquid Pump,200 ml,110,https://chaldal.com/handwash-handrub
Lifebuoy Handwash Total Pump,200 ml,120,https://chaldal.com/handwash-handrub
Mother's Smile Profom Milk Jar,400 gm,630,https://chaldal.com/food-supplements
Standard Horlicks Health And Nutrition Drink Jar,250 gm,280,https://chaldal.com/food-supplements
Mother's Horlicks Health and Nutrition Drink BIB,350 gm,620,https://chaldal.com/food-supplements
Horlicks Chocolate Flavour Jar,500 gm,550,https://chaldal.com/food-supplements
Junior Horlicks Health And Nutrition Drink Container Stage-2,500 gm,550,https://chaldal.com/food-supplements
Standard Horlicks Health And Nutrition Drink Jar,500 gm,500,https://chaldal.com/food-supplements
Maltova Health And Nutrition Drink BIB,400 gm,550,https://chaldal.com/food-supplements
Boost Chocolate Jar,400 gm,550,https://chaldal.com/food-supplements
Women's Plus Horlicks Health And Nutrition Drink Jar,400 gm,600,https://chaldal.com/food-supplements
Horlicks Lite Health And Nutrition Drink Jar,400 gm,650,https://chaldal.com/food-supplements
PediaSure Vanilla Delight,1 kg,3385,https://chaldal.com/food-supplements
Sepnil Face Mask (Black Colour),50 pcs,320,https://chaldal.com/face-masks-safety
Savlon Face Mask 1 Box,50 pcs,320,https://chaldal.com/face-masks-safety
Mop Cap,100 pcs,280,https://chaldal.com/face-masks-safety
Home Crafts Mr. & Mrs. Couple Mask Black & White (4 Ply),2 pcs,250,https://chaldal.com/face-masks-safety
Germnil Surgical Face Mask,50 pcs,500,https://chaldal.com/face-masks-safety
Sepnil Face Mask 1 Box,50 pcs,320,https://chaldal.com/face-masks-safety
Protective Safety Goggles,each,199,https://chaldal.com/face-masks-safety
KS5 Kamasutra LongLast Condom,3 pcs,65,https://chaldal.com/family-planning
T1 Hero 3S Condom,3 pcs,20,https://chaldal.com/family-planning
M2 Sensation Strawberry Dotted Condoms,3 pcs,40,https://chaldal.com/family-planning
M1 Sensation Classic Dotted Condoms,3 pcs,40,https://chaldal.com/family-planning
K1 U & ME Long Love Condoms,3 pcs,70,https://chaldal.com/family-planning
J2 Xtreme Ultra Thin Premium Condom,3 pcs,90,https://chaldal.com/family-planning
KS4 Kamasutra Mango Flavoured Dotted Condom,3 pcs,60,https://chaldal.com/family-planning
KS3 Kamasutra Strawberry Flavoured Dotted Condom,3 pcs,60,https://chaldal.com/family-planning
KS2 Kamasutra Chocolate Flavoured Dotted Condom,3 pcs,60,https://chaldal.com/family-planning
KS1 Kamasutra Dotted Condom,3 pcs,60,https://chaldal.com/family-planning
Sirona Oxo-Biodegradable Tampon & Condom Disposal Bag,50 pcs,350,https://chaldal.com/family-planning
MN3 Manforce Strawberry Condom,10 pcs,319,https://chaldal.com/family-planning
MN2 Manforce Chocolate Condom,10 pcs,189,https://chaldal.com/family-planning
DC1 Durex Extra Dotted Condom,10 pcs,629,https://chaldal.com/family-planning
L3 Coral Long Lasting Condom (Width 52 ± 2 mm),3 pcs,60,https://chaldal.com/family-planning
L7 Coral Extra Dotted Condom (Width 52 ± 2 mm),3 pcs,60,https://chaldal.com/family-planning
L1 Coral Ultra Thin Extra Time Condom,3 pcs,70,https://chaldal.com/family-planning
L5 Coral Long Lasting Condom (Width 52 ± 2 mm),3 pcs,60,https://chaldal.com/family-planning
J1 Xtreme 3 in 1 Premium Condom,3 pcs,90,https://chaldal.com/family-planning
K3 U & ME Anatomic Condoms,3 pcs,70,https://chaldal.com/family-planning
G2 Durex Strawberry Condom,3 pcs,99,https://chaldal.com/family-planning
H7 Moods Dotted Condom,3 pcs,99,https://chaldal.com/family-planning
I1 Panther Doted Condom,3 pcs,25,https://chaldal.com/family-planning
Thai Adult Pant Diaper M Waist Size 27-45 Inch,10 pcs,679,https://chaldal.com/adult-diapers
SmartCare Adult Diaper M 60-110 cm,10 pcs,920,https://chaldal.com/adult-diapers
Thai Adult Pant Diaper L Waist Size 30-55 Inch,10 pcs,739,https://chaldal.com/adult-diapers
Aspire Adult Diaper Belt M 76- 116 cm,8 pcs,719,https://chaldal.com/adult-diapers
Glory Adult Diaper Large (110-150 cm),8 pcs,839,https://chaldal.com/adult-diapers
SmartCare Disposable Underpads XL (60 X 90 cm),10 pcs,649,https://chaldal.com/adult-diapers
Aspire Premium Adult Wet Towel,80 pcs,400,https://chaldal.com/adult-diapers
Safe-Accu Blood Glucose Monitor Device Kit,,1500,https://chaldal.com/medical-devices
Hot Water Bottle With Flees Cover (Assorted Color),2000 ml,299,https://chaldal.com/medical-devices
Digital Thermometer,each,189,https://chaldal.com/medical-devices
Safe-Accu Blood Glucose Test Strip In Foil Pack,25 pcs,520,https://chaldal.com/medical-devices
Safe-Accu Blood Glucose Test Strip In Foil Pack,50 pcs,1000,https://chaldal.com/medical-devices
Safe-Accu Blood Glucose Monitor Device Kit (Free Sir 750 ml),,1500,https://chaldal.com/medical-devices
Rohs Fingertip Pulse Oximeter,each,819,https://chaldal.com/medical-devices
Digital Thermometer with Beeper,each,849,https://chaldal.com/medical-devices
