Item Name,Quantity/Volume,Price (BDT),Link
Welcome Light Meat Tuna In Sunflower Oil (Flake),170 gm,190,https://chaldal.com/tofu-meat-alternatives
King Bell Tuna Salad Vegetables,170 gm,320,https://chaldal.com/tofu-meat-alternatives
King Bell Tuna Salad In Tomato Sauce,170 gm,310,https://chaldal.com/tofu-meat-alternatives
King Bell Whole Baby Corn Tin,425 gm,180,https://chaldal.com/tofu-meat-alternatives
Nautilus Lite Sandwich Tuna In Spring Water,165 gm,429,https://chaldal.com/tofu-meat-alternatives
Nautilus Sandwich Tuna In Soybean Oil,165 gm,319,https://chaldal.com/tofu-meat-alternatives
Nautilus Lite Tuna Chunk Soybean Oil,165 gm,319,https://chaldal.com/tofu-meat-alternatives
Achari Shrimp Balachao,400 gm,670,https://chaldal.com/dried-fish
Kazi Farms Kitchen Shrimp Small Dried Fish,125 gm,260,https://chaldal.com/dried-fish
Kazi Farms Kitchen Kechki Dried Fish,125 gm,280,https://chaldal.com/dried-fish
Kazi Farms Kitchen Churi Dried Fish,125 gm,340,https://chaldal.com/dried-fish
Balachaw (Dry Prawn Chutney),250 gm,330,https://chaldal.com/dried-fish
Golden Grain Cumin (Jira),100 gm,120,https://chaldal.com/spices
Golden Grain Poppy Seed (Posto Dana),50 gm,195,https://chaldal.com/spices
Golden Grain Dried Chillies (Shukna Morich),100 gm,70,https://chaldal.com/spices
Golden Grain Black Pepper (Gol Morich) Whole,100 gm,195,https://chaldal.com/spices
Golden Grain Black Cumin (Kalo Jira),100 gm,100,https://chaldal.com/spices
Golden Grain Coriander (Dhonia),100 gm,45,https://chaldal.com/spices
Golden Grain Cardamom (Elachi) Whole,50 gm,350,https://chaldal.com/spices
Golden Grain Bay Leaf (Tejpata),100 gm,55,https://chaldal.com/spices
Golden Grain Clove (Lobongo),50 gm,145,https://chaldal.com/spices
Golden Grain Mix Spice (Pach Foron),100 gm,60,https://chaldal.com/spices
Golden Grain Mustard Seed (Red),100 gm,35,https://chaldal.com/spices
Cinnamon (Daruchini) Whole,100 gm,75,https://chaldal.com/spices
Radhuni Chilli (Morich) Powder,100 gm,75,https://chaldal.com/spices
Radhuni Cumin (Jira) Powder,100 gm,160,https://chaldal.com/spices
Radhuni Coriander (Dhonia) Powder,100 gm,60,https://chaldal.com/spices
Fenugreek (Methi) Seed,100 gm,25,https://chaldal.com/spices
Mustard Seed (Yellow),100 gm,25,https://chaldal.com/spices
Radhuni Garam Masala,15 gm,40,https://chaldal.com/spices
Radhuni Turmeric (Holud) Powder,50 gm,40,https://chaldal.com/spices
Ramisa Tokma,100 gm,60,https://chaldal.com/spices
Betel Nut (Shupari),250 gm,169,https://chaldal.com/spices
Fresh Chilli Powder,200 gm,125,https://chaldal.com/spices
Mustard Seed (Red),100 gm,25,https://chaldal.com/spices
Walnuts (Akhrot),100 gm,179,https://chaldal.com/spices
Cumin (Jira),100 gm,85,https://chaldal.com/spices
Cardamom (Elachi) Whole,25 gm,139,https://chaldal.com/spices
Dried Chillies (Shukna Morich),100 gm,45,https://chaldal.com/spices
Radhuni Turmeric (Holud) Powder,200 gm,145,https://chaldal.com/spices
Radhuni Chilli (Morich) Powder,200 gm,140,https://chaldal.com/spices
Radhuni Turmeric (Holud) Powder,100 gm,75,https://chaldal.com/spices
Radhuni Garam Masala,40 gm,95,https://chaldal.com/spices
Radhuni Coriander (Dhonia) Powder,200 gm,110,https://chaldal.com/spices
Clove (Lobongo),50 gm,89,https://chaldal.com/spices
Bay Leaf (Tejpata),100 gm,29,https://chaldal.com/spices
Radhuni Cumin (Jira) Powder,50 gm,85,https://chaldal.com/spices
Radhuni Cumin (Jira) Powder,200 gm,310,https://chaldal.com/spices
Cardamom (Elachi) Whole,50 gm,269,https://chaldal.com/spices
Radhuni Chilli (Morich) Powder,500 gm,345,https://chaldal.com/spices
Radhuni Panch Phoran,50 gm,30,https://chaldal.com/spices
Black Cumin (Kalo Jira),100 gm,69,https://chaldal.com/spices
Black Pepper (Gol Morich) Whole,50 gm,79,https://chaldal.com/spices
Radhuni Turmeric (Holud) Powder,500 gm,335,https://chaldal.com/spices
Chia Seed,100 gm,59,https://chaldal.com/spices
Fennel (Mouri),100 gm,45,https://chaldal.com/spices
Radhuni Chilli (Morich) Powder,50 gm,38,https://chaldal.com/spices
Alu Bukhara,100 gm,119,https://chaldal.com/spices
Black Cardamom (Kalo Elachi) Whole,50 gm,199,https://chaldal.com/spices
Coriander (Dhonia),100 gm,35,https://chaldal.com/spices
Mix Spice (Pach Foron),100 gm,35,https://chaldal.com/spices
Green Cardamom (Sobuj Elachi) Whole,50 gm,299,https://chaldal.com/spices
ACI Pure Salt,1 kg,42,https://chaldal.com/salt-sugar
Fresh Super Premium (Vacuum) Salt,1 kg,42,https://chaldal.com/salt-sugar
AJI-NO-MOTO Monosodium Glutamate,200 gm,95,https://chaldal.com/salt-sugar
Fresh Refined Sugar,1 kg,110,https://chaldal.com/salt-sugar
Teer Sugar,1 kg,110,https://chaldal.com/salt-sugar
ACI Pure Salt,500 gm,22,https://chaldal.com/salt-sugar
Starship Refined Sugar,1 kg,110,https://chaldal.com/salt-sugar
Sugar Candy (Tal Misri),200 gm,39,https://chaldal.com/salt-sugar
Rock Salt (Bit Lobon),100 gm,55,https://chaldal.com/salt-sugar
ACI Sprinkle Salt & Pepper Mix,100 gm,125,https://chaldal.com/salt-sugar
AJI-NO-MOTO Monosodium Glutamate,40 gm,20,https://chaldal.com/salt-sugar
Saad Bit Salt,100 gm,50,https://chaldal.com/salt-sugar
Pran Iodized Salt,1 kg,42,https://chaldal.com/salt-sugar
Sis White Icing Sugar,500 gm,359,https://chaldal.com/salt-sugar
AJI-NO-MOTO Monosodium Glutamate,100 gm,50,https://chaldal.com/salt-sugar
Sis Brown Sugar,800 gm,759,https://chaldal.com/salt-sugar
Sis White Sugar Cube,454 gm,500,https://chaldal.com/salt-sugar
Miniket Rice Premium (Boiled) ± 50 gm,5 kg,439,https://chaldal.com/rices
Athash Rice (Boiled) ± 50 gm,5 kg,329,https://chaldal.com/rices
Amon Rice,1 kg,79,https://chaldal.com/rices
Chinigura Rice Premium,1 kg,169,https://chaldal.com/rices
Nazirshail Rice Premium (Half Boiled) ± 50 gm,5 kg,449,https://chaldal.com/rices
Chashi Aromatic Chinigura Rice,1 kg,190,https://chaldal.com/rices
Chashi Aromatic Chinigura Rice,2 kg,370,https://chaldal.com/rices
ACI Pure Nazirshail Rice,5 kg,495,https://chaldal.com/rices
Pran Chinigura Aromatic Rice,1 kg,190,https://chaldal.com/rices
Paijam Rice (Boiled),1 kg,65,https://chaldal.com/rices
Miniket Rice Standard (Boiled) ± 50 gm,5 kg,389,https://chaldal.com/rices
Pran Chinigura Aromatic Rice,2 kg,370,https://chaldal.com/rices
ACI Pure Miniket Rice Premium,10 kg,950,https://chaldal.com/rices
Nazirshail Rice Standard (Half Boiled) ± 50 gm,5 kg,399,https://chaldal.com/rices
Atop Rice,1 kg,59,https://chaldal.com/rices
Fresh Chinigura Rice,1 kg,175,https://chaldal.com/rices
Rupchanda Chinigura Premium Aromatic Rice,1 kg,175,https://chaldal.com/rices
ACI Pure Premium Miniket Rice,5 kg,480,https://chaldal.com/rices
Katari Atop Rice ± 50 gm,5 kg,489,https://chaldal.com/rices
Katarivog Rice,1 kg,129,https://chaldal.com/rices
Banglamoti Rice (Boiled),1 kg,105,https://chaldal.com/rices
Zirashail Rice (Boiled) ± 50 gm,5 kg,349,https://chaldal.com/rices
Athash Rice (Boiled)  ± 200 gm,25 kg,1599,https://chaldal.com/rices
Huski Rice (Half Boiled),5 kg,329,https://chaldal.com/rices
Extra Long Grain Bashmati Rice,1 kg,299,https://chaldal.com/rices
ACI Aroma Chinigura Rice,2 kg,345,https://chaldal.com/rices
Atop Rice ± 200 gm,25 kg,1439,https://chaldal.com/rices
Paijam Rice (Boiled) ± 200 gm,25 kg,1639,https://chaldal.com/rices
Aarong Natural Chinigura Rice,5 kg,761,https://chaldal.com/rices
Royal Umbrella Thai Glutinous Sticky Rice,1 kg,500,https://chaldal.com/rices
Royal Umbrella Pure Thai Hom Mali Rice,5 kg,1500,https://chaldal.com/rices
ACI Aroma Premium Basmati Rice,1 kg,480,https://chaldal.com/rices
Pran Metro Basmati Rice,1 kg,420,https://chaldal.com/rices
Rupchanda Jirashail Rice,5 kg,480,https://chaldal.com/rices
Fortune Biryani Special Basmati Rice,1 kg,400,https://chaldal.com/rices
Mehran Basmati Kernel Rice,1 kg,595,https://chaldal.com/rices
Chashi Aromatic Chinigura Rice,5 kg,910,https://chaldal.com/rices
Golden Grain Premium Mug Dal,500 gm,100,https://chaldal.com/dal-or-lentil
Fresh Premium Moshur Dal,1 kg,175,https://chaldal.com/dal-or-lentil
Mashkolai Dal Peeled,500 gm,95,https://chaldal.com/dal-or-lentil
Moshur Dal (Imported),250 gm,29,https://chaldal.com/dal-or-lentil
Mix Dal,250 gm,39,https://chaldal.com/dal-or-lentil
Mug Dal,500 gm,89,https://chaldal.com/dal-or-lentil
Moshur Dal (Imported),1 kg,109,https://chaldal.com/dal-or-lentil
Moshur Dal (Deshi),1 kg,159,https://chaldal.com/dal-or-lentil
Boot Dal,500 gm,59,https://chaldal.com/dal-or-lentil
Teer Red Lentil (Moshur) Dal,1 kg,130,https://chaldal.com/dal-or-lentil
Moshur Dal (Imported),500 gm,55,https://chaldal.com/dal-or-lentil
Chola Boot (Chick Peas),1 kg,109,https://chaldal.com/dal-or-lentil
Dubli Boot,500 gm,39,https://chaldal.com/dal-or-lentil
Khosha Chara Chola Boot (Peeled Chick Pea),500 gm,65,https://chaldal.com/dal-or-lentil
Pran Moshur Dal (Deshi),1 kg,185,https://chaldal.com/dal-or-lentil
Mug Dal,250 gm,45,https://chaldal.com/dal-or-lentil
White Chick Peas (Kabuli Boot),500 gm,129,https://chaldal.com/dal-or-lentil
Pran Mug Dal,500 gm,100,https://chaldal.com/dal-or-lentil
Anchor Boot Dal,500 gm,39,https://chaldal.com/dal-or-lentil
Kangaroo Lentil (Moshur Dal),1 kg,179,https://chaldal.com/dal-or-lentil
Mixed Dal,500 gm,75,https://chaldal.com/dal-or-lentil
Pran Moshur Dal (Deshi),500 gm,95,https://chaldal.com/dal-or-lentil
Split Pea (Motor Dal),500 gm,79,https://chaldal.com/dal-or-lentil
Aarong Natural Moshur Dal,1 kg,185,https://chaldal.com/dal-or-lentil
Kheshari Dal,500 gm,59,https://chaldal.com/dal-or-lentil
Rahul Pure Mustard Oil,1 ltr,355,https://chaldal.com/oil
Farmer's Gold Flaxseed Oil,100 ml,165,https://chaldal.com/oil
La Espanola Extra Virgin Olive Oil,500 ml,1350,https://chaldal.com/oil
Fresh Fortified Soyabean Oil,5 ltr,975,https://chaldal.com/oil
Teer Fortified Soyabean Oil,1 ltr,199,https://chaldal.com/oil
Teer Fortified Soyabean Oil,2 ltr,398,https://chaldal.com/oil
Fresh Fortified Soyabean Oil,2 ltr,398,https://chaldal.com/oil
Radhuni Pure Mustard Oil,500 ml,200,https://chaldal.com/oil
Radhuni Pure Mustard Oil,1 ltr,380,https://chaldal.com/oil
Pusti Fortified Soyabean Oil,1 ltr,199,https://chaldal.com/oil
Fresh Mustard Oil,1 ltr,330,https://chaldal.com/oil
Fresh Rice Bran Oil,5 ltr,1080,https://chaldal.com/oil
Fresh Mustard Oil,500 ml,180,https://chaldal.com/oil
King's Sunflower Oil Pet,5 ltr,2100,https://chaldal.com/oil
ACI Nutrilife Rice Bran Oil,5 ltr,1160,https://chaldal.com/oil
Fortune Fortified Rice Bran Oil,5 ltr,1210,https://chaldal.com/oil
Orkide Sunflower Oil,5 ltr,2100,https://chaldal.com/oil
Ecorganic Fortified Sunflower Oil Pet,5 ltr,2125,https://chaldal.com/oil
Foodela Mustard Oil,1 ltr,360,https://chaldal.com/oil
Foodela Mustard Oil,500 ml,180,https://chaldal.com/oil
Radhuni Pure Mustard Oil,2 ltr,750,https://chaldal.com/oil
Starship Fortified Soyabean Oil,2 ltr,398,https://chaldal.com/oil
Farmer's Gold Peanut oil,100 ml,345,https://chaldal.com/oil
Olio Orolio Olive Oil,3 ltr,4100,https://chaldal.com/oil
Olio Orolio Extra Virgin Olive Oil,5 ltr,10800,https://chaldal.com/oil
Olitalia Italian Pomace Olive Oil,250 ml,750,https://chaldal.com/oil
Sunshine Mustard Oil,1 ltr,360,https://chaldal.com/oil
Olio Orolio Olive Oil,1 ltr,1565,https://chaldal.com/oil
Olio Orolio Olive Oil,750 ml,1190,https://chaldal.com/oil
Olio Orolio Olive Oil,500 ml,900,https://chaldal.com/oil
Olio Orolio Extra Virgin Olive Oil,1 ltr,2300,https://chaldal.com/oil
Olio Orolio Extra Virgin Olive Oil,500 ml,1195,https://chaldal.com/oil
Clariss Olive Oil Pomace Glass Bottle,250 ml,495,https://chaldal.com/oil
Ceylon Organic Extra Virgin Coconut Oil,200 ml,600,https://chaldal.com/oil
Luglio Extra Virgin Olive Oil,1 ltr,1950,https://chaldal.com/oil
Golden Drop Sunflower Oil,5 ltr,2150,https://chaldal.com/oil
Ceylon Organic Extra Virgin Coconut Oil,500 ml,1590,https://chaldal.com/oil
Naturel Organic Extra Virgin Coconut Oil,500 ml,1525,https://chaldal.com/oil
Orkide Extra Virgin Olive Oil,500 ml,675,https://chaldal.com/oil
Pran Mustard Oil,1 ltr,340,https://chaldal.com/oil
Saffola Active Plus Edible Oil,5 ltr,2000,https://chaldal.com/oil
YO WE Fragrance Sesame Oil,630 ml,1045,https://chaldal.com/oil
Pran Mustard Oil,500 ml,170,https://chaldal.com/oil
Ambassador Spanish Olive Oil Can,150 ml,550,https://chaldal.com/oil
Foodela Ghee,400 gm,785,https://chaldal.com/ghee
Foodela Ghee,200 gm,390,https://chaldal.com/ghee
Foodela Ghee,100 gm,215,https://chaldal.com/ghee
Aarong Dairy Pure Ghee,200 gm,390,https://chaldal.com/ghee
Aarong Dairy Pure Ghee,450 gm,825,https://chaldal.com/ghee
Radhuni Premium Ghee,200 gm,415,https://chaldal.com/ghee
Radhuni Premium Ghee,100 gm,230,https://chaldal.com/ghee
Ultra Ghee,900 gm,1450,https://chaldal.com/ghee
Meena sweets Ghee,500 gm,1075,https://chaldal.com/ghee
Pran Premium Ghee,200 gm,350,https://chaldal.com/ghee
Pran Premium Ghee,100 gm,190,https://chaldal.com/ghee
Pran Premium Ghee,400 gm,760,https://chaldal.com/ghee
Aarong Dairy Pure Ghee,900 gm,1735,https://chaldal.com/ghee
Chia Seed,100 gm,59,https://chaldal.com/premium-ingredients
Farmer's Gold Raw Turmeric powder,100 gm,140,https://chaldal.com/premium-ingredients
Farmer's Gold Protein Powder,200 gm,450,https://chaldal.com/premium-ingredients
Ligion Black Seed With Sesame Seed,100 gm,130,https://chaldal.com/premium-ingredients
Saffron (Jafran),1 gm,299,https://chaldal.com/premium-ingredients
Pran Tomato Sauce,340 gm,125,https://chaldal.com/tomato-sauces
Pran Tomato Sauce,1 kg,320,https://chaldal.com/tomato-sauces
Saad Hot Tomato Sauce,340 gm,120,https://chaldal.com/tomato-sauces
Ahmed Tomato Sauce,340 gm,115,https://chaldal.com/tomato-sauces
Ahmed Tomato Ketchup,340 gm,115,https://chaldal.com/tomato-sauces
Best's Tomato Ketchup,330 ml,182,https://chaldal.com/tomato-sauces
Ruchi Hot Tomato Sauce,350 gm,125,https://chaldal.com/tomato-sauces
Pran Hot Tomato Sauce Mini 8 gm,10 pcs,30,https://chaldal.com/tomato-sauces
Best's Tomato Puree,400 gm,174,https://chaldal.com/tomato-sauces
Ruchi Hot Tomato Sauce,200 gm,80,https://chaldal.com/tomato-sauces
Chef Le Tomato Paste,400 gm,136,https://chaldal.com/tomato-sauces
Sajeeb Hot Tomato Sauce,340 gm,115,https://chaldal.com/tomato-sauces
Ruchi Tomato Ketchup,350 gm,125,https://chaldal.com/tomato-sauces
Shezan Tomato Ketchup,340 gm,115,https://chaldal.com/tomato-sauces
Pran Tomato Ketchup,340 gm,125,https://chaldal.com/tomato-sauces
Chachi's Chawk Sweet Sour Chutney,200 ml,165,https://chaldal.com/pickles
Ruchi Boroi Pickle,450 gm,220,https://chaldal.com/pickles
Parboti Local Garlic Pickle,180 gm,150,https://chaldal.com/pickles
Aafi Olive Pickle,400 gm,170,https://chaldal.com/pickles
Aafi Mango Pickle,400 gm,170,https://chaldal.com/pickles
ACME Olive Pickle,400 gm,150,https://chaldal.com/pickles
Kishwan Mango Pickle,400 gm,180,https://chaldal.com/pickles
Ruchi Chalta Pickle,400 gm,200,https://chaldal.com/pickles
Nicobena Tamarind Pickle,325 gm,185,https://chaldal.com/pickles
Nicobena Naga Bombay Chilli Pickle,120 gm,350,https://chaldal.com/pickles
Pran Jugol Chutney,300 gm,190,https://chaldal.com/pickles
Natcha Sweet Tamarind (Tetul),225 gm,399,https://chaldal.com/pickles
Nicobena Garlic Pickle,220 gm,275,https://chaldal.com/pickles
Ahmed Mixed Pickle,400 gm,180,https://chaldal.com/pickles
BD Food Olive Pickle,400 gm,200,https://chaldal.com/pickles
Balachaw (Dry Prawn Chutney),250 gm,330,https://chaldal.com/pickles
American Garden Jalapeno Pepper Sliced,454 gm,475,https://chaldal.com/pickles
BD Food Tatul Chutney,500 gm,170,https://chaldal.com/pickles
Pran Mixed Pickle,400 gm,200,https://chaldal.com/pickles
BD Food Garlic Pickle,400 gm,300,https://chaldal.com/pickles
Ruchi Chutney Tetul 15 gm,12 pcs,60,https://chaldal.com/pickles
Ruchi Mixed Pickle,400 gm,200,https://chaldal.com/pickles
Ruchi Olive Pickle,400 gm,210,https://chaldal.com/pickles
Ruchi Mixed Chutney,450 gm,160,https://chaldal.com/pickles
Ruchi Mango Pickle,400 gm,200,https://chaldal.com/pickles
Ruchi Mango Pickle,200 gm,120,https://chaldal.com/pickles
Ruchi Garlic Pickle,200 gm,165,https://chaldal.com/pickles
Pran Olive Pickle,400 gm,200,https://chaldal.com/pickles
Pran Garlic Pickle,300 gm,240,https://chaldal.com/pickles
Pran Naga Chilli Pickle,300 gm,320,https://chaldal.com/pickles
BD Food Mango Pickle,400 gm,200,https://chaldal.com/pickles
Pran Mango Pickle,400 gm,200,https://chaldal.com/pickles
Pran Boroi Sweet Pickle,350 gm,180,https://chaldal.com/pickles
Ching's Green Chilli Sauce,680 gm,350,https://chaldal.com/cooking-sauces
Ching's Green Chilli Sauce,190 gm,150,https://chaldal.com/cooking-sauces
Ching's Chilli Sauce,680 gm,350,https://chaldal.com/cooking-sauces
Saad Sweet Chilli Sauce,340 gm,150,https://chaldal.com/cooking-sauces
Maekrua Oyster Sauce,600 ml,639,https://chaldal.com/cooking-sauces
Kikkoman Premium Soy Sauce,600 ml,679,https://chaldal.com/cooking-sauces
Sajeeb Soya Sauce,300 ml,100,https://chaldal.com/cooking-sauces
Best's Tomato Puree,400 gm,174,https://chaldal.com/cooking-sauces
Kikkoman Soy Sauce,1 ltr,1499,https://chaldal.com/cooking-sauces
Ruchi Sweet Chili Sauce,200 gm,90,https://chaldal.com/cooking-sauces
Ruchi BBQ Sauce,200 gm,150,https://chaldal.com/cooking-sauces
Blossoms Dark Soya Sauce,500 ml,429,https://chaldal.com/cooking-sauces
Chef Le Dark Soya Sauce,500 ml,310,https://chaldal.com/cooking-sauces
Chef Le Dark Soya Sauce,250 ml,174,https://chaldal.com/cooking-sauces
Chef Le Light Soya Sauce,500 ml,294,https://chaldal.com/cooking-sauces
American Garden Pizza Sauce Classic,397 ml,670,https://chaldal.com/cooking-sauces
Ahmed Garlic Sauce,340 gm,140,https://chaldal.com/cooking-sauces
Nando's Garlic Sauce,250 gm,550,https://chaldal.com/cooking-sauces
Umami BBQ Sauce,300 ml,275,https://chaldal.com/cooking-sauces
American Garden BBQ Sauce Original,510 gm,639,https://chaldal.com/cooking-sauces
Remia Garlic Sauce,250 ml,299,https://chaldal.com/cooking-sauces
Bachun Oyster Sauce,350 ml,450,https://chaldal.com/cooking-sauces
Life Oyster Flavoured Sauce,510 gm,382,https://chaldal.com/cooking-sauces
Best's Chilli & Garlic Sauce,320 gm,210,https://chaldal.com/cooking-sauces
Ching's Red Chilli Sauce,200 gm,160,https://chaldal.com/other-sauces
Ching's Green Chilli Sauce,680 gm,350,https://chaldal.com/other-sauces
Ching's Green Chilli Sauce,190 gm,150,https://chaldal.com/other-sauces
Ching's Chilli Sauce,680 gm,350,https://chaldal.com/other-sauces
Saad Sweet Chilli Sauce,340 gm,150,https://chaldal.com/other-sauces
Ruchi Sweet Chilli Sauce,350 gm,130,https://chaldal.com/other-sauces
Ahmed Hot Chilli Sauce,340 gm,129,https://chaldal.com/other-sauces
Ahmed Green Chilli Sauce,340 gm,115,https://chaldal.com/other-sauces
Pran Chilli Sauce,340 gm,150,https://chaldal.com/other-sauces
Nando's Peri Peri Hot Sauce,250 gm,549,https://chaldal.com/other-sauces
Teo Tak Seng Silver Pomfret Fish Sauce 750 cc,,495,https://chaldal.com/other-sauces
Ahmed Sweet Chilli Sauce,340 gm,140,https://chaldal.com/other-sauces
Ruchi Sweet Chili Sauce,200 gm,90,https://chaldal.com/other-sauces
Ruchi BBQ Sauce,200 gm,150,https://chaldal.com/other-sauces
Pran Green Chilli Sauce,340 gm,130,https://chaldal.com/other-sauces
Kishwan Hot Chilli Sauce,340 gm,120,https://chaldal.com/other-sauces
Mr. Hung Sweet Chilli Sauce,700 ml,500,https://chaldal.com/other-sauces
Sriracha Hot Chilli Sauce,482 gm,1200,https://chaldal.com/other-sauces
ACME Sweet Chilli Sauce,340 gm,120,https://chaldal.com/other-sauces
Barilla Pasta Sauce Jar Napoletana,400 gm,599,https://chaldal.com/other-sauces
Barilla Pasta Sauce Jar Arrabbiata,400 gm,599,https://chaldal.com/other-sauces
Barilla Pasta Sauce Jar Basilico,400 gm,599,https://chaldal.com/other-sauces
Ahmed Tamarind Sauce,340 gm,130,https://chaldal.com/other-sauces
Ahmed Garlic Sauce,340 gm,140,https://chaldal.com/other-sauces
Ahmed Chilli Sauce,340 gm,150,https://chaldal.com/other-sauces
Nando's Peri Peri Mild Sauce,250 gm,579,https://chaldal.com/other-sauces
Ruchi Red Chilli Sauce,360 gm,150,https://chaldal.com/other-sauces
Nando's Pepper Sauce X-mild,250 gm,550,https://chaldal.com/other-sauces
Nando's Extra Extra Hot Peri Peri Sauce,250 gm,550,https://chaldal.com/other-sauces
Nando's Peri Peri Wild Herb Sauce,250 gm,549,https://chaldal.com/other-sauces
Nando's Garlic Sauce,250 gm,550,https://chaldal.com/other-sauces
Umami BBQ Sauce,300 ml,275,https://chaldal.com/other-sauces
King Bell Chilli Sauce,300 ml,190,https://chaldal.com/other-sauces
Life Oriental Barbecue Sauce,250 gm,223,https://chaldal.com/other-sauces
American Garden BBQ Sauce Original,510 gm,639,https://chaldal.com/other-sauces
Suree Sweet Chilli Sauce,295 ml,375,https://chaldal.com/other-sauces
Remia Garlic Sauce,250 ml,299,https://chaldal.com/other-sauces
Best's Chilli & Garlic Sauce,320 gm,210,https://chaldal.com/other-sauces
Starship Full Cream Milk Powder,500 gm,375,https://chaldal.com/powder-milk
Starship Full Cream Milk Powder,1 kg,770,https://chaldal.com/powder-milk
Marks Full Cream Milk Powder Poly,500 gm,480,https://chaldal.com/powder-milk
Marks Full Cream Milk Powder Poly,1 kg,950,https://chaldal.com/powder-milk
Dano Daily Pushti Milk Powder,1 kg,770,https://chaldal.com/powder-milk
Dano Daily Pushti Milk Powder,500 gm,400,https://chaldal.com/powder-milk
Dano Delight Full Cream Milk Powder,500 gm,480,https://chaldal.com/powder-milk
Fresh Instant Full Cream Milk Powder,500 gm,480,https://chaldal.com/powder-milk
Dano Power Full Cream Milk Powder,500 gm,480,https://chaldal.com/powder-milk
Dano Power Full Cream Milk Powder,1 kg,950,https://chaldal.com/powder-milk
Nestle Nido Family Choice Milk Powder Pouch,500 gm,490,https://chaldal.com/powder-milk
Fresh Instant Full Cream Milk Powder,1 kg,950,https://chaldal.com/powder-milk
Nestle Nido Fortigrow Full Cream Milk Powder Tin,1 kg,1400,https://chaldal.com/powder-milk
AMA Full Cream Milk Powder,500 gm,440,https://chaldal.com/powder-milk
Farm Fresh Full Cream Milk Powder,500 gm,475,https://chaldal.com/powder-milk
Fresh Dessert Milk Powder,1 kg,750,https://chaldal.com/powder-milk
Goalini Full Cream Milk Powder,1 kg,910,https://chaldal.com/powder-milk
Marks Milk Powder Tin,1 kg,1300,https://chaldal.com/powder-milk
Cowhead Instant Milk Powder,1.8 kg,3700,https://chaldal.com/powder-milk
Fresh Insta Milk Powder,500 gm,480,https://chaldal.com/powder-milk
Pran Full Cream Milk Powder,1 kg,840,https://chaldal.com/powder-milk
Marks Young Star (16-40 years),400 gm,425,https://chaldal.com/powder-milk
Shape Up Non Fat High Protein Milk Powder,400 gm,490,https://chaldal.com/powder-milk
Nestle Nido Fortigrow Full Cream Milk Powder Tin,2.5 kg,3400,https://chaldal.com/powder-milk
Aarong Dairy Austagram Cheese,200 gm,190,https://chaldal.com/cheeses
Aarong Dairy Paneer,200 gm,200,https://chaldal.com/cheeses
Puck Cheese Triangles 240 gm,16 pcs,605,https://chaldal.com/cheeses
Puck Cheese Triangles 120 gm,8 pcs,305,https://chaldal.com/cheeses
Lactima Slice Cheese (12 Slice),200 gm,510,https://chaldal.com/cheeses
Eru Slice Cheese Cheddar Herb (8 Slice),150 gm,790,https://chaldal.com/cheeses
American Garden Popcorn Cheese,273 gm,400,https://chaldal.com/cheeses
Aarong Dairy Cheese Spread Garlic,180 gm,300,https://chaldal.com/cheeses
Aarong Dairy Cheese Spread Pizza,180 gm,260,https://chaldal.com/cheeses
Aarong Dairy Cheese Spread Classic,180 gm,290,https://chaldal.com/cheeses
Almarai spreadable Cream Cheese,500 gm,1290,https://chaldal.com/cheeses
Kraft Processed Cheddar Cheese Tin,190 gm,470,https://chaldal.com/cheeses
Almarai Spreadable Cream Cheese,200 gm,619,https://chaldal.com/cheeses
Mozzarella Cheese,250 gm,270,https://chaldal.com/cheeses
Aarong Dairy Butter,200 gm,270,https://chaldal.com/butter-sour-cream
Milk Vita Butter,200 gm,270,https://chaldal.com/butter-sour-cream
Vivo Ambient Whip Topping with Vegetable Fat,1100 gm,736,https://chaldal.com/butter-sour-cream
Pran Butter (Fresco Container),200 gm,280,https://chaldal.com/butter-sour-cream
Lurpak Butter Unsalted,200 gm,880,https://chaldal.com/butter-sour-cream
Lurpak Salted Spreadable Butter,250 gm,990,https://chaldal.com/butter-sour-cream
Bread Pit White Bread,500 gm,110,https://chaldal.com/breads
White Bread,500 gm,70,https://chaldal.com/breads
Bread Pit Burger Bun,4 pcs,90,https://chaldal.com/breads
Bread Pit Milk Bread,300 gm,120,https://chaldal.com/breads
Bread Pit Multigrain Bread,300 gm,149,https://chaldal.com/breads
Tata Tea Premium,400 gm,149,https://chaldal.com/tea-coffee-2
Dilmah Ceylon Moroccan Mint Green Tea,40 gm,549,https://chaldal.com/tea-coffee-2
Ispahani Mirzapore Best Leaf Tea,500 gm,270,https://chaldal.com/tea-coffee-2
Dilmah Premium Ceylon Tea 50 gm,25 pcs,480,https://chaldal.com/tea-coffee-2
Nestle Nescafe 3 in 1 Iced Frappe Cold Coffee Mix,30 gm,50,https://chaldal.com/tea-coffee-2
Sylhet Golden Premium Black Tea,400 gm,210,https://chaldal.com/tea-coffee-2
Tetley Green Tea Bag Masala Cha 25 pcs,35 gm,160,https://chaldal.com/tea-coffee-2
Dilmah Ceylon Green Tea With Cardamom,40 gm,715,https://chaldal.com/tea-coffee-2
Fresh Premium Tea Bag,100 gm,95,https://chaldal.com/tea-coffee-2
Lipton Green Tea Bag Honey and Lemon,25 pcs,170,https://chaldal.com/tea-coffee-2
Tetley Green Tea Bag Pure and Original 25 pcs,32.5 gm,140,https://chaldal.com/tea-coffee-2
Fresh Coffee 3 in 1,15 gm,10,https://chaldal.com/tea-coffee-2
AMA Coffee 3 In 1,15 gm,10,https://chaldal.com/tea-coffee-2
Seylon Instant Milk Tea 3 in 1,15 gm,10,https://chaldal.com/tea-coffee-2
Ispahani Mirzapore Tea Bag,50 pcs,100,https://chaldal.com/tea-coffee-2
Ispahani Mirzapore Best Leaf Tea,400 gm,230,https://chaldal.com/tea-coffee-2
Ispahani Mirzapore Best Leaf Tea,200 gm,116,https://chaldal.com/tea-coffee-2
Brooke Bond Taaza Black Tea,400 gm,250,https://chaldal.com/tea-coffee-2
Nestle Nescafe Classic Instant Coffee Jar,45 gm,275,https://chaldal.com/tea-coffee-2
Seylon Gold Tea,500 gm,240,https://chaldal.com/tea-coffee-2
Nestle Coffee Mate Coffee Creamer Box,450 gm,380,https://chaldal.com/tea-coffee-2
Nestle Nescafe Classic Instant Coffee Jar,90 gm,475,https://chaldal.com/tea-coffee-2
Kazi & Kazi Organic Green Tea 40 pcs,60 gm,215,https://chaldal.com/tea-coffee-2
MacCoffee Instant Coffee Pouch,200 gm,850,https://chaldal.com/tea-coffee-2
Tora Bika Cappuccino 25 gm,6 pcs,300,https://chaldal.com/tea-coffee-2
Brooke Bond Taaza Black Tea,200 gm,130,https://chaldal.com/tea-coffee-2
Dilmah Geen Tea with Jasmine 40 gm,20 pcs,595,https://chaldal.com/tea-coffee-2
Dilmah Green Tea with Camomile 30 gm,20 pcs,630,https://chaldal.com/tea-coffee-2
Dilmah Darjeeling Tea 50 gm,25 pcs,790,https://chaldal.com/tea-coffee-2
Seylon Instant Milk Tea 3 in 1 Stick Pouch,25 pcs,250,https://chaldal.com/tea-coffee-2
Seylon Instant Milk Tea,150 gm,100,https://chaldal.com/tea-coffee-2
Tetley Green Tea Bag Lemon & Honey 25 pcs,35 gm,170,https://chaldal.com/tea-coffee-2
Halda Valley Red Robe Oolong Tea,45 gm,245,https://chaldal.com/tea-coffee-2
Revival Karak Masala Tea,200 gm,220,https://chaldal.com/tea-coffee-2
Dr. H&H Slimming Tea Bags 30 pcs,60 gm,400,https://chaldal.com/tea-coffee-2
Kericho Gold Round Tea Bag 50 pcs,100 gm,329,https://chaldal.com/tea-coffee-2
MacCoffee Coffee And Creamer 2 in 1 12 gm x 20,,425,https://chaldal.com/tea-coffee-2
ACME Tea Premium Gold,200 gm,110,https://chaldal.com/tea-coffee-2
Dilmah Ginger & Honey Black Tea,30 gm,405,https://chaldal.com/tea-coffee-2
MacCoffee Original Jar,200 gm,1100,https://chaldal.com/tea-coffee-2
Moccona Select Instant Coffee,190 gm,1420,https://chaldal.com/tea-coffee-2
Kazi & Kazi Organic Tea Turmeric Infusion 40 pcs,60 gm,295,https://chaldal.com/tea-coffee-2
Nestle Nescafe Creamy Latte Coffee Mix Sachet 18 gm,12 pcs,240,https://chaldal.com/tea-coffee-2
Halda Valley Golden Eyebrow Black Tea,50 gm,500,https://chaldal.com/tea-coffee-2
Dilmah Ceylon Green Tea With Ceylon Cinnamon,40 gm,715,https://chaldal.com/tea-coffee-2
Ispahani Blender's Choice Premium Green Tea Bag 70 gm,50 pcs,205,https://chaldal.com/tea-coffee-2
Kopiko Brown Coffee 20 gm,6 pcs,279,https://chaldal.com/tea-coffee-2
Kazi & Kazi Organic Green Mint Tea 25 pcs,37.5 gm,295,https://chaldal.com/tea-coffee-2
Paragon Hajinagar PD Tea,500 gm,225,https://chaldal.com/tea-coffee-2
Paragon Hajinagar BOP Tea,500 gm,220,https://chaldal.com/tea-coffee-2
Golden Grain Puffed Rice (Hand Made),400 gm,75,https://chaldal.com/local-breakfast
Pran Puffed Rice (Muri),500 gm,75,https://chaldal.com/local-breakfast
Bread Pit White Bread,500 gm,110,https://chaldal.com/local-breakfast
Golden Harvest Premium Deshi Paratha 20 pcs,1300 gm,320,https://chaldal.com/local-breakfast
Ruchi Puffed Rice (Muri),400 gm,65,https://chaldal.com/local-breakfast
Pran Flattened Rice (Chira),500 gm,70,https://chaldal.com/local-breakfast
Golden Harvest Mega Deshi Paratha 1600 gm,20 pcs,380,https://chaldal.com/local-breakfast
White Bread,500 gm,70,https://chaldal.com/local-breakfast
Ruchi Puffed Rice (Muri),200 gm,35,https://chaldal.com/local-breakfast
Bread Pit Milk Bread,300 gm,120,https://chaldal.com/local-breakfast
Pran Puffed Rice (Muri),250 gm,40,https://chaldal.com/local-breakfast
Ispahani Bakery Fresh Dry Cake,300 gm,150,https://chaldal.com/local-breakfast
Bread Pit Multigrain Bread,300 gm,149,https://chaldal.com/local-breakfast
Farmer's Gold White Flattened Rice (Sada Chira),1 kg,120,https://chaldal.com/local-breakfast
BPM Homemade Puffed Rice (Muri),500 gm,135,https://chaldal.com/local-breakfast
Tiffany Crunch 'n' Cream Orange Wafers,65 gm,250,https://chaldal.com/local-breakfast
Quaker Oats Poly,450 gm,350,https://chaldal.com/cereals
Nestle Koko Krunch Chocolate Cereal Box,300 gm,450,https://chaldal.com/cereals
Kellogg's Chocos Chocolate Breakfast Cereal,385 gm,490,https://chaldal.com/cereals
Nestle Munch Breakfast Cereal Box,300 gm,400,https://chaldal.com/cereals
Nestle Munch Breakfast Cereal Pouch,120 gm,170,https://chaldal.com/cereals
Kellogg's Chocos Chocolate Breakfast Cereal,127 gm,170,https://chaldal.com/cereals
Kellogg's Oats Cereal,400 gm,360,https://chaldal.com/cereals
Kellogg's Corn Flakes Original Cereal,1.1 kg,1250,https://chaldal.com/cereals
Kellogg's Chocos Chocolate Breakfast Cereal,700 gm,899,https://chaldal.com/cereals
Kellogg's Chocos Chocolate Breakfast Cereal,1.1 kg,1350,https://chaldal.com/cereals
Kellogg's Chocos Crunchy Bites Chocolate Cereal,375 gm,530,https://chaldal.com/cereals
Kellogg's Oats Cereal (Free Container),400 gm,360,https://chaldal.com/cereals
Nestle Koko Krunch Cereal Pouch,70 gm,125,https://chaldal.com/cereals
Nestle Koko Krunch Cereal,150 gm,250,https://chaldal.com/cereals
Quaker Oats Jar,450 gm,380,https://chaldal.com/cereals
Virginia White Oats,400 gm,500,https://chaldal.com/cereals
Vitalia Fit & Active Muesli,650 gm,1539,https://chaldal.com/cereals
Nestle Koko Krunch,500 gm,910,https://chaldal.com/cereals
Vitalia Chocolate Muesli,1 kg,945,https://chaldal.com/cereals
Vitalia Breakfast Muesli,1 kg,1859,https://chaldal.com/cereals
Vitalia Fruit Muesli,1 kg,1939,https://chaldal.com/cereals
Kellogg's Chocos Chocolate Breakfast Cereal,250 gm,370,https://chaldal.com/cereals
Quaker White Oats,500 gm,599,https://chaldal.com/cereals
Kellogg's Chocos Chocolate Cereal,375 gm,529,https://chaldal.com/cereals
Dabur Honey,250 gm,250,https://chaldal.com/honey
ACI Pure Multifloral Honey,250 gm,230,https://chaldal.com/honey
Dabur Sundarbans Honey,500 gm,600,https://chaldal.com/honey
Allah Shafi Natural Honey,500 gm,975,https://chaldal.com/honey
Palermo Natural Honeycomb,500 gm,1109,https://chaldal.com/honey
Dabur Honey,400 gm,400,https://chaldal.com/honey
Dabur Honey,50 gm,70,https://chaldal.com/honey
Saffola Honey,100 gm,120,https://chaldal.com/honey
Buram Black Forest Honey,250 gm,855,https://chaldal.com/honey
Buram Acacia Honey,300 gm,960,https://chaldal.com/honey
Shefa'a Honey,500 gm,810,https://chaldal.com/honey
Clariss Acacia Honey,500 gm,950,https://chaldal.com/honey
Saffola Honey,500 gm,430,https://chaldal.com/honey
Saffola Honey,250 gm,230,https://chaldal.com/honey
Hosen Pure Honey,500 gm,789,https://chaldal.com/honey
Alshifa Acacia Honey,500 gm,2095,https://chaldal.com/honey
Alshifa Acacia Honey,250 gm,1095,https://chaldal.com/honey
Alshifa Black Forest Honey,500 gm,2095,https://chaldal.com/honey
Alshifa Natural Floral Honey,500 gm,1050,https://chaldal.com/honey
Dabur Honey,500 gm,465,https://chaldal.com/honey
Rinda Fruity Nata Jelly Flavoured,225 gm,365,https://chaldal.com/candies
Haribo Chamallows Party Candy,150 gm,400,https://chaldal.com/candies
Cavendish & Harvey Candy Wild Berry Drops,175 gm,449,https://chaldal.com/candies
Cavendish & Harvey Candy Citrus Fruit Drops,200 gm,490,https://chaldal.com/candies
Haribo Happy Grapes Candy,80 gm,250,https://chaldal.com/candies
Haribo Worms Zourr Candy,80 gm,250,https://chaldal.com/candies
Haribo Starmix Candy,160 gm,460,https://chaldal.com/candies
Haribo Happy Cola Candy,160 gm,460,https://chaldal.com/candies
Haribo Happy Cola Sour Candy,160 gm,460,https://chaldal.com/candies
Haribo Chamallows Pink & White Candy,150 gm,400,https://chaldal.com/candies
Haribo GoldBears Candy,160 gm,460,https://chaldal.com/candies
Cavendish & Harvey Sour Cherry Candy Poly,100 gm,250,https://chaldal.com/candies
Haribo Worms Candy,80 gm,250,https://chaldal.com/candies
Haribo Happy Cola Sour Candy,80 gm,250,https://chaldal.com/candies
Haribo Happy Cola Candy,80 gm,250,https://chaldal.com/candies
Haribo Goldbears Candy,80 gm,250,https://chaldal.com/candies
Olympic Green Mango Lozenge (Candy),50 pcs,50,https://chaldal.com/candies
Cavendish & Harvey Sour Lemon Drops,200 gm,490,https://chaldal.com/candies
Cavendish & Harvey Butterscotch Drops,175 gm,329,https://chaldal.com/candies
Fox's Crystal Clear Fruity Mints Candy,180 gm,345,https://chaldal.com/candies
Tic Tac Mint Mouth Freshener,13 gm,50,https://chaldal.com/mints-mouth-fresheners
Sargam Royal Crispy Mouth Freshener,40 gm,100,https://chaldal.com/mints-mouth-fresheners
Eclipse Sugar Free Winterfrost Mints,35 gm,290,https://chaldal.com/mints-mouth-fresheners
Eclipse Sugar Free Mints Spearmint Flavor,35 gm,370,https://chaldal.com/mints-mouth-fresheners
Mentos Pure Fresh Chewing Sugarfree Gum B.Lime Mint,29.7 gm,200,https://chaldal.com/mints-mouth-fresheners
Erko Mallow World Mmas,180 gm,395,https://chaldal.com/halal-marshmallows
Erko Mallow World Blue & White Mallow,100 gm,209,https://chaldal.com/halal-marshmallows
Erko Marshmallow Plus Stick 2 pcs,40 gm,109,https://chaldal.com/halal-marshmallows
Erko Mallow Plus Twist Mallow,180 gm,395,https://chaldal.com/halal-marshmallows
Alpenliebe Juzt Jelly Chutney,170 pcs,340,https://chaldal.com/halal-marshmallows
Golden Grain Red Flattened Rice (Lal Chira),500 gm,65,https://chaldal.com/local-snacks
Pran Puffed Rice (Muri),500 gm,75,https://chaldal.com/local-snacks
Ruchi Jhal Chanachur,150 gm,50,https://chaldal.com/local-snacks
Ramisa Fried Chira (Masala),200 gm,70,https://chaldal.com/local-snacks
Pran Mango Bar,10 pcs,100,https://chaldal.com/local-snacks
Pran Flattened Rice (Chira),500 gm,70,https://chaldal.com/local-snacks
Bombay Sweets Chanachur,150 gm,50,https://chaldal.com/local-snacks
Ruchi Bbq Chanachur,22 gm,10,https://chaldal.com/local-snacks
Ruchi Puffed Rice (Muri),200 gm,35,https://chaldal.com/local-snacks
Ruchi Jhal Chanachur,500 gm,150,https://chaldal.com/local-snacks
Ruchi Bbq Chanachur,500 gm,150,https://chaldal.com/local-snacks
Bombay Sweets Chanachur,500 gm,150,https://chaldal.com/local-snacks
Pran Puffed Rice (Muri),250 gm,40,https://chaldal.com/local-snacks
Pran Badam Bhaja 18 gm,4 pcs,40,https://chaldal.com/local-snacks
Ruchi Bbq Chanachur,150 gm,50,https://chaldal.com/local-snacks
Bombay Sweets Chanachur,300 gm,100,https://chaldal.com/local-snacks
Ruchi Bbq Chanachur,300 gm,100,https://chaldal.com/local-snacks
Pran Dal 20 gm (Net Weight ± 2 gm),4 pcs,40,https://chaldal.com/local-snacks
Bombay Sweets Bombay Naga Jhal Chanachur,150 gm,50,https://chaldal.com/local-snacks
Bombay Sweets Bombay Naga Jhal Chanachur,300 gm,100,https://chaldal.com/local-snacks
Dihan Salted Bakorkhani,400 gm,180,https://chaldal.com/local-snacks
Teer Puffed Rice (Muri),500 gm,75,https://chaldal.com/local-snacks
Aafi Puffed Rice (Muri),500 gm,70,https://chaldal.com/local-snacks
Ruchi Premium Mix Chanachur,200 gm,120,https://chaldal.com/local-snacks
Astha Foods Nababi Choco Bakorkhani,400 gm,210,https://chaldal.com/local-snacks
CBL Munchee Chocolate Wafer,100 gm,90,https://chaldal.com/local-snacks
BPM Homemade Puffed Rice (Muri),500 gm,135,https://chaldal.com/local-snacks
Tiffany Crunch 'n' Cream Orange Wafers,65 gm,250,https://chaldal.com/local-snacks
Tiffany Crunch 'n' Cream Strawberry Wafers,76 gm,190,https://chaldal.com/local-snacks
Pran Mango Bar,30 pcs,300,https://chaldal.com/local-snacks
Golden Harvest Frozen Dal Puri 10 pcs,454 gm,145,https://chaldal.com/local-snacks
Bombay Sweets Dalmoth Namkeen,150 gm,60,https://chaldal.com/local-snacks
Ifad Eggy Stix Bar-B-Q Chips,16 gm,10,https://chaldal.com/chips-pretzels
Bombay Sweets Potato Crackers,28 gm,20,https://chaldal.com/chips-pretzels
Kurkure Naughty Tomato Chips,70 gm,50,https://chaldal.com/chips-pretzels
Sun Chips Tomato Tango,35 gm,30,https://chaldal.com/chips-pretzels
Cheese Puff,14 gm,10,https://chaldal.com/chips-pretzels
Bombay Sweets Mr. Twist,22 gm,25,https://chaldal.com/chips-pretzels
Bombay Sweets Ring Chips,25 gm,20,https://chaldal.com/chips-pretzels
Sun Chips Mix Masala,20 gm,20,https://chaldal.com/chips-pretzels
Sun Chips Tomato Tango,20 gm,20,https://chaldal.com/chips-pretzels
Kurkure American Style Cream & Onion Chips,25 gm,20,https://chaldal.com/chips-pretzels
Bombay Sweets Cheese Ball Cheezee Corn Snacks,10 gm,10,https://chaldal.com/chips-pretzels
Pran Potato Cracker,15 gm,10,https://chaldal.com/chips-pretzels
Kurkure Chilli Chatka Chips,25 gm,20,https://chaldal.com/chips-pretzels
Bombay Sweets Nachoz Chutney & Lime,30 gm,20,https://chaldal.com/chips-pretzels
Bombay Sweets Alooz Spanish Tomato Flavor,20 gm,20,https://chaldal.com/chips-pretzels
Pringles Saucy BBQ Potato Chips,134 gm,350,https://chaldal.com/chips-pretzels
Kurkure Masala Munch Chips,70 gm,50,https://chaldal.com/chips-pretzels
Mister Potato Hot & Spicy Crisps,100 gm,310,https://chaldal.com/chips-pretzels
Mister Potato BBQ Crisps,100 gm,275,https://chaldal.com/chips-pretzels
Pringles Cheddar Cheese Potato Chips,158 gm,510,https://chaldal.com/chips-pretzels
Sun Chips Tomato Tango,75 gm,60,https://chaldal.com/chips-pretzels
Sun Chips Mix Masala,75 gm,60,https://chaldal.com/chips-pretzels
Pringles Potato Chips Sour Cream & Onion,158 gm,439,https://chaldal.com/chips-pretzels
Olympic Energy Plus Biscuits,62 gm,15,https://chaldal.com/plain-biscuits
Haque La Kokonat Cookies Biscuit,100 gm,30,https://chaldal.com/plain-biscuits
Haque Original Milk Marie Biscuit,225 gm,60,https://chaldal.com/plain-biscuits
Pran Potata Spicy Biscuit,100 gm,30,https://chaldal.com/plain-biscuits
Olympic Nutty Real Peanut Biscuit,50 gm,15,https://chaldal.com/plain-biscuits
Olympic Energy Plus Biscuits,185 gm,50,https://chaldal.com/plain-biscuits
Olympic Chocolate Plus Biscuit,42 gm,10,https://chaldal.com/plain-biscuits
Olympic Milk Marie Biscuits,200 gm,50,https://chaldal.com/plain-biscuits
Olympic Butter Bite Biscuits,165 gm,50,https://chaldal.com/plain-biscuits
Dekko Marie Classic Biscuit,222 gm,60,https://chaldal.com/plain-biscuits
Haque Digestive Biscuit,120 gm,30,https://chaldal.com/plain-biscuits
Haque Kheer Malai Biscuit,161 gm,50,https://chaldal.com/plain-biscuits
Dekko Oroma Orange Biscuits,150 gm,40,https://chaldal.com/plain-biscuits
Bakeman's Glaze Sugar Glazed Biscuit,180 gm,50,https://chaldal.com/plain-biscuits
Funtastic Milk Mate Biscuit,203 gm,50,https://chaldal.com/plain-biscuits
Ispahani Milk Marie Biscuit,200 gm,60,https://chaldal.com/plain-biscuits
Olympic First Choice Salted Biscuits,180 gm,50,https://chaldal.com/plain-biscuits
Ifad Choco Delight Biscuit,175 gm,60,https://chaldal.com/plain-biscuits
Ifad Kaju Delight Biscuit,175 gm,60,https://chaldal.com/plain-biscuits
Haque Mr. Energy Instant Energy Biscuit,185 gm,50,https://chaldal.com/plain-biscuits
Olympic Digestive High Fiber Biscuit,110 gm,30,https://chaldal.com/plain-biscuits
Munchy's Lexus Chocolate Cream Sandwich Cracker,225 gm,490,https://chaldal.com/plain-biscuits
Danish Milk Marie Biscuit,200 gm,60,https://chaldal.com/plain-biscuits
Olympic Marie Gold Biscuit,190 gm,40,https://chaldal.com/plain-biscuits
Cocola Champion Chocolate Cream Biscuit,65 gm,20,https://chaldal.com/cream-biscuits
Bisk Club Shero Cream Biscuit,85 gm,30,https://chaldal.com/cream-biscuits
Haque Milk Chocolate Digestive Biscuit,137 gm,40,https://chaldal.com/cream-biscuits
Fresh Fantasy Chocolate Filled Cookies Biscuit,175 gm,150,https://chaldal.com/cream-biscuits
Olympic Pineapple Cream Biscuits,40 gm,10,https://chaldal.com/cream-biscuits
Olympic Tim Tim Orange Biscuit,40 gm,10,https://chaldal.com/cream-biscuits
Fresh Fun Fill Sandwich Chocolate Cream Biscuit,34 gm,10,https://chaldal.com/cream-biscuits
Tiffany Crunch 'n' Cream Vanilla Wafers,135 gm,320,https://chaldal.com/cream-biscuits
Munchy's Topmix Assorted Biscuits,295 gm,580,https://chaldal.com/cream-biscuits
Munchy's Lexus Cheese Cream Sandwich Cracker Biscuit,225 gm,490,https://chaldal.com/cream-biscuits
Tiffany Delights Bourbon Creams,200 gm,470,https://chaldal.com/cream-biscuits
Parle Hide & Seek Black Bourbon Choco Creme Biscuit,100 gm,195,https://chaldal.com/cream-biscuits
Ifad Butter Delight Biscuit,150 gm,50,https://chaldal.com/cream-biscuits
Ifad Orange Delight Biscuit,140 gm,40,https://chaldal.com/cream-biscuits
Munchy's Lexus Choco Coated Chocolate Cream Biscuit,200 gm,480,https://chaldal.com/cream-biscuits
Munchy's Topmix Assorted Biscuits Tin,700 gm,1870,https://chaldal.com/cream-biscuits
Kolson Macaroni Pasta Screw,400 gm,85,https://chaldal.com/pasta-macaroni
Kolson Macaroni Shell,400 gm,85,https://chaldal.com/pasta-macaroni
Farina Macaroni Premium Quality,500 gm,110,https://chaldal.com/pasta-macaroni
Farina Macaroni,400 gm,90,https://chaldal.com/pasta-macaroni
Farina Macaroni,200 gm,50,https://chaldal.com/pasta-macaroni
Kolson Macaroni Bamboo,400 gm,85,https://chaldal.com/pasta-macaroni
Mr. Pasta Macaroni Shells,400 gm,90,https://chaldal.com/pasta-macaroni
Farmer's Gold Pasta,400 gm,180,https://chaldal.com/pasta-macaroni
Barilla Classic Spaghettoni N.7 Pasta,500 gm,395,https://chaldal.com/pasta-macaroni
Emirates Macaroni Penne Rigate Pasta,400 gm,195,https://chaldal.com/pasta-macaroni
Emirates Macaroni Corni Corrugated Pasta,400 gm,195,https://chaldal.com/pasta-macaroni
Reggia Pasta Penne Mez,500 gm,265,https://chaldal.com/pasta-macaroni
Barilla Fusilli N.98 Pasta,500 gm,449,https://chaldal.com/pasta-macaroni
Barilla Spaghetti N.5 Pasta,500 gm,449,https://chaldal.com/pasta-macaroni
Barilla Angel Hair N.1 Pasta,500 gm,360,https://chaldal.com/pasta-macaroni
Barilla Pasta Sauce Jar Napoletana,400 gm,599,https://chaldal.com/pasta-macaroni
Barilla Pasta Sauce Jar Arrabbiata,400 gm,599,https://chaldal.com/pasta-macaroni
Barilla Pasta Sauce Jar Basilico,400 gm,599,https://chaldal.com/pasta-macaroni
Pastiano Spiralli Pasta,500 gm,240,https://chaldal.com/pasta-macaroni
Pastiano Penne Pasta,500 gm,240,https://chaldal.com/pasta-macaroni
Barilla Farfalle Pasta (436),500 gm,449,https://chaldal.com/pasta-macaroni
Barilla Penne Rigate Pasta (N.437),500 gm,449,https://chaldal.com/pasta-macaroni
Dekko Oyster Pasta,200 gm,60,https://chaldal.com/pasta-macaroni
Hat Macaroni Penne Pasta,500 gm,235,https://chaldal.com/pasta-macaroni
Kolson Macaroni Assorted Pack,500 gm,120,https://chaldal.com/pasta-macaroni
Nestle Maggi Healthy Soup Corn With Chicken 25 gm,4 pcs,220,https://chaldal.com/soups
Nestle Maggi Healthy Soup Thai Sachet,35 gm,55,https://chaldal.com/soups
Nestle Maggi Healthy Soup Corn With Chicken,25 gm,55,https://chaldal.com/soups
Knorr Soup Chicken Corn 24 gm,5 pcs,275,https://chaldal.com/soups
Knorr Soup Thai 28 gm,5 pcs,250,https://chaldal.com/soups
Knorr Soup Thai,28 gm,55,https://chaldal.com/soups
Knorr Soup Chicken Corn,24 gm,55,https://chaldal.com/soups
Nestle Maggi Healthy Soup Vegetables Sachet 25 gm,4 pcs,200,https://chaldal.com/soups
Nestle Maggi Healthy Soup Thai Sachet 35 gm,4 pcs,220,https://chaldal.com/soups
Ramisa Fried Nut (White) Jar,200 gm,160,https://chaldal.com/popcorn-nuts
Royal Gardens Salted Cashews,100 gm,435,https://chaldal.com/popcorn-nuts
Almonds (Kath Badam),100 gm,159,https://chaldal.com/popcorn-nuts
Walnuts (Akhrot),100 gm,179,https://chaldal.com/popcorn-nuts
Peanut Peeled (Vaja Cheena Badam),100 gm,45,https://chaldal.com/popcorn-nuts
Pran Badam Bhaja 18 gm,4 pcs,40,https://chaldal.com/popcorn-nuts
Royal Gardens Masala Cashews,150 gm,695,https://chaldal.com/popcorn-nuts
Fresh Garden Love Plum,200 gm,345,https://chaldal.com/popcorn-nuts
Golden Garden Roasted Peanut Kernels,500 gm,350,https://chaldal.com/popcorn-nuts
Victoria Chick Peas,400 gm,119,https://chaldal.com/popcorn-nuts
Blue Diamond Almonds Bold Habanero BBQ,170 gm,850,https://chaldal.com/popcorn-nuts
Blue Diamond Almonds Honey Roasted,170 gm,850,https://chaldal.com/popcorn-nuts
Blue Diamond Almonds Bold Wasabi & Soy Sauce,170 gm,850,https://chaldal.com/popcorn-nuts
Thai Park Roseberry Plum,200 gm,260,https://chaldal.com/popcorn-nuts
Fit Food Honey Roasted Almond,125 gm,260,https://chaldal.com/popcorn-nuts
Noi Party Snack,128 gm,350,https://chaldal.com/popcorn-nuts
Noi Salted Peanuts,110 gm,352,https://chaldal.com/popcorn-nuts
Noi Cuttlefish Coated Green Peas,128 gm,318,https://chaldal.com/popcorn-nuts
Nut Candy Salted Cashew Nuts (Kaju Badam),140 gm,989,https://chaldal.com/popcorn-nuts
Nut Candy Salted Peanuts,150 gm,490,https://chaldal.com/popcorn-nuts
Nut Candy Wasabi Coated Green Peas,180 gm,550,https://chaldal.com/popcorn-nuts
Tong Garden Salted Almonds,35 gm,239,https://chaldal.com/popcorn-nuts
Tong Garden Japanese Rice Cracker Mixed Coated Peanut,150 gm,675,https://chaldal.com/popcorn-nuts
Crunchos Assorted Mix Nuts Tin,350 gm,1619,https://chaldal.com/popcorn-nuts
Tong Garden Salted Pistachio (Pesta Badam),130 gm,995,https://chaldal.com/popcorn-nuts
Tong Garden Salted Almonds,140 gm,995,https://chaldal.com/popcorn-nuts
Tong Garden Salted Peanuts Can,150 gm,695,https://chaldal.com/popcorn-nuts
Tong Garden Salted Cocktail Nuts,160 gm,995,https://chaldal.com/popcorn-nuts
Tong Garden Salted Cashew Nuts Can,150 gm,995,https://chaldal.com/popcorn-nuts
Olympic First Choice Salted Biscuits,80 gm,20,https://chaldal.com/salted-biscuits
Bangas Grand Choice Salted Biscuit,70 gm,20,https://chaldal.com/salted-biscuits
Olympic Tip Crispy Salted Biscuits,60 gm,15,https://chaldal.com/salted-biscuits
Fresh Healthy Choice Salted Biscuit,80 gm,20,https://chaldal.com/salted-biscuits
Funtastic Nimok Halal Salted Biscuit,200 gm,50,https://chaldal.com/salted-biscuits
Olympic Saltes Biscuit,200 gm,60,https://chaldal.com/salted-biscuits
Bragg Organic Apple Cider Vinegar,946 ml,1499,https://chaldal.com/salad-dressing
Pran Synthetic Vinegar,650 ml,55,https://chaldal.com/salad-dressing
Ahmed White Vinegar,500 ml,70,https://chaldal.com/salad-dressing
American Garden Real Mayonnaise,887 ml,1535,https://chaldal.com/salad-dressing
Kewpie Dressing Roasted Sesame Salad,210 ml,365,https://chaldal.com/salad-dressing
Herman Garlic Mayonnaise,500 gm,520,https://chaldal.com/salad-dressing
American Garden Real Mayonnaise,473 ml,965,https://chaldal.com/salad-dressing
American Garden Pizza Sauce Classic,397 ml,670,https://chaldal.com/salad-dressing
Thai Choice Som Tum Salad Dressing,200 ml,275,https://chaldal.com/salad-dressing
Remia Salad Dressing Garlic,250 ml,330,https://chaldal.com/salad-dressing
Saporito Red Grape Vinegar,500 ml,619,https://chaldal.com/salad-dressing
Ahmed White Vinegar,325 ml,58,https://chaldal.com/salad-dressing
Remia Salad Cream,250 ml,330,https://chaldal.com/salad-dressing
Tata Tea Premium,400 gm,149,https://chaldal.com/beverages-tea
Dilmah Ceylon Moroccan Mint Green Tea,40 gm,549,https://chaldal.com/beverages-tea
Ispahani Mirzapore Best Leaf Tea,500 gm,270,https://chaldal.com/beverages-tea
Seylon Family Blend Black Tea,400 gm,225,https://chaldal.com/beverages-tea
Dilmah Premium Ceylon Tea 50 gm,25 pcs,480,https://chaldal.com/beverages-tea
Kazi & Kazi Organic Moringa Herbal Infusion Tea 25 pcs,37.5 gm,290,https://chaldal.com/beverages-tea
Kazi & Kazi Organic Lemongrass Pyramid Herbal Infusion Tea 20 pcs,30 gm,210,https://chaldal.com/beverages-tea
Seylon Family Blend Black Tea,200 gm,120,https://chaldal.com/beverages-tea
Dilmah Ceylon Green Tea With Cardamom,40 gm,715,https://chaldal.com/beverages-tea
Fresh Premium Tea Bag,100 gm,95,https://chaldal.com/beverages-tea
Lipton Green Tea Bag Honey and Lemon,25 pcs,170,https://chaldal.com/beverages-tea
Tetley Green Tea Bag Pure and Original 25 pcs,32.5 gm,140,https://chaldal.com/beverages-tea
Seylon Instant Milk Tea 3 in 1,15 gm,10,https://chaldal.com/beverages-tea
Ispahani Mirzapore Tea Bag,50 pcs,100,https://chaldal.com/beverages-tea
Ispahani Mirzapore Best Leaf Tea,400 gm,230,https://chaldal.com/beverages-tea
Ispahani Mirzapore Best Leaf Tea,200 gm,116,https://chaldal.com/beverages-tea
Brooke Bond Taaza Black Tea,400 gm,250,https://chaldal.com/beverages-tea
Seylon Gold Tea,500 gm,240,https://chaldal.com/beverages-tea
Kazi & Kazi Organic Green Tea 40 pcs,60 gm,215,https://chaldal.com/beverages-tea
Brooke Bond Taaza Black Tea,200 gm,130,https://chaldal.com/beverages-tea
Dilmah Geen Tea with Jasmine 40 gm,20 pcs,595,https://chaldal.com/beverages-tea
Dilmah Green Tea with Camomile 30 gm,20 pcs,630,https://chaldal.com/beverages-tea
Dilmah Darjeeling Tea 50 gm,25 pcs,790,https://chaldal.com/beverages-tea
Seylon Instant Milk Tea 3 in 1 Stick Pouch,25 pcs,250,https://chaldal.com/beverages-tea
Kazi & Kazi Organic Orthodox Pyramid Black Tea 20 pcs,40 gm,190,https://chaldal.com/beverages-tea
Kazi & Kazi Organic Luxury Black Tea,400 gm,345,https://chaldal.com/beverages-tea
Kazi & Kazi Organic Luxury Black Tea,200 gm,180,https://chaldal.com/beverages-tea
Kazi & Kazi Organic Chamomile Herbal Infusion Tea 25 pcs,37.5 gm,490,https://chaldal.com/beverages-tea
Kazi & Kazi Organic Sleepy Tea 25 pcs,37.5 gm,490,https://chaldal.com/beverages-tea
Kazi & Kazi Organic Orthodox Pyramid Oolong Tea 20 pcs,40 gm,210,https://chaldal.com/beverages-tea
Kazi & Kazi Organic Orthodox Pyramid Green Tea 20 pcs,30 gm,210,https://chaldal.com/beverages-tea
Brooke Bond Taaza Tea,500 gm,250,https://chaldal.com/beverages-tea
Revival Lemon Green Tea,45 gm,160,https://chaldal.com/beverages-tea
Yummy Black Tea,500 gm,400,https://chaldal.com/beverages-tea
ZealCafe Instant Masala Tea (Red Tea),1 kg,360,https://chaldal.com/beverages-tea
Kd Herbal Tea,100 gm,620,https://chaldal.com/beverages-tea
Halda Valley Red Robe Oolong Tea,45 gm,245,https://chaldal.com/beverages-tea
Revival Karak Masala Tea,200 gm,220,https://chaldal.com/beverages-tea
Dr. H&H Slimming Tea Bags 30 pcs,60 gm,400,https://chaldal.com/beverages-tea
Kericho Gold Round Tea Bag 50 pcs,100 gm,329,https://chaldal.com/beverages-tea
ACME Tea Premium Gold,200 gm,110,https://chaldal.com/beverages-tea
Dilmah Ginger & Honey Black Tea,30 gm,405,https://chaldal.com/beverages-tea
Kazi & Kazi Organic Tea Turmeric Infusion 40 pcs,60 gm,295,https://chaldal.com/beverages-tea
Halda Valley Golden Eyebrow Black Tea,50 gm,500,https://chaldal.com/beverages-tea
Dilmah Ceylon Green Tea With Ceylon Cinnamon,40 gm,715,https://chaldal.com/beverages-tea
Ispahani Blender's Choice Premium Green Tea Bag 70 gm,50 pcs,205,https://chaldal.com/beverages-tea
Kazi & Kazi Organic Green Mint Tea 25 pcs,37.5 gm,295,https://chaldal.com/beverages-tea
Paragon Hajinagar PD Tea,500 gm,225,https://chaldal.com/beverages-tea
Paragon Hajinagar BOP Tea,500 gm,220,https://chaldal.com/beverages-tea
Kazi & Kazi Organic Green Lemongrass Tea 40 pcs,60 gm,220,https://chaldal.com/beverages-tea
Coca-Cola,1 ltr,79,https://chaldal.com/soft-drinks
Sprite,250 ml,23,https://chaldal.com/soft-drinks
Coca-Cola,400 ml,38,https://chaldal.com/soft-drinks
RC Q Lemon Pet,250 ml,25,https://chaldal.com/soft-drinks
Rooh Afza (Free Ispaghol Bhusi 20 gm),750 ml,550,https://chaldal.com/soft-drinks
Fanta Orange Flavored,400 ml,38,https://chaldal.com/soft-drinks
Fanta Orange Flavored,250 ml,23,https://chaldal.com/soft-drinks
Fresh Mojito,250 ml,25,https://chaldal.com/soft-drinks
Rooh Afza,300 ml,300,https://chaldal.com/soft-drinks
Rooh Afza,750 ml,550,https://chaldal.com/soft-drinks
Sprite Can,250 ml,65,https://chaldal.com/soft-drinks
Sprite,1 ltr,79,https://chaldal.com/soft-drinks
Fanta Can Orange Flavored,250 ml,65,https://chaldal.com/soft-drinks
Fanta Orange Flavored,1 ltr,79,https://chaldal.com/soft-drinks
Coca-Cola Zero Sugar,250 ml,20,https://chaldal.com/soft-drinks
Mojo Pet,250 ml,20,https://chaldal.com/soft-drinks
Mojo Soft Drink,2 ltr,110,https://chaldal.com/soft-drinks
Sprite,1.75 ltr,140,https://chaldal.com/soft-drinks
Mountain Dew,500 ml,50,https://chaldal.com/soft-drinks
Coca-Cola,1.75 ltr,140,https://chaldal.com/soft-drinks
Mojo Pet,1 ltr,60,https://chaldal.com/soft-drinks
Maxx Cola,2 ltr,100,https://chaldal.com/soft-drinks
Maxx Cola,500 ml,35,https://chaldal.com/soft-drinks
Fresh Cola,500 ml,40,https://chaldal.com/soft-drinks
Clemon Mojito Can,250 ml,50,https://chaldal.com/soft-drinks
Sunquick Orange Fruit Drink,250 ml,40,https://chaldal.com/soft-drinks
Sunquick Mango Fruit Drink,250 ml,35,https://chaldal.com/soft-drinks
RC Cola,250 ml,20,https://chaldal.com/soft-drinks
Fresh Googly,250 ml,20,https://chaldal.com/soft-drinks
Pepsi,1.75 ltr,150,https://chaldal.com/soft-drinks
Houston Soft Drink Can,250 ml,40,https://chaldal.com/soft-drinks
RC Q Orange Pet,250 ml,20,https://chaldal.com/soft-drinks
Fresh Cola,1 ltr,60,https://chaldal.com/soft-drinks
Pran Up,500 ml,35,https://chaldal.com/soft-drinks
Fresh Cola,250 ml,20,https://chaldal.com/soft-drinks
Speed Can,250 ml,50,https://chaldal.com/soft-drinks
Clemon Can,250 ml,40,https://chaldal.com/soft-drinks
Mojo Can,250 ml,40,https://chaldal.com/soft-drinks
Dolphin Nata De Coco Lychee Drink,350 ml,280,https://chaldal.com/soft-drinks
Basil Seed Drink (Mixed Fruit),290 ml,270,https://chaldal.com/soft-drinks
Basil Seed Drink (White Grape),290 ml,270,https://chaldal.com/soft-drinks
Basil Seed Drink (Lychee),290 ml,270,https://chaldal.com/soft-drinks
Pepsi Can (Imported),330 ml,300,https://chaldal.com/soft-drinks
7 Up Can,250 ml,70,https://chaldal.com/soft-drinks
Sprite Can (Imported),320 ml,349,https://chaldal.com/soft-drinks
Pepsi Can,250 ml,70,https://chaldal.com/soft-drinks
Mountain Dew Can,250 ml,70,https://chaldal.com/soft-drinks
Mirinda Can,250 ml,70,https://chaldal.com/soft-drinks
Pepsi,1 ltr,80,https://chaldal.com/soft-drinks
7 Up,500 ml,50,https://chaldal.com/soft-drinks
Nestle Nescafe Creamy Latte,18 gm,20,https://chaldal.com/coffees
Fresh Coffee 3 in 1,15 gm,10,https://chaldal.com/coffees
AMA Coffee 3 In 1,15 gm,10,https://chaldal.com/coffees
Nestle Nescafe Classic Instant Coffee Jar,45 gm,275,https://chaldal.com/coffees
Nestle Coffee Mate Coffee Creamer Box,450 gm,380,https://chaldal.com/coffees
Nestle Nescafe Classic Instant Coffee Jar,90 gm,475,https://chaldal.com/coffees
MacCoffee Instant Coffee Pouch,200 gm,850,https://chaldal.com/coffees
Tora Bika Cappuccino 25 gm,6 pcs,300,https://chaldal.com/coffees
MacCoffee Coffee And Creamer 2 in 1 12 gm x 20,,425,https://chaldal.com/coffees
MacCoffee Original Jar,200 gm,1100,https://chaldal.com/coffees
Moccona Select Instant Coffee,190 gm,1420,https://chaldal.com/coffees
Nestle Nescafe Creamy Latte Coffee Mix Sachet 18 gm,12 pcs,240,https://chaldal.com/coffees
Kopiko Brown Coffee 20 gm,6 pcs,279,https://chaldal.com/coffees
MacCoffee Gold Jar,100 gm,850,https://chaldal.com/coffees
MacCoffee Gold Jar,50 gm,475,https://chaldal.com/coffees
MacCoffee Original Jar,50 gm,350,https://chaldal.com/coffees
Bru Pure Instant Coffee Jar,200 gm,1495,https://chaldal.com/coffees
Tora Bika Creamy Latte 25 gm,6 pcs,300,https://chaldal.com/coffees
Nestle Coffee Mate Creamer,1 kg,850,https://chaldal.com/coffees
Nestle Coffee Mate Coffee Creamer Jar,400 gm,400,https://chaldal.com/coffees
MacCoffee Original Jar,100 gm,675,https://chaldal.com/coffees
SMC Plus Lemon Electrolyte Drink 250 ml (Combo Pack),6 pcs,270,https://chaldal.com/juice
Bruvana Sports+ Electrolyte Beverage (Mango Flavor),250 ml,40,https://chaldal.com/juice
Malee Lychee Juice,1 ltr,630,https://chaldal.com/juice
SMC Plus Orange Electrolyte Drink 250 ml (Combo Pack),6 pcs,270,https://chaldal.com/juice
Pran Drinko Litchi Juice,250 ml,30,https://chaldal.com/juice
Pran Frooto Mango Fruit Drink,250 ml,25,https://chaldal.com/juice
Pran Frooto Mango Fruit Drink,500 ml,45,https://chaldal.com/juice
Frutika Mango Juice,1 ltr,90,https://chaldal.com/juice
Sunquick Orange Fruit Drink,1 ltr,140,https://chaldal.com/juice
Sunquick Mango Fruit Drink,1 ltr,120,https://chaldal.com/juice
Malee 100% Pomegranate & Mixed Fruit Juice,1 ltr,630,https://chaldal.com/juice
Malee 100% Pineapple Juice,1 ltr,630,https://chaldal.com/juice
Mr. Shammi Strawberry Juice,250 ml,190,https://chaldal.com/juice
Bruvana Sports+ Electrolyte Beverage (Pineapple Flavor),250 ml,40,https://chaldal.com/juice
Pran Pomegranate Fruit Drinks,200 ml,25,https://chaldal.com/juice
Sunquick Apple-Drink Concentrate,300 ml,375,https://chaldal.com/juice
Sunquick Pink Guava & Strawberry-Drink Concentrate,300 ml,495,https://chaldal.com/juice
Sunquick Fruit Cocktail-Drink Concentrate,300 ml,450,https://chaldal.com/juice
Frutika Mango Drinks,250 ml,30,https://chaldal.com/juice
Latina 100 % Juice (Mango),1 ltr,200,https://chaldal.com/juice
Nutrilife Guava Juice,160 ml,45,https://chaldal.com/juice
Nutrilife Orange Juice,160 ml,45,https://chaldal.com/juice
Nutrilife Apple Juice,160 ml,45,https://chaldal.com/juice
Fontana Mango Juice,1 ltr,550,https://chaldal.com/juice
Pran Drinko Mango Juice,250 ml,30,https://chaldal.com/juice
Nestle Fruita Vitals Chaunsa Mango Juice,1 ltr,354,https://chaldal.com/juice
Nestle Fruita Vitals Apple Juice,1 ltr,354,https://chaldal.com/juice
Cyprina Mango Nectar,1 ltr,560,https://chaldal.com/juice
Aaram Juice Orange,1 ltr,415,https://chaldal.com/juice
Aaram Juice Apple,1 ltr,415,https://chaldal.com/juice
Aaram Juice Mango,1 ltr,415,https://chaldal.com/juice
Nutrilife Orange Juice,1 ltr,295,https://chaldal.com/juice
Nutrilife Guava Juice,1 ltr,295,https://chaldal.com/juice
Pran Drinko Pineapple Juice,250 ml,30,https://chaldal.com/juice
Shezan Mango Fruit Drink,500 ml,45,https://chaldal.com/juice
Ribena Blackcurrant Juice,850 ml,1075,https://chaldal.com/juice
Sunquick Blackcurrant Juice,700 ml,750,https://chaldal.com/juice
Shezan Mango Fruit Drinks,1 ltr,85,https://chaldal.com/juice
Nutrilife Pomegranate Juice,1 ltr,350,https://chaldal.com/juice
Nutrilife Apple Juice,1 ltr,295,https://chaldal.com/juice
Sunquick Orange-Drink Concentrate,700 ml,890,https://chaldal.com/juice
Frutika Mango Juice,500 ml,55,https://chaldal.com/juice
Latina 100 % Juice (Orange),1 ltr,285,https://chaldal.com/juice
Latina 100 % Juice (Apple),1 ltr,285,https://chaldal.com/juice
Cyprina Grape Juice,1 ltr,560,https://chaldal.com/juice
Sammi Orange Juice Can,240 ml,180,https://chaldal.com/juice
Masafi Orange Juice,2 ltr,1120,https://chaldal.com/juice
Sammi Strawberry Juice Can,250 ml,190,https://chaldal.com/juice
Fontana Grape Juice,1 ltr,639,https://chaldal.com/juice
Fontana Apple Juice,1 ltr,475,https://chaldal.com/juice
Teer Flour (Atta),2 kg,130,https://chaldal.com/flour
Chickpea Flour (Boot Beshon),500 gm,69,https://chaldal.com/flour
Farmer's Gold Atop Rice Flour (Chaler Gura),1 kg,110,https://chaldal.com/flour
White Flour (Maida),1 kg,59,https://chaldal.com/flour
Flour (Atta),1 kg,49,https://chaldal.com/flour
Fresh Flour (Atta),2 kg,130,https://chaldal.com/flour
Teer White Flour (Maida),2 kg,140,https://chaldal.com/flour
Fresh White Flour (Maida),2 kg,140,https://chaldal.com/flour
Shaad Brown Flour (Lal Atta),1 kg,70,https://chaldal.com/flour
ACI Nutrilife Brown Flour (Atta),1 kg,70,https://chaldal.com/flour
Shaad Flour (Atta),2 kg,130,https://chaldal.com/flour
Bashundhara Flour (Atta),2 kg,130,https://chaldal.com/flour
ACI Nutrilife Brown Atta,2 kg,140,https://chaldal.com/flour
Corn Flour (Loose),500 gm,69,https://chaldal.com/flour
ACI Pure Flour (Atta),2 kg,130,https://chaldal.com/flour
Teer Whole Wheat Flour (Atta),2 kg,140,https://chaldal.com/flour
ACI Pure White Flour (Maida),2 kg,140,https://chaldal.com/flour
White Rice Flour (Chaler Gura),1 kg,110,https://chaldal.com/flour
Sunshine Maida,2 kg,144,https://chaldal.com/flour
Ahmed Corn Flour,250 gm,120,https://chaldal.com/flour
Uncle Barn's Tempura Flour,500 gm,275,https://chaldal.com/flour
Golden Grain White Sesame Seed (Til),100 gm,85,https://chaldal.com/nuts-dried-fruits
Raisins (Kishmish),100 gm,99,https://chaldal.com/nuts-dried-fruits
Mazzak Badam Roasted Peanut,170 gm,150,https://chaldal.com/nuts-dried-fruits
Mazzak Badam Almond Roasted & Light Salt,40 gm,149,https://chaldal.com/nuts-dried-fruits
Mazzak Badam Cashews Roasted & Salt,40 gm,149,https://chaldal.com/nuts-dried-fruits
Mazzak Badam Pistachio Roasted & Light Salt,40 gm,169,https://chaldal.com/nuts-dried-fruits
Mazzak Sunflower Seeds Roasted & Light Salt,165 gm,259,https://chaldal.com/nuts-dried-fruits
Al Barakah Premium Dates,250 gm,190,https://chaldal.com/nuts-dried-fruits
Royal Gardens Salted Cashews,100 gm,435,https://chaldal.com/nuts-dried-fruits
Almonds (Kath Badam),100 gm,159,https://chaldal.com/nuts-dried-fruits
Walnuts (Akhrot),100 gm,179,https://chaldal.com/nuts-dried-fruits
Peanut Peeled (Vaja Cheena Badam),100 gm,45,https://chaldal.com/nuts-dried-fruits
Cashew Nut (Kaju Badam),100 gm,189,https://chaldal.com/nuts-dried-fruits
Medjool Dates (Khejur),500 gm,759,https://chaldal.com/nuts-dried-fruits
White Sesame Seed (Til),100 gm,49,https://chaldal.com/nuts-dried-fruits
Mazzak Pumpkin Seeds Roasted & Light Salt,165 gm,240,https://chaldal.com/nuts-dried-fruits
Ruchi Spicy Cashew Nut,150 gm,650,https://chaldal.com/nuts-dried-fruits
Ruchi Spicy Cashew Nut,40 gm,185,https://chaldal.com/nuts-dried-fruits
Blossoms Dried Mixed Plum,220 gm,300,https://chaldal.com/nuts-dried-fruits
Blossoms Dried Sakura Plum,220 gm,365,https://chaldal.com/nuts-dried-fruits
Royal Gardens Masala Cashews,150 gm,695,https://chaldal.com/nuts-dried-fruits
Farmer's Gold Mixed Nut,250 gm,380,https://chaldal.com/nuts-dried-fruits
Blue Diamond Almonds Bold Habanero BBQ,170 gm,850,https://chaldal.com/nuts-dried-fruits
Blue Diamond Almonds Honey Roasted,170 gm,850,https://chaldal.com/nuts-dried-fruits
Blue Diamond Almonds Bold Wasabi & Soy Sauce,170 gm,850,https://chaldal.com/nuts-dried-fruits
Fit Food Honey Roasted Almond,125 gm,260,https://chaldal.com/nuts-dried-fruits
BPM White Till,200 gm,90,https://chaldal.com/nuts-dried-fruits
Noi Salted Peanuts,110 gm,352,https://chaldal.com/nuts-dried-fruits
Nut Candy Salted Cashew Nuts (Kaju Badam),140 gm,989,https://chaldal.com/nuts-dried-fruits
Nut Candy Salted Peanuts,150 gm,490,https://chaldal.com/nuts-dried-fruits
Tong Garden Salted Almonds,35 gm,239,https://chaldal.com/nuts-dried-fruits
Tong Garden Japanese Rice Cracker Mixed Coated Peanut,150 gm,675,https://chaldal.com/nuts-dried-fruits
Crunchos Assorted Mix Nuts Tin,350 gm,1619,https://chaldal.com/nuts-dried-fruits
Khurma Dry Dates (Khejur) ± 30 gm,500 gm,179,https://chaldal.com/nuts-dried-fruits
Tong Garden Salted Pistachio (Pesta Badam),130 gm,995,https://chaldal.com/nuts-dried-fruits
Tong Garden Salted Almonds,140 gm,995,https://chaldal.com/nuts-dried-fruits
Tong Garden Salted Peanuts Can,150 gm,695,https://chaldal.com/nuts-dried-fruits
Tong Garden Salted Cocktail Nuts,160 gm,995,https://chaldal.com/nuts-dried-fruits
Tong Garden Salted Cashew Nuts Can,150 gm,995,https://chaldal.com/nuts-dried-fruits
Pistachio (Pesta Badam),100 gm,399,https://chaldal.com/nuts-dried-fruits
Silicon Spatula,2 pcs,219,https://chaldal.com/baking-tools
Silicone Chocolate Mould,each,269,https://chaldal.com/baking-tools
Lacy's Baking & Cooking Paper 10 m,each,649,https://chaldal.com/baking-tools
Wooden Silicone Spatula,each,379,https://chaldal.com/baking-tools
"Transparent Disposable Piping Bags (8.5""x12.5"")",100 pcs,719,https://chaldal.com/baking-tools
Cake Muffin Tin,each,379,https://chaldal.com/baking-tools
Heart Shaped Cake Pan,each,299,https://chaldal.com/baking-tools
Round Cake Pan,each,409,https://chaldal.com/baking-tools
Russian Flower Nozzle Set,7 pcs,480,https://chaldal.com/baking-tools
Cake Decoration Nozzle Set,12 pcs,179,https://chaldal.com/baking-tools
Pizza Cutter,each,250,https://chaldal.com/baking-tools
Small Whisk,each,159,https://chaldal.com/baking-tools
Boutique Straw,4 pcs,400,https://chaldal.com/baking-tools
Orange Medium Measurement Mug,each,359,https://chaldal.com/baking-tools
Foster Clark's Custard Powder Pack,200 gm,395,https://chaldal.com/baking-mixes
Foster Clark's Gelatin Jelly Dessert Lemon Flavour,80 gm,160,https://chaldal.com/baking-mixes
Foster Clark's Custard Powder Tin,300 gm,395,https://chaldal.com/baking-mixes
Foster Clark's Baking Powder,225 gm,360,https://chaldal.com/baking-mixes
Jhatpot Deshi Paratha 650 gm,10 pcs,170,https://chaldal.com/frozen-parathas-roti
Jhatpot Low Fat Paratha 1200 gm,20 pcs,250,https://chaldal.com/frozen-parathas-roti
Golden Harvest Premium Deshi Paratha 20 pcs,1300 gm,320,https://chaldal.com/frozen-parathas-roti
Golden Harvest Mega Deshi Paratha 1600 gm,20 pcs,380,https://chaldal.com/frozen-parathas-roti
Kazi Farms Kitchen Plain Paratha 10 pcs,650 gm,170,https://chaldal.com/frozen-parathas-roti
Kazi Farms Kitchen Plain Paratha Family 1300 gm,20 pcs,320,https://chaldal.com/frozen-parathas-roti
Jhatpot Paratha Low Fat 600 gm,10 pcs,130,https://chaldal.com/frozen-parathas-roti
Quality Plain Paratha 600 gm,10 pcs,155,https://chaldal.com/frozen-parathas-roti
Jhatpot Deshi Paratha Family Pack 1300 gm,20 pcs,320,https://chaldal.com/frozen-parathas-roti
Golden Harvest Mini Singara 20 pcs,300 gm,125,https://chaldal.com/vegetable-snacks
AG Food Vegetable Spring Roll 10 pcs,400 gm,120,https://chaldal.com/vegetable-snacks
Kazi Farms Kitchen Vegetable Spring Roll 10 pcs,400 gm,145,https://chaldal.com/vegetable-snacks
Jhatpot Aloo Puri 454 gm,10 pcs,140,https://chaldal.com/vegetable-snacks
Jhatpot Vegetables Spring Roll 360 gm,9 pcs,140,https://chaldal.com/vegetable-snacks
Jhatpot Vegetables Singara 400 gm,10 pcs,125,https://chaldal.com/vegetable-snacks
Kazi Farms Kitchen Dal Puri 10 pcs,450 gm,145,https://chaldal.com/vegetable-snacks
Victoria Red Kidney Beans,400 gm,159,https://chaldal.com/vegetable-cans
Clariss Canned Baby Corn,425 gm,185,https://chaldal.com/vegetable-cans
Nana Green Peas,400 gm,125,https://chaldal.com/vegetable-cans
Nana Baby Corn,425 gm,120,https://chaldal.com/vegetable-cans
Nana Sweet Corn,425 gm,125,https://chaldal.com/vegetable-cans
Blossoms Red Kidney Beans,420 gm,239,https://chaldal.com/vegetable-cans
Welcome Tomato Puree,425 gm,190,https://chaldal.com/vegetable-cans
Hosen Asparagus,430 gm,399,https://chaldal.com/vegetable-cans
Hibiscus Premium Whole Baby Corn In Brine,425 gm,360,https://chaldal.com/vegetable-cans
Saporito Whole Peeled Tomatos Can,800 gm,520,https://chaldal.com/vegetable-cans
Highway Corned Beef,340 gm,370,https://chaldal.com/vegetable-cans
Hosen Baked Beans In Tomato Sauce Can,425 gm,249,https://chaldal.com/vegetable-cans
Hosen Red Kidney Beans Can,425 gm,329,https://chaldal.com/vegetable-cans
Hosen Baby Corn Young Spear Can,425 gm,289,https://chaldal.com/vegetable-cans
Hosen Baby Corn Young Cut Can,400 gm,219,https://chaldal.com/vegetable-cans
Hosen Green Peas Choice Whole Can,397 gm,200,https://chaldal.com/vegetable-cans
Hosen Gherkins Original Flavour Jar,680 gm,529,https://chaldal.com/vegetable-cans
King Bell Whole Baby Corn Tin,425 gm,180,https://chaldal.com/vegetable-cans
Best's Baby Corn Tin,425 gm,171,https://chaldal.com/vegetable-cans
Best's Green Peas Tin,400 gm,127,https://chaldal.com/vegetable-cans
Blossoms Green Olives Pitted,340 gm,209,https://chaldal.com/canned-fruits
Blossoms Black Olives Pitted,330 gm,349,https://chaldal.com/canned-fruits
Borges Black Whole Olives,350 gm,335,https://chaldal.com/canned-fruits
Borges Green Whole Olives,350 gm,225,https://chaldal.com/canned-fruits
Borges Black Pitted Olives,340 gm,225,https://chaldal.com/canned-fruits
Hosen Pitted Black Olives,345 gm,355,https://chaldal.com/canned-fruits
Hosen Whole Green Olives,350 gm,355,https://chaldal.com/canned-fruits
Hosen Pitted Green Olives,345 gm,355,https://chaldal.com/canned-fruits
Figaro Pitted Black Olive,340 gm,395,https://chaldal.com/canned-fruits
Hosen Fiesta Fruit Cocktail,836 gm,1100,https://chaldal.com/canned-fruits
Figaro Green Olives,340 gm,359,https://chaldal.com/canned-fruits
Watteh Greens Red Amaranth Microgreen,25 gm,399,https://chaldal.com/diabetic-food
Watteh Greens Radish Microgreen,25 gm,149,https://chaldal.com/diabetic-food
Watteh Greens Mustard Microgreen,25 gm,149,https://chaldal.com/diabetic-food
Ahmed Sugar Free Orange Jelly,500 gm,265,https://chaldal.com/diabetic-food
ACI Nutrilife Brown Flour (Atta),1 kg,70,https://chaldal.com/diabetic-food
ACI Nutrilife Brown Atta,2 kg,140,https://chaldal.com/diabetic-food
Zero Cal Box 150 Sachets,,400,https://chaldal.com/diabetic-food
Teer Whole Wheat Flour (Atta),2 kg,140,https://chaldal.com/diabetic-food
Zero Cal Sugar 200 Tablets,each,200,https://chaldal.com/diabetic-food
ACI Nutrilife Rice Bran Oil,5 ltr,1160,https://chaldal.com/diabetic-food
Zero Cal Stevia Natural Sugar Substitute Sachets,30 pcs,120,https://chaldal.com/diabetic-food
Kellogg's Oats Cereal,400 gm,360,https://chaldal.com/diabetic-food
Trident Sugar Free Gum Spearmint Flavor,26.6 gm,140,https://chaldal.com/diabetic-food
Zerova Tablets,100 pcs,300,https://chaldal.com/diabetic-food
Sugar Free Natura Diet Sugar,80 gm,410,https://chaldal.com/diabetic-food
Eclipse Sugar Free Winterfrost Mints,35 gm,290,https://chaldal.com/diabetic-food
Iko Sugar Free Oat Bran Crackers,220 gm,730,https://chaldal.com/diabetic-food
Kellogg's Oats Cereal (Free Container),400 gm,360,https://chaldal.com/diabetic-food
Virginia White Oats,400 gm,500,https://chaldal.com/diabetic-food
Eclipse Sugar Free Mints Spearmint Flavor,35 gm,370,https://chaldal.com/diabetic-food
Iko Sugar Free Pumpkin Cookies,178 gm,610,https://chaldal.com/diabetic-food
Canderel Sucralose Jar,75 gm,790,https://chaldal.com/diabetic-food
Zero Cal Box 75 Sachets 1 box,,250,https://chaldal.com/diabetic-food
Zero Cal Sugar 100 tablets,each,120,https://chaldal.com/diabetic-food
Pran Sugar Free Orange Jelly,450 gm,270,https://chaldal.com/diabetic-food
Zero Cal Sugar Sachets,25 pcs,100,https://chaldal.com/diabetic-food
Quaker White Oats,500 gm,599,https://chaldal.com/diabetic-food
Harpic Liquid Toilet Cleaner Original,1 ltr,235,https://chaldal.com/toilet-cleaning
Rok Disinfectant Bleaching Powder,500 gm,65,https://chaldal.com/toilet-cleaning
Harpic Liquid Toilet Cleaner Original,250 ml,70,https://chaldal.com/toilet-cleaning
Finis Stable Bleaching Powder,500 gm,65,https://chaldal.com/toilet-cleaning
Finis Perfume Finyle Toilet & Floor Cleaner,1 ltr,165,https://chaldal.com/toilet-cleaning
Harpic Flushmatic Marine In-Cistern Toilet Cleaner Block 50 gm,each,165,https://chaldal.com/toilet-cleaning
Harpic All-In-One Toilet & Bathroom Cleaning Powder,400 gm,105,https://chaldal.com/toilet-cleaning
Harpic All-In-One Toilet & Bathroom Cleaning Powder,200 gm,60,https://chaldal.com/toilet-cleaning
Harpic Liquid Toilet Cleaner Original,500 ml,135,https://chaldal.com/toilet-cleaning
Harpic Liquid Toilet Cleaner Original,750 ml,180,https://chaldal.com/toilet-cleaning
Harpic Liquid Toilet Cleaner Power Plus Original,750 ml,180,https://chaldal.com/toilet-cleaning
Harpic All-in-1 Toilet & Bathroom Cleaning Powder,1 kg,210,https://chaldal.com/toilet-cleaning
Domex Toilet Cleaning Liquid Ocean Fresh,500 ml,130,https://chaldal.com/toilet-cleaning
Finis Phenyle Extra Strong Toilet & Floor Cleaner,3 ltr,185,https://chaldal.com/toilet-cleaning
Harpic Bathroom Cleaning Liquid Rose,500 ml,140,https://chaldal.com/toilet-cleaning
ACI Shinex Tiles & Ceramic Cleaner,1 ltr,170,https://chaldal.com/toilet-cleaning
Harpic Drain Xpert Powder 50 gm,20 pcs,1000,https://chaldal.com/toilet-cleaning
Harpic Flushmatic Citrus In-Cistern Toilet Cleaner Blocks 50 gm,2 pcs,310,https://chaldal.com/toilet-cleaning
Harpic Flushmatic Lavender In-Cistern Toilet Cleaner Blocks 50 gm,3 pcs,450,https://chaldal.com/toilet-cleaning
Harpic Flushmatic Lavender In-Cistern Toilet Cleaner Blocks 50 gm,2 pcs,310,https://chaldal.com/toilet-cleaning
Harpic Flushmatic Lavender In-Cistern Toilet Cleaner Block 50 gm,each,165,https://chaldal.com/toilet-cleaning
Harpic Flushmatic Citrus In-Cistern Toilet Cleaner Blocks 50 gm,3 pcs,465,https://chaldal.com/toilet-cleaning
Harpic Flushmatic Marine In-Cistern Toilet Cleaner Blocks 50 gm,3 pcs,465,https://chaldal.com/toilet-cleaning
Unik Xtreme Toilet Cleaner,500 ml,130,https://chaldal.com/toilet-cleaning
RokSol Tiles & Bathroom Cleaner,500 ml,99,https://chaldal.com/toilet-cleaning
Magiclean Toilet Cleaner Forest Fresh,650 ml,550,https://chaldal.com/toilet-cleaning
Magiclean Bathroom Cleaner Yellow,500 ml,580,https://chaldal.com/toilet-cleaning
Goodmaid Furniture Polish,400 ml,750,https://chaldal.com/toilet-cleaning
Harpic Flushmatic Marine In-Cistern Toilet Cleaner Blocks 50 gm,2 pcs,330,https://chaldal.com/toilet-cleaning
Pledge Furniture Polish,330 gm,739,https://chaldal.com/toilet-cleaning
Unik Power Toilet Cleaner,500 ml,120,https://chaldal.com/toilet-cleaning
Swift Liquid Toilet Cleaner,500 ml,115,https://chaldal.com/toilet-cleaning
Kelly's Leather Care,500 ml,190,https://chaldal.com/toilet-cleaning
Clorox Original,2 ltr,759,https://chaldal.com/toilet-cleaning
Fresh Hand Towel (250X1 Ply),each,100,https://chaldal.com/paper-products
Bashundhara Kitchen Towel Rolls,2 pcs,160,https://chaldal.com/paper-products
Fresh Perfumed Facial Tissue (150 X 2) ply Box,each,100,https://chaldal.com/paper-products
"Fresh Paper Napkins 13"" Perfumed (100X1 Ply)",each,75,https://chaldal.com/paper-products
Bashundhara Kitchen Towel Rolls,each,85,https://chaldal.com/paper-products
Fresh kitchen Towel Roll,each,85,https://chaldal.com/paper-products
Partex Cleen Toilet Tissue,4 pcs,95,https://chaldal.com/paper-products
Bashundhara Toilet Tissue White Extra Savings Pack,4 pcs,100,https://chaldal.com/paper-products
"Bashundhara Paper Napkins 13"" Unscented",100 pcs,75,https://chaldal.com/paper-products
Fresh Toilet Tissue (Family Value Pack),4 pcs,100,https://chaldal.com/paper-products
Bashundhara Facial Tissue Perfumed (120 X 2) ply,each,85,https://chaldal.com/paper-products
Fay Toilet Tissue White 180 Sheet,each,30,https://chaldal.com/paper-products
Fresh hand towel 200 Sheet,each,95,https://chaldal.com/paper-products
Fresh hand towel 250 Sheet,each,110,https://chaldal.com/paper-products
Bashundhara Hand Towel White (200 X 1) ply Box,each,100,https://chaldal.com/paper-products
Partex Cleen Toilet Tissue,2 pcs,46,https://chaldal.com/paper-products
Partex Cleen Toilet Tissue,12 pcs,285,https://chaldal.com/paper-products
Partex Cleen Toilet Tissue,each,28,https://chaldal.com/paper-products
Bashundhara Gold Toilet Tissue,each,38,https://chaldal.com/paper-products
Mortein 2 in 1 Mosquito & Cockroach Killer Aerosol Spray,400 ml,369,https://chaldal.com/pest-control
GoodKnight Liquid Mosquito Repellent Refill,45 ml,130,https://chaldal.com/pest-control
ACI Aerosol Insect Spray,475 ml,415,https://chaldal.com/pest-control
Black Hit Anti Mosquito Aerosol Spray Lime,475 ml,415,https://chaldal.com/pest-control
Mortein Mosquito Repellent Insta Vaporizer (Machine + Refill),each,220,https://chaldal.com/pest-control
Finis Max Jumbo Mosquito Coil,10 pcs,60,https://chaldal.com/pest-control
Finis Black Booster Mosquito Coil,10 pcs,60,https://chaldal.com/pest-control
Black Hit Anti Mosquito Aerosol Spray Lime Fresh,800 ml,620,https://chaldal.com/pest-control
ACI Aerosol Insect Spray Jumbo,800 ml,620,https://chaldal.com/pest-control
Finis Booster Mosquito Coil,10 pcs,60,https://chaldal.com/pest-control
Godrej New Hit Cockroaches Spray,400 ml,350,https://chaldal.com/pest-control
Godrej Red Hit Cockroaches Spray Fresh Fragrance,625 ml,530,https://chaldal.com/pest-control
Baoma Mosquito Coil (No smoke),10 pcs,135,https://chaldal.com/pest-control
Weidasi Multifunction Electric Mosquito Swatter With Led Light And Charger (Orange),each,719,https://chaldal.com/pest-control
Black Hit Anti Mosquito Lime Fresh Aerosol,200 ml,225,https://chaldal.com/pest-control
Mortein Mosquito Repellent Insta Vaporizer Refill,45 ml,130,https://chaldal.com/pest-control
Godrej Fresh Fragrance New Hit Cockroaches Aerosol (Red),200 ml,200,https://chaldal.com/pest-control
Godrej Good Knight Power Activ+ Twin Saver Pack 45 ml,each,230,https://chaldal.com/pest-control
Odomos Naturals Mosquito Repellent Spray,100 ml,670,https://chaldal.com/pest-control
Hit Chalk Kills Cockroach,15 gm,30,https://chaldal.com/pest-control
Black Hit Anti Mosquito Swatter Racquet,each,650,https://chaldal.com/pest-control
Baygon Cockroach Control,270 ml,769,https://chaldal.com/pest-control
Xpel Kids Spray & Lotion Twin Set,each,550,https://chaldal.com/pest-control
Xpel Kids Mosquito Bands Twin Pack,each,350,https://chaldal.com/pest-control
Bosny Non Poisonous Rat Glue,400 ml,570,https://chaldal.com/pest-control
Night Queen Magic Mosquito Net (Size 6'X7') Free USB LED Lamp,each,549,https://chaldal.com/pest-control
Yage Electronic Mosquito Swatter (White & Blue),each,799,https://chaldal.com/pest-control
Godrej Good Knight Power Activ+ (Machine + Refill),each,180,https://chaldal.com/pest-control
Finis Insect Powder,40 gm,30,https://chaldal.com/pest-control
Finis Insect Powder,100 gm,45,https://chaldal.com/pest-control
ACI Cockroach Spray,400 ml,350,https://chaldal.com/pest-control
Odonil Air Freshener Block Jasmine Mist,48 gm,65,https://chaldal.com/air-freshners
Godrej Aer Power Pocket Bathroom Fragrance Sea Breeze,10 gm,75,https://chaldal.com/air-freshners
Godrej Aer Power Pocket Bathroom Fragrance Rose Fresh Blossom,10 gm,75,https://chaldal.com/air-freshners
Odonil Air Freshener Block Lavender Meadows,48 gm,65,https://chaldal.com/air-freshners
Odonil Air Freshener Block Orchid Dew,48 gm,65,https://chaldal.com/air-freshners
Godrej Aer Room Air Freshener Spray Cool Surf Blue,300 ml,300,https://chaldal.com/air-freshners
Odonil Air Freshener Block Mystic Rose,48 gm,65,https://chaldal.com/air-freshners
Ermani Air Freshener (Lemon),300 ml,290,https://chaldal.com/air-freshners
Go Fresh Air Freshener Anti Tobacco,300 ml,195,https://chaldal.com/air-freshners
Go Fresh Air Freshener Strawberry,300 ml,195,https://chaldal.com/air-freshners
Bashundhara Air Freshener Orchid,300 ml,290,https://chaldal.com/air-freshners
Bashundhara Air Freshener Lotus,300 ml,240,https://chaldal.com/air-freshners
Fresh N Garden Air Freshener Orange,300 ml,220,https://chaldal.com/air-freshners
Godrej Aer Room Air Freshener Spray Monsoon Refresh,220 ml,240,https://chaldal.com/air-freshners
Godrej Aer Power Bathroom Fragrance Assorted (Buy 4 Get 1 Free),10 gm,300,https://chaldal.com/air-freshners
Fresh N Garden Oudh Air Freshener,300 ml,220,https://chaldal.com/air-freshners
Fantastik Air Freshener Natural Orchid,300 ml,280,https://chaldal.com/air-freshners
Shalimar Chandan Incense Sticks (Agarbatti),150 gm,170,https://chaldal.com/air-freshners
Fresh N Garden Air Freshener Lemon,300 ml,220,https://chaldal.com/air-freshners
Godrej Aer Room Air Freshener Spray Violet Valley Bloom,300 ml,300,https://chaldal.com/air-freshners
Odonil Air Freshener Room Spray Jasmin Fresh,300 ml,320,https://chaldal.com/air-freshners
Odonil Air Freshener Room Spray Citrus Fresh,300 ml,300,https://chaldal.com/air-freshners
Godrej Aer Power Pocket Bathroom Fragrance Fresh Blossom,10 gm,70,https://chaldal.com/air-freshners
Godrej Aer Power Pocket Bathroom Fragrance Lavender Bloom,10 gm,75,https://chaldal.com/air-freshners
Wave Air Freshener (Anti Tobacco),300 ml,290,https://chaldal.com/air-freshners
Armaf Enchanted Lemon Air Freshener,300 ml,440,https://chaldal.com/air-freshners
Spring Anti Tobacco Wild Pine Air Freshener,300 ml,300,https://chaldal.com/air-freshners
Wave Air Freshener (Lemongrass),300 ml,290,https://chaldal.com/air-freshners
Wave Air Freshener (Rojonigondha),300 ml,290,https://chaldal.com/air-freshners
Wave Air Freshener (Jasmine),300 ml,290,https://chaldal.com/air-freshners
Fresh N Fresh Air Freshener Jasmine,300 ml,400,https://chaldal.com/air-freshners
Fresh N Fresh Air Freshener Lemon,300 ml,450,https://chaldal.com/air-freshners
Fresh N Fresh Air Freshener Rose,300 ml,350,https://chaldal.com/air-freshners
Godrej Aer Cool Surf Blue Click Gel AC Vent Car Freshener,each,399,https://chaldal.com/air-freshners
Godrej Aer Twist Dashboard Car Freshener Cool Surf (Blue),45 gm,599,https://chaldal.com/air-freshners
Godrej Aer Room Air Freshener Spray Fresh Lush Green,300 ml,300,https://chaldal.com/air-freshners
Fay Air Freshener Lily 3 in 1,300 ml,320,https://chaldal.com/air-freshners
Fay Air Freshener Orchid 3 In 1,300 ml,320,https://chaldal.com/air-freshners
Fay Air Freshener Lime 3 in 1,300 ml,320,https://chaldal.com/air-freshners
Fay Air Freshener Jasmine 3 in 1,300 ml,340,https://chaldal.com/air-freshners
Fay Air Freshener Magnolia 3 in 1,300 ml,340,https://chaldal.com/air-freshners
Fay Air Freshener Rose 3 in 1,300 ml,340,https://chaldal.com/air-freshners
Fay Air Freshener Narcissus 3 in1,300 ml,320,https://chaldal.com/air-freshners
Spring Air Freshener Orange Fresh,300 ml,320,https://chaldal.com/air-freshners
Fay Air Freshener Lavender 3 in 1,300 ml,340,https://chaldal.com/air-freshners
Spring Air Freshener Lemon Fresh,300 ml,320,https://chaldal.com/air-freshners
Spring Air Freshener Floral Fresh,300 ml,320,https://chaldal.com/air-freshners
Award Shoe & Boot Polish (Brown),40 gm,90,https://chaldal.com/shoe-care
Award Shoe & Boot Polish (Black),40 gm,90,https://chaldal.com/shoe-care
RFL Shoe Rack 4 Step (Red),each,550,https://chaldal.com/shoe-care
Disposable Shoe Cover 25 pairs,,609,https://chaldal.com/shoe-care
Kiwi Liquid Shoe Polish Brown,75 ml,130,https://chaldal.com/shoe-care
Tiger Shoe Brush,each,110,https://chaldal.com/shoe-care
Kangaroo Liquid Shoe Shiner (Brown),75 ml,209,https://chaldal.com/shoe-care
Smart Diamond Liquid Shoe Polish (Brown),75 ml,185,https://chaldal.com/shoe-care
RFL Dust Keeper Paper Basket (Red),each,100,https://chaldal.com/trash-bin-basket
RFL Sunflower Paper Basket (Blue),each,130,https://chaldal.com/trash-bin-basket
RFL Wave Paper Basket (Pink),each,115,https://chaldal.com/trash-bin-basket
RFL Wave Paper Basket (Blue),each,115,https://chaldal.com/trash-bin-basket
RFL Modern Paper Basket (Pink),each,85,https://chaldal.com/trash-bin-basket
RFL Modern Paper Basket (Blue),each,115,https://chaldal.com/trash-bin-basket
RFL Clean Paper Basket (Pink),each,110,https://chaldal.com/trash-bin-basket
RFL Clean Paper Basket (Blue),each,115,https://chaldal.com/trash-bin-basket
RFL Dust Keeper Paper Basket (Blue),each,100,https://chaldal.com/trash-bin-basket
RFL Flip And Clean Dust Bin 4 ltr,each,200,https://chaldal.com/trash-bin-basket
Fresh Hand Towel (250X1 Ply),each,100,https://chaldal.com/kitchen-accessories
Bashundhara Kitchen Towel Rolls,2 pcs,160,https://chaldal.com/kitchen-accessories
"Fresh Paper Napkins 13"" Perfumed (100X1 Ply)",each,75,https://chaldal.com/kitchen-accessories
Bashundhara Kitchen Towel Rolls,each,85,https://chaldal.com/kitchen-accessories
Fresh kitchen Towel Roll,each,85,https://chaldal.com/kitchen-accessories
RFL Stainless Steel Net Spoon 33 cm,each,105,https://chaldal.com/kitchen-accessories
RFL Vegetable Washing Net 37 cm (Red),each,115,https://chaldal.com/kitchen-accessories
Npoly Vegetable Washing Net (Red) 36 cm,each,70,https://chaldal.com/kitchen-accessories
RFL Plastic Dala Big (Red),each,240,https://chaldal.com/kitchen-accessories
"Bashundhara Paper Napkins 13"" Unscented",100 pcs,75,https://chaldal.com/kitchen-accessories
Match Box,12 pcs,35,https://chaldal.com/kitchen-accessories
Dishwashing Stainless Steel Scrubber,4 pcs,150,https://chaldal.com/kitchen-accessories
Rok Dishwashing Steel Scourer,each,35,https://chaldal.com/kitchen-accessories
Partex Cleen Kitchen Towel Roll,each,85,https://chaldal.com/kitchen-accessories
Dish Washing Scrubbing Pad,each,50,https://chaldal.com/kitchen-accessories
Partex Cleen Kitchen Towel Roll,2 pcs,160,https://chaldal.com/kitchen-accessories
BBQ Portable machine 17 inch,each,1489,https://chaldal.com/kitchen-accessories
BBQ Grill Tin Maker With 5 Stick Silver,each,599,https://chaldal.com/kitchen-accessories
BBQ Net Holder Clip Silver,each,929,https://chaldal.com/kitchen-accessories
Blossoms Quality Wax Paper (10 m X 30 cm),each,429,https://chaldal.com/kitchen-accessories
Spoon Stand Round,each,269,https://chaldal.com/kitchen-accessories
Stainless Steel Roncfa Knife,each,215,https://chaldal.com/kitchen-accessories
Stainless Steel Vegetable Peeler,each,269,https://chaldal.com/kitchen-accessories
BBQ Brush (Red),each,119,https://chaldal.com/kitchen-accessories
RFL Super Hero Tiffin Box,each,100,https://chaldal.com/kitchen-accessories
RFL Winner Tiffin Box Rectangular,each,150,https://chaldal.com/kitchen-accessories
RFL Modern Pen Holder Light Blue,each,65,https://chaldal.com/kitchen-accessories
RFL Two Color Magic Stool Medium Exclusive,each,375,https://chaldal.com/kitchen-accessories
RFL Two Color Magic Stool High Exclusive,each,475,https://chaldal.com/kitchen-accessories
RFL Dispo knife Trans Set,50 pcs,160,https://chaldal.com/kitchen-accessories
RFL English Dish Rack Red,each,670,https://chaldal.com/kitchen-accessories
RFL Deluxe Bowl Red 8 ltr,each,140,https://chaldal.com/kitchen-accessories
RFL Smart Kitchen Rack Mini Two Color,each,480,https://chaldal.com/kitchen-accessories
RFL Deluxe Bowl Red 3 ltr,each,80,https://chaldal.com/kitchen-accessories
RFL Caino Stool Medium Eagle Brown,each,300,https://chaldal.com/kitchen-accessories
RFL Chef Chopping Board,each,350,https://chaldal.com/kitchen-accessories
RFL Hefty Chopping Board (Lime Green),each,125,https://chaldal.com/kitchen-accessories
RFL Salad Cutting Board (Orange),each,275,https://chaldal.com/kitchen-accessories
RFL Oval Washing Net Sm Blue 32 cm,each,75,https://chaldal.com/kitchen-accessories
RFL Flower Cloth Clip Set,12 pcs,150,https://chaldal.com/kitchen-accessories
RFL Rice Washing Net Cyan Blue 40 cm,each,160,https://chaldal.com/kitchen-accessories
RFL Rice Washing Net Red 40 cm,each,160,https://chaldal.com/kitchen-accessories
RFL Apple Jug Trans 2.5 ltr,each,200,https://chaldal.com/kitchen-accessories
RFL Roman Wall Rack (Light Blue),each,330,https://chaldal.com/kitchen-accessories
RFL Rtg Spice Tray (Red),each,150,https://chaldal.com/kitchen-accessories
RFL Cherry Container Trans Set,3 pcs,310,https://chaldal.com/kitchen-accessories
RFL Family Basket,each,520,https://chaldal.com/kitchen-accessories
RFL Glass Stand Red,each,130,https://chaldal.com/kitchen-accessories
RFL Popular Chopping Board White 34 cm,each,260,https://chaldal.com/kitchen-accessories
RFL Classic Round Container Trans Set,5 pcs,190,https://chaldal.com/kitchen-accessories
Samurai Multi Functional Electric Cooker Pink (All Plastic),1.8 ltr,1400,https://chaldal.com/kitchen-appliances
Samurai Multi Functional Electric Cooker Teal (All Plastic),1.8 ltr,1400,https://chaldal.com/kitchen-appliances
Samurai Mosquito Bat White (Rechargeable),each,750,https://chaldal.com/kitchen-appliances
Stainless Steel Round Spoon Medium,each,159,https://chaldal.com/kitchen-appliances
Pureit Classic Germ Kill Kit,1500 ltr,800,https://chaldal.com/kitchen-appliances
Vision Electric Kettle Glass (VIS-EK-016),1.8 ltr,1500,https://chaldal.com/kitchen-appliances
Vision Electric Kettle Heavy Duty (VIS-EK-017),5 ltr,2500,https://chaldal.com/kitchen-appliances
Vision Electric Kettle (VIS-EK-008),1.5 ltr,900,https://chaldal.com/kitchen-appliances
Vision Electric Kettle (VIS-EK-005),1.8 ltr,1000,https://chaldal.com/kitchen-appliances
RFL Topper Nonstick Glamour Fry Pan With Lid (Ash) 28 cm,,1540,https://chaldal.com/kitchen-appliances
RFL Topper Nonstick Marble Coated Fry Pan With Lid 26 cm,,1450,https://chaldal.com/kitchen-appliances
RFL Topper Nonstick Marble Coated Fry Pan With Lid IB 22 cm,,1250,https://chaldal.com/kitchen-appliances
RFL Topper Nonstick Marble Coated Fry Pan With Lid 24 cm,each,1300,https://chaldal.com/kitchen-appliances
RFL Topper Nonstick Glamour Dosa Tawa IB (Ash) 26 cm,each,1100,https://chaldal.com/kitchen-appliances
Stainless Steel Whisk (Blue),each,128,https://chaldal.com/kitchen-appliances
RFL Topper Aluminum Belly Pot 2.5 ltr,each,840,https://chaldal.com/kitchen-appliances
Kitchen Apron,each,271,https://chaldal.com/kitchen-appliances
Stainless Steel Grater,each,199,https://chaldal.com/kitchen-appliances
Stainless Steel Whisk,each,117,https://chaldal.com/kitchen-appliances
Heat Insulation Pad,each,100,https://chaldal.com/kitchen-appliances
Non Stick Fry Pan Spoon,each,149,https://chaldal.com/kitchen-appliances
RFL Vision Classic 3 In 1 Blender,1.6 ltr,2500,https://chaldal.com/kitchen-appliances
Stainless Steel Pickle Spoon,each,105,https://chaldal.com/kitchen-appliances
Manual Stainless Stell Hand Mixer,each,169,https://chaldal.com/kitchen-appliances
Meat Tenderizer (2.5 x 8 inch) China,each,629,https://chaldal.com/kitchen-appliances
Hualanz Flask (500 ml),each,559,https://chaldal.com/kitchen-appliances
RFL Topper NonStick Fry Pan & Lid Red 24 cm,each,1170,https://chaldal.com/kitchen-appliances
RFL Topper Nonstick Glamour Fry Pan with Lid (Red) 26 cm,each,1405,https://chaldal.com/kitchen-appliances
RFL Topper NonStick Cassrole & Lid Red 26 cm,each,1940,https://chaldal.com/kitchen-appliances
RFL Topper Silver Pressure Cooker 5 ltr,each,1900,https://chaldal.com/kitchen-appliances
Philips Deco LED Candle Bulb Yellow 0.5 Watt (Pin),each,85,https://chaldal.com/lights
Philips Ace Saver LED Bulb 2.7 Watt (Pin),each,175,https://chaldal.com/lights
Transtec Led Luster Blue Light (Screw),each,60,https://chaldal.com/lights
Transtec Backup CDL LED Bulb (Pin) 12 Watt,each,825,https://chaldal.com/lights
Transtec Bright CDL B22 LED Bulb (Pin) 18 Watt,each,355,https://chaldal.com/lights
Transtec Bright WW Led Bulb (Screw) 15 Watt,each,300,https://chaldal.com/lights
Transtec Bright CDL Led Bulb (Screw) 15 Watt,each,300,https://chaldal.com/lights
Transtec Green WW LED Bulb (Screw) 15 Watt,,400,https://chaldal.com/lights
Transtec Green CDL LED Bulb (Pin) 15 Watt,,400,https://chaldal.com/lights
Super Star LED Light White 18 W (Screw),each,525,https://chaldal.com/lights
Super Star LED Light White 15 W (Pin),each,440,https://chaldal.com/lights
Super Star LED Light White 18 W (Pin),each,525,https://chaldal.com/lights
Jackly Hardware Tools,each,249,https://chaldal.com/tools-hardware
Quality Clipper Nail Cutter,each,122,https://chaldal.com/tools-hardware
Stainless Steel Windbreak Clip,20 pcs,155,https://chaldal.com/tools-hardware
Portable Digital Weight Scale,,439,https://chaldal.com/tools-hardware
Glue Gun Stick 11 inch White,5 pcs,100,https://chaldal.com/tools-hardware
Can & Bottle Opener,each,269,https://chaldal.com/tools-hardware
Cutting Pliers (Red & Black),each,426,https://chaldal.com/tools-hardware
Feather Paint Brush,each,139,https://chaldal.com/tools-hardware
Nail Cutter,each,199,https://chaldal.com/tools-hardware
Mobaj Premium 7 Levers Lock,each,899,https://chaldal.com/tools-hardware
Stainless Steel Rice Spoon,each,197,https://chaldal.com/tools-hardware
RFL Super Hero Tiffin Box,each,100,https://chaldal.com/box-container
RFL Winner Tiffin Box Rectangular,each,150,https://chaldal.com/box-container
RFL Cherry Container Trans Set,3 pcs,310,https://chaldal.com/box-container
RFL Classic Round Container Trans Set,5 pcs,190,https://chaldal.com/box-container
Npoly Round Food Box,3 pcs,255,https://chaldal.com/box-container
Npoly Printed Container (Tr Pink) 15 ltr,each,270,https://chaldal.com/box-container
Npoly Printed Container (Tr Pink) 10 ltr,each,195,https://chaldal.com/box-container
Malik Seeds Mishti Kumra Beej (Rongila),each,60,https://chaldal.com/gardening
Malik Seeds Lau Beej (Pallabi),each,60,https://chaldal.com/gardening
Malik Seeds Chichinga Beej (Asha),each,60,https://chaldal.com/gardening
Malik Seeds Jhinga Beej (Raman),each,60,https://chaldal.com/gardening
Malik Seeds Begun Beej (Pritam),each,60,https://chaldal.com/gardening
Malik Seeds Begun Beej (Lalita),each,60,https://chaldal.com/gardening
Malik Seeds Tok Tomato Beej (Sour Round),each,60,https://chaldal.com/gardening
RFL RTG Flower Tub Small (Sandal Wood),each,99,https://chaldal.com/gardening
RFL RTG Flower Tub Big (Sandal Wood),each,200,https://chaldal.com/gardening
RFL RTG Flower Tub Big (Tulip Green),each,200,https://chaldal.com/gardening
RFL TEL Square Flower Tub (Sandal Wood) 12 inch,each,260,https://chaldal.com/gardening
RFL TEL Square Flower Tub (Rose Wood) 12 inch,each,260,https://chaldal.com/gardening
RFL TEL Flower Tub With Tray (Fanta Orange) 14 inch,each,180,https://chaldal.com/gardening
RFL TEL Hanging Flower Tub Small (Red) 6 inch,each,60,https://chaldal.com/gardening
RFL TEL Hanging Flower Tub Small (Brown) 6 inch,each,60,https://chaldal.com/gardening
RFL TEL Modern Flower Tub With Tray (Rose Wood) 8 inch,each,80,https://chaldal.com/gardening
RFL TEL Modern Flower Tub With Tray (Rose Wood) 6 inch,each,50,https://chaldal.com/gardening
RFL TEL Modern Flower Tub With Tray (Brown) 6 inch,each,50,https://chaldal.com/gardening
RFL Grill Mounted Flower Tub (Orange) 6 inch,each,62,https://chaldal.com/gardening
RFL Grill Mounted Flower Tub (Lime Green) 6 inch,each,62,https://chaldal.com/gardening
RFL English Dish Rack Red,each,670,https://chaldal.com/rack-organizer
RFL Smart Kitchen Rack Mini Two Color,each,480,https://chaldal.com/rack-organizer
RFL Flower Cloth Clip Set,12 pcs,150,https://chaldal.com/rack-organizer
RFL Heavy Rehal Red,each,200,https://chaldal.com/rack-organizer
RFL Roman Wall Rack (Light Blue),each,330,https://chaldal.com/rack-organizer
RFL Wall Hanger 10 Hooks (SM Blue),each,120,https://chaldal.com/rack-organizer
RFL Standard Mini Rack (Red & White),each,220,https://chaldal.com/rack-organizer
RFL Mini Rack (SM Blue),each,260,https://chaldal.com/rack-organizer
RFL Shoe Rack 4 Step (Red),each,550,https://chaldal.com/rack-organizer
Npoly Round Cloth Hanger (Red),each,200,https://chaldal.com/rack-organizer
"Steel Wire (22""x6"") Wall 6 Hook Hanger (China)",each,299,https://chaldal.com/rack-organizer
Areca Leaf Square Bowl,6 pcs,105,https://chaldal.com/disposables
One Time Plastic Fork Spoon,100 pcs,239,https://chaldal.com/disposables
Areca Leaf Lunch Container,6 pcs,155,https://chaldal.com/disposables
Areca Leaf Heart Shape Plate,6 pcs,185,https://chaldal.com/disposables
Areca Leaf Food Container with Lid,6 pcs,185,https://chaldal.com/disposables
One Time Plastic Spoon,100 pcs,189,https://chaldal.com/disposables
One Time Plastic Glass,100 pcs,249,https://chaldal.com/disposables
One Time Packaging Tray,100 pcs,299,https://chaldal.com/disposables
Shankar Umbrella With Box Black Colour (10 Spoke),each,449,https://chaldal.com/fashion-lifestyle
Savlon Travel Pouch,each,450,https://chaldal.com/fashion-lifestyle
Fabric Lagbe Cotton Lungi (JL-01),each,850,https://chaldal.com/fashion-lifestyle
LT3 Livingtex Men's Boxer XL 3 pcs,each,490,https://chaldal.com/fashion-lifestyle
LT1 Livingtex Men's Boxer M 3 pcs,each,650,https://chaldal.com/fashion-lifestyle
Moon Umbrella Blue Color,each,550,https://chaldal.com/fashion-lifestyle
Men's Black Sock 1 Pair,,120,https://chaldal.com/fashion-lifestyle
"Farlin Baby Comfortable Cot Sheet (24""X36"")",each,558,https://chaldal.com/fashion-lifestyle
Smart Care Ultra Thin Baby Pant Diaper XL (12-17 kg),46 pcs,1629,https://chaldal.com/extra-large-15-kg-diapers
Comfort Baby Diaper Pant XXXL (20-30 kg),24 pcs,829,https://chaldal.com/extra-large-15-kg-diapers
Fresh Happy Nappy Pant Diaper XXL (12-25 kg),24 pcs,719,https://chaldal.com/extra-large-15-kg-diapers
Fresh Happy Nappy Pant Diaper XL (12 -17 kg),32 pcs,699,https://chaldal.com/extra-large-15-kg-diapers
Savlon Twinkle Baby Pant Diaper XXL 14-25 kg,24 pcs,749,https://chaldal.com/extra-large-15-kg-diapers
Nannys Baby Love Diaper Belt 4 Maxi 8-18 kg (Free Wipes 72 pcs),25 pcs,925,https://chaldal.com/extra-large-15-kg-diapers
Comfort Baby Diaper Pant XXL (16-25 kg),26 pcs,829,https://chaldal.com/extra-large-15-kg-diapers
Comfort Baby Diaper Pant XL (12-17 kg),32 pcs,649,https://chaldal.com/extra-large-15-kg-diapers
Fresh Happy Nappy Pant Diaper XXL (12-25 kg),4 pcs,119,https://chaldal.com/extra-large-15-kg-diapers
Fresh Happy Nappy Pant Diaper XL (12 -17 kg),4 pcs,119,https://chaldal.com/extra-large-15-kg-diapers
Savlon Twinkle Baby Pant Diaper XL 12-20 kg,32 pcs,789,https://chaldal.com/extra-large-15-kg-diapers
Molfix Baby Diaper Pants Super Pack Extra Large 15+ kg,58 pcs,3480,https://chaldal.com/extra-large-15-kg-diapers
Molfix Baby Diaper Pants Super Pack Juni 12-17 kg,68 pcs,3340,https://chaldal.com/extra-large-15-kg-diapers
Pampers Baby Dry 8 Jumbo Plus Belt 17+ kg,52 pcs,4499,https://chaldal.com/extra-large-15-kg-diapers
Kidstar Baby Diaper Belt L (9-18 kg),56 pcs,929,https://chaldal.com/extra-large-15-kg-diapers
Kidstar Baby Diaper Belt XL (12-25 kg),50 pcs,979,https://chaldal.com/extra-large-15-kg-diapers
Savlon Twinkle Baby Belt Diaper XL 11-25 Kg,32 pcs,929,https://chaldal.com/extra-large-15-kg-diapers
Kinder Comfy Fit Pants Diaper M (6-12 kg),5 pcs,129,https://chaldal.com/small-2
Good Care Baby Diaper 3 M Midi (4-9 kg),40 pcs,1170,https://chaldal.com/small-2
Avonee Baby Diaper Pants S (4-8 kg),5 pcs,119,https://chaldal.com/small-2
Comfort Baby Diaper Pant M (7-12 kg),40 pcs,639,https://chaldal.com/small-2
Comfort Baby Diaper Pant S (3-8 kg),42 pcs,699,https://chaldal.com/small-2
NeoCare Premium Baby Diaper Belt L (7-18 kg),50 pcs,1339,https://chaldal.com/small-2
NeoCare Premium Baby Diaper Belt S (3-6 kg),50 pcs,939,https://chaldal.com/small-2
Fresh Happy Nappy Pant Diaper S (4-8 kg),42 pcs,779,https://chaldal.com/small-2
Fresh Happy Nappy Pant Diaper S (4-8 kg),5 pcs,119,https://chaldal.com/small-2
Savlon Twinkle Baby Pant Diaper M 6-12 kg,40 pcs,869,https://chaldal.com/small-2
Savlon Twinkle Baby Pant Diaper S 8 kg,42 pcs,829,https://chaldal.com/small-2
Kidz Baby Diaper Belt New Born (0-4 kg),25 pcs,799,https://chaldal.com/small-2
Supermom Baby Diaper Belt S (3- 8 kg),5 pcs,139,https://chaldal.com/small-2
Nestle Cerelac 1 Wheat & Three Fruits (6 M+),350 gm,420,https://chaldal.com/toddler-food
Nestlé Cerelac Wheat & 4 Fruits With Milk Tin (10-24 Months),400 gm,720,https://chaldal.com/toddler-food
Baby Meal Wheat & 3 Fruits Cereal Jar (6 -12 Month),400 gm,410,https://chaldal.com/toddler-food
Similac Infant Formula 2 (After 6 Months),400 gm,1099,https://chaldal.com/toddler-food
Nestle Cerelac Honey & Wheat (12 M+),400 gm,989,https://chaldal.com/toddler-food
Heinz Pumpkin & Potato + Beef (4 months+),110 gm,350,https://chaldal.com/toddler-food
Gerber MultiGrain Cereal,227 gm,1230,https://chaldal.com/toddler-food
Gerber Whole Wheat Cereal,227 gm,750,https://chaldal.com/toddler-food
Nestle Cerelac Rice & Milk (6 months +) Tin,400 gm,1249,https://chaldal.com/toddler-food
Nestle Cerelac Mixed Fruits & Wheat With Milk (7 M+),1 kg,2699,https://chaldal.com/toddler-food
Nestle Cerelac Honey & Wheat With Milk (12 months +) Tin,1 kg,2799,https://chaldal.com/toddler-food
Cow & Gate Growing Up Milk 4 (From 2-3 Years),800 gm,4000,https://chaldal.com/toddler-food
Baby Meal Milk Wheat & 3 Fruits Cereal (6-24 M),350 gm,410,https://chaldal.com/toddler-food
Biomil 3 Follow-Up Milk Formula Powder (1-2 Y),400 gm,830,https://chaldal.com/toddler-food
Mother's Smile Cereal Rice & Milk Tin,400 gm,620,https://chaldal.com/toddler-food
Heinz Apple Pureed (4 Months+),110 gm,350,https://chaldal.com/toddler-food
Nestle Cerelac 2 Apple & Cherry Baby Food (8 M+),350 gm,450,https://chaldal.com/toddler-food
PediaSure Vanilla Delight,1 kg,3385,https://chaldal.com/toddler-food
Nestle Cerelac 1 Wheat & Milk (6 M+),350 gm,400,https://chaldal.com/toddler-food
Nestle NAN 1 OPTIPRO Formula (0 to 6 months) Tin (UAE),800 gm,4099,https://chaldal.com/formula
Nestle Lactogen 4 Infant Formula Milk Powder (2-5 Y),350 gm,620,https://chaldal.com/formula
Nestle Cerelac 1 Wheat & Three Fruits (6 M+),350 gm,420,https://chaldal.com/formula
Nestle Nan Optipro 2 Formula Milk Powder (6 M+),800 gm,2375,https://chaldal.com/formula
Nestle Nan Optipro 1 Formula Milk Powder (0-6 M),800 gm,2375,https://chaldal.com/formula
Nestle Nan Optipro 2 Formula Milk Powder (6 M+),350 gm,920,https://chaldal.com/formula
Eldobaby 3 Follow Up Formula Jar (1-2 Years),350 gm,515,https://chaldal.com/formula
Nestle NAN 2 OPTIPRO Formula 6-12 months Tin (UAE),800 gm,3999,https://chaldal.com/formula
Similac Infant Formula 2 (After 6 Months),400 gm,1099,https://chaldal.com/formula
Eldobaby 3 Follow Up Formula (1-2 Years),350 gm,650,https://chaldal.com/formula
Cow & Gate Growing Up Milk 4 (From 2-3 Years),800 gm,4000,https://chaldal.com/formula
Eldomilk 2+ Growing Up Milk Powder (2-3 Years),350 gm,495,https://chaldal.com/formula
Biomil 3 Follow-Up Milk Formula Powder (1-2 Y),400 gm,830,https://chaldal.com/formula
Biomil 2 Milk (6-12 months) Tin,1 kg,1950,https://chaldal.com/formula
Mother's Smile Prima 1 Milk Tin (0-6 months),400 gm,850,https://chaldal.com/formula
Nestle Lactogen 1 Formula Milk Powder (0-6 M),350 gm,650,https://chaldal.com/formula
Nestle Nan Optipro 1 Formula Milk Powder (0-6 M),400 gm,1100,https://chaldal.com/formula
Nestle Lactogen 1 Formula Milk Powder (0-6 M),400 gm,840,https://chaldal.com/formula
Nestle NAN AL 110 Formula Milk Powder (0-6 M+),400 gm,1450,https://chaldal.com/formula
Biomil 3 Follow Up Formula Milk Powder (1-2 Y),350 gm,645,https://chaldal.com/formula
Biomil 2 Milk Powder (6-12 months),350 gm,645,https://chaldal.com/formula
Biomil 1 Milk Powder (0-6 months),350 gm,625,https://chaldal.com/formula
Kinder Wet Wipes Jar,160 pcs,240,https://chaldal.com/wipes
Kinder Wet Wipes Jar,120 pcs,200,https://chaldal.com/wipes
Kinder Wet Wipes Pouch,120 pcs,235,https://chaldal.com/wipes
Supermom Premium Mild Baby Wipes,120 pcs,235,https://chaldal.com/wipes
Smart Care Baby Wet Wipes with Fliptop,120 pcs,220,https://chaldal.com/wipes
NeoCare Baby Wipes,180 pcs,260,https://chaldal.com/wipes
Comfort Baby Wet Wipes,120 pcs,185,https://chaldal.com/wipes
ACI Twinkle Baby Wipes Jar,120 pcs,200,https://chaldal.com/wipes
Savlon Baby Wipes Jar,160 pcs,230,https://chaldal.com/wipes
Dr Rhazes Sensitive Baby Wipes,120 pcs,220,https://chaldal.com/wipes
Bashundhara Baby Wipes (Sky Blue),120 pcs,180,https://chaldal.com/wipes
Smartcare Wet Wipes With Tube,160 pcs,220,https://chaldal.com/wipes
Freshmaker Baby Wet Wipes,120 pcs,335,https://chaldal.com/wipes
SMC Smile Baby Wipes,80 pcs,200,https://chaldal.com/wipes
NeoCare Baby Wipes,120 pcs,235,https://chaldal.com/wipes
Savlon Twinkle Baby Wipes,120 pcs,285,https://chaldal.com/wipes
Farlin Herbal Baby Wet Wipes,85 pcs,615,https://chaldal.com/wipes
Farlin Moisture Anti Rash Wet Wipes Pink,85 pcs,615,https://chaldal.com/wipes
Happy Fresh Wet Wipes (Rose),120 pcs,220,https://chaldal.com/wipes
Pozzy Premium Hygienic Baby Wet Towel Wipes,120 pcs,235,https://chaldal.com/wipes
Smart Care Ultra Thin Baby Diaper Belt New Born (2-5 kg),25 pcs,850,https://chaldal.com/newborn-essentials
Lion Nipple (S),each,40,https://chaldal.com/newborn-essentials
NeoCare Baby Wipes,120 pcs,235,https://chaldal.com/newborn-essentials
Kidz Baby Diaper Belt New Born (0-4 kg),25 pcs,799,https://chaldal.com/newborn-essentials
Angel Silicon Nipple (0-3 Months),each,55,https://chaldal.com/newborn-essentials
Farlin Herbal Baby Wet Wipes,85 pcs,615,https://chaldal.com/newborn-essentials
Angel Baby Feeding Bottle & Nipple Cleanser,500 ml,501,https://chaldal.com/newborn-essentials
Pur Baby New Born Feeder S,70 ml,350,https://chaldal.com/newborn-essentials
Supermom Baby Diaper Belt S (3- 8 kg),5 pcs,139,https://chaldal.com/newborn-essentials
Farlin Baby Cotton Buds,200 pcs,400,https://chaldal.com/baby-accessories
SmartCare Baby Bottle and Accessories Liquid Wash,500 ml,550,https://chaldal.com/baby-accessories
Pur Going Out Cup (Green) 250 ml,each,529,https://chaldal.com/baby-accessories
Lion Bottle & Nipple Brush (Blue),each,170,https://chaldal.com/baby-accessories
All-Max Maximum Protection 3 layer Medical Mask,50 pcs,400,https://chaldal.com/baby-accessories
Birthday Celebration Balloon,20 pcs,150,https://chaldal.com/baby-accessories
Smartcare Silicon Baby Teether (6+ months),each,175,https://chaldal.com/baby-accessories
Smartcare Silicon Nipple (3+ Months ) M,each,50,https://chaldal.com/baby-accessories
Smartcare Silicon Nipple (6+ months) L,each,50,https://chaldal.com/baby-accessories
Smartcare Baby pacifier Medicine Feeder,10 ml,215,https://chaldal.com/baby-accessories
Smartcare Bottle & Nipple Brush Set,each,265,https://chaldal.com/baby-accessories
Kodomo Baby Bottle Cleanser Refill,700 ml,600,https://chaldal.com/baby-accessories
Farlin Baby Floss Toothpick,50 pcs,229,https://chaldal.com/baby-accessories
Farlin Milk Powder Container Mixed Color 4 layer,,345,https://chaldal.com/baby-accessories
Farlin Baby Hair Comb & Brush Set,each,580,https://chaldal.com/baby-accessories
Farlin Breast Pump Manual,each,472,https://chaldal.com/baby-accessories
"Farlin Baby Comfortable Cot Sheet (24""X36"")",each,558,https://chaldal.com/baby-accessories
Farlin Baby Feeding Bottle & Nipple Cleanser Refill,700 ml,708,https://chaldal.com/baby-accessories
Farlin Baby Clothing Detergent,500 ml,629,https://chaldal.com/baby-accessories
Angel Baby Feeding Bottle & Nipple Cleanser,500 ml,501,https://chaldal.com/baby-accessories
Farlin Baby Feeding Bottle & Nipple Cleanser,700 ml,892,https://chaldal.com/baby-accessories
"Farlin Air-Filled Rubber Cot Sheet (24""X36"")",each,1643,https://chaldal.com/baby-accessories
Angel Breast Pump Normal (BAA-22),each,386,https://chaldal.com/baby-accessories
Angel Feeding Bottle Brush (BR-1F3),each,279,https://chaldal.com/baby-accessories
Pur Baby Feeder & Nipple Brush (R.6104) 1 set,,480,https://chaldal.com/baby-accessories
Pur Baby Brush & Comb (Pink) 1 set,,479,https://chaldal.com/baby-accessories
Pur Baby Manicure Set (Paste),each,362,https://chaldal.com/baby-accessories
Pur Going Out Cup (Pink) 250 ml,each,554,https://chaldal.com/baby-accessories
Pur Baby Plastic Bib (Pink),each,300,https://chaldal.com/baby-accessories
Meril Milk & Beli Soap Bar,100 gm,60,https://chaldal.com/womens-soaps
Radiant Raxoll Antibacterial Soap (Moisture),100 gm,75,https://chaldal.com/womens-soaps
Radiant Raxoll Antibacterial Soap (Moisture),75 gm,60,https://chaldal.com/womens-soaps
Radiant Raxoll Antibacterial Soap (Sport),100 gm,75,https://chaldal.com/womens-soaps
Dettol Soap Neem with Pure Neem Oil Shower Bar,125 gm,89,https://chaldal.com/womens-soaps
Dettol Soap Neem with Pure Neem Oil Shower Bar,75 gm,65,https://chaldal.com/womens-soaps
Dettol Original Germ Defence Soap,100 gm,80,https://chaldal.com/womens-soaps
ACI Savlon Soap Fresh 125 gm,3 pcs,225,https://chaldal.com/womens-soaps
"Dettol Soap Summer Pack (Cool, Fresh & Original) 75 gm",3 pcs,195,https://chaldal.com/womens-soaps
Dettol Soap Fresh Bathing Bar Soap With Odour Protection,125 gm,95,https://chaldal.com/womens-soaps
Dettol Soap Fresh Bathing Bar Soap With Odour Protection,75 gm,65,https://chaldal.com/womens-soaps
Pears Transparent Soap With Lemon Flower Extracts,125 gm,345,https://chaldal.com/womens-soaps
Dettol Soap Bathing Bar Original Germ Defence 125 gm (Combo Pack),2 pcs,190,https://chaldal.com/womens-soaps
ACI Neem Original (Olive & Aloe Vera) Soap,75 gm,45,https://chaldal.com/womens-soaps
ACI Savlon Mild Antiseptic Soap,125 gm,80,https://chaldal.com/womens-soaps
ACI Savlon Mild Antiseptic Soap,100 gm,70,https://chaldal.com/womens-soaps
Lifebuoy Soap Bar Care,150 gm,80,https://chaldal.com/womens-soaps
Lux Soap Bar Bright Glow,150 gm,90,https://chaldal.com/womens-soaps
Lux Soap Bar Flawless Glow,150 gm,90,https://chaldal.com/womens-soaps
Lux Soap Bar Flawless Glow,90 gm,60,https://chaldal.com/womens-soaps
Sandalina Sandal & Moisturiser Soap,100 gm,60,https://chaldal.com/womens-soaps
Lux Soap Bar Flawless Glow,25 gm,15,https://chaldal.com/womens-soaps
Sandalina Sandal & Rose Soap,150 gm,90,https://chaldal.com/womens-soaps
Lux Soap Bar Flawless Glow 90 gm,2 pcs,110,https://chaldal.com/womens-soaps
Lifebuoy Soap Bar Mild Care 100 gm,2 pcs,94,https://chaldal.com/womens-soaps
Akij Health + Original Soap,100 gm,60,https://chaldal.com/womens-soaps
Lux Jasmine Soap Bar Bright Glow,75 gm,50,https://chaldal.com/womens-soaps
Dettol Soap Original Germ Defence Bathing Bar,50 gm,40,https://chaldal.com/womens-soaps
Dettol Fresh Soap 125 gm (25 gm Extra),150 gm,90,https://chaldal.com/womens-soaps
Dettol Cool Soap 125 gm (25 gm Extra),150 gm,90,https://chaldal.com/womens-soaps
Dettol Skincare With Moisturizers Soap,100 gm,75,https://chaldal.com/womens-soaps
Dettol Aloe Vera Shower Bar,100 gm,80,https://chaldal.com/womens-soaps
ACI Savlon Soap Fresh 100 gm,3 pcs,210,https://chaldal.com/womens-soaps
ACI Savlon Soap Mild 100 gm,3 pcs,210,https://chaldal.com/womens-soaps
ACI Savlon Soap Mild 125 gm,3 pcs,225,https://chaldal.com/womens-soaps
Boroplus Neem Antibacterial Moisturising Soap 100 gm,3 pcs,210,https://chaldal.com/womens-soaps
Meril Milk & Kiwi Soap Bar,150 gm,80,https://chaldal.com/womens-soaps
Meril Milk & Beli Soap Bar,150 gm,90,https://chaldal.com/womens-soaps
Himalaya Neem & Turmeric Soap,75 gm,50,https://chaldal.com/womens-soaps
Godrej No.1 Jasmine Soap,75 gm,40,https://chaldal.com/womens-soaps
Godrej No.1 Lime Soap,75 gm,40,https://chaldal.com/womens-soaps
Ribana Saffron Goat's Milk Soap,110 gm,950,https://chaldal.com/womens-soaps
Dr Davey Black Soap,100 gm,189,https://chaldal.com/womens-soaps
Godrej No.1 Sandal Soap,100 gm,55,https://chaldal.com/womens-soaps
Himalaya Neem & Turmeric Soap 125 gm (Buy 3 Get 1 Free),4 pcs,240,https://chaldal.com/womens-soaps
Lux Soap Bar Velvet Glow,75 gm,50,https://chaldal.com/womens-soaps
Lux Soap Bar Bright Glow,90 gm,60,https://chaldal.com/womens-soaps
Lux Soap Bar Soft Glow,150 gm,90,https://chaldal.com/womens-soaps
Dettol Bathing Soap Bar Skincare 125 gm (Combo Pack),4 pcs,380,https://chaldal.com/womens-soaps
Dettol Soap Bathing Bar Original Germ Defence 125 gm (Combo Pack),4 pcs,380,https://chaldal.com/womens-soaps
Head & Shoulders Smooth & Silky Anti Dandruff Shampoo,1 ltr,2799,https://chaldal.com/female-shampoo
Dove Shampoo Hair Fall Rescue,330 ml,440,https://chaldal.com/female-shampoo
Parachute Naturale Nourishing Care Shampoo (5.25 ml X 12 pcs),63 ml,24,https://chaldal.com/female-shampoo
Sunsilk Shampoo Stunning Black Shine,340 ml,350,https://chaldal.com/female-shampoo
Sunsilk Shampoo Stunning Black Shine,170 ml,180,https://chaldal.com/female-shampoo
Ujjwala Care Anti Hairfall Herbal Shampoo,200 ml,320,https://chaldal.com/female-shampoo
Ujjwala Care Anti Hairfall Herbal Shampoo,350 ml,480,https://chaldal.com/female-shampoo
Sunsilk Shampoo Stunning Black Shine,450 ml,550,https://chaldal.com/female-shampoo
Meril Tangerine Orange Shampoo,250 ml,300,https://chaldal.com/female-shampoo
Parachute Naturale Advanced Hair Fall Control Shampoo (Onion & Coconut Milk),175 ml,150,https://chaldal.com/female-shampoo
Sunsilk Lusciously Thick & Long Shampoo (Free Scalp Massager),650 ml,700,https://chaldal.com/female-shampoo
Herbal Essences White Strawberry & Sweet Mint Conditioner,400 ml,775,https://chaldal.com/female-shampoo
Herbal Essences Strength Whipped Cocoa Butter Conditioner,400 ml,775,https://chaldal.com/female-shampoo
Pantene Advanced Hair Fall Solution Anti-Dandruff Shampoo,180 ml,530,https://chaldal.com/female-shampoo
Head & Shoulders Cool Menthol Anti Dandruff Shampoo,1 ltr,1800,https://chaldal.com/female-shampoo
Pantene Hairfall Control Shampoo,340 ml,950,https://chaldal.com/female-shampoo
Head & Shoulders Smooth & Silky Anti Dandruff Shampoo,340 ml,990,https://chaldal.com/female-shampoo
Head & Shoulders 2 in 1 Cool Menthol Anti Dandruff Shampoo + Conditioner,340 ml,1200,https://chaldal.com/female-shampoo
Head & Shoulders 2 in 1 Smooth & Silky Shampoo + Conditioner,180 ml,650,https://chaldal.com/female-shampoo
Tresemmé Shampoo Color Revitalise,580 ml,850,https://chaldal.com/female-shampoo
Tresemmé Shampoo Keratin Smooth,340 ml,550,https://chaldal.com/female-shampoo
Herbal Essences White Strawberry & Sweet Mint Shampoo,400 ml,1800,https://chaldal.com/female-shampoo
Head & Shoulders Neem Anti Dandruff Shampoo,180 ml,650,https://chaldal.com/female-shampoo
Parachute Naturale Shampoo Hijab Fresh,340 ml,390,https://chaldal.com/female-shampoo
Sunsilk Shampoo Volume,375 ml,420,https://chaldal.com/female-shampoo
Parachute Naturale Anti Hair Fall Shampoo,160 ml,140,https://chaldal.com/female-shampoo
Parachute Naturale Damage Repair Shampoo,160 ml,140,https://chaldal.com/female-shampoo
Parachute Naturale Nourishing Care Shampoo,160 ml,140,https://chaldal.com/female-shampoo
Parachute Naturale Anti Hair Fall Shampoo,320 ml,265,https://chaldal.com/female-shampoo
Parachute Naturale Damage Repair Shampoo,320 ml,265,https://chaldal.com/female-shampoo
Parachute Naturale Nourishing Care Shampoo,320 ml,265,https://chaldal.com/female-shampoo
Head & Shoulders Cool Menthol Anti Dandruff Shampoo,340 ml,990,https://chaldal.com/female-shampoo
Head & Shoulders Anti Hairfall Anti Dandruff Shampoo,340 ml,990,https://chaldal.com/female-shampoo
Dove Shampoo Healthy Grow,330 ml,470,https://chaldal.com/female-shampoo
Dove Shampoo Healthy Grow,170 ml,200,https://chaldal.com/female-shampoo
Sunsilk Shampoo Lusciously Thick & Long,650 ml,700,https://chaldal.com/female-shampoo
Tresemmé Shampoo Hair Fall Defense,580 ml,850,https://chaldal.com/female-shampoo
Sunsilk Shampoo Hijab Recharge,330 ml,420,https://chaldal.com/female-shampoo
Biotique Natural Black & Shine Shampoo 12 pcs,3 ml,12,https://chaldal.com/female-shampoo
Sunsilk Shampoo Hair Fall Solution,170 ml,180,https://chaldal.com/female-shampoo
Tresemmé Shampoo Keratin Smooth,185 ml,350,https://chaldal.com/female-shampoo
Select Plus Ketoconazole Shampoo,75 ml,200,https://chaldal.com/female-shampoo
Tresemmé Shampoo Keratin Smooth,580 ml,850,https://chaldal.com/female-shampoo
Sunsilk Shampoo Lusciously Thick & Long,170 ml,180,https://chaldal.com/female-shampoo
Dove Shampoo Hairfall Rescue,650 ml,740,https://chaldal.com/female-shampoo
Sunsilk Shampoo Hair Fall Solution,340 ml,350,https://chaldal.com/female-shampoo
Veet Pure Hair Removal Cream (Free Dettol Original Soap 75 gm),100 gm,350,https://chaldal.com/feminine-care
GSN1 Grace Wings Sanitary Napkin Regular Flow (Panty) 5 pads,,65,https://chaldal.com/feminine-care
QSN4 Queen Sanitary Napkin Panty Liner,25 pcs,245,https://chaldal.com/feminine-care
VSN1 Venus Premium Sanitary Napkin (Panty),8 pcs,250,https://chaldal.com/feminine-care
QSN2 Queen Plus Sanitary Napkin (Panty),10 pcs,150,https://chaldal.com/feminine-care
Veet Pure Hair Removal Cream Normal Skin With Organic Aloe Vera & Rose Extracts,25 gm,110,https://chaldal.com/feminine-care
Veet Pure Hair Removal Cream Normal Skin With Organic Aloe Vera & Rose Extracts,100 gm,350,https://chaldal.com/feminine-care
Veet Pure Hair Removal Cream Sensitive Skin With Aloe Vera Extract,25 gm,110,https://chaldal.com/feminine-care
C17 Fresh Anonna Sanitary Napkin Belt system 15 pads,,110,https://chaldal.com/feminine-care
AF2  SMC Joya All Night Wings,8 pcs,120,https://chaldal.com/feminine-care
Intimia Ultra Thin Peaceful Night XL Sanitary Napkin,6 pcs,200,https://chaldal.com/feminine-care
Veet Expert All-in-One Women's Trimmer,,3200,https://chaldal.com/feminine-care
Veet Pure Hair Removal Cream With Organic Aelo Vera and Rose Extract,50 gm,200,https://chaldal.com/feminine-care
Sirona Oxo-Biodegradable Tampon & Condom Disposal Bag,50 pcs,350,https://chaldal.com/feminine-care
SS3 Shokhi Sanitary Napkin (Panty),8 pcs,70,https://chaldal.com/feminine-care
SS1 Shokhi Sanitary Napkin (Belt),8 pcs,60,https://chaldal.com/feminine-care
SS2 Shokhi Sanitary Napkin (Belt),15 pcs,110,https://chaldal.com/feminine-care
SS4 Shokhi Sanitary Napkin (Panty),15 pcs,120,https://chaldal.com/feminine-care
Freedom Hair Removal Cream,25 gm,100,https://chaldal.com/feminine-care
T3 Whisper Ultra Softs Air Fresh Sanitary Napkin XL+,7 pcs,160,https://chaldal.com/feminine-care
T5 Whisper Ultra Softs Air Fresh Sanitary Napkins XL+,15 pcs,360,https://chaldal.com/feminine-care
VWash Intimate Hygiene Wash,100 ml,527,https://chaldal.com/feminine-care
L17 Laurier Panty liner Cleanfresh Non Perfumed,20 pcs,170,https://chaldal.com/feminine-care
Beauty Formulas Aloe Vera Wax Strips,36 pcs,189,https://chaldal.com/feminine-care
L11 Laurier Healthy Skin Wing Sanitary Napkin14 pcs,,350,https://chaldal.com/feminine-care
Beauty Formulas Vitamin E Wax Strips,20 pcs,680,https://chaldal.com/feminine-care
AF3  SMC Joya Sanitary Napkin (Belt),8 pcs,60,https://chaldal.com/feminine-care
C3 Senora Sanitary Napkin Regular Flow (Belt),10 pcs,100,https://chaldal.com/feminine-care
C5 Senora Sanitary Napkin (Belt),15 pcs,130,https://chaldal.com/feminine-care
C9 Senora Confidence Regular Flow (Panty System),10 pcs,120,https://chaldal.com/feminine-care
Veet Hair Removal Cream Normal Skin With Lotus Milk,50 gm,200,https://chaldal.com/feminine-care
A5 Freedom Panty System Sanitary Napkin 10 pads,,100,https://chaldal.com/feminine-care
Dabur Gulabari Premium Rose Water,60 ml,45,https://chaldal.com/face-wash-scrub
Himalaya Natural Glow Saffron Face Wash,100 ml,225,https://chaldal.com/face-wash-scrub
Himalaya Pollution Detox Charcoal Face Wash,100 ml,225,https://chaldal.com/face-wash-scrub
Himalaya Purifying Neem Pack,50 ml,130,https://chaldal.com/face-wash-scrub
Earth Beauty & You Neem Face Wash,100 ml,180,https://chaldal.com/face-wash-scrub
Pond's Face Wash Bright Beauty,50 gm,120,https://chaldal.com/face-wash-scrub
Pierre Cardin Cleansing Gel,150 ml,1380,https://chaldal.com/face-wash-scrub
Clariss Face Wash Papaya Blemish Reduction,100 ml,345,https://chaldal.com/face-wash-scrub
Olay Face Wash Total Effects 7 in 1 Exfoliating Cleanser,100 gm,425,https://chaldal.com/face-wash-scrub
Clean & Clear Foaming Face Wash,150 ml,430,https://chaldal.com/face-wash-scrub
Neutrogena Spot Controlling Facial Wash,200 ml,1440,https://chaldal.com/face-wash-scrub
YC Lemon & Honey Whitening Facial Scrub,175 ml,795,https://chaldal.com/face-wash-scrub
YC Acne Facial Gel,250 ml,750,https://chaldal.com/face-wash-scrub
YC Neem Extract Whitening Face Wash,100 ml,650,https://chaldal.com/face-wash-scrub
Himalaya Aloevera Moisturizing Face Wash,100 ml,225,https://chaldal.com/face-wash-scrub
Himalaya Fairness Kesar Face Wash,100 ml,225,https://chaldal.com/face-wash-scrub
Boroplus Neem Face Wash,50 ml,130,https://chaldal.com/face-wash-scrub
Biore Womens Acne Care Face Wash,100 gm,700,https://chaldal.com/face-wash-scrub
Dove Face Wash Beauty Serum Sensitive,130 gm,330,https://chaldal.com/face-wash-scrub
Biore Bright and Oil Clear Face Wash,100 gm,850,https://chaldal.com/face-wash-scrub
L'Oréal Paris Pure Clay Detox Face Wash,150 ml,900,https://chaldal.com/face-wash-scrub
Johnson's Daily Essential Face Care For Normal Skin,150 ml,900,https://chaldal.com/face-wash-scrub
Neutrogena Spot Stress Control Daily Scrub,150 ml,1150,https://chaldal.com/face-wash-scrub
Neutrogena Pore & Shine Daily Scrub,150 ml,815,https://chaldal.com/face-wash-scrub
Johnson's Daily Essential Face Care,150 ml,800,https://chaldal.com/face-wash-scrub
Himalaya Oil Clear Face Wash Blueberry,100 ml,199,https://chaldal.com/face-wash-scrub
Himalaya Oil Clear Face Wash Strawberry,100 ml,199,https://chaldal.com/face-wash-scrub
Beauty Formulas Tea Tree Facial Wash,150 ml,850,https://chaldal.com/face-wash-scrub
Glow & Lovely Instaglow Facewash with Multivitamins,50 gm,85,https://chaldal.com/face-wash-scrub
Clean & Clear Morning Energy Face Wash Lemon,50 ml,247,https://chaldal.com/face-wash-scrub
Garnier Bright Complete Vitamin C Face Wash,100 gm,415,https://chaldal.com/face-wash-scrub
Dabur Gulabari Premium Rose Water,120 ml,100,https://chaldal.com/face-wash-scrub
Clean & Clear Blackhead Daily Scrub Oil Free,150 ml,920,https://chaldal.com/face-wash-scrub
Clean & Clear Morning Energy Face Wash Berry,50 ml,247,https://chaldal.com/face-wash-scrub
Garnier Pure Active Neem Face Wash,100 gm,390,https://chaldal.com/face-wash-scrub
Pond's Face Wash Bright Beauty,100 gm,210,https://chaldal.com/face-wash-scrub
Pond's Pure Detox Face Wash,100 gm,220,https://chaldal.com/face-wash-scrub
Pond's Nourishing Facial Scrub,100 gm,165,https://chaldal.com/face-wash-scrub
Pond's Face Wash Daily,50 gm,85,https://chaldal.com/face-wash-scrub
Layer'r Wottagirl Secret Crush Body Spray,135 ml,595,https://chaldal.com/female-deo
Layer'r Shot Red Stallion Body Spray,135 ml,595,https://chaldal.com/female-deo
Layer'r Shot Power Play Body Spray,135 ml,595,https://chaldal.com/female-deo
Colour Me Women's Body Spray Pink,150 ml,775,https://chaldal.com/female-deo
Lafz Premium Body Spray Dariush,120 ml,390,https://chaldal.com/female-deo
Fa Roll On Aqua Auatic Fresh,50 ml,289,https://chaldal.com/female-deo
Fa Roll On Sport,50 ml,279,https://chaldal.com/female-deo
Fa Roll On Caribbean Lemon,50 ml,299,https://chaldal.com/female-deo
CA Active Women Body Spray,200 ml,680,https://chaldal.com/female-deo
Lafz Ibadet Body Spray,90 ml,300,https://chaldal.com/female-deo
Lafz Gul Wissal Body Spray,100 ml,294,https://chaldal.com/female-deo
Enchanteur Pocket Perfume Romantic,18 ml,350,https://chaldal.com/female-deo
Enchanteur Pocket Perfume Charming,18 ml,300,https://chaldal.com/female-deo
Enchanteur Perfumed Deo Roll On Alluring,50 ml,500,https://chaldal.com/female-deo
Royal Mirage Sport Perfume,120 ml,1750,https://chaldal.com/female-deo
Royal Mirage Sport Body Spray,150 ml,620,https://chaldal.com/female-deo
Eternal Love Xlouis Women Body Spray,200 ml,780,https://chaldal.com/female-deo
Layer'r Wottagirl Pure Paradise Body Spray,135 ml,545,https://chaldal.com/female-deo
Layer'r Wottagirl Pink Angel Body Spray,135 ml,595,https://chaldal.com/female-deo
Ossum Body Spray Teaser,120 ml,550,https://chaldal.com/female-deo
Ossum Body Spray Desire,120 ml,550,https://chaldal.com/female-deo
Ossum Body Spray Cherish,120 ml,550,https://chaldal.com/female-deo
Ossum Body Spray Appeal,120 ml,550,https://chaldal.com/female-deo
Ossum Body Mist Pleasere,115 ml,580,https://chaldal.com/female-deo
Ossum Body Mist Blossom,115 ml,670,https://chaldal.com/female-deo
Enchanteur Perfumed Deo Spary Gorgeous,150 ml,400,https://chaldal.com/female-deo
Enchanteur Perfumed Deo Spary Charming,150 ml,400,https://chaldal.com/female-deo
Colour Me Perfume Volt,50 ml,625,https://chaldal.com/female-deo
Ossum Perfumed Body Mist Delight,115 ml,750,https://chaldal.com/female-deo
Ossum Perfumed Body Mist Romance,115 ml,750,https://chaldal.com/female-deo
Fogg Scent Women (I Am Queen),100 ml,900,https://chaldal.com/female-deo
Layer'r Wattagirl Fresh Citrus Body Spray,135 ml,699,https://chaldal.com/female-deo
Nivea Female Roll On Fresh Natural Deodorant,50 ml,240,https://chaldal.com/female-deo
Enchanteur Perfumed Deo Spary Romantic,150 ml,450,https://chaldal.com/female-deo
Enchanteur Perfumed Deo Roll On Romantic,50 ml,319,https://chaldal.com/female-deo
Go Fresh pocket Perfume Red Hot Fragrance,17 ml,130,https://chaldal.com/womens-perfume
Go Fresh Pocket Perfume Miracle Fragrance,17 ml,130,https://chaldal.com/womens-perfume
Go Fresh Pocket Perfume player Fragrance,17 ml,130,https://chaldal.com/womens-perfume
Go Fresh Pocket Perfume Wild Game Fragrance,17 ml,130,https://chaldal.com/womens-perfume
Go Fresh Pocket Perfume Secret Fragrance,17 ml,130,https://chaldal.com/womens-perfume
Layer'r Wottagirl Secret Crush Body Spray,135 ml,595,https://chaldal.com/womens-perfume
Layer'r Shot Red Stallion Body Spray,135 ml,595,https://chaldal.com/womens-perfume
Layer'r Shot Power Play Body Spray,135 ml,595,https://chaldal.com/womens-perfume
Colour Me Women's Body Spray Pink,150 ml,775,https://chaldal.com/womens-perfume
Lafz Premium Body Spray Dariush,120 ml,390,https://chaldal.com/womens-perfume
Fa Roll On Aqua Auatic Fresh,50 ml,289,https://chaldal.com/womens-perfume
Fa Roll On Sport,50 ml,279,https://chaldal.com/womens-perfume
Fa Roll On Caribbean Lemon,50 ml,299,https://chaldal.com/womens-perfume
CA Active Women Body Spray,200 ml,680,https://chaldal.com/womens-perfume
Lafz Ibadet Body Spray,90 ml,300,https://chaldal.com/womens-perfume
Lafz Gul Wissal Body Spray,100 ml,294,https://chaldal.com/womens-perfume
Enchanteur Pocket Perfume Romantic,18 ml,350,https://chaldal.com/womens-perfume
Enchanteur Pocket Perfume Charming,18 ml,300,https://chaldal.com/womens-perfume
Enchanteur Perfumed Deo Roll On Alluring,50 ml,500,https://chaldal.com/womens-perfume
Royal Mirage Sport Perfume,120 ml,1750,https://chaldal.com/womens-perfume
Royal Mirage Sport Body Spray,150 ml,620,https://chaldal.com/womens-perfume
Eternal Love Xlouis Women Body Spray,200 ml,780,https://chaldal.com/womens-perfume
Layer'r Wottagirl Pure Paradise Body Spray,135 ml,545,https://chaldal.com/womens-perfume
Layer'r Wottagirl Pink Angel Body Spray,135 ml,595,https://chaldal.com/womens-perfume
Ossum Body Spray Teaser,120 ml,550,https://chaldal.com/womens-perfume
Ossum Body Spray Desire,120 ml,550,https://chaldal.com/womens-perfume
Ossum Body Spray Cherish,120 ml,550,https://chaldal.com/womens-perfume
Ossum Body Spray Appeal,120 ml,550,https://chaldal.com/womens-perfume
Ossum Body Mist Pleasere,115 ml,580,https://chaldal.com/womens-perfume
Ossum Body Mist Blossom,115 ml,670,https://chaldal.com/womens-perfume
Enchanteur Perfumed Deo Spary Gorgeous,150 ml,400,https://chaldal.com/womens-perfume
Enchanteur Perfumed Deo Spary Charming,150 ml,400,https://chaldal.com/womens-perfume
Colour Me Perfume Volt,50 ml,625,https://chaldal.com/womens-perfume
Ossum Perfumed Body Mist Delight,115 ml,750,https://chaldal.com/womens-perfume
Ossum Perfumed Body Mist Romance,115 ml,750,https://chaldal.com/womens-perfume
Fogg Scent Women (I Am Queen),100 ml,900,https://chaldal.com/womens-perfume
Layer'r Wattagirl Fresh Citrus Body Spray,135 ml,699,https://chaldal.com/womens-perfume
Enchanteur Perfumed Deo Spary Romantic,150 ml,450,https://chaldal.com/womens-perfume
Enchanteur Perfumed Deo Roll On Romantic,50 ml,319,https://chaldal.com/womens-perfume
Comely Shower Gel (Sunshine Garden),350 ml,300,https://chaldal.com/womens-shower-gel
The Dermalix Rose Soothing Shower Gel,250 ml,350,https://chaldal.com/womens-shower-gel
Nivea Female Shower Gel Lemongrass & Oil,250 ml,700,https://chaldal.com/womens-shower-gel
Dettol Lasting Fresh Bodywash,250 ml,225,https://chaldal.com/womens-shower-gel
Dettol Skincare Bodywash,250 ml,225,https://chaldal.com/womens-shower-gel
Lux Body Wash French Rose & Almond Oil,245 ml,220,https://chaldal.com/womens-shower-gel
Dettol Aloe Vera Bodywash,250 ml,225,https://chaldal.com/womens-shower-gel
Dettol Cool Bodywash,250 ml,225,https://chaldal.com/womens-shower-gel
Dettol Skincare Bodywash Refill,170 ml,125,https://chaldal.com/womens-shower-gel
Dettol Lasting Fresh Bodywash Refill,170 ml,125,https://chaldal.com/womens-shower-gel
"Dettol Lasting Fresh Bodywash (Scan, Run & Win)",250 ml,225,https://chaldal.com/womens-shower-gel
YC Beautiful Day Body Shower Gel,400 ml,650,https://chaldal.com/womens-shower-gel
Palmolive Aroma Morning Tonic Shower Gel,250 ml,650,https://chaldal.com/womens-shower-gel
Palmolive Body Wash Luminous Oils,250 ml,650,https://chaldal.com/womens-shower-gel
Dettol Original Bodywash,250 ml,200,https://chaldal.com/womens-shower-gel
Dettol Fresh Antibacterial Bodywash Citrus & Orange Blossom,250 ml,350,https://chaldal.com/womens-shower-gel
Biore Mens Hygienic Energy Shower Gel,250 ml,750,https://chaldal.com/womens-shower-gel
Biore Mens Cool Energy Shower Gel,250 ml,750,https://chaldal.com/womens-shower-gel
St. Ives Sooting Oatmeal & Shea Butters Body Wash,400 ml,1550,https://chaldal.com/womens-shower-gel
St. Ives Fresh Skin Apricot Body Wash,400 ml,850,https://chaldal.com/womens-shower-gel
Lux Body Wash Bright Camellia,500 ml,1250,https://chaldal.com/womens-shower-gel
Lux Body Wash Soft Rose,500 ml,1250,https://chaldal.com/womens-shower-gel
Radiant Raxoll Antibacterial Soap (Moisture),100 gm,75,https://chaldal.com/mens-soaps
Radiant Raxoll Antibacterial Soap (Moisture),75 gm,60,https://chaldal.com/mens-soaps
Radiant Raxoll Antibacterial Soap (Sport),100 gm,75,https://chaldal.com/mens-soaps
Dettol Soap Neem with Pure Neem Oil Shower Bar,125 gm,89,https://chaldal.com/mens-soaps
Dettol Soap Neem with Pure Neem Oil Shower Bar,75 gm,65,https://chaldal.com/mens-soaps
Dettol Original Germ Defence Soap,100 gm,80,https://chaldal.com/mens-soaps
ACI Savlon Soap Fresh 125 gm,3 pcs,225,https://chaldal.com/mens-soaps
Dettol Soap Fresh Bathing Bar Soap With Odour Protection,125 gm,95,https://chaldal.com/mens-soaps
Dettol Soap Fresh Bathing Bar Soap With Odour Protection,75 gm,65,https://chaldal.com/mens-soaps
Dettol Soap Bathing Bar Original Germ Defence 125 gm (Combo Pack),2 pcs,190,https://chaldal.com/mens-soaps
ACI Savlon Men Soap,100 gm,70,https://chaldal.com/mens-soaps
Lifebuoy Soap Bar Total,150 gm,80,https://chaldal.com/mens-soaps
Dettol Bathing Soap Bar Skincare,125 gm,95,https://chaldal.com/mens-soaps
Dettol Skincare Bodywash,250 ml,225,https://chaldal.com/mens-soaps
Lifebuoy Soap Bar Lemon Fresh,90 gm,55,https://chaldal.com/mens-soaps
Lifebuoy Soap Bar Mild Care 100 gm,2 pcs,94,https://chaldal.com/mens-soaps
Akij Health + Original Soap,100 gm,60,https://chaldal.com/mens-soaps
Lux Jasmine Soap Bar Bright Glow,75 gm,50,https://chaldal.com/mens-soaps
Dettol Soap Original Germ Defence Bathing Bar,50 gm,40,https://chaldal.com/mens-soaps
Dettol Fresh Soap 125 gm (25 gm Extra),150 gm,90,https://chaldal.com/mens-soaps
Dettol Cool Soap 125 gm (25 gm Extra),150 gm,90,https://chaldal.com/mens-soaps
Dettol Skincare With Moisturizers Soap,100 gm,75,https://chaldal.com/mens-soaps
Dettol Aloe Vera Shower Bar,100 gm,80,https://chaldal.com/mens-soaps
ACI Savlon Soap Fresh 100 gm,3 pcs,210,https://chaldal.com/mens-soaps
ACI Savlon Soap Mild 100 gm,3 pcs,210,https://chaldal.com/mens-soaps
ACI Savlon Soap Mild 125 gm,3 pcs,225,https://chaldal.com/mens-soaps
ACI Savlon Fresh Antiseptic Soap,125 gm,80,https://chaldal.com/mens-soaps
Irish Spring Original Body Wash,532 ml,1360,https://chaldal.com/mens-soaps
Irish Spring Aloe Soap,104.8 gm,270,https://chaldal.com/mens-soaps
Dr Davey Black Soap,100 gm,189,https://chaldal.com/mens-soaps
Lifebuoy Mild Care Antibacterial Body Wash,300 ml,450,https://chaldal.com/mens-soaps
Godrej No.1 Sandal Soap,100 gm,55,https://chaldal.com/mens-soaps
Himalaya Neem & Turmeric Soap 125 gm (Buy 3 Get 1 Free),4 pcs,240,https://chaldal.com/mens-soaps
Dettol Original Bodywash,250 ml,200,https://chaldal.com/mens-soaps
Dettol Fresh Antibacterial Bodywash Citrus & Orange Blossom,250 ml,350,https://chaldal.com/mens-soaps
Studio X Clean & Fresh Soap For Men,75 gm,60,https://chaldal.com/mens-soaps
Dettol Bathing Soap Bar Skincare 125 gm (Combo Pack),4 pcs,380,https://chaldal.com/mens-soaps
Dettol Soap Bathing Bar Original Germ Defence 125 gm (Combo Pack),4 pcs,380,https://chaldal.com/mens-soaps
Studio X Clean & Fresh Soap for Men,125 gm,90,https://chaldal.com/mens-soaps
Nivea Fresh Natural Body Spray,150 ml,525,https://chaldal.com/mens-soaps
Wild Stone Forest Spice Soap,125 gm,188,https://chaldal.com/mens-soaps
ACI Septex Deep Clean Antiseptic Bar,100 gm,55,https://chaldal.com/mens-soaps
ACI Septex Antiseptic Bar,100 gm,50,https://chaldal.com/mens-soaps
Cute Lemon Soap,125 gm,60,https://chaldal.com/mens-soaps
Dettol Soap Bathing Bar Aloe Vera,75 gm,65,https://chaldal.com/mens-soaps
Dettol Bathing Soap Bar Skincare,27 gm,15,https://chaldal.com/mens-soaps
ACI Neem Original Pure Neem Soap,100 gm,55,https://chaldal.com/mens-soaps
"Dettol Soap Bathing Bar Family Pack (Cool, Skincare & Original) 75 gm",3 pcs,195,https://chaldal.com/mens-soaps
Dettol Soap Bathing Bar Original Germ Defence 75 gm (Combo Pack),3 pcs,195,https://chaldal.com/mens-soaps
Camay Romantic Beauty Soap,170 gm,350,https://chaldal.com/mens-soaps
Head & Shoulders Smooth & Silky Anti Dandruff Shampoo,1 ltr,2799,https://chaldal.com/shampoo
Clear Men Shampoo Deep Cleanse,170 ml,270,https://chaldal.com/shampoo
Clear Shampoo Men Cool Sport Menthol Anti Dandruff,330 ml,500,https://chaldal.com/shampoo
Ujjwala Care Hair Protect Men Shampoo + Conditioner,200 ml,320,https://chaldal.com/shampoo
Clear Men Shampoo Deep Cleanse,330 ml,500,https://chaldal.com/shampoo
Herbal Essences White Strawberry & Sweet Mint Conditioner,400 ml,775,https://chaldal.com/shampoo
Herbal Essences Strength Whipped Cocoa Butter Conditioner,400 ml,775,https://chaldal.com/shampoo
Head & Shoulders Cool Menthol Anti Dandruff Shampoo,1 ltr,1800,https://chaldal.com/shampoo
Head & Shoulders Smooth & Silky Anti Dandruff Shampoo,340 ml,990,https://chaldal.com/shampoo
Head & Shoulders 2 in 1 Cool Menthol Anti Dandruff Shampoo + Conditioner,340 ml,1200,https://chaldal.com/shampoo
Head & Shoulders 2 in 1 Smooth & Silky Shampoo + Conditioner,180 ml,650,https://chaldal.com/shampoo
Head & Shoulders Cool Menthol Anti Dandruff Shampoo,180 ml,530,https://chaldal.com/shampoo
Head & Shoulders Silky Black Anti Dandruff Shampoo,340 ml,990,https://chaldal.com/shampoo
Sunsilk Lively Clean & Fresh Shampoo,300 ml,725,https://chaldal.com/shampoo
Clear Shampoo Complete Active Care Anti Dandruff,330 ml,400,https://chaldal.com/shampoo
Dove Shampoo Oxygen Moisture,330 ml,470,https://chaldal.com/shampoo
Dove Shampoo Intense Repair,170 ml,200,https://chaldal.com/shampoo
Dove Shampoo Intense Repair,330 ml,440,https://chaldal.com/shampoo
Dove Shampoo Nourishing Oil Care,170 ml,200,https://chaldal.com/shampoo
Dove Shampoo Nourishing Oil Care,330 ml,470,https://chaldal.com/shampoo
Sunsilk Shampoo Lusciously Thick & Long,330 ml,350,https://chaldal.com/shampoo
Clear Shampoo Men Cool Sport Menthol Anti Dandruff,170 ml,270,https://chaldal.com/shampoo
Clear Shampoo Complete Active Care Anti Dandruff,170 ml,240,https://chaldal.com/shampoo
Kool 2 In 1 After Shave Gel Cream,50 gm,140,https://chaldal.com/shaving-needs
Gillette Blue 2 Disposable Razor,each,55,https://chaldal.com/shaving-needs
Gillette Guard Cartridges Single Cartridge,each,30,https://chaldal.com/shaving-needs
Gillette Mach3 Turbo Men's Shaving Razor,each,665,https://chaldal.com/shaving-needs
Gillette Proglide Men's Grooming Razor With Flexible Technology,each,1090,https://chaldal.com/shaving-needs
Nivea Men Cool Kick Shaving Gel,200 ml,375,https://chaldal.com/shaving-needs
Kool After Shave Lotion,50 ml,200,https://chaldal.com/shaving-needs
Nivea Men Sensitive After Shave Lotion,100 ml,1250,https://chaldal.com/shaving-needs
Nivea Men Sensitive After Shave Lotion,100 ml,550,https://chaldal.com/shaving-needs
Kool Ultra Glide Shaving Foam,200 ml,350,https://chaldal.com/shaving-needs
Kool After Shave Lotion,100 ml,300,https://chaldal.com/shaving-needs
Gillette Mach3 New Blade Razor,each,655,https://chaldal.com/shaving-needs
Gillette Fusion Manual Razor,each,1090,https://chaldal.com/shaving-needs
Kool Frosty Shaving Cream,50 gm,55,https://chaldal.com/shaving-needs
Gillette Blue 2 Disposable Razor,each,55,https://chaldal.com/beard-grooming
Gillette Guard Cartridges Single Cartridge,each,30,https://chaldal.com/beard-grooming
Beardo Beard & Hair Growth Oil,50 ml,1599,https://chaldal.com/beard-grooming
Kool After Shave Lotion,50 ml,200,https://chaldal.com/beard-grooming
Aichun Beauty Beard Growth Beard Essential Oil,30 ml,450,https://chaldal.com/beard-grooming
Nivea Men Sensitive After Shave Lotion,100 ml,1250,https://chaldal.com/beard-grooming
Nivea Men Sensitive After Shave Lotion,100 ml,550,https://chaldal.com/beard-grooming
Kool Ultra Glide Shaving Foam,200 ml,350,https://chaldal.com/beard-grooming
Kool After Shave Lotion,100 ml,300,https://chaldal.com/beard-grooming
Gillette Mach3 New Blade Razor,each,655,https://chaldal.com/beard-grooming
Gillette Fusion Manual Razor,each,1090,https://chaldal.com/beard-grooming
Kool Frosty Shaving Cream,50 gm,55,https://chaldal.com/beard-grooming
Gillette Blue 2 Disposable Razor,each,55,https://chaldal.com/razors-blades
Gillette Guard Cartridges Single Cartridge,each,30,https://chaldal.com/razors-blades
Gillette Mach3 Turbo Men's Shaving Razor,each,665,https://chaldal.com/razors-blades
Gillette Proglide Men's Grooming Razor With Flexible Technology,each,1090,https://chaldal.com/razors-blades
Gillette Mach3 New Blade Razor,each,655,https://chaldal.com/razors-blades
Gillette Fusion Manual Razor,each,1090,https://chaldal.com/razors-blades
Germnil Hand Sanitizer With Dispenser,250 ml,220,https://chaldal.com/hand-sanitizer
D-Care Instant Hand Sanitizer,5 ltr,2525,https://chaldal.com/hand-sanitizer
Savlon Instant Hand Sanitizer,200 ml,200,https://chaldal.com/hand-sanitizer
Savlon Hand Sanitizer,50 ml,80,https://chaldal.com/hand-sanitizer
Savlon Hand Rub,250 ml,130,https://chaldal.com/hand-sanitizer
Sepnil Instant Hand Sanitizer,40 ml,80,https://chaldal.com/hand-sanitizer
Sepnil Instant Hand Sanitizer,200 ml,250,https://chaldal.com/hand-sanitizer
Sensodyne Daily Protection Toothpaste,20 gm,55,https://chaldal.com/toothpastes
Closeup Toothpaste Menthol Fresh,145 gm,155,https://chaldal.com/toothpastes
Medident Sensitive Care Toothpaste,100 gm,120,https://chaldal.com/toothpastes
Medident-G Gum Care Toothpaste,140 gm,170,https://chaldal.com/toothpastes
Mediplus Toothpaste,70 gm,70,https://chaldal.com/toothpastes
Sensodyne Fresh Mint Toothpaste,40 gm,110,https://chaldal.com/toothpastes
Closeup Toothpaste Menthol Fresh,85 gm,105,https://chaldal.com/toothpastes
Mediplus DS Toothpaste,140 gm,135,https://chaldal.com/toothpastes
Mediplus Fluoride Gel Toothpaste,100 gm,100,https://chaldal.com/toothpastes
Pepsodent Toothpaste Germi Check +,190 gm,170,https://chaldal.com/toothpastes
Colgate Max Fresh Blue Gel Toothpaste,150 gm,200,https://chaldal.com/toothpastes
Pepsodent Toothpaste Germi Check +,140 gm,125,https://chaldal.com/toothpastes
Pepsodent Toothpaste Germi Check +,85 gm,95,https://chaldal.com/toothpastes
Sensodyne Repair & Protect Toothpaste,100 gm,475,https://chaldal.com/toothpastes
Parodontax ultra Clean Toothpaste,75 gm,250,https://chaldal.com/toothpastes
Parodntax Daily Flouride Toothpaste,75 gm,220,https://chaldal.com/toothpastes
Magic Herbal Toothpaste,100 gm,90,https://chaldal.com/toothpastes
Colgate Kids Premium Toothpaste (3-5 Years),80 gm,320,https://chaldal.com/toothpastes
Colgate Kids Premium Toothpaste (0-2 Years),70 gm,320,https://chaldal.com/toothpastes
Dabur Red Toothpaste,50 gm,45,https://chaldal.com/toothpastes
Dabur Red Toothpaste (Super Saver Pack),300 gm,155,https://chaldal.com/toothpastes
Pepsodent Awesome Orange Toothpaste,45 gm,85,https://chaldal.com/toothpastes
Sensodyne Fresh Gel Toothpaste (Free Brush 1 pcs),150 gm,350,https://chaldal.com/toothpastes
Sensodyne Fresh Mint Toothpaste (Free Brush 1 pcs),150 gm,350,https://chaldal.com/toothpastes
Sensodyne Rapid Relief Toothpaste,40 gm,180,https://chaldal.com/toothpastes
Sensodyne Repair and Protect Toothpaste,70 gm,360,https://chaldal.com/toothpastes
WhitePlus Toothpaste,200 gm,160,https://chaldal.com/toothpastes
Himalaya Complete Care Toothpaste,175 gm,280,https://chaldal.com/toothpastes
Pepsodent Toothpaste Sensitive Expert Gum Care,140 gm,250,https://chaldal.com/toothpastes
Sensodyne Deep Clean Toothpaste,70 gm,200,https://chaldal.com/toothpastes
Pepsodent Toothpaste Sensitive Expert Professional,140 gm,220,https://chaldal.com/toothpastes
WhitePlus Enamel Guard Toothpaste,100 gm,110,https://chaldal.com/toothpastes
BrushUp Fresh Alpine Mint Toothpaste,100 gm,70,https://chaldal.com/toothpastes
Sensodyne Rapid Relief Toothpaste,80 gm,330,https://chaldal.com/toothpastes
Colgate Total Advance Health Toothpaste,120 gm,320,https://chaldal.com/toothpastes
Sensodyne Fresh Mint Toothpaste,75 gm,200,https://chaldal.com/toothpastes
Zact Whitening Toothpaste,150 gm,347,https://chaldal.com/toothpastes
Sensodyne Fresh Gel Toothpaste,75 gm,200,https://chaldal.com/toothpastes
Sensodyne Fresh Gel Toothpaste,150 gm,350,https://chaldal.com/toothpastes
Colgate Anticavity Active Salt Toothpaste,190 gm,220,https://chaldal.com/toothpastes
Colgate Max Fresh Red Gel Toothpaste,150 gm,200,https://chaldal.com/toothpastes
Colgate Visible White Toothpaste,100 gm,350,https://chaldal.com/toothpastes
Zact Smokers' Toothpaste,150 gm,320,https://chaldal.com/toothpastes
Sensodyne Fresh Mint Toothpaste,150 gm,350,https://chaldal.com/toothpastes
Mediplus DS Toothpaste,90 gm,90,https://chaldal.com/toothpastes
Sensodyne Complete Protection Toothbrush (Buy 2 Get 1 Free),3 pcs,349,https://chaldal.com/toothbrushes
Sensodyne Sensitivity & Gum Toothbrush,each,169,https://chaldal.com/toothbrushes
Sensodyne Gentle Care (Buy 1 Get 1 Free),2 pcs,229,https://chaldal.com/toothbrushes
Sensodyne Expert Brush (Buy 2 Get 1 Free),3 pcs,329,https://chaldal.com/toothbrushes
Parodontax Toothbrush,each,179,https://chaldal.com/toothbrushes
ProDentalB Dynamite Toothbrush,each,219,https://chaldal.com/toothbrushes
Sensodyne Sensitivity & Gum Toothbrush (Buy 2 Get 1 Free),3 pcs,400,https://chaldal.com/toothbrushes
Sensodyne Expert Brush,each,210,https://chaldal.com/toothbrushes
Sensodyne Daily Care Toothbrush,each,70,https://chaldal.com/toothbrushes
Sensodyne Multicare Toothbrush,each,140,https://chaldal.com/toothbrushes
Sensodyne Sensitive Toothbrush (Ultra Soft),each,110,https://chaldal.com/toothbrushes
Sensodyne Deep Clean Toothbrush (Buy 2 Get 1 Free),3 pcs,280,https://chaldal.com/toothbrushes
Colgate 360 Whole Mouth Clean Toothbrush,each,212,https://chaldal.com/toothbrushes
Oral-B Crisscross Toothbrush,each,180,https://chaldal.com/toothbrushes
Trisa Toothbrush Pearl White Soft (Assorted colour),each,290,https://chaldal.com/toothbrushes
Trisa Toothbrush Pearl White Medium (Assorted colour),each,290,https://chaldal.com/toothbrushes
Trisa Toothbrush Perfect White Medium (Assorted colour),each,500,https://chaldal.com/toothbrushes
Trisa Tooth Brush Focus Pro Clean Soft (Assorted colour),each,200,https://chaldal.com/toothbrushes
Trisa Tooth Brush Focus Pro Clean Medium (Assorted colour),each,290,https://chaldal.com/toothbrushes
Trisa Junior Toothbrush 6+ Years (Assorted colour),each,370,https://chaldal.com/toothbrushes
Dr West Toothbrush Hard,each,169,https://chaldal.com/toothbrushes
Colgate Gentle Sensitive 4 pcs Promo Toothbrush,each,318,https://chaldal.com/toothbrushes
Colgate Gentle Sensitive Toothbrush,each,105,https://chaldal.com/toothbrushes
ProDentalB Rice Husk Toothbrush,2 pcs,495,https://chaldal.com/toothbrushes
Colgate Charcoal Gold 360 Toothbrush,each,212,https://chaldal.com/toothbrushes
Sensodyne Toothbrush Family Pack (Buy 2 Get 1 Free),3 pcs,220,https://chaldal.com/toothbrushes
ProDentalB Flexible Toothbrush,each,120,https://chaldal.com/toothbrushes
Watson Dental Floss Picks Charcoal,50 pcs,269,https://chaldal.com/mouthwash-others
Colgate Mouthwash Plax Peppermint,500 ml,869,https://chaldal.com/mouthwash-others
Listerine Cool Mint Liquid Mouthwash,250 ml,370,https://chaldal.com/mouthwash-others
Listerine Original Liquid Mouthwash,250 ml,410,https://chaldal.com/mouthwash-others
Listerine Original Liquid Mouthwash,500 ml,553,https://chaldal.com/mouthwash-others
Listerine Cavity Fighter Liquid Mouthwash,500 ml,541,https://chaldal.com/mouthwash-others
Colgate Plax Peppermint Mouth Wash,750 ml,1160,https://chaldal.com/mouthwash-others
Colgate Plax Peppermint Mouth Wash,500 ml,585,https://chaldal.com/mouthwash-others
Colgate Plax Herbal Salt Mouth Wash,500 ml,1260,https://chaldal.com/mouthwash-others
Colgate Plax Freshmint Mouth Wash,750 ml,815,https://chaldal.com/mouthwash-others
Listerine Original Mouth Wash (Thai),250 ml,750,https://chaldal.com/mouthwash-others
Magic Tooth Powder,100 gm,58,https://chaldal.com/mouthwash-others
Colgate Plax Gentle Care Mouth Wash,250 ml,372,https://chaldal.com/mouthwash-others
Oral-B Essential Dental Floss 50 mtr,,600,https://chaldal.com/mouthwash-others
Listerine Cool Mint Mouth Wash (Thai),250 ml,595,https://chaldal.com/mouthwash-others
Toothpick,4 pcs,189,https://chaldal.com/mouthwash-others
Toothpick Local 1 box,,60,https://chaldal.com/mouthwash-others
ProDentalB Tongue Cleaner,each,210,https://chaldal.com/mouthwash-others
ProDentalB Dental Stain Remover,each,375,https://chaldal.com/mouthwash-others
ProDentalB Tooth Floss Pick,50 pcs,270,https://chaldal.com/mouthwash-others
Listerine Cool Mint Mouth Wash (Thai),500 ml,690,https://chaldal.com/mouthwash-others
Pepsodent Tooth Powder,95 gm,60,https://chaldal.com/mouthwash-others
Magic Tooth Powder,50 gm,35,https://chaldal.com/mouthwash-others
Meril Milk & Beli Soap Bar,100 gm,60,https://chaldal.com/soaps
Radiant Raxoll Antibacterial Soap (Moisture),100 gm,75,https://chaldal.com/soaps
Radiant Raxoll Antibacterial Soap (Moisture),75 gm,60,https://chaldal.com/soaps
Radiant Raxoll Antibacterial Soap (Sport),100 gm,75,https://chaldal.com/soaps
Tibet Luxury Pink Soap Natural Glow,100 gm,55,https://chaldal.com/soaps
Lux Jasmine Soap Bar Bright Glow,75 gm,50,https://chaldal.com/soaps
Meril Milk & Kiwi Soap Bar,150 gm,80,https://chaldal.com/soaps
"Dettol Bathing Soap (Original, Skincare, Cool & Fresh) 75 gm",4 pcs,260,https://chaldal.com/soaps
Dettol Soap Bathing Bar Aloe Vera,125 gm,95,https://chaldal.com/soaps
Dettol Bathing Soap Bar Skincare 125 gm (Combo Pack),4 pcs,380,https://chaldal.com/soaps
Dettol Soap Bathing Bar Original Germ Defence 125 gm (Combo Pack),4 pcs,380,https://chaldal.com/soaps
Wild Stone Forest Spice Soap,125 gm,188,https://chaldal.com/soaps
Dettol Soap Bathing Bar Original Germ Defence,125 gm,95,https://chaldal.com/soaps
Dettol Soap Bathing Bar Original Germ Defence,75 gm,65,https://chaldal.com/soaps
Pond's Bright Beauty Anti-Spot-Formula Serum Cream,35 gm,180,https://chaldal.com/creams
Pond's Bright Beauty Anti-Spot-Formula Serum Cream,23 gm,130,https://chaldal.com/creams
Ligion Active Gold Mehedi,25 gm,50,https://chaldal.com/creams
Creme 21 Vitamin E Moisturizing Soft Cream,150 ml,605,https://chaldal.com/creams
Dove Silky Cream,300 ml,1450,https://chaldal.com/creams
Dove Intensive Cream,75 ml,495,https://chaldal.com/creams
Pond's White Beauty Day Cream,35 gm,240,https://chaldal.com/creams
Glow & Lovely Advanced Multivitamin Cream,100 gm,300,https://chaldal.com/creams
Beauty Formulas Intensive Foot Cream,100 ml,509,https://chaldal.com/creams
Sudocrem Antiseptic Healing Cream,125 gm,980,https://chaldal.com/creams
Fair And Lovely Cream Advanced Multivitamin,80 gm,400,https://chaldal.com/creams
Neutrogena Ultra Sheer Dry Touch Sunblock SPF,88 ml,1299,https://chaldal.com/creams
Glow & Lovely Face Cream Blemish Balm,40 gm,240,https://chaldal.com/creams
Glow & Lovely Advanced Multi Vitamin Cream,47 gm,165,https://chaldal.com/creams
Pond's Vanishing Cream,28 gm,60,https://chaldal.com/creams
Glow & Lovely Advanced Multi Vitamin Cream,23 gm,95,https://chaldal.com/creams
Pond's Bright Beauty Spot-less Glow Day Cream,23 gm,130,https://chaldal.com/creams
Olay Night Moisturiser Total Effects 7 in 1 Anti Ageing,50 gm,1470,https://chaldal.com/creams
Tibet Snow,50 gm,70,https://chaldal.com/creams
Glow & Lovely Winter Glow Face Cream,50 gm,170,https://chaldal.com/creams
Neutrogena Deep Clean Gel Wash,200 ml,1000,https://chaldal.com/face-wash-mask
Himalaya Purifying Neem Face Wash,150 ml,275,https://chaldal.com/face-wash-mask
Parachute SkinPure Aloe Vera Gel,100 ml,205,https://chaldal.com/face-wash-mask
Parachute SkinPure Aloe Vera Gel,200 ml,355,https://chaldal.com/face-wash-mask
Parachute SkinPure Aloe Vera Gel,50 ml,120,https://chaldal.com/face-wash-mask
Garnier Skin Naturals Light Complete Serum Mask,each,135,https://chaldal.com/face-wash-mask
Biore Mild Smooth Face Wash,100 gm,700,https://chaldal.com/face-wash-mask
Himalaya Fresh Start Oil Clear Face Wash Lemon,100 ml,199,https://chaldal.com/face-wash-mask
YC Peel Off Black Mask With Bamboo Charcoal,100 ml,650,https://chaldal.com/face-wash-mask
Himalaya Purifying Neem Face Wash,100 ml,230,https://chaldal.com/face-wash-mask
Pond's Face Wash Bright Beauty,100 gm,210,https://chaldal.com/face-wash-mask
Pond's Face Wash Daily,100 gm,150,https://chaldal.com/face-wash-mask
Vaseline Lip Therapy Original,4.8 gm,225,https://chaldal.com/lipsticks-lip-balm
Vaseline Lip Therapy Rosy Lips,20 gm,350,https://chaldal.com/lipsticks-lip-balm
Meril Lip Balm Lemon,4.8 gm,50,https://chaldal.com/lipsticks-lip-balm
Vaseline Lip Therapy Original,20 gm,259,https://chaldal.com/lipsticks-lip-balm
Vaseline Lip Therapy Aloe Vera,20 gm,309,https://chaldal.com/lipsticks-lip-balm
Lilac Lip Balm Rose,30 gm,200,https://chaldal.com/lipsticks-lip-balm
Lipsilk Lip Balm Strawberry,7 gm,210,https://chaldal.com/lipsticks-lip-balm
Nivea Soft Rose Lip Care,4.8 gm,500,https://chaldal.com/lipsticks-lip-balm
Meril Lip Balm Strawberry,4.8 gm,50,https://chaldal.com/lipsticks-lip-balm
Glow & Lovely Face Cream Blemish Balm,40 gm,240,https://chaldal.com/lipsticks-lip-balm
Vaseline Lip Therapy Rose & Almond Oil,20 gm,350,https://chaldal.com/lipsticks-lip-balm
Keya Lipgel Tube,6 gm,18,https://chaldal.com/lipsticks-lip-balm
Meril Lipgel,each,50,https://chaldal.com/lipsticks-lip-balm
Ice Cool Prickly Heat Powder,100 gm,65,https://chaldal.com/talcom-powder
Dermicool Prickly Heat Powder Regular,150 gm,546,https://chaldal.com/talcom-powder
White Tone Face Powder,50 gm,300,https://chaldal.com/talcom-powder
Cuticura Talcum Powder All Purpose,250 gm,650,https://chaldal.com/talcom-powder
Enchanteur Perfumed Talc Powder Romantic,125 gm,399,https://chaldal.com/talcom-powder
Revive Active Sun Block Powder,200 gm,105,https://chaldal.com/talcom-powder
Johnson's Baby Powder,300 gm,750,https://chaldal.com/talcom-powder
Tibet Luxuary Sun Protect Talcum Powder,200 gm,105,https://chaldal.com/talcom-powder
Tibet Prickly Heat Powder,100 gm,60,https://chaldal.com/talcom-powder
Godrej Permanent Liquid Hair Dye Black (Buy 1 Get 1 Free),40 ml,150,https://chaldal.com/hair-color
Godrej Expert Easy 5 Minute Shampoo Based Hair Color (Black),10 gm,30,https://chaldal.com/hair-color
Bigen Hair Color & Conditioner (Light Brown),80 gm,750,https://chaldal.com/hair-color
Bigen Hair Color & Conditioner (Natural Brown),80 gm,700,https://chaldal.com/hair-color
Bigen Hair Color & Conditioner (Dark Brown),80 gm,700,https://chaldal.com/hair-color
Bigen Hair Color & Conditioner (Natural Black),80 gm,700,https://chaldal.com/hair-color
Deli Calculator 12 Digits (Black),each,700,https://chaldal.com/calculators
Citiplus Scientific Electronic Calculator (Sx-991 Es) Plus,each,1229,https://chaldal.com/calculators
Citiplus Scientific Electronic Calculator (Sx-991 Ms),each,729,https://chaldal.com/calculators
Casio Hand Held Calculator 8 Digit (HL-4A),25 gm,190,https://chaldal.com/calculators
Casio Scientific Calculator (FX 991ES Plus),each,1339,https://chaldal.com/calculators
Deli (M198) Basic Calculator 12 Digit,each,689,https://chaldal.com/calculators
Casio Calculator 12 Digit (MJ-120 D),each,780,https://chaldal.com/calculators
Alteco Super Glue 3 gm,each,35,https://chaldal.com/glue-tapes
Osaka PVC Tape Red (18 mm),3 pcs,72,https://chaldal.com/glue-tapes
Osaka PVC Tape White (18 mm),3 pcs,71,https://chaldal.com/glue-tapes
Deli Stick Up Glue,36 gm,99,https://chaldal.com/glue-tapes
Deli Packing Tape Dispenser,each,610,https://chaldal.com/glue-tapes
Rubber Bands,100 gm,119,https://chaldal.com/glue-tapes
Scotia Transparent Packaging 200 mtr Tape,each,175,https://chaldal.com/glue-tapes
Camel Glue Gun 100 W GG-5 Machine,each,390,https://chaldal.com/glue-tapes
Osaka PVC Tape Black (18 mm),3 pcs,75,https://chaldal.com/glue-tapes
Hunter Both Sided Gum Tape (0.5 inch),each,55,https://chaldal.com/glue-tapes
Kangaro Stapler Pin No.10 Small 1000 staples,,39,https://chaldal.com/stapler-punch
Deli Stapler Machine (Green),each,90,https://chaldal.com/stapler-punch
Deli Stapler Machine (Blue),each,90,https://chaldal.com/stapler-punch
Kangaro Punch Machine (Light Yellow Green),each,179,https://chaldal.com/stapler-punch
Kangaro Pin Remover (Red),each,109,https://chaldal.com/stapler-punch
Kangaro Pin Remover (Black),each,149,https://chaldal.com/stapler-punch
Deli Stapler Machine (White),each,80,https://chaldal.com/stapler-punch
Deli Pin Remover,each,79,https://chaldal.com/stapler-punch
Deli Stapler Machine,each,215,https://chaldal.com/stapler-punch
Kangaro Stapler Machine Medium,each,189,https://chaldal.com/stapler-punch
Kangaro Punch Machine,each,169,https://chaldal.com/stapler-punch
Kangaro Pin Remover,each,99,https://chaldal.com/stapler-punch
Bili Management File A4 (Purple),each,39,https://chaldal.com/file-folder
Bili Management File A4 (Blue),each,39,https://chaldal.com/file-folder
Bili Management File A4 (Green),each,39,https://chaldal.com/file-folder
Transparent File Folder,each,39,https://chaldal.com/file-folder
Court File (Orange),each,79,https://chaldal.com/file-folder
Court File (Blue),each,79,https://chaldal.com/file-folder
Court File (Yellow),each,69,https://chaldal.com/file-folder
RFL Good Luck Three Station File Organizer,each,300,https://chaldal.com/file-folder
Deli Management File,each,35,https://chaldal.com/file-folder
Bag File,each,649,https://chaldal.com/file-folder
Court File,each,49,https://chaldal.com/file-folder
Deli Student Ruler Compass Set Blue,each,125,https://chaldal.com/measuring
Deli Student Ruler Compass Set Pink,each,125,https://chaldal.com/measuring
Deli Compass With Lead Pencil (Pink),each,100,https://chaldal.com/measuring
Deli Compass With Lead Pencil (Blue),each,200,https://chaldal.com/measuring
RFL Good Luck Scale Super 30 cm,each,15,https://chaldal.com/measuring
RFL Good Luck Scale Scholar 30 cm,each,15,https://chaldal.com/measuring
Deli Orbit Classic Metal Compass Set,each,235,https://chaldal.com/measuring
Deli Compass Set,each,400,https://chaldal.com/measuring
Deli Correction Pen Cover Up (White) 8 ml,each,49,https://chaldal.com/pens
Matador i-teen Aroma Ball Pen Black Ink,6 pcs,73,https://chaldal.com/pens
Deli Correction Pen 7 ml,each,80,https://chaldal.com/pens
Econo Soft Grip Ball Pen,10 pcs,100,https://chaldal.com/pens
Linc Glycer Ball Pen Red,6 pcs,159,https://chaldal.com/pens
Matador I-Teen Pen,6 pcs,70,https://chaldal.com/pens
Horse Refill Ink For Stamp Pad 30 cc (Violet),each,71,https://chaldal.com/printer-ink
Horse Stamp Pad (UN-Ink),each,179,https://chaldal.com/printer-ink
Printex Laser Toner Cartridge (48A),each,2459,https://chaldal.com/printer-ink
Printex Laser Toner Cartridge (85A),each,999,https://chaldal.com/printer-ink
Printex Laser Toner Cartridge (79A),each,1209,https://chaldal.com/printer-ink
Visa Laser Toner Cartridge (48A),each,1999,https://chaldal.com/printer-ink
Visa Laser Toner Cartridge (79A),each,839,https://chaldal.com/printer-ink
Visa Laser Toner Cartridge (285A - P1102),each,929,https://chaldal.com/printer-ink
Sonali A4 Size Paper (65 GSM) 1 Rim,,419,https://chaldal.com/printing-paper
Sonali A4 Size Paper (80 GSM) 1 Rim,,589,https://chaldal.com/printing-paper
Double A A3 Size Paper (80 GSM) 1 rim,,1479,https://chaldal.com/printing-paper
Fresh A4 Size Paper (80 GSM) 1 Rim,,520,https://chaldal.com/printing-paper
Double A Legal Size (80 GSM) 1 rim,,1079,https://chaldal.com/printing-paper
Bashundhara Paper A4 Size (70 GSM) 1 Rim,each,465,https://chaldal.com/printing-paper
Paper Tech  A4 Size (80 GSM) 1 Rim,each,499,https://chaldal.com/printing-paper
Century A4 Size Paper (80 GSM) 1 Rim,each,779,https://chaldal.com/printing-paper
University khata 300 Pages,each,169,https://chaldal.com/notebook-diary
RFL Good Luck Kids Arabic Book,each,30,https://chaldal.com/notebook-diary
Register Book 150 pages,,90,https://chaldal.com/notebook-diary
Register Book 300 Page,each,179,https://chaldal.com/notebook-diary
Titi Artists Oil pastel 12 Color,each,259,https://chaldal.com/color-pencil
Faber Castell Wax Crayons 90 mm 12 Color,each,140,https://chaldal.com/color-pencil
Faber Castell Oil Pastel 12 Color,each,115,https://chaldal.com/color-pencil
Deli Color Pencil,12 pcs,119,https://chaldal.com/color-pencil
Deli Felt Pen,24 pcs,125,https://chaldal.com/color-pencil
Deli Color Emotion Color Pencils,12 pcs,140,https://chaldal.com/color-pencil
Faber Castell Water Color Pencil,12 pcs,249,https://chaldal.com/color-pencil
Faber Castell Long Color Pencil Round Tin,12 pcs,369,https://chaldal.com/color-pencil
SmartHeart Creamy Treat Tuna,60 gm,279,https://chaldal.com/cat-food
Royal Canin Adult Persian,2 kg,3169,https://chaldal.com/cat-food
Foodinnova Toro Toro Cat Soup Tuna & Katsuobushi,75 gm,239,https://chaldal.com/cat-food
Foodinnova Toro Toro Cat Soup Tuna & Mix Seafood,75 gm,249,https://chaldal.com/cat-food
Foodinnova Toro Toro Cat Soup Tuna Fiber,75 gm,249,https://chaldal.com/cat-food
Foodinnova Toro Toro Cat Soup Chicken & Vegetable,75 gm,249,https://chaldal.com/cat-food
Foodinnova Cat Food Nekko Tuna In Gravy,70 gm,99,https://chaldal.com/cat-food
Foodinnova Cat Food Nekko Real Tuna In Jelly,70 gm,99,https://chaldal.com/cat-food
SmartHeart Adult Cat Food Seafood,3 kg,1649,https://chaldal.com/cat-food
SmartHeart Cat Food Adult Mackerel Flavor,3 kg,1969,https://chaldal.com/cat-food
Whiskas Adult Cat Food Tuna,80 gm,99,https://chaldal.com/cat-food
Whiskas Adult Cat Food Ocean Fish,80 gm,99,https://chaldal.com/cat-food
SmartHeart Adult Cat Food Sardine Chicken & Rice,85 gm,99,https://chaldal.com/cat-food
Haisenpet Clumping Cat Litter Lavender,5 ltr,319,https://chaldal.com/cat-litters
Coziecat Premium Cat Litter Coffe Clumping,10 ltr,699,https://chaldal.com/cat-litters
Coziecat Premium Cat Litter Coffe Clumping,5 ltr,349,https://chaldal.com/cat-litters
Coziecat Premium Cat Litter Lemon Clumping,10 ltr,819,https://chaldal.com/cat-litters
Coziecat Premium Cat Litter Apple Clumping,5 ltr,359,https://chaldal.com/cat-litters
Paws Cat Litter (Lavender),4.5 kg,379,https://chaldal.com/cat-litters
Paw Paw Kitten Dry Cat Food Chicken,1.5 kg,699,https://chaldal.com/kitten-food
Bonacibo Cat Food Kitten Chicken With Anchovy & Rice,1.5 kg,1139,https://chaldal.com/kitten-food
Foodinnova Nekko Kitten Chicken Mousse,70 gm,99,https://chaldal.com/kitten-food
Foodinnova Nekko Kitten Tuna Mousse with Goat Milk,70 gm,99,https://chaldal.com/kitten-food
SmartHeart Kitten Food Tuna,85 gm,119,https://chaldal.com/kitten-food
Whiskas Junior Cat Food Mackerel,80 gm,99,https://chaldal.com/kitten-food
Whiskas Cat Food Junior Tuna Kitten,80 gm,99,https://chaldal.com/kitten-food
Singapore Math Book 1B,each,450,https://chaldal.com/toys-sports
Deer Football (Size 5),each,909,https://chaldal.com/toys-sports
Bear Hug Me Soft Toy,each,1375,https://chaldal.com/toys-sports
Hello Kitty Big Love soft Toy,each,1090,https://chaldal.com/toys-sports
Taddy Bear Galice Soft Toy,each,870,https://chaldal.com/toys-sports
Pooh Bear Size M,each,990,https://chaldal.com/toys-sports
Birthday Celebration Balloon,20 pcs,150,https://chaldal.com/toys-sports
Golden Wings Badminton Shuttlecock,12 pcs,500,https://chaldal.com/toys-sports
Pierre Cardin Natural Look Foundation,30 ml,1250,https://chaldal.com/beauty
Lipsilk Lip Balm Strawberry,7 gm,210,https://chaldal.com/beauty
Zayn & Myza Breathable Nail Enamel Strawberry Jelly,6 ml,390,https://chaldal.com/beauty
Zayn & Myza Breathable Nail Enamel Red Velvet,6 ml,390,https://chaldal.com/beauty
Zayn & Myza Breathable Nail Enamel Pink Popsicle,6 ml,390,https://chaldal.com/beauty
Zayn & Myza Breathable Nail Enamel Mauve Cheesecake,6 ml,390,https://chaldal.com/beauty
Lafz Lip Color Valley Of Roses,5.5 ml,990,https://chaldal.com/beauty
Ligion Face Magic Gold,50 gm,200,https://chaldal.com/beauty
Ligion Ladies Uptan,70 gm,70,https://chaldal.com/beauty
Woman's World Uptan,150 gm,100,https://chaldal.com/beauty
Mobil Delvac MX 15W-40,5 ltr,2900,https://chaldal.com/vehicle-essentials
Alex Car Wash,500 ml,345,https://chaldal.com/vehicle-essentials
Petronas Mach 5 Plus 20w-50 (API SJ),4 ltr,1480,https://chaldal.com/vehicle-essentials
Super V Multi Grade Engine Oil 20W-50,1 ltr,689,https://chaldal.com/vehicle-essentials
Godrej Aer Cool Surf Blue Click Gel AC Vent Car Freshener,each,399,https://chaldal.com/vehicle-essentials
Alex Car Shampoo & Wax,500 ml,495,https://chaldal.com/vehicle-essentials
Dettol Fresh Liquid Handwash Refill,170 ml,80,https://chaldal.com/handwash-handrub
Dettol Fresh Liquid Handwash Pump,200 ml,110,https://chaldal.com/handwash-handrub
Dettol Handwash Original Liquid Refill,170 ml,80,https://chaldal.com/handwash-handrub
Dettol Handwash Original Liquid Pump,200 ml,110,https://chaldal.com/handwash-handrub
Dettol Handwash Skincare Liquid Refill,170 ml,80,https://chaldal.com/handwash-handrub
ACI Savlon Ocean Blue Antiseptic Handwash Refill,170 ml,80,https://chaldal.com/handwash-handrub
Dettol Handwash Re-Energize Liquid Refill,750 ml,270,https://chaldal.com/handwash-handrub
Savlon Instant Hand Sanitizer,200 ml,200,https://chaldal.com/handwash-handrub
Savlon Hand Sanitizer,50 ml,80,https://chaldal.com/handwash-handrub
Dettol Handwash Re-Energize Liquid,5 ltr,1400,https://chaldal.com/handwash-handrub
Hexisol Hand Rub,50 ml,55,https://chaldal.com/handwash-handrub
Hexisol Hand Rub,250 ml,140,https://chaldal.com/handwash-handrub
Sepnil Instant Hand Sanitizer,40 ml,80,https://chaldal.com/handwash-handrub
Dettol Handwash Aloe Vera Liquid Pump,200 ml,110,https://chaldal.com/handwash-handrub
Dettol Handwash Aloe Vera Liquid Refill,170 ml,80,https://chaldal.com/handwash-handrub
Sepnil Instant Hand Sanitizer,200 ml,250,https://chaldal.com/handwash-handrub
Dettol Handwash Cool Liquid Refill,170 ml,80,https://chaldal.com/handwash-handrub
Dettol Handwash Cool Liquid Pump,200 ml,110,https://chaldal.com/handwash-handrub
Dettol Handwash Skincare Liquid Pump,200 ml,110,https://chaldal.com/handwash-handrub
Lifebuoy Handwash Total Pump,200 ml,120,https://chaldal.com/handwash-handrub
Mother's Smile Profom Milk Jar,400 gm,630,https://chaldal.com/food-supplements
Standard Horlicks Health And Nutrition Drink Jar,250 gm,280,https://chaldal.com/food-supplements
Mother's Horlicks Health and Nutrition Drink BIB,350 gm,620,https://chaldal.com/food-supplements
Horlicks Chocolate Flavour Jar,500 gm,550,https://chaldal.com/food-supplements
Junior Horlicks Health And Nutrition Drink Container Stage-2,500 gm,550,https://chaldal.com/food-supplements
Standard Horlicks Health And Nutrition Drink Jar,500 gm,500,https://chaldal.com/food-supplements
Maltova Health And Nutrition Drink BIB,400 gm,550,https://chaldal.com/food-supplements
Boost Chocolate Jar,400 gm,550,https://chaldal.com/food-supplements
Women's Plus Horlicks Health And Nutrition Drink Jar,400 gm,600,https://chaldal.com/food-supplements
Horlicks Lite Health And Nutrition Drink Jar,400 gm,650,https://chaldal.com/food-supplements
PediaSure Vanilla Delight,1 kg,3385,https://chaldal.com/food-supplements
KS5 Kamasutra LongLast Condom,3 pcs,65,https://chaldal.com/family-planning
T1 Hero 3S Condom,3 pcs,20,https://chaldal.com/family-planning
M2 Sensation Strawberry Dotted Condoms,3 pcs,40,https://chaldal.com/family-planning
M1 Sensation Classic Dotted Condoms,3 pcs,40,https://chaldal.com/family-planning
K1 U & ME Long Love Condoms,3 pcs,70,https://chaldal.com/family-planning
J2 Xtreme Ultra Thin Premium Condom,3 pcs,90,https://chaldal.com/family-planning
KS4 Kamasutra Mango Flavoured Dotted Condom,3 pcs,60,https://chaldal.com/family-planning
KS3 Kamasutra Strawberry Flavoured Dotted Condom,3 pcs,60,https://chaldal.com/family-planning
KS2 Kamasutra Chocolate Flavoured Dotted Condom,3 pcs,60,https://chaldal.com/family-planning
KS1 Kamasutra Dotted Condom,3 pcs,60,https://chaldal.com/family-planning
Sirona Oxo-Biodegradable Tampon & Condom Disposal Bag,50 pcs,350,https://chaldal.com/family-planning
MN3 Manforce Strawberry Condom,10 pcs,319,https://chaldal.com/family-planning
MN2 Manforce Chocolate Condom,10 pcs,189,https://chaldal.com/family-planning
DC1 Durex Extra Dotted Condom,10 pcs,629,https://chaldal.com/family-planning
L3 Coral Long Lasting Condom (Width 52 ± 2 mm),3 pcs,60,https://chaldal.com/family-planning
L7 Coral Extra Dotted Condom (Width 52 ± 2 mm),3 pcs,60,https://chaldal.com/family-planning
L1 Coral Ultra Thin Extra Time Condom,3 pcs,70,https://chaldal.com/family-planning
L5 Coral Long Lasting Condom (Width 52 ± 2 mm),3 pcs,60,https://chaldal.com/family-planning
J1 Xtreme 3 in 1 Premium Condom,3 pcs,90,https://chaldal.com/family-planning
K3 U & ME Anatomic Condoms,3 pcs,70,https://chaldal.com/family-planning
G2 Durex Strawberry Condom,3 pcs,99,https://chaldal.com/family-planning
H7 Moods Dotted Condom,3 pcs,99,https://chaldal.com/family-planning
I1 Panther Doted Condom,3 pcs,25,https://chaldal.com/family-planning
Colgate Plax Peppermint Mouth Wash,750 ml,1160,https://chaldal.com/mouthwashes
Colgate Plax Peppermint Mouth Wash,500 ml,585,https://chaldal.com/mouthwashes
Colgate Plax Herbal Salt Mouth Wash,500 ml,1260,https://chaldal.com/mouthwashes
Colgate Plax Freshmint Mouth Wash,750 ml,815,https://chaldal.com/mouthwashes
Colgate Plax Freshmint Mouth Wash,250 ml,540,https://chaldal.com/mouthwashes
Zandu Balm Ultra Power,8 ml,210,https://chaldal.com/mouthwashes
Ring Guard Fast Relief Balm,12 gm,180,https://chaldal.com/mouthwashes
Safe-Accu Blood Glucose Monitor Device Kit,,1500,https://chaldal.com/medical-devices
Hot Water Bottle With Flees Cover (Assorted Color),2000 ml,299,https://chaldal.com/medical-devices
Digital Thermometer,each,189,https://chaldal.com/medical-devices
Safe-Accu Blood Glucose Test Strip In Foil Pack,25 pcs,520,https://chaldal.com/medical-devices
Safe-Accu Blood Glucose Test Strip In Foil Pack,50 pcs,1000,https://chaldal.com/medical-devices
Safe-Accu Blood Glucose Monitor Device Kit (Free Sir 750 ml),,1500,https://chaldal.com/medical-devices
Rohs Fingertip Pulse Oximeter,each,819,https://chaldal.com/medical-devices
Digital Thermometer with Beeper,each,849,https://chaldal.com/medical-devices
