Item Name,Quantity/Volume,Price (BDT),Link
Potato Regular (± 50 gm),1 kg,26,https://chaldal.com/fresh-vegetable
Red Tomato ± 25 gm,500 gm,79,https://chaldal.com/fresh-vegetable
Coriander Leaves (Dhonia Pata) ± 10 gm,100 gm,19,https://chaldal.com/fresh-vegetable
Roshun (Garlic Imported) ± 25 gm,500 gm,75,https://chaldal.com/fresh-vegetable
Kacha Morich (Green Chilli) ±12 gm,250 gm,29,https://chaldal.com/fresh-vegetable
Lal Alu (Red Potato Cardinal) ± 50 gm,1 kg,25,https://chaldal.com/fresh-vegetable
Deshi Shosha (Local Cucumber) ± 25 gm,500 gm,39,https://chaldal.com/fresh-vegetable
Lal Shak (Red Spinach),1 bundle,19,https://chaldal.com/fresh-vegetable
Ada (Imported Ginger) ± 25 gm,500 gm,89,https://chaldal.com/fresh-vegetable
Lomba Lebu (Long Lemon),4 pcs,25,https://chaldal.com/fresh-vegetable
Misti Kumra Fali (Sweet Pumpkin Slice) ± 40 gm,1 kg,45,https://chaldal.com/fresh-vegetable
Deshi Roshun (Garlic Local) ±25 gm,500 gm,59,https://chaldal.com/fresh-vegetable
Kacha Pepe (Green Papaya) ± 70 gm,1.4 kg,59,https://chaldal.com/fresh-vegetable
Misti Alu (Sweet Potato) ± 25 gm,500 gm,39,https://chaldal.com/fresh-vegetable
Kacha Morich (Green Chilli) ± 12 gm,100 gm,12,https://chaldal.com/fresh-vegetable
Deshi Ada (Local Ginger) ± 25 gm,500 gm,75,https://chaldal.com/fresh-vegetable
Palong Shak (Palong Spinach),1 bundle,29,https://chaldal.com/fresh-vegetable
Kolmi Shak (Water Spinach),1 bundle,19,https://chaldal.com/fresh-vegetable
Shosha (Cucumber) ± 25 gm,500 gm,35,https://chaldal.com/fresh-vegetable
Chichinga (Snake Gourd) ± 25 gm,500 gm,29,https://chaldal.com/fresh-vegetable
Fulkopi (Cauliflower),each,75,https://chaldal.com/fresh-vegetable
Gol Lebu (Round Lemon),4 pcs,29,https://chaldal.com/fresh-vegetable
Lau (Bottle Gourd),each,65,https://chaldal.com/fresh-vegetable
Green Capsicum ± 15 gm,300 gm,89,https://chaldal.com/fresh-vegetable
Beetroot ±25 gm,500 gm,45,https://chaldal.com/fresh-vegetable
Badhakopi (Cabbage),each,65,https://chaldal.com/fresh-vegetable
Uchche (Local Bitter Gourd) ± 25 gm,500 gm,39,https://chaldal.com/fresh-vegetable
Korola (Bitter Gourd) ± 25 gm,500 gm,39,https://chaldal.com/fresh-vegetable
Pui Shak (Pui Spinach),1 bundle,39,https://chaldal.com/fresh-vegetable
Kochur Mukhi (Taro Roots) ± 25 gm,500 gm,45,https://chaldal.com/fresh-vegetable
Lomba Kalo Begun (Long Brinjal Black) ± 25 gm,500 gm,45,https://chaldal.com/fresh-vegetable
Kacha Kola (Banana Green),4 pcs,55,https://chaldal.com/fresh-vegetable
Sobuj Gol Begun (Round Brinjals Green) ±35 gm,700 gm,59,https://chaldal.com/fresh-vegetable
Pudina Pata (Mint Leaves) ± 10 gm,100 gm,29,https://chaldal.com/fresh-vegetable
Jali Kumra (Water Pumpkin),each,59,https://chaldal.com/fresh-vegetable
Data Shak (Data Spinach),1 bundle,19,https://chaldal.com/fresh-vegetable
Dhundhul (Sponge Gourd) ±20 gm,500 gm,35,https://chaldal.com/fresh-vegetable
Thankuni Pata (Pennywort Leaves),1 bundle,9,https://chaldal.com/fresh-vegetable
Lal Alu (Red Potato) ± 25 gm,500 gm,29,https://chaldal.com/fresh-vegetable
Kochur Loti (Stolon Of Taro) ± 25 gm,500 gm,39,https://chaldal.com/fresh-vegetable
Kalo Gol Begun (Round Brinjals Black) ±35 gm,800 gm,75,https://chaldal.com/fresh-vegetable
Ada (Imported Ginger) ± 25 gm,250 gm,49,https://chaldal.com/fresh-vegetable
Roshun (Garlic Imported) ± 25 gm,250 gm,39,https://chaldal.com/fresh-vegetable
Bombay Chilli,5 pcs,29,https://chaldal.com/fresh-vegetable
Potato Regular (± 25 gm),600 gm,16,https://chaldal.com/fresh-vegetable
Mula (Radish) ± 25 gm,500 gm,35,https://chaldal.com/fresh-vegetable
Lau Shak (Sweet Bitter Melon Leaves),1 bundle,45,https://chaldal.com/fresh-vegetable
Lettuce Leaves ± 10 gm,100 gm,39,https://chaldal.com/fresh-vegetable
Deshi Roshun (Garlic Local) ±25 gm,250 gm,35,https://chaldal.com/fresh-vegetable
Kacha Holud (Raw Turmeric) ± 12 gm,250 gm,45,https://chaldal.com/fresh-vegetable
Telapiya Fish Processed ±50 gm,1 kg,319,https://chaldal.com/frozen-fish
Deshi Sarputi Fish ±30 gm,500 gm,179,https://chaldal.com/frozen-fish
Shol Fish Processed ±50 gm,1 kg,849,https://chaldal.com/frozen-fish
Boal Fish After Cutting  ±50 gm,1 kg,869,https://chaldal.com/frozen-fish
Pabda Fish ±30 gm,500 gm,199,https://chaldal.com/frozen-fish
Pangas Fish After Cutting ±50 gm,1 kg,279,https://chaldal.com/frozen-fish
Kaski Fish ±15 gm,250 gm,149,https://chaldal.com/frozen-fish
Rui Fish After Cutting ±50 gm,1 kg,439,https://chaldal.com/frozen-fish
Gura Chingri (Shrimp) ±15 gm,250 gm,249,https://chaldal.com/frozen-fish
Koi Fish Processed ±50 gm,1 kg,369,https://chaldal.com/frozen-fish
Shing Fish Processed ±30 gm,500 gm,299,https://chaldal.com/frozen-fish
Mix Fish (Deshi) ± 30 gm,500 gm,269,https://chaldal.com/frozen-fish
Mola Fish Deshi ±15 gm,250 gm,169,https://chaldal.com/frozen-fish
PQS Chapila Fish Processed,250 gm,165,https://chaldal.com/frozen-fish
Ayer Fish After Cutting ±30 gm,500 gm,479,https://chaldal.com/frozen-fish
Magur Fish Processed ±30 gm,500 gm,399,https://chaldal.com/frozen-fish
Silver Carp Fish After Cutting ±50 gm,1 kg,289,https://chaldal.com/frozen-fish
Tengra Fish Deshi ±20 gm,400 gm,279,https://chaldal.com/frozen-fish
Catla Fish After Cutting ±70 gm,1.5 kg,689,https://chaldal.com/frozen-fish
Puti Fish ±15 gm,250 gm,149,https://chaldal.com/frozen-fish
Tatkini Fish ±30 gm,500 gm,159,https://chaldal.com/frozen-fish
Globe Pangus Fish Sliced ± 50 gm,1 kg,370,https://chaldal.com/frozen-fish
Globe Koi Fish Processed ± 50 gm,1 kg,520,https://chaldal.com/frozen-fish
Globe Telapia Fish Processed ± 50 gm,1 kg,375,https://chaldal.com/frozen-fish
Mrigel Fish After Cutting ± 50 gm,1 kg,369,https://chaldal.com/frozen-fish
Globe Pabda Fish Whole ±30 gm,500 gm,370,https://chaldal.com/frozen-fish
Globe Deshi Mola Fish Processed (Headless) ±15 gm,250 gm,240,https://chaldal.com/frozen-fish
Globe Deshi Puti Fish Processed ±15 gm,250 gm,145,https://chaldal.com/frozen-fish
Globe White Fish Fillet (3-4 pcs) ±50 gm,1 kg,585,https://chaldal.com/frozen-fish
PQS Halda Hawor Puti Block Fish Processed,250 gm,195,https://chaldal.com/frozen-fish
PQS Halda Hawor Pabda Block Fish Processed,250 gm,260,https://chaldal.com/frozen-fish
PQS Halda Hawor Shing Block Fish Processed,250 gm,240,https://chaldal.com/frozen-fish
PQS Halda Hawor Mola Block Fish Processed,250 gm,285,https://chaldal.com/frozen-fish
PQS Halda Hawor Kaski Block Fish Processed,250 gm,238,https://chaldal.com/frozen-fish
Grass Carp Fish After Cutting ±50 gm,1 kg,369,https://chaldal.com/frozen-fish
PQS Chikra Baim Fish Processed,250 gm,285,https://chaldal.com/frozen-fish
PQS Chela Pata Fish Processed,250 gm,350,https://chaldal.com/frozen-fish
PQS Bata Fish Processed,250 gm,190,https://chaldal.com/frozen-fish
PQS Rohu Fish Processed,250 gm,235,https://chaldal.com/frozen-fish
PQS Rani Fish Processed,250 gm,405,https://chaldal.com/frozen-fish
PQS Mix Fish Processed,250 gm,210,https://chaldal.com/frozen-fish
PQS Baila Fish Processed,250 gm,190,https://chaldal.com/frozen-fish
PQS Taposhi Fish Processed,250 gm,300,https://chaldal.com/frozen-fish
PQS Tengra Fish Processed,250 gm,275,https://chaldal.com/frozen-fish
Gulsha Fish Medium ±30 gm,500 gm,389,https://chaldal.com/frozen-fish
Rupchanda Fish Medium ±30 gm,500 gm,729,https://chaldal.com/frozen-fish
Koral Fish After Cutting ± 50 gm,1 kg,1039,https://chaldal.com/frozen-fish
Carfu Fish After Cutting ±50 gm,1 kg,469,https://chaldal.com/frozen-fish
Baila Fish Medium ±30 gm,500 gm,359,https://chaldal.com/frozen-fish
Whole Hilsha Fish (Asto Ilish) ±50 gm,1.1 kg,3199,https://chaldal.com/frozen-fish
Whole Deshi Chicken Skin Off ± 25 gm,500 gm,639,https://chaldal.com/meat-new
Broiler Whole Chicken Leg Skin On (± 50 gm),1 kg,489,https://chaldal.com/meat-new
Broiler Chicken Skin On ± 50 gm,1 kg,289,https://chaldal.com/meat-new
Cock Chicken Skin Off ± 25 gm,500 gm,329,https://chaldal.com/meat-new
Broiler Chicken Skin Off ± 50 gm,1 kg,319,https://chaldal.com/meat-new
Beef Bone In ± 50 gm,1 kg,799,https://chaldal.com/meat-new
Roast Chicken ± 10 gm,275 gm,189,https://chaldal.com/meat-new
Beef Boneless ± 25 gm,500 gm,619,https://chaldal.com/meat-new
Beef Liver (Kolija),500 gm,429,https://chaldal.com/meat-new
Broiler Chicken Breast Boneless ± 50 gm,1 kg,599,https://chaldal.com/meat-new
Broiler Chicken Thigh Boneless ± 50 gm,1 kg,449,https://chaldal.com/meat-new
Beef Ribs (Shinar Mangsho),1 kg,799,https://chaldal.com/meat-new
Broiler Chicken Breast Boneless ± 25 gm,500 gm,299,https://chaldal.com/meat-new
Broiler Chicken Drumsticks ± 50 gm (9-12 pcs),1 kg,499,https://chaldal.com/meat-new
Bengal Meat Beef Keema ± 50 gm,1 kg,1050,https://chaldal.com/meat-new
Chicken Liver (Kolija) ± 25 gm,500 gm,199,https://chaldal.com/meat-new
Beef Bone In (Net Weight ± 25 gm),500 gm,409,https://chaldal.com/meat-new
Bengal Meat Beef Head Meat,1 kg,550,https://chaldal.com/meat-new
Bengal Meat Chicken Thigh Keema ± 50 gm,1 kg,635,https://chaldal.com/meat-new
Beef Head Meat Regular,1 kg,499,https://chaldal.com/meat-new
Beef Brain (Mogoz),each,519,https://chaldal.com/meat-new
Bengal Meat Whole Chicken Curry Cut ± 50 gm,1 kg,465,https://chaldal.com/meat-new
Beef Bone In ± 20 gm,250 gm,209,https://chaldal.com/meat-new
Broiler Chicken Breast With Bone ± 25 gm,500 gm,235,https://chaldal.com/meat-new
Mutton Paya,5 pcs,199,https://chaldal.com/meat-new
Broiler Chicken Drumsticks ± 25 gm (6-8 pcs),500 gm,249,https://chaldal.com/meat-new
Broiler Chicken Thigh Boneless ± 25 gm,500 gm,199,https://chaldal.com/meat-new
Quail Meat,2 pcs,169,https://chaldal.com/meat-new
Mutton Head Meat Regular (Net Weight ± 50 gm),1 kg,639,https://chaldal.com/meat-new
Halim Meat (Beef) ± 20 gm,300 gm,249,https://chaldal.com/meat-new
Chaldal Premium Broiler Chicken Wings ± 50 gm,500 gm,219,https://chaldal.com/meat-new
Whole Layer Chicken Skin Off (Net Weight ± 50 gm),1330 gm,859,https://chaldal.com/meat-new
Chicken Liver Gizzard Mix,1 kg,239,https://chaldal.com/meat-new
Beef Keema,500 gm,639,https://chaldal.com/meat-new
Chicken Keema (Net Weight ± 50 gm),1 kg,679,https://chaldal.com/meat-new
Broiler Chicken Wings (± 50 gm),1 kg,459,https://chaldal.com/meat-new
Broiler Chicken Breast With Bone (± 50 gm),1 kg,499,https://chaldal.com/meat-new
Mutton Brain (Mogoz),2 pcs,259,https://chaldal.com/meat-new
Beef Paya ± 100 gm,2 kg,1099,https://chaldal.com/meat-new
Mutton Paya,10 pcs,399,https://chaldal.com/meat-new
Mutton Bone in (Khashi) ± 50 gm,1 kg,1199,https://chaldal.com/meat-new
Pigeon Meat,each,189,https://chaldal.com/meat-new
Quail Meat,4 pcs,299,https://chaldal.com/meat-new
Bengal Meat Beef Paya,2 kg,1120,https://chaldal.com/meat-new
Live Cock Chicken (Processed) ± 25 gm,500 gm,299,https://chaldal.com/meat-new
Whole Deshi Duck Skin On (Net Weight ± 50 gm),900 gm,789,https://chaldal.com/meat-new
Beef Tripe (Vuri),1 kg,499,https://chaldal.com/meat-new
Cow Lungs ± 25 gm,500 gm,249,https://chaldal.com/meat-new
Deshi Duck With Skin After Cutting (Net Weight ± 50 gm),1 kg,899,https://chaldal.com/meat-new
Beijing Duck Meat After Cutting (Net Weight ± 50 gm),1 kg,799,https://chaldal.com/meat-new
Welcome Light Meat Tuna In Sunflower Oil (Flake),170 gm,190,https://chaldal.com/tofu-meat-alternatives
King Bell Tuna Salad Vegetables,170 gm,320,https://chaldal.com/tofu-meat-alternatives
King Bell Tuna Salad In Tomato Sauce,170 gm,310,https://chaldal.com/tofu-meat-alternatives
King Bell Whole Baby Corn Tin,425 gm,180,https://chaldal.com/tofu-meat-alternatives
Nautilus Lite Sandwich Tuna In Spring Water,165 gm,429,https://chaldal.com/tofu-meat-alternatives
Nautilus Sandwich Tuna In Soybean Oil,165 gm,319,https://chaldal.com/tofu-meat-alternatives
Nautilus Lite Tuna Chunk Soybean Oil,165 gm,319,https://chaldal.com/tofu-meat-alternatives
Golden Grain Dried Chillies (Shukna Morich),100 gm,70,https://chaldal.com/spices
Golden Grain Poppy Seed (Posto Dana),50 gm,195,https://chaldal.com/spices
Golden Grain Black Pepper (Gol Morich) Whole,100 gm,195,https://chaldal.com/spices
Golden Grain Mustard Seed (Red),100 gm,35,https://chaldal.com/spices
Golden Grain Cumin (Jira),100 gm,120,https://chaldal.com/spices
Golden Grain Cardamom (Elachi) Whole,50 gm,350,https://chaldal.com/spices
Golden Grain Bay Leaf (Tejpata),100 gm,55,https://chaldal.com/spices
Golden Grain Mix Spice (Pach Foron),100 gm,60,https://chaldal.com/spices
Golden Grain Black Cumin (Kalo Jira),100 gm,100,https://chaldal.com/spices
Golden Grain Clove (Lobongo),50 gm,145,https://chaldal.com/spices
Golden Grain Coriander (Dhonia),100 gm,45,https://chaldal.com/spices
Cinnamon (Daruchini) Whole,100 gm,59,https://chaldal.com/spices
Radhuni Chilli (Morich) Powder,100 gm,75,https://chaldal.com/spices
Radhuni Coriander (Dhonia) Powder,100 gm,60,https://chaldal.com/spices
Radhuni Cumin (Jira) Powder,100 gm,160,https://chaldal.com/spices
Fenugreek (Methi) Seed,100 gm,25,https://chaldal.com/spices
Radhuni Turmeric (Holud) Powder,50 gm,40,https://chaldal.com/spices
Radhuni Garam Masala,15 gm,40,https://chaldal.com/spices
Mustard Seed (Yellow),100 gm,25,https://chaldal.com/spices
Fresh Chilli Powder,200 gm,125,https://chaldal.com/spices
Ramisa Tokma,100 gm,60,https://chaldal.com/spices
Betel Nut (Shupari),250 gm,169,https://chaldal.com/spices
Mustard Seed (Red),100 gm,25,https://chaldal.com/spices
Walnuts (Akhrot),100 gm,179,https://chaldal.com/spices
Cumin (Jira),100 gm,79,https://chaldal.com/spices
Radhuni Chilli (Morich) Powder,200 gm,140,https://chaldal.com/spices
Radhuni Turmeric (Holud) Powder,200 gm,145,https://chaldal.com/spices
Dried Chillies (Shukna Morich),100 gm,45,https://chaldal.com/spices
Cardamom (Elachi) Whole,25 gm,139,https://chaldal.com/spices
Radhuni Turmeric (Holud) Powder,100 gm,75,https://chaldal.com/spices
Radhuni Garam Masala,40 gm,95,https://chaldal.com/spices
Clove (Lobongo),50 gm,79,https://chaldal.com/spices
Bay Leaf (Tejpata),100 gm,29,https://chaldal.com/spices
Radhuni Coriander (Dhonia) Powder,200 gm,110,https://chaldal.com/spices
Radhuni Cumin (Jira) Powder,50 gm,85,https://chaldal.com/spices
Cardamom (Elachi) Whole,50 gm,269,https://chaldal.com/spices
Black Pepper (Gol Morich) Whole,50 gm,75,https://chaldal.com/spices
Chia Seed,100 gm,59,https://chaldal.com/spices
Radhuni Panch Phoran,50 gm,30,https://chaldal.com/spices
Fennel (Mouri),100 gm,45,https://chaldal.com/spices
Radhuni Turmeric (Holud) Powder,500 gm,335,https://chaldal.com/spices
Radhuni Cumin (Jira) Powder,200 gm,310,https://chaldal.com/spices
Black Cumin (Kalo Jira),100 gm,49,https://chaldal.com/spices
Radhuni Chilli (Morich) Powder,500 gm,345,https://chaldal.com/spices
Alu Bukhara,100 gm,119,https://chaldal.com/spices
Radhuni Coriander (Dhonia) Powder,500 gm,240,https://chaldal.com/spices
Radhuni Chilli (Morich) Powder,50 gm,38,https://chaldal.com/spices
Coriander (Dhonia),100 gm,35,https://chaldal.com/spices
Black Cardamom (Kalo Elachi) Whole,50 gm,199,https://chaldal.com/spices
Black Pepper (Gol Morich) Whole,100 gm,149,https://chaldal.com/spices
Golden Grain Premium Mug Dal,500 gm,85,https://chaldal.com/dal-or-lentil
Fresh Premium Moshur Dal,1 kg,175,https://chaldal.com/dal-or-lentil
Mashkolai Dal Peeled,500 gm,95,https://chaldal.com/dal-or-lentil
Moshur Dal (Imported),250 gm,29,https://chaldal.com/dal-or-lentil
Mix Dal,250 gm,39,https://chaldal.com/dal-or-lentil
Mug Dal,500 gm,89,https://chaldal.com/dal-or-lentil
Moshur Dal (Imported),1 kg,109,https://chaldal.com/dal-or-lentil
Moshur Dal (Deshi),1 kg,159,https://chaldal.com/dal-or-lentil
Boot Dal,500 gm,59,https://chaldal.com/dal-or-lentil
Teer Red Lentil (Moshur) Dal,1 kg,130,https://chaldal.com/dal-or-lentil
Chola Boot (Chick Peas),1 kg,109,https://chaldal.com/dal-or-lentil
Dubli Boot,500 gm,39,https://chaldal.com/dal-or-lentil
Moshur Dal (Imported),500 gm,55,https://chaldal.com/dal-or-lentil
Pran Moshur Dal (Deshi),1 kg,185,https://chaldal.com/dal-or-lentil
Khosha Chara Chola Boot (Peeled Chick Pea),500 gm,65,https://chaldal.com/dal-or-lentil
Mug Dal,250 gm,45,https://chaldal.com/dal-or-lentil
White Chick Peas (Kabuli Boot),500 gm,129,https://chaldal.com/dal-or-lentil
Mixed Dal,500 gm,75,https://chaldal.com/dal-or-lentil
Anchor Boot Dal,500 gm,39,https://chaldal.com/dal-or-lentil
Kangaroo Lentil (Moshur Dal),1 kg,179,https://chaldal.com/dal-or-lentil
Pran Mug Dal,500 gm,100,https://chaldal.com/dal-or-lentil
Split Pea (Motor Dal),500 gm,79,https://chaldal.com/dal-or-lentil
Pran Moshur Dal (Deshi),500 gm,95,https://chaldal.com/dal-or-lentil
Kheshari Dal,500 gm,59,https://chaldal.com/dal-or-lentil
Aarong Natural Moshur Dal,1 kg,185,https://chaldal.com/dal-or-lentil
Ahmed Chicken Masala,100 gm,79,https://chaldal.com/ready-mix
Nestle Maggi Shaad-e Magic Seasoning Mix Sachet,4 gm,5,https://chaldal.com/ready-mix
Radhuni Biryani Masala,40 gm,60,https://chaldal.com/ready-mix
Radhuni Roast Masala,35 gm,65,https://chaldal.com/ready-mix
Radhuni Chicken Masala,20 gm,20,https://chaldal.com/ready-mix
Radhuni Tehari Masala,40 gm,60,https://chaldal.com/ready-mix
Radhuni Beef Masala,25 gm,25,https://chaldal.com/ready-mix
Radhuni Kachchi Biryani Masala,40 gm,70,https://chaldal.com/ready-mix
Fresh Biryani Masala,40 gm,60,https://chaldal.com/ready-mix
Ahmed Chotpoti Masala,50 gm,50,https://chaldal.com/ready-mix
Fresh Firni Mix,150 gm,70,https://chaldal.com/ready-mix
Fresh Haleem Mix,200 gm,70,https://chaldal.com/ready-mix
Shan Chicken Tikka Masala Mix,50 gm,117,https://chaldal.com/ready-mix
Radhuni Kabab Masala,50 gm,120,https://chaldal.com/ready-mix
Ahmed Meat Masala,100 gm,95,https://chaldal.com/ready-mix
Nestle Maggi Shaad-e Magic Seasoning Mix 4 gm,12 pcs,60,https://chaldal.com/ready-mix
Radhuni Chotpoti Masala,50 gm,50,https://chaldal.com/ready-mix
Radhuni Haleem Mix,200 gm,80,https://chaldal.com/ready-mix
Radhuni Firni Mix,150 gm,70,https://chaldal.com/ready-mix
Radhuni Falooda Mix (Mango Flavor),250 gm,120,https://chaldal.com/ready-mix
Radhuni Kala Bhuna Masala,80 gm,100,https://chaldal.com/ready-mix
Shan Chaat Masala,100 gm,138,https://chaldal.com/ready-mix
Radhuni Falooda Mix (Vanilla Flavor),250 gm,120,https://chaldal.com/ready-mix
ACI Pure Kabab Masala,50 gm,100,https://chaldal.com/ready-mix
Farmer's Gold Khichuri Mix,500 gm,150,https://chaldal.com/ready-mix
Teer Haleem Mix,200 gm,70,https://chaldal.com/ready-mix
Fresh Roast Masala,35 gm,65,https://chaldal.com/ready-mix
Nestle Maggi Shaad-e Magic Seasoning Mix Sachet,25 gm,30,https://chaldal.com/ready-mix
Radhuni Bbq Masala,50 gm,80,https://chaldal.com/ready-mix
Radhuni Chicken Masala,100 gm,95,https://chaldal.com/ready-mix
Ahmed Firni Mix,150 gm,70,https://chaldal.com/ready-mix
Ahmed Haleem Mix,200 gm,70,https://chaldal.com/ready-mix
Radhuni Beef Curry Masala,100 gm,90,https://chaldal.com/ready-mix
Radhuni Chicken Tandoori Masala,50 gm,80,https://chaldal.com/ready-mix
Radhuni Hyderabadi Biryani Masala,45 gm,90,https://chaldal.com/ready-mix
Pran Firni Mix,150 gm,70,https://chaldal.com/ready-mix
Pran Haleem Mix,200 gm,70,https://chaldal.com/ready-mix
Pran Tehari Masala,40 gm,55,https://chaldal.com/ready-mix
Shan Pilau Biryani,50 gm,115,https://chaldal.com/ready-mix
Pran Chotpoti Masala,45 gm,45,https://chaldal.com/ready-mix
Shan Shami Kabab,50 gm,117,https://chaldal.com/ready-mix
Sajeeb Ready Mix Pancake,500 gm,225,https://chaldal.com/ready-mix
Shan Chicken Masala,50 gm,122,https://chaldal.com/ready-mix
Shan Karachi Beef Biryani,60 gm,125,https://chaldal.com/ready-mix
Shan Malay Spice Mix for Memoni Mutton Biryani,60 gm,115,https://chaldal.com/ready-mix
Shan Tikka Bbq,50 gm,115,https://chaldal.com/ready-mix
Shan Korma Curry Mix,50 gm,115,https://chaldal.com/ready-mix
Sajeeb Ready Mix Bhuna Khichuri,500 gm,150,https://chaldal.com/ready-mix
Radhuni Khichuri Mix,500 gm,160,https://chaldal.com/ready-mix
Radhuni Fish Curry Masala,100 gm,80,https://chaldal.com/ready-mix
Farina Laccha Shemai,500 gm,140,https://chaldal.com/shemai-suji
Farina Chutki Shemai,200 gm,40,https://chaldal.com/shemai-suji
Rahul Vermicelli Chikon Shemai,200 gm,40,https://chaldal.com/shemai-suji
Kolson Cock Vermicelli (Shemai),200 gm,45,https://chaldal.com/shemai-suji
Banoful Lashcha Shemai,200 gm,50,https://chaldal.com/shemai-suji
Teer Semolina Suji,500 gm,48,https://chaldal.com/shemai-suji
Kolson Special Lascha Semai,180 gm,50,https://chaldal.com/shemai-suji
ACI Pure Suji,500 gm,48,https://chaldal.com/shemai-suji
Radhuni Shemai,200 gm,45,https://chaldal.com/shemai-suji
Bombay Sweets Instant Laccha Shemai,180 gm,60,https://chaldal.com/shemai-suji
Olympic Lascha Shemai,200 gm,50,https://chaldal.com/shemai-suji
Rahul Vermicelli Chikon Shemai,500 gm,90,https://chaldal.com/shemai-suji
Banoful Vermicelli Shemai,200 gm,45,https://chaldal.com/shemai-suji
Dekko Laccha Shemai,180 gm,50,https://chaldal.com/shemai-suji
Pran Vermicelli Shemai,200 gm,45,https://chaldal.com/shemai-suji
Dekko Shahi Shemai,180 gm,45,https://chaldal.com/shemai-suji
Thai Choice Rice Noodles,200 gm,350,https://chaldal.com/shemai-suji
Fresh Suji,500 gm,48,https://chaldal.com/shemai-suji
Dekko Apyayan Lachsa Semai,180 gm,50,https://chaldal.com/shemai-suji
Rahul Vermicelli I Shape Shemai,200 gm,40,https://chaldal.com/shemai-suji
Rahul Vermicelli U Shape Shemai,200 gm,45,https://chaldal.com/shemai-suji
Ruchi Mango Pickle,400 gm,200,https://chaldal.com/pickles
Chachi's Chawk Sweet Sour Chutney,200 ml,165,https://chaldal.com/pickles
Ruchi Boroi Pickle,450 gm,220,https://chaldal.com/pickles
Parboti Local Garlic Pickle,180 gm,150,https://chaldal.com/pickles
Aafi Olive Pickle,400 gm,170,https://chaldal.com/pickles
Aafi Mango Pickle,400 gm,170,https://chaldal.com/pickles
ACME Olive Pickle,400 gm,150,https://chaldal.com/pickles
Kishwan Mango Pickle,400 gm,180,https://chaldal.com/pickles
Ruchi Chalta Pickle,400 gm,200,https://chaldal.com/pickles
Nicobena Tamarind Pickle,325 gm,185,https://chaldal.com/pickles
Nicobena Naga Bombay Chilli Pickle,120 gm,350,https://chaldal.com/pickles
Pran Jugol Chutney,300 gm,190,https://chaldal.com/pickles
Natcha Sweet Tamarind (Tetul),225 gm,399,https://chaldal.com/pickles
Nicobena Garlic Pickle,220 gm,275,https://chaldal.com/pickles
Ahmed Mixed Pickle,400 gm,180,https://chaldal.com/pickles
BD Food Olive Pickle,400 gm,200,https://chaldal.com/pickles
Balachaw (Dry Prawn Chutney),250 gm,330,https://chaldal.com/pickles
American Garden Jalapeno Pepper Sliced,454 gm,475,https://chaldal.com/pickles
BD Food Tatul Chutney,500 gm,170,https://chaldal.com/pickles
Pran Mixed Pickle,400 gm,200,https://chaldal.com/pickles
BD Food Garlic Pickle,400 gm,300,https://chaldal.com/pickles
Ruchi Chutney Tetul 15 gm,12 pcs,60,https://chaldal.com/pickles
Ruchi Mixed Pickle,400 gm,200,https://chaldal.com/pickles
Ruchi Olive Pickle,400 gm,210,https://chaldal.com/pickles
Ruchi Mixed Chutney,450 gm,160,https://chaldal.com/pickles
Ruchi Mango Pickle,200 gm,120,https://chaldal.com/pickles
Ruchi Garlic Pickle,200 gm,165,https://chaldal.com/pickles
Pran Olive Pickle,400 gm,200,https://chaldal.com/pickles
Pran Garlic Pickle,300 gm,240,https://chaldal.com/pickles
Pran Naga Chilli Pickle,300 gm,320,https://chaldal.com/pickles
BD Food Mango Pickle,400 gm,200,https://chaldal.com/pickles
Pran Mango Pickle,400 gm,200,https://chaldal.com/pickles
Pran Boroi Sweet Pickle,350 gm,180,https://chaldal.com/pickles
Aarong Dairy Pasteurized Liquid Milk,1 ltr,105,https://chaldal.com/liquid-uht-milk
Pran Pasteurized Full Cream Liquid Milk,1 ltr,100,https://chaldal.com/liquid-uht-milk
Aarong Dairy Laban,500 ml,75,https://chaldal.com/liquid-uht-milk
Danish Ayran Pasteurized Full Cream Liquid Milk,1 ltr,140,https://chaldal.com/liquid-uht-milk
Aarong Dairy Matha,200 ml,35,https://chaldal.com/liquid-uht-milk
Danish Ayran Pasteurized Full Cream Liquid Milk,2 ltr,255,https://chaldal.com/liquid-uht-milk
Pran Mango Flavored Milk (Pouch),150 ml,25,https://chaldal.com/liquid-uht-milk
Pran Chocolate Flavored Milk (Pouch),150 ml,25,https://chaldal.com/liquid-uht-milk
Aarong Dairy UHT Milk,500 ml,60,https://chaldal.com/liquid-uht-milk
Pran UHT Milk,1 ltr,130,https://chaldal.com/liquid-uht-milk
Aarong Dairy Chocolate Milk Drink UHT,200 ml,35,https://chaldal.com/liquid-uht-milk
Pran UHT Milk,200 ml,30,https://chaldal.com/liquid-uht-milk
Farm Fresh UHT Milk,500 ml,60,https://chaldal.com/liquid-uht-milk
Pran UHT Milk,500 ml,60,https://chaldal.com/liquid-uht-milk
Aarong Dairy Full Cream Milk Powder,500 gm,460,https://chaldal.com/liquid-uht-milk
Cowhead Pure UHT Milk,1 ltr,449,https://chaldal.com/liquid-uht-milk
Aarong Dairy Lassi,200 ml,40,https://chaldal.com/liquid-uht-milk
Marks Active School Belgian Chocolate Flavour Milk Shake,200 ml,40,https://chaldal.com/liquid-uht-milk
Aarong Dairy Mango Milk Drink UHT,200 ml,35,https://chaldal.com/liquid-uht-milk
Pran Kulfi Milk Drink,200 ml,30,https://chaldal.com/liquid-uht-milk
Pran Badam Milk Drink,200 ml,30,https://chaldal.com/liquid-uht-milk
Pran Chocolate Milk Drink,200 ml,30,https://chaldal.com/liquid-uht-milk
Pran Mango Milk Drink,180 ml,30,https://chaldal.com/liquid-uht-milk
Cowhead UHT Pure Milk (Omega-3),1 ltr,490,https://chaldal.com/liquid-uht-milk
Cowhead UHT Milk Low Fat,1 ltr,459,https://chaldal.com/liquid-uht-milk
Aarong Dairy Sour Curd,500 gm,120,https://chaldal.com/yogurt
Aarong Dairy Low Fat Yogurt (Sour),500 gm,110,https://chaldal.com/yogurt
Aarong Dairy Sweetened Yogurt,500 gm,150,https://chaldal.com/yogurt
Pran Sour Curd,500 ml,120,https://chaldal.com/yogurt
Shokti+ Mishti Doi,75 gm,25,https://chaldal.com/yogurt
Pran Drinking Yogurt,200 ml,30,https://chaldal.com/yogurt
Pran Sweetened Yogurt,100 gm,30,https://chaldal.com/yogurt
Aarong Dairy Pantoa,600 gm,210,https://chaldal.com/yogurt
Aarong Dairy Roshogolla,600 gm,200,https://chaldal.com/yogurt
Aarong Dairy Roshogolla (20±2 pcs),1 kg,350,https://chaldal.com/yogurt
Starship Condensed Milk,400 gm,105,https://chaldal.com/condensed-milk-cream
No 1. Condensed Milk,400 gm,105,https://chaldal.com/condensed-milk-cream
Goalini Plus Condensed Milk,400 gm,105,https://chaldal.com/condensed-milk-cream
Danish Condensed Filled Milk,397 gm,105,https://chaldal.com/condensed-milk-cream
Nestle Coffee Mate Coffee Creamer Box,450 gm,380,https://chaldal.com/condensed-milk-cream
Vivo Ambient Whip Topping with Vegetable Fat,1100 gm,736,https://chaldal.com/condensed-milk-cream
Grand'Or UHT Cooking Cream,1000 gm,1550,https://chaldal.com/condensed-milk-cream
Nestle Coffee Mate Creamer,1 kg,850,https://chaldal.com/condensed-milk-cream
Nestle Coffee Mate Coffee Creamer Jar,400 gm,400,https://chaldal.com/condensed-milk-cream
Bread Pit White Bread,500 gm,110,https://chaldal.com/breads
White Bread,500 gm,70,https://chaldal.com/breads
Bread Pit Burger Bun,4 pcs,90,https://chaldal.com/breads
Bread Pit Milk Bread,300 gm,120,https://chaldal.com/breads
Bread Pit Multigrain Bread,300 gm,149,https://chaldal.com/breads
Tata Tea Premium,400 gm,149,https://chaldal.com/tea-coffee-2
Dilmah Ceylon Moroccan Mint Green Tea,40 gm,549,https://chaldal.com/tea-coffee-2
Ispahani Mirzapore Best Leaf Tea,500 gm,270,https://chaldal.com/tea-coffee-2
Dilmah Premium Ceylon Tea 50 gm,25 pcs,480,https://chaldal.com/tea-coffee-2
Nestle Nescafe 3 in 1 Iced Frappe Cold Coffee Mix,30 gm,50,https://chaldal.com/tea-coffee-2
Sylhet Golden Premium Black Tea,400 gm,210,https://chaldal.com/tea-coffee-2
Tetley Green Tea Bag Masala Cha 25 pcs,35 gm,160,https://chaldal.com/tea-coffee-2
Dilmah Ceylon Green Tea With Cardamom,40 gm,715,https://chaldal.com/tea-coffee-2
Fresh Premium Tea Bag,100 gm,95,https://chaldal.com/tea-coffee-2
Lipton Green Tea Bag Honey and Lemon,25 pcs,170,https://chaldal.com/tea-coffee-2
Tetley Green Tea Bag Pure and Original 25 pcs,32.5 gm,140,https://chaldal.com/tea-coffee-2
AMA Coffee 3 In 1,15 gm,10,https://chaldal.com/tea-coffee-2
Seylon Instant Milk Tea 3 in 1,15 gm,10,https://chaldal.com/tea-coffee-2
Ispahani Mirzapore Tea Bag,50 pcs,100,https://chaldal.com/tea-coffee-2
Fresh Coffee 3 in 1,15 gm,10,https://chaldal.com/tea-coffee-2
Ispahani Mirzapore Best Leaf Tea,400 gm,230,https://chaldal.com/tea-coffee-2
Ispahani Mirzapore Best Leaf Tea,200 gm,116,https://chaldal.com/tea-coffee-2
Brooke Bond Taaza Black Tea,400 gm,250,https://chaldal.com/tea-coffee-2
Seylon Gold Tea,500 gm,240,https://chaldal.com/tea-coffee-2
Nestle Nescafe Classic Instant Coffee Jar,45 gm,275,https://chaldal.com/tea-coffee-2
Brooke Bond Taaza Black Tea,200 gm,130,https://chaldal.com/tea-coffee-2
Nestle Coffee Mate Coffee Creamer Box,450 gm,380,https://chaldal.com/tea-coffee-2
Kazi & Kazi Organic Green Tea 40 pcs,60 gm,215,https://chaldal.com/tea-coffee-2
Nestle Nescafe Classic Instant Coffee Jar,90 gm,475,https://chaldal.com/tea-coffee-2
MacCoffee Instant Coffee Pouch,200 gm,850,https://chaldal.com/tea-coffee-2
Tora Bika Cappuccino 25 gm,6 pcs,300,https://chaldal.com/tea-coffee-2
Dilmah Geen Tea with Jasmine 40 gm,20 pcs,595,https://chaldal.com/tea-coffee-2
Dilmah Green Tea with Camomile 30 gm,20 pcs,630,https://chaldal.com/tea-coffee-2
Dilmah Darjeeling Tea 50 gm,25 pcs,790,https://chaldal.com/tea-coffee-2
Seylon Instant Milk Tea 3 in 1 Stick Pouch,25 pcs,250,https://chaldal.com/tea-coffee-2
Seylon Instant Milk Tea,150 gm,100,https://chaldal.com/tea-coffee-2
Tetley Green Tea Bag Lemon & Honey 25 pcs,35 gm,170,https://chaldal.com/tea-coffee-2
Halda Valley Red Robe Oolong Tea,45 gm,245,https://chaldal.com/tea-coffee-2
Revival Karak Masala Tea,200 gm,220,https://chaldal.com/tea-coffee-2
Dr. H&H Slimming Tea Bags 30 pcs,60 gm,400,https://chaldal.com/tea-coffee-2
Kericho Gold Round Tea Bag 50 pcs,100 gm,329,https://chaldal.com/tea-coffee-2
MacCoffee Coffee And Creamer 2 in 1 12 gm x 20,,425,https://chaldal.com/tea-coffee-2
ACME Tea Premium Gold,200 gm,110,https://chaldal.com/tea-coffee-2
Dilmah Ginger & Honey Black Tea,30 gm,405,https://chaldal.com/tea-coffee-2
MacCoffee Original Jar,200 gm,1100,https://chaldal.com/tea-coffee-2
Moccona Select Instant Coffee,190 gm,1420,https://chaldal.com/tea-coffee-2
Kazi & Kazi Organic Tea Turmeric Infusion 40 pcs,60 gm,295,https://chaldal.com/tea-coffee-2
Nestle Nescafe Creamy Latte Coffee Mix Sachet 18 gm,12 pcs,240,https://chaldal.com/tea-coffee-2
Halda Valley Golden Eyebrow Black Tea,50 gm,500,https://chaldal.com/tea-coffee-2
Dilmah Ceylon Green Tea With Ceylon Cinnamon,40 gm,715,https://chaldal.com/tea-coffee-2
Ispahani Blender's Choice Premium Green Tea Bag 70 gm,50 pcs,205,https://chaldal.com/tea-coffee-2
Kopiko Brown Coffee 20 gm,6 pcs,279,https://chaldal.com/tea-coffee-2
Kazi & Kazi Organic Green Mint Tea 25 pcs,37.5 gm,295,https://chaldal.com/tea-coffee-2
Paragon Hajinagar PD Tea,500 gm,225,https://chaldal.com/tea-coffee-2
Paragon Hajinagar BOP Tea,500 gm,220,https://chaldal.com/tea-coffee-2
Mother's Smile Profom Milk Jar,400 gm,630,https://chaldal.com/energy-boosters
Standard Horlicks Health And Nutrition Drink Jar,250 gm,280,https://chaldal.com/energy-boosters
Complan Chocolate Pack,350 gm,405,https://chaldal.com/energy-boosters
Mother's Horlicks Health and Nutrition Drink BIB,350 gm,620,https://chaldal.com/energy-boosters
Horlicks Chocolate Flavour Jar,500 gm,550,https://chaldal.com/energy-boosters
Junior Horlicks Health And Nutrition Drink Container Stage-2,500 gm,550,https://chaldal.com/energy-boosters
Standard Horlicks Health And Nutrition Drink Jar,500 gm,500,https://chaldal.com/energy-boosters
Maltova Health And Nutrition Drink BIB,400 gm,550,https://chaldal.com/energy-boosters
Ovaltine Power 10 Chocolate Drink Jar,400 gm,1000,https://chaldal.com/energy-boosters
Boost Chocolate Jar,400 gm,550,https://chaldal.com/energy-boosters
Women's Plus Horlicks Health And Nutrition Drink Jar,400 gm,600,https://chaldal.com/energy-boosters
Horlicks Lite Health And Nutrition Drink Jar,400 gm,650,https://chaldal.com/energy-boosters
Dabur Chyawanprash Awaleha,500 gm,600,https://chaldal.com/energy-boosters
Ahmed Mixed Fruit Jelly,500 gm,180,https://chaldal.com/jams-jellies
Shezan Mixed Fruit Jam,440 gm,180,https://chaldal.com/jams-jellies
Pran Mango Jam,350 gm,165,https://chaldal.com/jams-jellies
Pran Apple Jelly,500 gm,185,https://chaldal.com/jams-jellies
Ahmed Pineapple Jam,500 gm,180,https://chaldal.com/jams-jellies
Ahmed Mango Jam,500 gm,195,https://chaldal.com/jams-jellies
Ahmed Mixed Fruit Jam,500 gm,195,https://chaldal.com/jams-jellies
Ahmed Apple Jam,500 gm,195,https://chaldal.com/jams-jellies
Ahmed Pineapple Jelly,500 gm,180,https://chaldal.com/jams-jellies
Ahmed Sugar Free Orange Jelly,500 gm,265,https://chaldal.com/jams-jellies
Stute Thick Cut Orange Marmalade Jam,340 gm,619,https://chaldal.com/jams-jellies
Kishwan Orange Jelly,500 gm,185,https://chaldal.com/jams-jellies
ACI Pure Mixed Fruit Jam,500 gm,130,https://chaldal.com/jams-jellies
Ruchi Mixed Fruit Jam,500 gm,220,https://chaldal.com/jams-jellies
Best's Blueberry Fruit Jam Conserve,450 gm,648,https://chaldal.com/jams-jellies
Best's Mixed Fruit Jam Conserve,450 gm,648,https://chaldal.com/jams-jellies
Best's Orange Marmalade Jam Conserve,450 gm,648,https://chaldal.com/jams-jellies
ST-Dalfour Jam Wild Blueberry,284 gm,920,https://chaldal.com/jams-jellies
ST-Dalfour Jam Four Fruits,284 gm,769,https://chaldal.com/jams-jellies
ST-Dalfour Jam Orange,284 gm,639,https://chaldal.com/jams-jellies
Stute Apricot Conserve Extra Jam,340 gm,569,https://chaldal.com/jams-jellies
BD Food Orange Jelly,500 gm,165,https://chaldal.com/jams-jellies
Foster Clark's Dundee Marmalade Jam,450 gm,625,https://chaldal.com/jams-jellies
Ruchi Orange Jam,500 gm,220,https://chaldal.com/jams-jellies
Shezan Apple Jelly,440 gm,180,https://chaldal.com/jams-jellies
Pran Sugar Free Orange Jelly,450 gm,270,https://chaldal.com/jams-jellies
Foster Clark's Jam Strawberry,450 gm,715,https://chaldal.com/jams-jellies
Foster Clark's Cherry Jelly,80 gm,160,https://chaldal.com/jams-jellies
Pran Orange Jelly,500 gm,185,https://chaldal.com/jams-jellies
Pran Orange Jelly,350 gm,165,https://chaldal.com/jams-jellies
Ahmed Orange Jelly,500 gm,180,https://chaldal.com/jams-jellies
Cocola Chocolate Wafer Roll Jar,170 gm,70,https://chaldal.com/wafers
Nestle KitKat 2 Finger Chocolate Covered Wafer Bar (Dubai),17.7 gm,60,https://chaldal.com/wafers
Nestle KitKat Chunky Milk Chocolate Wafer Bar,40 gm,120,https://chaldal.com/wafers
Nestle KitKat 2 Finger Chocolate Wafer (India),19 gm,50,https://chaldal.com/wafers
Nestle KitKat 4 Finger Chocolate Wafer (India),36.5 gm,80,https://chaldal.com/wafers
Rinda Fruity Nata Jelly Flavoured,225 gm,365,https://chaldal.com/candies
Haribo Chamallows Party Candy,150 gm,400,https://chaldal.com/candies
Cavendish & Harvey Candy Wild Berry Drops,175 gm,449,https://chaldal.com/candies
Cavendish & Harvey Candy Citrus Fruit Drops,200 gm,490,https://chaldal.com/candies
Haribo Happy Grapes Candy,80 gm,250,https://chaldal.com/candies
Haribo Worms Zourr Candy,80 gm,250,https://chaldal.com/candies
Haribo Starmix Candy,160 gm,460,https://chaldal.com/candies
Haribo Happy Cola Candy,160 gm,460,https://chaldal.com/candies
Haribo Happy Cola Sour Candy,160 gm,460,https://chaldal.com/candies
Haribo Chamallows Pink & White Candy,150 gm,400,https://chaldal.com/candies
Haribo GoldBears Candy,160 gm,460,https://chaldal.com/candies
Cavendish & Harvey Sour Cherry Candy Poly,100 gm,250,https://chaldal.com/candies
Haribo Worms Candy,80 gm,250,https://chaldal.com/candies
Haribo Happy Cola Sour Candy,80 gm,250,https://chaldal.com/candies
Haribo Happy Cola Candy,80 gm,250,https://chaldal.com/candies
Haribo Goldbears Candy,80 gm,250,https://chaldal.com/candies
Olympic Green Mango Lozenge (Candy),50 pcs,50,https://chaldal.com/candies
Cavendish & Harvey Sour Lemon Drops,200 gm,490,https://chaldal.com/candies
Cavendish & Harvey Butterscotch Drops,175 gm,329,https://chaldal.com/candies
Fox's Crystal Clear Fruity Mints Candy,180 gm,345,https://chaldal.com/candies
Tic Tac Mint Mouth Freshener,13 gm,50,https://chaldal.com/mints-mouth-fresheners
Sargam Royal Crispy Mouth Freshener,40 gm,100,https://chaldal.com/mints-mouth-fresheners
Eclipse Sugar Free Winterfrost Mints,35 gm,290,https://chaldal.com/mints-mouth-fresheners
Eclipse Sugar Free Mints Spearmint Flavor,35 gm,370,https://chaldal.com/mints-mouth-fresheners
Mentos Pure Fresh Chewing Sugarfree Gum B.Lime Mint,29.7 gm,200,https://chaldal.com/mints-mouth-fresheners
Cocola Egg Noodles,125 gm,20,https://chaldal.com/noodles
Nestle Maggi 2 Minute Masala Instant Noodles,16 pack,340,https://chaldal.com/noodles
Nestle Maggi 2-Minute Masala Instant Noodles,4 pack,95,https://chaldal.com/noodles
Cocola Chicken Masala Noodles,150 gm,25,https://chaldal.com/noodles
Samyang Hot Chicken Ramen Jjajang Flavor Noodles,140 gm,239,https://chaldal.com/noodles
Samyang Hot Chicken Ramen Noodles 2X Spicy,140 gm,239,https://chaldal.com/noodles
Mr. Noodles Rice Stick Noodles,454 gm,370,https://chaldal.com/noodles
Cocola Egg & Chicken Masala Noodles,150 gm,25,https://chaldal.com/noodles
Nestle Maggi 2-Minute Masala Instant Noodles,8 pack,180,https://chaldal.com/noodles
Mr.Noodles Magic Masala Easy Instant,496 gm,170,https://chaldal.com/noodles
Mr. Noodles Korean Super Spicy,496 gm,210,https://chaldal.com/noodles
Mr. Noodles Cup Noodles Magic Masala,40 gm,35,https://chaldal.com/noodles
Mama Noodles (Hot And Spicy Flavour) 10 pcs,620 gm,220,https://chaldal.com/noodles
Nestle Maggi 2-Minute Masala Instant Noodles,12 pack,265,https://chaldal.com/noodles
Dragon Brand Noodles,300 gm,60,https://chaldal.com/noodles
MAGGI Hot & Spicy Blast Noodles,8 pack,200,https://chaldal.com/noodles
Chopstick Instant Noodles Masala Delight 496 gm,8 pack,175,https://chaldal.com/noodles
Mama Noodles (Chicken Flavour) 8 pcs,496 gm,175,https://chaldal.com/noodles
Mr. Noodles Korean Super Spicy,248 gm,110,https://chaldal.com/noodles
Mr. Noodles Korean Kimchi Ramen 8 pcs,480 gm,210,https://chaldal.com/noodles
Chopstick Ramen Hot Chicken Instant Noodles 8 pack,640 gm,650,https://chaldal.com/noodles
Chopstick Ramen Hot Cheese Instant Noodles 8 pack,640 gm,650,https://chaldal.com/noodles
Samyang Hot Chicken Ramen 3X Spicy,140 gm,199,https://chaldal.com/noodles
Nongshim Chapagetti Original Noodles,140 gm,175,https://chaldal.com/noodles
Mama Noodles (Chicken Flavour) 10 pcs,620 gm,220,https://chaldal.com/noodles
Samyang Hot Chicken Ramen 2X Spicy Cup Noodles,70 gm,160,https://chaldal.com/noodles
Samyang Hot Chicken Ramen Stew Noodles,145 gm,239,https://chaldal.com/noodles
Samyang Hot Chicken Ramen Cheese Noodles,140 gm,239,https://chaldal.com/noodles
How How Rice Stick Noodles,500 gm,369,https://chaldal.com/noodles
Nissin Cup Noodles Japanese Style Beef,66 gm,109,https://chaldal.com/noodles
Nissin Cup Noodles Japanese Style Chicken,67 gm,109,https://chaldal.com/noodles
Mama OK Instant Noodles Fried Shrimp Tom Yum Flavor,85 gm,140,https://chaldal.com/noodles
Samyang Hot Chicken Cheese Noodles,700 gm,1050,https://chaldal.com/noodles
Samyang Jjajang Hot Chicken Noodles,700 gm,1240,https://chaldal.com/noodles
Samyang Hot Chicken Karba Noodles,650 gm,1075,https://chaldal.com/noodles
Mama Cup Noodles (Hot & Spicy Flavour) 62 gm,each,110,https://chaldal.com/noodles
Nestle Maggi 2-Minute Noodles Masala,12 pack,265,https://chaldal.com/noodles
Mama Cup Noodles Instant Shrimp Tom Yum,each,190,https://chaldal.com/noodles
Imee Chicken Curry Instant Noodles,65 gm,175,https://chaldal.com/noodles
Ifad Eggy Instant Masala Noodles 4 pcs,300 gm,90,https://chaldal.com/noodles
Mama Instant Noodles (Hot & Spicy Flavour) 4 pcs,248 gm,95,https://chaldal.com/noodles
Mama Noodles (Hot & Spicy Flavour) 8 pcs,496 gm,175,https://chaldal.com/noodles
Mama Cup Noodles (Shrimp Tomyum Flavour) 62 gm,each,110,https://chaldal.com/noodles
Sedaap Supreme Instant Korean Spicy Chicken Noodles,4 pcs,300,https://chaldal.com/noodles
Golden Grain Red Flattened Rice (Lal Chira),500 gm,65,https://chaldal.com/local-snacks
Pran Puffed Rice (Muri),500 gm,75,https://chaldal.com/local-snacks
Ruchi Jhal Chanachur,150 gm,50,https://chaldal.com/local-snacks
Ramisa Fried Chira (Masala),200 gm,70,https://chaldal.com/local-snacks
Pran Mango Bar,10 pcs,100,https://chaldal.com/local-snacks
Pran Flattened Rice (Chira),500 gm,70,https://chaldal.com/local-snacks
Ruchi Puffed Rice (Muri),200 gm,35,https://chaldal.com/local-snacks
Ruchi Bbq Chanachur,22 gm,10,https://chaldal.com/local-snacks
Ruchi Bbq Chanachur,500 gm,150,https://chaldal.com/local-snacks
Bombay Sweets Chanachur,150 gm,50,https://chaldal.com/local-snacks
Ruchi Jhal Chanachur,500 gm,150,https://chaldal.com/local-snacks
Ruchi Bbq Chanachur,150 gm,50,https://chaldal.com/local-snacks
Bombay Sweets Chanachur,500 gm,150,https://chaldal.com/local-snacks
Pran Badam Bhaja 18 gm,4 pcs,40,https://chaldal.com/local-snacks
Ruchi Bbq Chanachur,300 gm,100,https://chaldal.com/local-snacks
Pran Puffed Rice (Muri),250 gm,40,https://chaldal.com/local-snacks
Pran Dal 20 gm (Net Weight ± 2 gm),4 pcs,40,https://chaldal.com/local-snacks
Bombay Sweets Chanachur,300 gm,100,https://chaldal.com/local-snacks
Bombay Sweets Bombay Naga Jhal Chanachur,150 gm,50,https://chaldal.com/local-snacks
Bombay Sweets Bombay Naga Jhal Chanachur,300 gm,100,https://chaldal.com/local-snacks
Dihan Salted Bakorkhani,400 gm,180,https://chaldal.com/local-snacks
Teer Puffed Rice (Muri),500 gm,75,https://chaldal.com/local-snacks
Aafi Puffed Rice (Muri),500 gm,70,https://chaldal.com/local-snacks
Ruchi Premium Mix Chanachur,200 gm,120,https://chaldal.com/local-snacks
Astha Foods Nababi Choco Bakorkhani,400 gm,210,https://chaldal.com/local-snacks
CBL Munchee Chocolate Wafer,100 gm,90,https://chaldal.com/local-snacks
BPM Homemade Puffed Rice (Muri),500 gm,135,https://chaldal.com/local-snacks
Tiffany Crunch 'n' Cream Orange Wafers,65 gm,250,https://chaldal.com/local-snacks
Tiffany Crunch 'n' Cream Strawberry Wafers,76 gm,190,https://chaldal.com/local-snacks
Pran Mango Bar,30 pcs,300,https://chaldal.com/local-snacks
Golden Harvest Frozen Dal Puri 10 pcs,454 gm,145,https://chaldal.com/local-snacks
Bombay Sweets Dalmoth Namkeen,150 gm,60,https://chaldal.com/local-snacks
Ramisa Chira (Red kacha),500 gm,70,https://chaldal.com/local-snacks
Olympic Energy Plus Biscuits,62 gm,15,https://chaldal.com/plain-biscuits
Haque Original Milk Marie Biscuit,225 gm,60,https://chaldal.com/plain-biscuits
Haque La Kokonat Cookies Biscuit,100 gm,30,https://chaldal.com/plain-biscuits
Pran Potata Spicy Biscuit,100 gm,30,https://chaldal.com/plain-biscuits
Olympic Energy Plus Biscuits,185 gm,50,https://chaldal.com/plain-biscuits
Olympic Nutty Real Peanut Biscuit,50 gm,15,https://chaldal.com/plain-biscuits
Olympic Milk Marie Biscuits,200 gm,50,https://chaldal.com/plain-biscuits
Olympic Chocolate Plus Biscuit,42 gm,10,https://chaldal.com/plain-biscuits
Olympic Butter Bite Biscuits,165 gm,50,https://chaldal.com/plain-biscuits
Haque Digestive Biscuit,120 gm,30,https://chaldal.com/plain-biscuits
Dekko Marie Classic Biscuit,222 gm,60,https://chaldal.com/plain-biscuits
Olympic Digestive High Fiber Biscuit,110 gm,30,https://chaldal.com/plain-biscuits
Haque Mr. Energy Instant Energy Biscuit,185 gm,50,https://chaldal.com/plain-biscuits
Haque Kheer Malai Biscuit,161 gm,50,https://chaldal.com/plain-biscuits
Dekko Oroma Orange Biscuits,150 gm,40,https://chaldal.com/plain-biscuits
Bakeman's Glaze Sugar Glazed Biscuit,180 gm,50,https://chaldal.com/plain-biscuits
Funtastic Milk Mate Biscuit,203 gm,50,https://chaldal.com/plain-biscuits
Ispahani Milk Marie Biscuit,200 gm,60,https://chaldal.com/plain-biscuits
Olympic First Choice Salted Biscuits,180 gm,50,https://chaldal.com/plain-biscuits
Ifad Choco Delight Biscuit,175 gm,60,https://chaldal.com/plain-biscuits
Ifad Kaju Delight Biscuit,175 gm,60,https://chaldal.com/plain-biscuits
Munchy's Lexus Chocolate Cream Sandwich Cracker,225 gm,490,https://chaldal.com/plain-biscuits
Danish Milk Marie Biscuit,200 gm,60,https://chaldal.com/plain-biscuits
Olympic Marie Gold Biscuit,190 gm,40,https://chaldal.com/plain-biscuits
Olympic Premium Toast Biscuit,185 gm,60,https://chaldal.com/toast-biscuits
Pran Special Toast Biscuit,250 gm,60,https://chaldal.com/toast-biscuits
Olympic Dry Cake Biscuit,290 gm,150,https://chaldal.com/toast-biscuits
Fresh Butter Cookies Biscuit Jar,750 gm,200,https://chaldal.com/toast-biscuits
Ispahani Premium Toast Biscuit,185 gm,50,https://chaldal.com/toast-biscuits
Bisk Club Rusk Premium Bake Biscuit,250 gm,70,https://chaldal.com/toast-biscuits
Dekko Sweet Toast Biscuit,300 gm,80,https://chaldal.com/toast-biscuits
Ifad Plain Toast Biscuit,350 gm,100,https://chaldal.com/toast-biscuits
Cocola Champion Chocolate Cream Biscuit,65 gm,20,https://chaldal.com/cream-biscuits
Bisk Club Shero Cream Biscuit,85 gm,30,https://chaldal.com/cream-biscuits
Fresh Fantasy Chocolate Filled Cookies Biscuit,175 gm,150,https://chaldal.com/cream-biscuits
Olympic Pineapple Cream Biscuits,40 gm,10,https://chaldal.com/cream-biscuits
Haque Milk Chocolate Digestive Biscuit,137 gm,40,https://chaldal.com/cream-biscuits
Olympic Tim Tim Orange Biscuit,40 gm,10,https://chaldal.com/cream-biscuits
Fresh Fun Fill Sandwich Chocolate Cream Biscuit,34 gm,10,https://chaldal.com/cream-biscuits
Tiffany Crunch 'n' Cream Vanilla Wafers,135 gm,320,https://chaldal.com/cream-biscuits
Munchy's Topmix Assorted Biscuits,295 gm,580,https://chaldal.com/cream-biscuits
Munchy's Lexus Cheese Cream Sandwich Cracker Biscuit,225 gm,490,https://chaldal.com/cream-biscuits
Tiffany Delights Bourbon Creams,200 gm,470,https://chaldal.com/cream-biscuits
Parle Hide & Seek Black Bourbon Choco Creme Biscuit,100 gm,195,https://chaldal.com/cream-biscuits
Ifad Butter Delight Biscuit,150 gm,50,https://chaldal.com/cream-biscuits
Ifad Orange Delight Biscuit,140 gm,40,https://chaldal.com/cream-biscuits
Munchy's Lexus Choco Coated Chocolate Cream Biscuit,200 gm,480,https://chaldal.com/cream-biscuits
Munchy's Topmix Assorted Biscuits Tin,700 gm,1870,https://chaldal.com/cream-biscuits
Kolson Macaroni Pasta Screw,400 gm,85,https://chaldal.com/pasta-macaroni
Kolson Macaroni Shell,400 gm,85,https://chaldal.com/pasta-macaroni
Farina Macaroni Premium Quality,500 gm,110,https://chaldal.com/pasta-macaroni
Farina Macaroni,400 gm,90,https://chaldal.com/pasta-macaroni
Farina Macaroni,200 gm,50,https://chaldal.com/pasta-macaroni
Kolson Macaroni Bamboo,400 gm,85,https://chaldal.com/pasta-macaroni
Mr. Pasta Macaroni Shells,400 gm,90,https://chaldal.com/pasta-macaroni
Farmer's Gold Pasta,400 gm,180,https://chaldal.com/pasta-macaroni
Barilla Classic Spaghettoni N.7 Pasta,500 gm,395,https://chaldal.com/pasta-macaroni
Emirates Macaroni Penne Rigate Pasta,400 gm,195,https://chaldal.com/pasta-macaroni
Emirates Macaroni Corni Corrugated Pasta,400 gm,195,https://chaldal.com/pasta-macaroni
Reggia Pasta Penne Mez,500 gm,265,https://chaldal.com/pasta-macaroni
Barilla Fusilli N.98 Pasta,500 gm,449,https://chaldal.com/pasta-macaroni
Barilla Spaghetti N.5 Pasta,500 gm,449,https://chaldal.com/pasta-macaroni
Barilla Angel Hair N.1 Pasta,500 gm,360,https://chaldal.com/pasta-macaroni
Barilla Pasta Sauce Jar Napoletana,400 gm,599,https://chaldal.com/pasta-macaroni
Barilla Pasta Sauce Jar Arrabbiata,400 gm,599,https://chaldal.com/pasta-macaroni
Barilla Pasta Sauce Jar Basilico,400 gm,599,https://chaldal.com/pasta-macaroni
Pastiano Spiralli Pasta,500 gm,240,https://chaldal.com/pasta-macaroni
Pastiano Penne Pasta,500 gm,240,https://chaldal.com/pasta-macaroni
Barilla Farfalle Pasta (436),500 gm,449,https://chaldal.com/pasta-macaroni
Barilla Penne Rigate Pasta (N.437),500 gm,449,https://chaldal.com/pasta-macaroni
Dekko Oyster Pasta,200 gm,60,https://chaldal.com/pasta-macaroni
Hat Macaroni Penne Pasta,500 gm,235,https://chaldal.com/pasta-macaroni
Kolson Macaroni Assorted Pack,500 gm,120,https://chaldal.com/pasta-macaroni
Knorr Soup Chicken Corn,24 gm,55,https://chaldal.com/soups
Nestle Maggi Healthy Soup Corn With Chicken 25 gm,4 pcs,220,https://chaldal.com/soups
Nestle Maggi Healthy Soup Thai Sachet,35 gm,55,https://chaldal.com/soups
Nestle Maggi Healthy Soup Corn With Chicken,25 gm,55,https://chaldal.com/soups
Knorr Soup Chicken Corn 24 gm,5 pcs,275,https://chaldal.com/soups
Knorr Soup Thai 28 gm,5 pcs,250,https://chaldal.com/soups
Knorr Soup Thai,28 gm,55,https://chaldal.com/soups
Nestle Maggi Healthy Soup Vegetables Sachet 25 gm,4 pcs,200,https://chaldal.com/soups
Nestle Maggi Healthy Soup Thai Sachet 35 gm,4 pcs,220,https://chaldal.com/soups
Bragg Organic Apple Cider Vinegar,946 ml,1499,https://chaldal.com/salad-dressing
Pran Synthetic Vinegar,650 ml,55,https://chaldal.com/salad-dressing
Ahmed White Vinegar,500 ml,70,https://chaldal.com/salad-dressing
American Garden Real Mayonnaise,887 ml,1535,https://chaldal.com/salad-dressing
Kewpie Dressing Roasted Sesame Salad,210 ml,365,https://chaldal.com/salad-dressing
Herman Garlic Mayonnaise,500 gm,520,https://chaldal.com/salad-dressing
American Garden Real Mayonnaise,473 ml,965,https://chaldal.com/salad-dressing
American Garden Pizza Sauce Classic,397 ml,670,https://chaldal.com/salad-dressing
Thai Choice Som Tum Salad Dressing,200 ml,275,https://chaldal.com/salad-dressing
Remia Salad Dressing Garlic,250 ml,330,https://chaldal.com/salad-dressing
Saporito Red Grape Vinegar,500 ml,619,https://chaldal.com/salad-dressing
Ahmed White Vinegar,325 ml,58,https://chaldal.com/salad-dressing
Remia Salad Cream,250 ml,330,https://chaldal.com/salad-dressing
RC Q Lemon Pet,250 ml,25,https://chaldal.com/soft-drinks
Sprite,250 ml,23,https://chaldal.com/soft-drinks
Coca-Cola,1 ltr,79,https://chaldal.com/soft-drinks
Coca-Cola,400 ml,38,https://chaldal.com/soft-drinks
Fanta Orange Flavored,1 ltr,79,https://chaldal.com/soft-drinks
Rooh Afza (Free Ispaghol Bhusi 20 gm),750 ml,550,https://chaldal.com/soft-drinks
Fanta Orange Flavored,400 ml,38,https://chaldal.com/soft-drinks
Fanta Orange Flavored,250 ml,23,https://chaldal.com/soft-drinks
Fresh Mojito,250 ml,25,https://chaldal.com/soft-drinks
Rooh Afza,300 ml,300,https://chaldal.com/soft-drinks
Rooh Afza,750 ml,550,https://chaldal.com/soft-drinks
Sprite Can,250 ml,65,https://chaldal.com/soft-drinks
Sprite,1 ltr,79,https://chaldal.com/soft-drinks
Fanta Can Orange Flavored,250 ml,65,https://chaldal.com/soft-drinks
Coca-Cola Zero Sugar,250 ml,20,https://chaldal.com/soft-drinks
Mojo Pet,250 ml,20,https://chaldal.com/soft-drinks
Coca-Cola,1.75 ltr,140,https://chaldal.com/soft-drinks
Mojo Soft Drink,2 ltr,110,https://chaldal.com/soft-drinks
Sprite,1.75 ltr,140,https://chaldal.com/soft-drinks
Mojo Pet,1 ltr,60,https://chaldal.com/soft-drinks
Mountain Dew,500 ml,50,https://chaldal.com/soft-drinks
Maxx Cola,2 ltr,100,https://chaldal.com/soft-drinks
Maxx Cola,500 ml,35,https://chaldal.com/soft-drinks
Fresh Cola,500 ml,40,https://chaldal.com/soft-drinks
Clemon Mojito Can,250 ml,50,https://chaldal.com/soft-drinks
Sunquick Orange Fruit Drink,250 ml,40,https://chaldal.com/soft-drinks
Sunquick Mango Fruit Drink,250 ml,35,https://chaldal.com/soft-drinks
RC Cola,250 ml,20,https://chaldal.com/soft-drinks
Fresh Googly,250 ml,20,https://chaldal.com/soft-drinks
Pepsi,1.75 ltr,150,https://chaldal.com/soft-drinks
Houston Soft Drink Can,250 ml,40,https://chaldal.com/soft-drinks
RC Q Orange Pet,250 ml,20,https://chaldal.com/soft-drinks
Fresh Cola,1 ltr,60,https://chaldal.com/soft-drinks
Pran Up,500 ml,35,https://chaldal.com/soft-drinks
Fresh Cola,250 ml,20,https://chaldal.com/soft-drinks
Speed Can,250 ml,50,https://chaldal.com/soft-drinks
Clemon Can,250 ml,40,https://chaldal.com/soft-drinks
Mojo Can,250 ml,40,https://chaldal.com/soft-drinks
Dolphin Nata De Coco Lychee Drink,350 ml,280,https://chaldal.com/soft-drinks
Basil Seed Drink (Mixed Fruit),290 ml,270,https://chaldal.com/soft-drinks
Basil Seed Drink (White Grape),290 ml,270,https://chaldal.com/soft-drinks
Basil Seed Drink (Lychee),290 ml,270,https://chaldal.com/soft-drinks
Pepsi Can (Imported),330 ml,300,https://chaldal.com/soft-drinks
7 Up Can,250 ml,70,https://chaldal.com/soft-drinks
Sprite Can (Imported),320 ml,349,https://chaldal.com/soft-drinks
Pepsi Can,250 ml,70,https://chaldal.com/soft-drinks
Mountain Dew Can,250 ml,70,https://chaldal.com/soft-drinks
Mirinda Can,250 ml,70,https://chaldal.com/soft-drinks
Pepsi,1 ltr,80,https://chaldal.com/soft-drinks
7 Up,500 ml,50,https://chaldal.com/soft-drinks
SMC Plus Lemon Electrolyte Drink 250 ml (Combo Pack),6 pcs,270,https://chaldal.com/juice
Bruvana Sports+ Electrolyte Beverage (Mango Flavor),250 ml,40,https://chaldal.com/juice
Malee Lychee Juice,1 ltr,630,https://chaldal.com/juice
SMC Plus Orange Electrolyte Drink 250 ml (Combo Pack),6 pcs,270,https://chaldal.com/juice
Pran Drinko Litchi Juice,250 ml,30,https://chaldal.com/juice
Pran Frooto Mango Fruit Drink,250 ml,25,https://chaldal.com/juice
Pran Frooto Mango Fruit Drink,500 ml,45,https://chaldal.com/juice
Frutika Mango Juice,1 ltr,90,https://chaldal.com/juice
Sunquick Orange Fruit Drink,1 ltr,140,https://chaldal.com/juice
Sunquick Mango Fruit Drink,1 ltr,120,https://chaldal.com/juice
Malee 100% Pomegranate & Mixed Fruit Juice,1 ltr,630,https://chaldal.com/juice
Malee 100% Pineapple Juice,1 ltr,630,https://chaldal.com/juice
Mr. Shammi Strawberry Juice,250 ml,190,https://chaldal.com/juice
Bruvana Sports+ Electrolyte Beverage (Pineapple Flavor),250 ml,40,https://chaldal.com/juice
Pran Pomegranate Fruit Drinks,200 ml,25,https://chaldal.com/juice
Sunquick Apple-Drink Concentrate,300 ml,375,https://chaldal.com/juice
Sunquick Pink Guava & Strawberry-Drink Concentrate,300 ml,495,https://chaldal.com/juice
Sunquick Fruit Cocktail-Drink Concentrate,300 ml,450,https://chaldal.com/juice
Frutika Mango Drinks,250 ml,30,https://chaldal.com/juice
Latina 100 % Juice (Mango),1 ltr,200,https://chaldal.com/juice
Nutrilife Guava Juice,160 ml,45,https://chaldal.com/juice
Nutrilife Orange Juice,160 ml,45,https://chaldal.com/juice
Nutrilife Apple Juice,160 ml,45,https://chaldal.com/juice
Fontana Mango Juice,1 ltr,550,https://chaldal.com/juice
Pran Drinko Mango Juice,250 ml,30,https://chaldal.com/juice
Nestle Fruita Vitals Chaunsa Mango Juice,1 ltr,354,https://chaldal.com/juice
Nestle Fruita Vitals Apple Juice,1 ltr,354,https://chaldal.com/juice
Cyprina Mango Nectar,1 ltr,560,https://chaldal.com/juice
Aaram Juice Orange,1 ltr,415,https://chaldal.com/juice
Aaram Juice Apple,1 ltr,415,https://chaldal.com/juice
Aaram Juice Mango,1 ltr,415,https://chaldal.com/juice
Nutrilife Orange Juice,1 ltr,295,https://chaldal.com/juice
Nutrilife Guava Juice,1 ltr,295,https://chaldal.com/juice
Pran Drinko Pineapple Juice,250 ml,30,https://chaldal.com/juice
Shezan Mango Fruit Drink,500 ml,45,https://chaldal.com/juice
Ribena Blackcurrant Juice,850 ml,1075,https://chaldal.com/juice
Sunquick Blackcurrant Juice,700 ml,750,https://chaldal.com/juice
Shezan Mango Fruit Drinks,1 ltr,85,https://chaldal.com/juice
Nutrilife Pomegranate Juice,1 ltr,350,https://chaldal.com/juice
Nutrilife Apple Juice,1 ltr,295,https://chaldal.com/juice
Sunquick Orange-Drink Concentrate,700 ml,890,https://chaldal.com/juice
Frutika Mango Juice,500 ml,55,https://chaldal.com/juice
Latina 100 % Juice (Orange),1 ltr,285,https://chaldal.com/juice
Latina 100 % Juice (Apple),1 ltr,285,https://chaldal.com/juice
Cyprina Grape Juice,1 ltr,560,https://chaldal.com/juice
Sammi Orange Juice Can,240 ml,180,https://chaldal.com/juice
Masafi Orange Juice,2 ltr,1120,https://chaldal.com/juice
Sammi Strawberry Juice Can,250 ml,190,https://chaldal.com/juice
Fontana Grape Juice,1 ltr,639,https://chaldal.com/juice
Fontana Apple Juice,1 ltr,475,https://chaldal.com/juice
Ion Alkaline Drinking Water,650 ml,65,https://chaldal.com/water
Ion Alkaline Drinking Water,330 ml,35,https://chaldal.com/water
Aquafina Drinking Water,1 ltr,30,https://chaldal.com/water
Mum Drinking Water,500 ml,20,https://chaldal.com/water
Super Fresh Drinking Water,500 ml,20,https://chaldal.com/water
Mum Drinking Water,5 ltr,100,https://chaldal.com/water
Mum Drinking Water,2 ltr,45,https://chaldal.com/water
Aquafina Drinking Water,500 ml,20,https://chaldal.com/water
Pureit Classic Germ Kill Kit,1500 ltr,800,https://chaldal.com/water
Mum Drinking Water,330 ml,15,https://chaldal.com/water
Muskan Drinking Water,500 ml,20,https://chaldal.com/water
Muskan Drinking Water,2 ltr,40,https://chaldal.com/water
Kinley Drinking Water,500 ml,20,https://chaldal.com/water
Perrier Mineral Water,750 ml,550,https://chaldal.com/water
Mum Drinking Water,1.5 ltr,35,https://chaldal.com/water
Granular Activated Carbon Filter,each,270,https://chaldal.com/water
Evian Natural Mineral Water,500 ml,289,https://chaldal.com/water
Silicon Spatula,2 pcs,219,https://chaldal.com/baking-tools
Silicone Chocolate Mould,each,269,https://chaldal.com/baking-tools
Lacy's Baking & Cooking Paper 10 m,each,649,https://chaldal.com/baking-tools
Wooden Silicone Spatula,each,379,https://chaldal.com/baking-tools
"Transparent Disposable Piping Bags (8.5""x12.5"")",100 pcs,719,https://chaldal.com/baking-tools
Cake Muffin Tin,each,379,https://chaldal.com/baking-tools
Heart Shaped Cake Pan,each,299,https://chaldal.com/baking-tools
Round Cake Pan,each,409,https://chaldal.com/baking-tools
Russian Flower Nozzle Set,7 pcs,480,https://chaldal.com/baking-tools
Cake Decoration Nozzle Set,12 pcs,179,https://chaldal.com/baking-tools
Pizza Cutter,each,250,https://chaldal.com/baking-tools
Small Whisk,each,159,https://chaldal.com/baking-tools
Boutique Straw,4 pcs,400,https://chaldal.com/baking-tools
Orange Medium Measurement Mug,each,359,https://chaldal.com/baking-tools
Cake Decoration Nozzle Set,24 pcs,355,https://chaldal.com/baking-tools
Silicone Lace,each,379,https://chaldal.com/baking-tools
Foster Clark's Custard Powder Pack,200 gm,395,https://chaldal.com/baking-mixes
Foster Clark's Gelatin Jelly Dessert Lemon Flavour,80 gm,160,https://chaldal.com/baking-mixes
Foster Clark's Custard Powder Tin,300 gm,395,https://chaldal.com/baking-mixes
Foster Clark's Baking Powder,225 gm,360,https://chaldal.com/baking-mixes
Golden Harvest Frozen Chicken Meat Ball,400 gm,300,https://chaldal.com/chicken-snacks
Kazi Farms Kitchen Chicken Sausage 10 pcs,340 gm,260,https://chaldal.com/chicken-snacks
Kazi Farms Kitchen Spicy Chicken Nuggets,250 gm,200,https://chaldal.com/chicken-snacks
Golden Harvest Chicken Sausage,340 gm,260,https://chaldal.com/chicken-snacks
Golden Harvest Mini Chicken Nuggets,300 gm,240,https://chaldal.com/chicken-snacks
Golden Harvest Chicken Shami Kabab,200 gm,250,https://chaldal.com/chicken-snacks
Jhatpot Chicken Nuggets 20 pcs,300 gm,240,https://chaldal.com/chicken-snacks
Golden Harvest Frozen Chicken Samosa 25 pcs,250 gm,215,https://chaldal.com/chicken-snacks
Kazi Farms Kitchen Chicken Spring Roll (23-25 pcs),250 gm,215,https://chaldal.com/chicken-snacks
Kazi Farms Kitchen Chicken Samosa (22-23 pcs),250 gm,215,https://chaldal.com/chicken-snacks
Golden Harvest Mini Chicken Spring Roll 15 pcs,300 gm,235,https://chaldal.com/chicken-snacks
Country Natural Chicken Samosa,300 gm,250,https://chaldal.com/chicken-snacks
Country Natural Chicken Spicy Lollipop,400 gm,350,https://chaldal.com/chicken-snacks
Jhatpot Chicken Strips,250 gm,280,https://chaldal.com/chicken-snacks
Quality Chicken Spring Roll 25 pcs,250 gm,230,https://chaldal.com/chicken-snacks
Quality Chicken Meatball,250 gm,210,https://chaldal.com/chicken-snacks
Quality Chicken Smoked Sausage,350 gm,290,https://chaldal.com/chicken-snacks
AG Food Chicken Burger Patty 4 pcs,200 gm,200,https://chaldal.com/chicken-snacks
AG Food Chicken Mini Spring Roll,250 gm,230,https://chaldal.com/chicken-snacks
AG Food Chicken Mini Samosa,250 gm,230,https://chaldal.com/chicken-snacks
AG Food Spicy Chicken Sausage,340 gm,275,https://chaldal.com/chicken-snacks
Paragon Chicken Spring Roll 400 gm,10 pcs,320,https://chaldal.com/chicken-snacks
Paragon Chicken Popcorn,250 gm,265,https://chaldal.com/chicken-snacks
Kazi Farms Kitchen Chicken Spicy Meat Ball,250 gm,195,https://chaldal.com/chicken-snacks
Jhatpot Chicken Mini Spring Roll,200 gm,200,https://chaldal.com/chicken-snacks
Golden Harvest Spicy Chicken Sausage 340 gm,10 pcs,275,https://chaldal.com/chicken-snacks
Best's Mushroom Choice Whole Tin,425 gm,182,https://chaldal.com/mushroom-cans
Greencan Champignons Mushroom Whole,425 gm,220,https://chaldal.com/mushroom-cans
Champion Mushroom,400 gm,190,https://chaldal.com/mushroom-cans
Hosen Mushroom Choice Whole Can,425 gm,350,https://chaldal.com/mushroom-cans
Hibiscus Mushrooms Choice Whole Can,425 gm,229,https://chaldal.com/mushroom-cans
Nana Mushrooms Whole,425 gm,169,https://chaldal.com/mushroom-cans
Victoria Red Kidney Beans,400 gm,159,https://chaldal.com/vegetable-cans
Nana Green Peas,400 gm,125,https://chaldal.com/vegetable-cans
Nana Baby Corn,425 gm,120,https://chaldal.com/vegetable-cans
Nana Sweet Corn,425 gm,125,https://chaldal.com/vegetable-cans
Blossoms Red Kidney Beans,420 gm,239,https://chaldal.com/vegetable-cans
Welcome Tomato Puree,425 gm,190,https://chaldal.com/vegetable-cans
Hosen Asparagus,430 gm,399,https://chaldal.com/vegetable-cans
Hibiscus Premium Whole Baby Corn In Brine,425 gm,360,https://chaldal.com/vegetable-cans
Saporito Whole Peeled Tomatos Can,800 gm,520,https://chaldal.com/vegetable-cans
Highway Corned Beef,340 gm,370,https://chaldal.com/vegetable-cans
Hosen Baked Beans In Tomato Sauce Can,425 gm,249,https://chaldal.com/vegetable-cans
Hosen Red Kidney Beans Can,425 gm,329,https://chaldal.com/vegetable-cans
Hosen Baby Corn Young Spear Can,425 gm,289,https://chaldal.com/vegetable-cans
Hosen Baby Corn Young Cut Can,400 gm,219,https://chaldal.com/vegetable-cans
Hosen Green Peas Choice Whole Can,397 gm,200,https://chaldal.com/vegetable-cans
Hosen Gherkins Original Flavour Jar,680 gm,529,https://chaldal.com/vegetable-cans
King Bell Whole Baby Corn Tin,425 gm,180,https://chaldal.com/vegetable-cans
Best's Baby Corn Tin,425 gm,171,https://chaldal.com/vegetable-cans
Best's Green Peas Tin,400 gm,127,https://chaldal.com/vegetable-cans
Roja Crumbly Crumbly Shrimp Tempura,224 gm,495,https://chaldal.com/fish-snacks
OceanRia Lobster Ball,500 gm,830,https://chaldal.com/fish-snacks
OceanRia Imitation Crab Stick,500 gm,800,https://chaldal.com/fish-snacks
OceanRia Fish Sandwich,500 gm,850,https://chaldal.com/fish-snacks
OceanRia Crab Nugget,500 gm,800,https://chaldal.com/fish-snacks
OceanRia Vegie Fish Ball,500 gm,800,https://chaldal.com/fish-snacks
OceanRia Fried Fish Ball,500 gm,499,https://chaldal.com/fish-snacks
Roja Shrimp Samosa 19-21 pcs,240 gm,240,https://chaldal.com/fish-snacks
Roja Cheezy Cheezy Fish Kieves,240 gm,320,https://chaldal.com/fish-snacks
Roja Peri Peri Fish Nugget,240 gm,235,https://chaldal.com/fish-snacks
Roja Peri Peri Fish Stick,240 gm,265,https://chaldal.com/fish-snacks
Roja Kids Shrimp Nuggets,240 gm,245,https://chaldal.com/fish-snacks
Trix Dishwashing Liquid Lemon Bottle,500 ml,145,https://chaldal.com/dish-wash
Gloz Dishwashing Bar,300 gm,40,https://chaldal.com/dish-wash
Gloz Dishwashing Bar,125 gm,15,https://chaldal.com/dish-wash
GoodMaid Dishwashing Paste Lemon,400 gm,320,https://chaldal.com/dish-wash
Vim Dishwashing Bar,125 gm,15,https://chaldal.com/dish-wash
Vim Dishwashing Bar,300 gm,40,https://chaldal.com/dish-wash
Vim Dishwashing Liquid Pouch,200 ml,50,https://chaldal.com/dish-wash
Trix Dishwashing Liquid Lemon Refill,250 ml,70,https://chaldal.com/dish-wash
Vim Dishwashing Liquid,475 ml,130,https://chaldal.com/dish-wash
Trix Dish Washing Bar Lemon,300 gm,40,https://chaldal.com/dish-wash
Vim Dishwashing Liquid,950 ml,240,https://chaldal.com/dish-wash
Vim Dishwashing Powder,500 gm,50,https://chaldal.com/dish-wash
Trix Dishwashing Liquid (Lemon),1 ltr,270,https://chaldal.com/dish-wash
Rok Lemon Liquid Dishwash,500 ml,135,https://chaldal.com/dish-wash
Trix Dishwashing Liquid Mega Refill Super Saver Pack,5 ltr,1110,https://chaldal.com/dish-wash
Shiny Dishwashing Liquid Lime,500 ml,300,https://chaldal.com/dish-wash
Shiny Dishwashing Paste Lemon,400 gm,250,https://chaldal.com/dish-wash
Shiny Dishwashing Paste Lime,400 gm,263,https://chaldal.com/dish-wash
Magiclean Kitchen Cleaner Green Apple,500 ml,690,https://chaldal.com/dish-wash
Wheel Washing Laundry Bar,125 gm,30,https://chaldal.com/laundry
Wheel Washing Powder 2 in 1 Clean & Fresh,1 kg,155,https://chaldal.com/laundry
Wheel Washing Powder 2 in 1 Clean & Fresh,500 gm,80,https://chaldal.com/laundry
Tibet 570 Laundry Soap,125 gm,27,https://chaldal.com/laundry
Rin Advanced Detergent Powder,500 gm,100,https://chaldal.com/laundry
Tibet Rose & Lemon Detergent Powder,500 gm,70,https://chaldal.com/laundry
Surf Excel Matic Liquid Detergent Top Load,1 ltr,400,https://chaldal.com/laundry
Tibet Ball Soap,125 gm,26,https://chaldal.com/laundry
Ujjal Synthetic Laundry Detergent Powder,500 gm,70,https://chaldal.com/laundry
Ujjal Synthetic Laundry Detergent Powder,1 kg,140,https://chaldal.com/laundry
Redy Synthetic Detergent Powder,1 kg,185,https://chaldal.com/laundry
Redy Synthetic Detergent Powder,200 gm,40,https://chaldal.com/laundry
Nirala Ball Laundry Soap,125 gm,26,https://chaldal.com/laundry
Mine Synthetic Detergent Powder,500 gm,90,https://chaldal.com/laundry
Jet Classic Detergent Powder Poly Pack,200 gm,60,https://chaldal.com/laundry
Surf Excel Matic Liquid Detergent Top Load,500 ml,210,https://chaldal.com/laundry
ACI Supreme Antibacterial Detergent Powder,1 kg,180,https://chaldal.com/laundry
ACI Supreme Antibacterial Detergent Powder,500 gm,90,https://chaldal.com/laundry
ACI Smart Detergent Powder,500 gm,75,https://chaldal.com/laundry
Rin Advanced Detergent Powder,1 kg,195,https://chaldal.com/laundry
Wheel Washing Powder 2 in 1 Clean & Fresh,2 kg,280,https://chaldal.com/laundry
Chaka Advanced Ball Soap,125 gm,26,https://chaldal.com/laundry
Surf Excel Washing Powder,500 gm,120,https://chaldal.com/laundry
Surf Excel Washing Powder,1 kg,235,https://chaldal.com/laundry
Rin Advanced Detergent Powder,2 kg,370,https://chaldal.com/laundry
Chaka All-In-1 Washing Powder,1 kg,145,https://chaldal.com/laundry
Rin Washing Liquid,800 ml,220,https://chaldal.com/laundry
Jet Aroma+ Detergent Powder Paper Pack,1 kg,320,https://chaldal.com/laundry
Jet Classic Detergent Powder Paper Pack,1 kg,300,https://chaldal.com/laundry
Fast Wash Detergent Powder,1 kg,180,https://chaldal.com/laundry
Tibet Laundry Soap Blue,125 gm,27,https://chaldal.com/laundry
ACI Smart Detergent Powder,1 kg,145,https://chaldal.com/laundry
Jet Classic Detergent Powder Paper Pack,500 gm,150,https://chaldal.com/laundry
Chaka All-In-1 Washing Powder,500 gm,75,https://chaldal.com/laundry
Fast Wash Detergent Powder,500 gm,90,https://chaldal.com/laundry
Jet Improved Formula Liquid Detergent,1000 ml,600,https://chaldal.com/laundry
Nirala White Detergent Powder,200 gm,40,https://chaldal.com/laundry
Nirala White Detergent Powder,500 gm,90,https://chaldal.com/laundry
Godrej Fab Liquid Detergent Pouch,1 ltr,250,https://chaldal.com/laundry
Finis Fin Power White Washing Powder,500 gm,90,https://chaldal.com/laundry
Shuvro Fabric Brightener,100 ml,35,https://chaldal.com/laundry
Rok Shuvro Detergent Laundry Wash,1 kg,190,https://chaldal.com/laundry
Vanish All in One Liquid Detergent Booster,400 ml,250,https://chaldal.com/laundry
Chaka Super White Premium Detergent Powder,1 kg,180,https://chaldal.com/laundry
Ariel Matic Detergent Washing Powder Front Load,1 kg,300,https://chaldal.com/laundry
Ujala,100 ml,40,https://chaldal.com/laundry
Cocorex Bleach Colours Floral Fresh,1 ltr,750,https://chaldal.com/laundry
Comfort Fabric Conditioner Kiss Of Flowers,2 ltr,1176,https://chaldal.com/laundry
Comfort Fabric Conditioner Touch Of Love,2 ltr,1100,https://chaldal.com/laundry
Jet Baby Liquid Detergent,1000 ml,600,https://chaldal.com/laundry
Harpic Liquid Toilet Cleaner Original,1 ltr,235,https://chaldal.com/toilet-cleaning
Rok Disinfectant Bleaching Powder,500 gm,65,https://chaldal.com/toilet-cleaning
Harpic Liquid Toilet Cleaner Original,250 ml,70,https://chaldal.com/toilet-cleaning
Finis Stable Bleaching Powder,500 gm,65,https://chaldal.com/toilet-cleaning
Finis Perfume Finyle Toilet & Floor Cleaner,1 ltr,165,https://chaldal.com/toilet-cleaning
Harpic Flushmatic Marine In-Cistern Toilet Cleaner Block 50 gm,each,165,https://chaldal.com/toilet-cleaning
Harpic All-In-One Toilet & Bathroom Cleaning Powder,400 gm,105,https://chaldal.com/toilet-cleaning
Harpic All-In-One Toilet & Bathroom Cleaning Powder,200 gm,60,https://chaldal.com/toilet-cleaning
Harpic Liquid Toilet Cleaner Original,500 ml,135,https://chaldal.com/toilet-cleaning
Harpic Liquid Toilet Cleaner Power Plus Original,750 ml,180,https://chaldal.com/toilet-cleaning
Harpic Liquid Toilet Cleaner Original,750 ml,180,https://chaldal.com/toilet-cleaning
Finis Phenyle Extra Strong Toilet & Floor Cleaner,3 ltr,185,https://chaldal.com/toilet-cleaning
Harpic All-in-1 Toilet & Bathroom Cleaning Powder,1 kg,210,https://chaldal.com/toilet-cleaning
Domex Toilet Cleaning Liquid Ocean Fresh,500 ml,130,https://chaldal.com/toilet-cleaning
Harpic Bathroom Cleaning Liquid Rose,500 ml,140,https://chaldal.com/toilet-cleaning
ACI Shinex Tiles & Ceramic Cleaner,1 ltr,170,https://chaldal.com/toilet-cleaning
Harpic Drain Xpert Powder 50 gm,20 pcs,1000,https://chaldal.com/toilet-cleaning
Harpic Flushmatic Citrus In-Cistern Toilet Cleaner Blocks 50 gm,2 pcs,310,https://chaldal.com/toilet-cleaning
Harpic Flushmatic Lavender In-Cistern Toilet Cleaner Blocks 50 gm,3 pcs,450,https://chaldal.com/toilet-cleaning
Harpic Flushmatic Lavender In-Cistern Toilet Cleaner Blocks 50 gm,2 pcs,310,https://chaldal.com/toilet-cleaning
Harpic Flushmatic Lavender In-Cistern Toilet Cleaner Block 50 gm,each,165,https://chaldal.com/toilet-cleaning
Harpic Flushmatic Citrus In-Cistern Toilet Cleaner Blocks 50 gm,3 pcs,465,https://chaldal.com/toilet-cleaning
Harpic Flushmatic Marine In-Cistern Toilet Cleaner Blocks 50 gm,3 pcs,465,https://chaldal.com/toilet-cleaning
Unik Xtreme Toilet Cleaner,500 ml,130,https://chaldal.com/toilet-cleaning
RokSol Tiles & Bathroom Cleaner,500 ml,99,https://chaldal.com/toilet-cleaning
Magiclean Toilet Cleaner Forest Fresh,650 ml,550,https://chaldal.com/toilet-cleaning
Magiclean Bathroom Cleaner Yellow,500 ml,580,https://chaldal.com/toilet-cleaning
Goodmaid Furniture Polish,400 ml,750,https://chaldal.com/toilet-cleaning
Harpic Flushmatic Marine In-Cistern Toilet Cleaner Blocks 50 gm,2 pcs,330,https://chaldal.com/toilet-cleaning
Pledge Furniture Polish,330 gm,739,https://chaldal.com/toilet-cleaning
Unik Power Toilet Cleaner,500 ml,120,https://chaldal.com/toilet-cleaning
Swift Liquid Toilet Cleaner,500 ml,115,https://chaldal.com/toilet-cleaning
Kelly's Leather Care,500 ml,190,https://chaldal.com/toilet-cleaning
Clorox Original,2 ltr,759,https://chaldal.com/toilet-cleaning
Comode Long Handle Clean Brush,each,179,https://chaldal.com/cleaning-accessories
Rok Dishwashing Steel Scourer,each,35,https://chaldal.com/cleaning-accessories
ACI Wonder Stainless Steel Scrubber,each,25,https://chaldal.com/cleaning-accessories
Dishwashing Stainless Steel Scrubber,4 pcs,150,https://chaldal.com/cleaning-accessories
Dish Washing Scrubbing Pad,each,30,https://chaldal.com/cleaning-accessories
"Trash Bag Black - 20"" x 30""",12 pcs,283,https://chaldal.com/cleaning-accessories
Flower Broom (Ful Jharu) Large,each,159,https://chaldal.com/cleaning-accessories
Flower Broom (Ful Jharu) Medium,each,125,https://chaldal.com/cleaning-accessories
RFL China Bed Jharu (Lime Green),each,109,https://chaldal.com/cleaning-accessories
RFL Magic Clean Bucket With Mop (Green),each,2000,https://chaldal.com/cleaning-accessories
RFL Dust Pan Small (Red),each,40,https://chaldal.com/cleaning-accessories
RFL Flat Floor Mop,each,270,https://chaldal.com/cleaning-accessories
RFL Supreme Floor Mop,each,220,https://chaldal.com/cleaning-accessories
RFL Elegant Floor Mop,each,290,https://chaldal.com/cleaning-accessories
RFL Long Handle Floor Brush,each,230,https://chaldal.com/cleaning-accessories
RFL Super Premium Floor Mop,each,315,https://chaldal.com/cleaning-accessories
RFL Toilet Brush Economy 51 cm,each,65,https://chaldal.com/cleaning-accessories
RFL Glass Cleaner Wiper,each,65,https://chaldal.com/cleaning-accessories
Scotch-Brite Floor Cotton Mop,each,990,https://chaldal.com/cleaning-accessories
Planet Large Sweeping Broom,each,75,https://chaldal.com/cleaning-accessories
Npoly Dust Pan (Red) 8 x 6 inch,each,60,https://chaldal.com/cleaning-accessories
Plastic Dust Pan,each,106,https://chaldal.com/cleaning-accessories
Magic Fiber Twist Floor Steel Mop (China),each,399,https://chaldal.com/cleaning-accessories
SS Long Handle Cotton Mop China,each,540,https://chaldal.com/cleaning-accessories
Cloth Pin 4 Color,16 pcs,119,https://chaldal.com/cleaning-accessories
Sponge Mop Pva Refill 11 inch (Yellow),each,235,https://chaldal.com/cleaning-accessories
Lacy's Chefwrap 45 cm X 300 mtr,each,1159,https://chaldal.com/cleaning-accessories
"Plastic Red Broom (62"") Handle Jhul Jharu (China)",each,249,https://chaldal.com/cleaning-accessories
"Floor Hand Brush 6"" Local",each,200,https://chaldal.com/cleaning-accessories
"Comod Pump Local 17"" (Red)",each,145,https://chaldal.com/cleaning-accessories
"Comode Handle Box Brush 23""",each,244,https://chaldal.com/cleaning-accessories
"Big Broom 31"" (Shola)",each,145,https://chaldal.com/cleaning-accessories
Basin Curve Clean Brush,each,119,https://chaldal.com/cleaning-accessories
"Trash Bag White - 20"" x 30""",10 pcs,230,https://chaldal.com/cleaning-accessories
Disposable Vinyl Gloves Pack (L),each,770,https://chaldal.com/cleaning-accessories
"Plastic Floor Trapper Mat Red 23""x15"" (China)",each,249,https://chaldal.com/cleaning-accessories
Award Shoe & Boot Polish (Brown),40 gm,90,https://chaldal.com/shoe-care
Award Shoe & Boot Polish (Black),40 gm,90,https://chaldal.com/shoe-care
RFL Shoe Rack 4 Step (Red),each,550,https://chaldal.com/shoe-care
Disposable Shoe Cover 25 pairs,,609,https://chaldal.com/shoe-care
Kiwi Liquid Shoe Polish Brown,75 ml,130,https://chaldal.com/shoe-care
Tiger Shoe Brush,each,110,https://chaldal.com/shoe-care
Kangaroo Liquid Shoe Shiner (Brown),75 ml,209,https://chaldal.com/shoe-care
Smart Diamond Liquid Shoe Polish (Brown),75 ml,185,https://chaldal.com/shoe-care
RFL Dust Keeper Paper Basket (Red),each,100,https://chaldal.com/trash-bin-basket
RFL Sunflower Paper Basket (Blue),each,130,https://chaldal.com/trash-bin-basket
RFL Wave Paper Basket (Pink),each,115,https://chaldal.com/trash-bin-basket
RFL Wave Paper Basket (Blue),each,115,https://chaldal.com/trash-bin-basket
RFL Modern Paper Basket (Pink),each,85,https://chaldal.com/trash-bin-basket
RFL Modern Paper Basket (Blue),each,115,https://chaldal.com/trash-bin-basket
RFL Clean Paper Basket (Pink),each,110,https://chaldal.com/trash-bin-basket
RFL Clean Paper Basket (Blue),each,115,https://chaldal.com/trash-bin-basket
RFL Dust Keeper Paper Basket (Blue),each,100,https://chaldal.com/trash-bin-basket
RFL Flip And Clean Dust Bin 4 ltr,each,200,https://chaldal.com/trash-bin-basket
Fresh Hand Towel (250X1 Ply),each,100,https://chaldal.com/kitchen-accessories
Bashundhara Kitchen Towel Rolls,2 pcs,160,https://chaldal.com/kitchen-accessories
"Fresh Paper Napkins 13"" Perfumed (100X1 Ply)",each,75,https://chaldal.com/kitchen-accessories
Bashundhara Kitchen Towel Rolls,each,85,https://chaldal.com/kitchen-accessories
Fresh kitchen Towel Roll,each,85,https://chaldal.com/kitchen-accessories
RFL Stainless Steel Net Spoon 33 cm,each,105,https://chaldal.com/kitchen-accessories
RFL Vegetable Washing Net 37 cm (Red),each,115,https://chaldal.com/kitchen-accessories
Npoly Vegetable Washing Net (Red) 36 cm,each,70,https://chaldal.com/kitchen-accessories
RFL Plastic Dala Big (Red),each,240,https://chaldal.com/kitchen-accessories
"Bashundhara Paper Napkins 13"" Unscented",100 pcs,75,https://chaldal.com/kitchen-accessories
Rok Dishwashing Steel Scourer,each,35,https://chaldal.com/kitchen-accessories
Partex Cleen Kitchen Towel Roll,each,85,https://chaldal.com/kitchen-accessories
Match Box,12 pcs,35,https://chaldal.com/kitchen-accessories
Dishwashing Stainless Steel Scrubber,4 pcs,150,https://chaldal.com/kitchen-accessories
Partex Cleen Kitchen Towel Roll,2 pcs,160,https://chaldal.com/kitchen-accessories
Dish Washing Scrubbing Pad,each,30,https://chaldal.com/kitchen-accessories
Diamond Plastic Stretch Wrap 200 sq ft,each,289,https://chaldal.com/kitchen-accessories
BBQ Portable machine 17 inch,each,1489,https://chaldal.com/kitchen-accessories
BBQ Grill Tin Maker With 5 Stick Silver,each,599,https://chaldal.com/kitchen-accessories
BBQ Net Holder Clip Silver,each,929,https://chaldal.com/kitchen-accessories
Blossoms Quality Wax Paper (10 m X 30 cm),each,429,https://chaldal.com/kitchen-accessories
Spoon Stand Round,each,269,https://chaldal.com/kitchen-accessories
Stainless Steel Roncfa Knife,each,215,https://chaldal.com/kitchen-accessories
Stainless Steel Vegetable Peeler,each,269,https://chaldal.com/kitchen-accessories
BBQ Brush (Red),each,119,https://chaldal.com/kitchen-accessories
RFL Super Hero Tiffin Box,each,100,https://chaldal.com/kitchen-accessories
RFL Winner Tiffin Box Rectangular,each,150,https://chaldal.com/kitchen-accessories
RFL Modern Pen Holder Light Blue,each,65,https://chaldal.com/kitchen-accessories
RFL Two Color Magic Stool Medium Exclusive,each,375,https://chaldal.com/kitchen-accessories
RFL Two Color Magic Stool High Exclusive,each,475,https://chaldal.com/kitchen-accessories
RFL Dispo knife Trans Set,50 pcs,160,https://chaldal.com/kitchen-accessories
RFL English Dish Rack Red,each,670,https://chaldal.com/kitchen-accessories
RFL Deluxe Bowl Red 8 ltr,each,140,https://chaldal.com/kitchen-accessories
RFL Smart Kitchen Rack Mini Two Color,each,480,https://chaldal.com/kitchen-accessories
RFL Deluxe Bowl Red 3 ltr,each,80,https://chaldal.com/kitchen-accessories
RFL Caino Stool Medium Eagle Brown,each,300,https://chaldal.com/kitchen-accessories
RFL Chef Chopping Board,each,350,https://chaldal.com/kitchen-accessories
RFL Hefty Chopping Board (Lime Green),each,125,https://chaldal.com/kitchen-accessories
RFL Salad Cutting Board (Orange),each,275,https://chaldal.com/kitchen-accessories
RFL Oval Washing Net Sm Blue 32 cm,each,75,https://chaldal.com/kitchen-accessories
RFL Flower Cloth Clip Set,12 pcs,150,https://chaldal.com/kitchen-accessories
RFL Rice Washing Net Cyan Blue 40 cm,each,160,https://chaldal.com/kitchen-accessories
RFL Rice Washing Net Red 40 cm,each,160,https://chaldal.com/kitchen-accessories
RFL Apple Jug Trans 2.5 ltr,each,200,https://chaldal.com/kitchen-accessories
RFL Roman Wall Rack (Light Blue),each,330,https://chaldal.com/kitchen-accessories
RFL Rtg Spice Tray (Red),each,150,https://chaldal.com/kitchen-accessories
RFL Cherry Container Trans Set,3 pcs,310,https://chaldal.com/kitchen-accessories
RFL Family Basket,each,520,https://chaldal.com/kitchen-accessories
RFL Glass Stand Red,each,130,https://chaldal.com/kitchen-accessories
RFL Popular Chopping Board White 34 cm,each,260,https://chaldal.com/kitchen-accessories
Philips Deco LED Candle Bulb Yellow 0.5 Watt (Pin),each,85,https://chaldal.com/lights
Philips Ace Saver LED Bulb 2.7 Watt (Pin),each,175,https://chaldal.com/lights
Transtec Led Luster Blue Light (Screw),each,60,https://chaldal.com/lights
Transtec Backup CDL LED Bulb (Pin) 12 Watt,each,825,https://chaldal.com/lights
Transtec Bright CDL B22 LED Bulb (Pin) 18 Watt,each,355,https://chaldal.com/lights
Transtec Bright WW Led Bulb (Screw) 15 Watt,each,300,https://chaldal.com/lights
Transtec Bright CDL Led Bulb (Screw) 15 Watt,each,300,https://chaldal.com/lights
Transtec Green WW LED Bulb (Screw) 15 Watt,,400,https://chaldal.com/lights
Transtec Green CDL LED Bulb (Pin) 15 Watt,,400,https://chaldal.com/lights
Super Star LED Light White 18 W (Screw),each,525,https://chaldal.com/lights
Super Star LED Light White 15 W (Pin),each,440,https://chaldal.com/lights
Super Star LED Light White 18 W (Pin),each,525,https://chaldal.com/lights
Super Star LED Light White 15 W (Screw),each,440,https://chaldal.com/lights
RFL English Dish Rack Red,each,670,https://chaldal.com/rack-organizer
RFL Smart Kitchen Rack Mini Two Color,each,480,https://chaldal.com/rack-organizer
RFL Flower Cloth Clip Set,12 pcs,150,https://chaldal.com/rack-organizer
RFL Heavy Rehal Red,each,200,https://chaldal.com/rack-organizer
RFL Roman Wall Rack (Light Blue),each,330,https://chaldal.com/rack-organizer
RFL Wall Hanger 10 Hooks (SM Blue),each,120,https://chaldal.com/rack-organizer
RFL Standard Mini Rack (Red & White),each,220,https://chaldal.com/rack-organizer
RFL Mini Rack (SM Blue),each,260,https://chaldal.com/rack-organizer
RFL Shoe Rack 4 Step (Red),each,550,https://chaldal.com/rack-organizer
Npoly Round Cloth Hanger (Red),each,200,https://chaldal.com/rack-organizer
"Steel Wire (22""x6"") Wall 6 Hook Hanger (China)",each,299,https://chaldal.com/rack-organizer
RFL Smart Dish Rack With Tray (Red),each,190,https://chaldal.com/rack-organizer
Kinder Comfy Fit Pants Diaper L (8-15 kg),5 pcs,129,https://chaldal.com/medium-2
Kinder Comfy Fit Pants Diaper M (6-12 kg),5 pcs,129,https://chaldal.com/medium-2
Savlon Twinkle Baby Pant Diaper L 8-15 kg,34 pcs,819,https://chaldal.com/medium-2
Good Care Baby Diaper 3 M Midi (4-9 kg),40 pcs,1170,https://chaldal.com/medium-2
Avonee Baby Diaper Pants S (4-8 kg),5 pcs,119,https://chaldal.com/medium-2
Comfort Baby Diaper Pant L (9-14 kg),5 pcs,119,https://chaldal.com/medium-2
Comfort Baby Diaper Pant XL (12-17 kg),32 pcs,649,https://chaldal.com/medium-2
Comfort Baby Diaper Pant L (9-14 kg),36 pcs,759,https://chaldal.com/medium-2
Comfort Baby Diaper Pant M (7-12 kg),40 pcs,639,https://chaldal.com/medium-2
Comfort Baby Diaper Pant S (3-8 kg),42 pcs,699,https://chaldal.com/medium-2
NeoCare Premium Baby Diaper Belt L (7-18 kg),50 pcs,1339,https://chaldal.com/medium-2
Fresh Happy Nappy Pant Diaper M (7- 12 kg),40 pcs,839,https://chaldal.com/medium-2
Fresh Happy Nappy Pant Diaper M (7-12 kg),5 pcs,119,https://chaldal.com/medium-2
Savlon Twinkle Baby Pant Diaper XL 12-20 kg,32 pcs,789,https://chaldal.com/medium-2
Savlon Twinkle Baby Pant Diaper L 8-15 kg,48 pcs,1029,https://chaldal.com/medium-2
Savlon Twinkle Baby Pant Diaper M 6-12 kg,40 pcs,869,https://chaldal.com/medium-2
Savlon Twinkle Baby Pant Diaper S 8 kg,42 pcs,829,https://chaldal.com/medium-2
Avonee Maxi 4 Baby Diaper Pants L 9-14 kg,34 pcs,749,https://chaldal.com/medium-2
Molfix Baby Diaper Pants Super Pack Juni 12-17 kg,68 pcs,3340,https://chaldal.com/medium-2
Kidstar Baby Diaper Belt L (9-18 kg),56 pcs,929,https://chaldal.com/medium-2
Kidstar Baby Diaper Belt XL (12-25 kg),50 pcs,979,https://chaldal.com/medium-2
Bashundhara Diapant Baby Diaper L 9-14 kg,34 pcs,699,https://chaldal.com/medium-2
Savlon Twinkle Baby Belt Diaper XL 11-25 Kg,32 pcs,929,https://chaldal.com/medium-2
Savlon Twinkle Baby Belt Diaper M 6-11 kg,40 pcs,959,https://chaldal.com/medium-2
Supermom Baby Diaper Belt S (3- 8 kg),5 pcs,139,https://chaldal.com/medium-2
Nannys Baby Love Diaper Belt 3 Midi 4-9 kg  (Free Wipes 72 pcs),25 pcs,749,https://chaldal.com/medium-2
Kinder Comfy Fit Pants Diaper XL (12-20 kg),4 pcs,129,https://chaldal.com/medium-2
Supermom Baby Diaper Belt L (9-14 kg),40 pcs,1179,https://chaldal.com/medium-2
Savlon Twinkle Baby Pant Diaper S 8 kg,60 pcs,1089,https://chaldal.com/medium-2
Savlon Twinkle Baby Belt Diaper (L 7-18 kg),36 pcs,919,https://chaldal.com/medium-2
Smart Care Ultra Thin Baby Pant Diaper XL (12-17 kg),46 pcs,1629,https://chaldal.com/extra-large-15-kg-diapers
Fresh Happy Nappy Pant Diaper XL (12 -17 kg),32 pcs,699,https://chaldal.com/extra-large-15-kg-diapers
Fresh Happy Nappy Pant Diaper XXL (12-25 kg),24 pcs,719,https://chaldal.com/extra-large-15-kg-diapers
Comfort Baby Diaper Pant XXXL (20-30 kg),24 pcs,829,https://chaldal.com/extra-large-15-kg-diapers
Savlon Twinkle Baby Pant Diaper XXL 14-25 kg,24 pcs,749,https://chaldal.com/extra-large-15-kg-diapers
Fresh Happy Nappy Pant Diaper XXL (12-25 kg),4 pcs,119,https://chaldal.com/extra-large-15-kg-diapers
Nannys Baby Love Diaper Belt 4 Maxi 8-18 kg (Free Wipes 72 pcs),25 pcs,925,https://chaldal.com/extra-large-15-kg-diapers
Comfort Baby Diaper Pant XXL (16-25 kg),26 pcs,829,https://chaldal.com/extra-large-15-kg-diapers
Comfort Baby Diaper Pant XL (12-17 kg),32 pcs,649,https://chaldal.com/extra-large-15-kg-diapers
Fresh Happy Nappy Pant Diaper XL (12 -17 kg),4 pcs,119,https://chaldal.com/extra-large-15-kg-diapers
Savlon Twinkle Baby Pant Diaper XL 12-20 kg,32 pcs,789,https://chaldal.com/extra-large-15-kg-diapers
Molfix Baby Diaper Pants Super Pack Extra Large 15+ kg,58 pcs,3480,https://chaldal.com/extra-large-15-kg-diapers
Molfix Baby Diaper Pants Super Pack Juni 12-17 kg,68 pcs,3340,https://chaldal.com/extra-large-15-kg-diapers
Pampers Baby Dry 8 Jumbo Plus Belt 17+ kg,52 pcs,4499,https://chaldal.com/extra-large-15-kg-diapers
Kidstar Baby Diaper Belt L (9-18 kg),56 pcs,929,https://chaldal.com/extra-large-15-kg-diapers
Kidstar Baby Diaper Belt XL (12-25 kg),50 pcs,979,https://chaldal.com/extra-large-15-kg-diapers
Savlon Twinkle Baby Belt Diaper XL 11-25 Kg,32 pcs,929,https://chaldal.com/extra-large-15-kg-diapers
Smart Care Ultra Thin Baby Pant Diaper XXL (15-25 kg),42 pcs,1629,https://chaldal.com/extra-large-15-kg-diapers
Kinder Comfy Fit Pants Diaper XL (12-20 kg),4 pcs,129,https://chaldal.com/extra-large-15-kg-diapers
Huggies Dry Pants Baby Diaper Pant XL (12-17 kg),40 pcs,2019,https://chaldal.com/extra-large-15-kg-diapers
Standard Horlicks Health And Nutrition Drink Jar,250 gm,280,https://chaldal.com/milk-juice-drinks
Pran Mango Flavored Milk (Pouch),150 ml,25,https://chaldal.com/milk-juice-drinks
Pran Chocolate Flavored Milk (Pouch),150 ml,25,https://chaldal.com/milk-juice-drinks
Complan Chocolate Pack,350 gm,405,https://chaldal.com/milk-juice-drinks
Horlicks Chocolate Flavour Jar,500 gm,550,https://chaldal.com/milk-juice-drinks
Junior Horlicks Health And Nutrition Drink Container Stage-2,500 gm,550,https://chaldal.com/milk-juice-drinks
Standard Horlicks Health And Nutrition Drink Jar,500 gm,500,https://chaldal.com/milk-juice-drinks
Ovaltine Power 10 Chocolate Drink Jar,400 gm,1000,https://chaldal.com/milk-juice-drinks
Eldomilk 2+ Growing Up Milk Powder (2-3 Years),350 gm,495,https://chaldal.com/milk-juice-drinks
PediaSure Vanilla Delight,1 kg,3385,https://chaldal.com/milk-juice-drinks
Biomil 3 Follow Up Formula Milk Powder (1-2 Y),350 gm,645,https://chaldal.com/milk-juice-drinks
Biomil 2 Milk Powder (6-12 months),350 gm,645,https://chaldal.com/milk-juice-drinks
Biomil 1 Milk Powder (0-6 months),350 gm,625,https://chaldal.com/milk-juice-drinks
Parachute Just for Baby - Baby Shampoo,100 ml,199,https://chaldal.com/bath-skincare
Parachute Just For Baby - Baby Face Cream,100 gm,239,https://chaldal.com/bath-skincare
Kodomo Baby Lotion,180 ml,680,https://chaldal.com/bath-skincare
Baby Soft Baby Face Cream,50 ml,140,https://chaldal.com/bath-skincare
Baby Soft Baby Lotion,100 ml,190,https://chaldal.com/bath-skincare
Baby Soft Baby Wash,100 ml,190,https://chaldal.com/bath-skincare
Himalaya Baby Lotion,200 ml,300,https://chaldal.com/bath-skincare
Johnson's Baby Soap 50 gm (Buy 3 Get 1 Free),4 pcs,300,https://chaldal.com/bath-skincare
Johnson's Milk + Rice Baby Bath,500 ml,723,https://chaldal.com/bath-skincare
Parachute Just For Baby - Milky Glow Baby Face Cream,100 ml,285,https://chaldal.com/bath-skincare
Parachute Just For Baby - Milky Glow Baby Lotion,200 ml,415,https://chaldal.com/bath-skincare
Meril Baby Shampoo,200 ml,290,https://chaldal.com/bath-skincare
Parachute Just for Baby - Baby Shampoo,200 ml,325,https://chaldal.com/bath-skincare
Johnson's Baby Bath Milk + Rice,100 ml,175,https://chaldal.com/bath-skincare
Johnson's Baby Lotion Milk + Rice,50 gm,145,https://chaldal.com/bath-skincare
Johnson's Baby Powder Blossoms,200 gm,490,https://chaldal.com/bath-skincare
Johnson's Baby Lotion Milk + Rice,100 ml,286,https://chaldal.com/bath-skincare
Johnson's Baby Cream,50 gm,177,https://chaldal.com/bath-skincare
Johnson's Baby Soap,50 gm,114,https://chaldal.com/bath-skincare
Johnson's Baby Oil With Vitamin E,100 ml,357,https://chaldal.com/bath-skincare
Johnson's Baby Lotion With Coconut Oil,100 ml,276,https://chaldal.com/bath-skincare
Johnson's Baby Milk Soap,75 gm,140,https://chaldal.com/bath-skincare
Johnson's Baby Powder Blossoms,100 gm,260,https://chaldal.com/bath-skincare
Johnson's Baby Powder,200 gm,480,https://chaldal.com/bath-skincare
Johnson's Baby Powder,100 gm,240,https://chaldal.com/bath-skincare
Himalaya Baby Lotion,100 ml,220,https://chaldal.com/bath-skincare
Himalaya Gentle Baby Soap,75 gm,85,https://chaldal.com/bath-skincare
Himalaya Gentle Baby Shampoo,200 ml,320,https://chaldal.com/bath-skincare
Parachute Just For Baby - Baby Face Cream,50 gm,150,https://chaldal.com/bath-skincare
Parachute Just For Baby - Baby Oil,100 ml,210,https://chaldal.com/bath-skincare
Parachute Just For Baby - Baby Wash,100 ml,225,https://chaldal.com/bath-skincare
Parachute Just For Baby - Baby Soap,75 gm,95,https://chaldal.com/bath-skincare
Twinkle Baby Soap,75 gm,95,https://chaldal.com/bath-skincare
Johnson's Baby Powder,380 gm,790,https://chaldal.com/bath-skincare
Parachute Just For Baby - Baby Powder,200 gm,265,https://chaldal.com/bath-skincare
Johnson's Face Care For Normal Skin,150 ml,720,https://chaldal.com/bath-skincare
Parachute Just For Baby - Baby Lotion,200 ml,365,https://chaldal.com/bath-skincare
Parachute Just For Baby - Baby Wash,200 ml,325,https://chaldal.com/bath-skincare
Parachute Just For Baby - Baby Oil,200 ml,425,https://chaldal.com/bath-skincare
Dove Baby Sensitive Moisture Lotion,200 ml,550,https://chaldal.com/bath-skincare
Johnson's Baby Jelly Lightly Fragranced,100 ml,419,https://chaldal.com/bath-skincare
Johnson's Baby Jelly Lightly Fragranced,250 ml,900,https://chaldal.com/bath-skincare
Meril Baby Powder,100 gm,130,https://chaldal.com/bath-skincare
Johnson's Baby Oil,300 ml,850,https://chaldal.com/bath-skincare
Kodomo Baby Soap Moisturizer,75 gm,187,https://chaldal.com/bath-skincare
Kodomo Rice Milk Bath (Family),750 ml,1533,https://chaldal.com/bath-skincare
Johnson's Baby Soap,150 gm,380,https://chaldal.com/bath-skincare
Johnson's Baby Lotion Milk + Rice,200 ml,588,https://chaldal.com/bath-skincare
Kodomo Baby Powder (3+) Natural Soft Protection,180 gm,432,https://chaldal.com/bath-skincare
Kodomo Baby Bath Rice Milk Refill,650 ml,1000,https://chaldal.com/bath-skincare
Pepsodent Toothpaste Kids Strawbery,45 gm,90,https://chaldal.com/baby-oral-care
Pepsodent Awesome Orange Toothpaste,45 gm,85,https://chaldal.com/baby-oral-care
Aquafresh Baby Paste (6-8 years),50 ml,325,https://chaldal.com/baby-oral-care
Parachute Just For Baby Toothpaste (Mix Fruit),45 gm,100,https://chaldal.com/baby-oral-care
Farlin Baby Floss Toothpick,50 pcs,229,https://chaldal.com/baby-oral-care
Colgate Baby Strawberry Toothpaste (0-2 years),50 ml,368,https://chaldal.com/baby-oral-care
Meril Baby Toothbrush,each,70,https://chaldal.com/baby-oral-care
Meril Baby Gel Strawberry Toothpaste,45 gm,100,https://chaldal.com/baby-oral-care
Meril Baby Gel Orange Toothpaste,45 gm,100,https://chaldal.com/baby-oral-care
Aquafresh Little Teeth Toothpaste (3-5 Years),50 ml,440,https://chaldal.com/baby-oral-care
Kodomo Baby Toothpaste Strawberry Flavor,40 gm,133,https://chaldal.com/baby-oral-care
Aquafresh Milk Teeth Toothpaste (0-2 Years),50 ml,459,https://chaldal.com/baby-oral-care
Farlin Baby Cotton Buds,200 pcs,400,https://chaldal.com/baby-accessories
SmartCare Baby Bottle and Accessories Liquid Wash,500 ml,550,https://chaldal.com/baby-accessories
Pur Going Out Cup (Green) 250 ml,each,529,https://chaldal.com/baby-accessories
Lion Bottle & Nipple Brush (Blue),each,170,https://chaldal.com/baby-accessories
All-Max Maximum Protection 3 layer Medical Mask,50 pcs,400,https://chaldal.com/baby-accessories
Birthday Celebration Balloon,20 pcs,150,https://chaldal.com/baby-accessories
Smartcare Silicon Baby Teether (6+ months),each,175,https://chaldal.com/baby-accessories
Smartcare Silicon Nipple (3+ Months ) M,each,50,https://chaldal.com/baby-accessories
Smartcare Silicon Nipple (6+ months) L,each,50,https://chaldal.com/baby-accessories
Smartcare Baby pacifier Medicine Feeder,10 ml,215,https://chaldal.com/baby-accessories
Smartcare Bottle & Nipple Brush Set,each,265,https://chaldal.com/baby-accessories
Kodomo Baby Bottle Cleanser Refill,700 ml,600,https://chaldal.com/baby-accessories
Farlin Baby Floss Toothpick,50 pcs,229,https://chaldal.com/baby-accessories
Farlin Milk Powder Container Mixed Color 4 layer,,345,https://chaldal.com/baby-accessories
Farlin Baby Hair Comb & Brush Set,each,580,https://chaldal.com/baby-accessories
Farlin Breast Pump Manual,each,472,https://chaldal.com/baby-accessories
"Farlin Baby Comfortable Cot Sheet (24""X36"")",each,558,https://chaldal.com/baby-accessories
Farlin Baby Feeding Bottle & Nipple Cleanser Refill,700 ml,708,https://chaldal.com/baby-accessories
Farlin Baby Clothing Detergent,500 ml,629,https://chaldal.com/baby-accessories
Angel Baby Feeding Bottle & Nipple Cleanser,500 ml,501,https://chaldal.com/baby-accessories
Farlin Baby Feeding Bottle & Nipple Cleanser,700 ml,892,https://chaldal.com/baby-accessories
"Farlin Air-Filled Rubber Cot Sheet (24""X36"")",each,1643,https://chaldal.com/baby-accessories
Angel Breast Pump Normal (BAA-22),each,386,https://chaldal.com/baby-accessories
Angel Feeding Bottle Brush (BR-1F3),each,279,https://chaldal.com/baby-accessories
Pur Baby Feeder & Nipple Brush (R.6104) 1 set,,480,https://chaldal.com/baby-accessories
Pur Baby Brush & Comb (Pink) 1 set,,479,https://chaldal.com/baby-accessories
Pur Baby Manicure Set (Paste),each,362,https://chaldal.com/baby-accessories
Pur Going Out Cup (Pink) 250 ml,each,554,https://chaldal.com/baby-accessories
Pur Baby Plastic Bib (Pink),each,300,https://chaldal.com/baby-accessories
Farlin Glass Feeding Bottle S 120 cc,each,772,https://chaldal.com/feeders
Twinkle PP Baby Feeder,120 ml,150,https://chaldal.com/feeders
Smartcare Spoon Food Feeder,180 ml,530,https://chaldal.com/feeders
SmartCare PP Bottle Feeder L (6+ Months),240 ml,290,https://chaldal.com/feeders
Lion Nipple (S),each,40,https://chaldal.com/feeders
Smartcare Borosilicate Blue Glass Bottle M (3+ Month),120 ml,500,https://chaldal.com/feeders
Smartcare Borosilicate Pink Glass Bottle S (0+ Months),60 ml,460,https://chaldal.com/feeders
Smartcare Spoon Food Feeder,120 ml,430,https://chaldal.com/feeders
Angel Orthodontic Silicone Pacifier (P2A-S) 6M+,each,257,https://chaldal.com/feeders
Farlin Glass Feeding Bottle S 60 cc,each,772,https://chaldal.com/feeders
Angel Silicon Nipple (3-6 Months) M,each,55,https://chaldal.com/feeders
Angel Silicon Nipple (0-3 Months),each,55,https://chaldal.com/feeders
Farlin Milk Powder Container Mixed Color 4 layer,,345,https://chaldal.com/feeders
Farlin Standard Neck Feeding Bottle M 200 cc,each,659,https://chaldal.com/feeders
Angel Baby Feeding Bottle & Nipple Cleanser,300 ml,365,https://chaldal.com/feeders
Angel Drinking Cup (6M+) (DCA-06),200 ml,329,https://chaldal.com/feeders
Pur Baby New Born Feeder S,70 ml,350,https://chaldal.com/feeders
Meril Milk & Beli Soap Bar,100 gm,60,https://chaldal.com/womens-soaps
Radiant Raxoll Antibacterial Soap (Moisture),100 gm,75,https://chaldal.com/womens-soaps
Radiant Raxoll Antibacterial Soap (Moisture),75 gm,60,https://chaldal.com/womens-soaps
Radiant Raxoll Antibacterial Soap (Sport),100 gm,75,https://chaldal.com/womens-soaps
Dettol Soap Neem with Pure Neem Oil Shower Bar,125 gm,89,https://chaldal.com/womens-soaps
Dettol Soap Neem with Pure Neem Oil Shower Bar,75 gm,65,https://chaldal.com/womens-soaps
Dettol Original Germ Defence Soap,100 gm,80,https://chaldal.com/womens-soaps
ACI Savlon Soap Fresh 125 gm,3 pcs,225,https://chaldal.com/womens-soaps
"Dettol Soap Summer Pack (Cool, Fresh & Original) 75 gm",3 pcs,195,https://chaldal.com/womens-soaps
Dettol Soap Fresh Bathing Bar Soap With Odour Protection,125 gm,95,https://chaldal.com/womens-soaps
Dettol Soap Fresh Bathing Bar Soap With Odour Protection,75 gm,65,https://chaldal.com/womens-soaps
Pears Transparent Soap With Lemon Flower Extracts,125 gm,345,https://chaldal.com/womens-soaps
Dettol Soap Bathing Bar Original Germ Defence 125 gm (Combo Pack),2 pcs,190,https://chaldal.com/womens-soaps
ACI Neem Original (Olive & Aloe Vera) Soap,75 gm,45,https://chaldal.com/womens-soaps
ACI Savlon Mild Antiseptic Soap,125 gm,80,https://chaldal.com/womens-soaps
ACI Savlon Mild Antiseptic Soap,100 gm,70,https://chaldal.com/womens-soaps
Lifebuoy Soap Bar Care,150 gm,80,https://chaldal.com/womens-soaps
Lux Soap Bar Flawless Glow,150 gm,90,https://chaldal.com/womens-soaps
Lux Soap Bar Bright Glow,150 gm,90,https://chaldal.com/womens-soaps
Lux Soap Bar Flawless Glow,90 gm,60,https://chaldal.com/womens-soaps
Sandalina Sandal & Moisturiser Soap,100 gm,60,https://chaldal.com/womens-soaps
Lux Soap Bar Flawless Glow,25 gm,15,https://chaldal.com/womens-soaps
Sandalina Sandal & Rose Soap,150 gm,90,https://chaldal.com/womens-soaps
Meril Milk & Beli Soap Bar,150 gm,90,https://chaldal.com/womens-soaps
Dettol Bathing Soap Bar Skincare,27 gm,15,https://chaldal.com/womens-soaps
Lifebuoy Soap Bar Mild Care 100 gm,2 pcs,94,https://chaldal.com/womens-soaps
Meril Milk & Kiwi Soap Bar,150 gm,80,https://chaldal.com/womens-soaps
Lux Soap Bar Bright Glow,90 gm,60,https://chaldal.com/womens-soaps
Lux Soap Bar Flawless Glow 90 gm,2 pcs,110,https://chaldal.com/womens-soaps
Akij Health + Original Soap,100 gm,60,https://chaldal.com/womens-soaps
Lux Jasmine Soap Bar Bright Glow,75 gm,50,https://chaldal.com/womens-soaps
Dettol Soap Original Germ Defence Bathing Bar,50 gm,40,https://chaldal.com/womens-soaps
Dettol Fresh Soap 125 gm (25 gm Extra),150 gm,90,https://chaldal.com/womens-soaps
Dettol Cool Soap 125 gm (25 gm Extra),150 gm,90,https://chaldal.com/womens-soaps
Dettol Skincare With Moisturizers Soap,100 gm,75,https://chaldal.com/womens-soaps
Dettol Aloe Vera Shower Bar,100 gm,80,https://chaldal.com/womens-soaps
ACI Savlon Soap Fresh 100 gm,3 pcs,210,https://chaldal.com/womens-soaps
ACI Savlon Soap Mild 100 gm,3 pcs,210,https://chaldal.com/womens-soaps
ACI Savlon Soap Mild 125 gm,3 pcs,225,https://chaldal.com/womens-soaps
Boroplus Neem Antibacterial Moisturising Soap 100 gm,3 pcs,210,https://chaldal.com/womens-soaps
Himalaya Neem & Turmeric Soap,75 gm,50,https://chaldal.com/womens-soaps
Godrej No.1 Jasmine Soap,75 gm,40,https://chaldal.com/womens-soaps
Godrej No.1 Lime Soap,75 gm,40,https://chaldal.com/womens-soaps
Ribana Saffron Goat's Milk Soap,110 gm,950,https://chaldal.com/womens-soaps
Dr Davey Black Soap,100 gm,189,https://chaldal.com/womens-soaps
Godrej No.1 Sandal Soap,100 gm,55,https://chaldal.com/womens-soaps
Himalaya Neem & Turmeric Soap 125 gm (Buy 3 Get 1 Free),4 pcs,240,https://chaldal.com/womens-soaps
Lux Soap Bar Velvet Glow,75 gm,50,https://chaldal.com/womens-soaps
Lux Soap Bar Soft Glow,150 gm,90,https://chaldal.com/womens-soaps
Dettol Bathing Soap Bar Skincare 125 gm (Combo Pack),4 pcs,380,https://chaldal.com/womens-soaps
Nihar Naturals Shanti Badam Amla Hair Oil,175 ml,175,https://chaldal.com/hair-care
Gondhraj Perfume Hair Oil,350 ml,320,https://chaldal.com/hair-care
Well's Almond Oil,70 ml,299,https://chaldal.com/hair-care
Parachute Advansed Beliphool Coconut Hair Oil,300 ml,310,https://chaldal.com/hair-care
Well's Castor Oil,70 ml,500,https://chaldal.com/hair-care
Parachute Coconut Oil (Extra 15 ml),175 ml,200,https://chaldal.com/hair-care
Parachute Coconut Oil,500 ml,450,https://chaldal.com/hair-care
Parachute Coconut Oil,95 ml,110,https://chaldal.com/hair-care
Jui Coconut Oil,200 ml,200,https://chaldal.com/hair-care
Ujjwala Care Anti Hairfall Herbal Shampoo,200 ml,320,https://chaldal.com/hair-care
Ujjwala Care Anti Hairfall Herbal Hair Oil,100 ml,200,https://chaldal.com/hair-care
Ujjwala Care Anti Hairfall Herbal Shampoo,350 ml,480,https://chaldal.com/hair-care
Natura Grow Hair Oil,200 ml,230,https://chaldal.com/hair-care
Dove Shampoo Intense Repair,450 ml,580,https://chaldal.com/hair-care
Parachute Naturale Shampoo Advanced Hair Fall Control,320 ml,265,https://chaldal.com/hair-care
Farmer's Gold Sweet Pumpkin Seed Oil,30 ml,450,https://chaldal.com/hair-care
Parachute Advansed Onion Enriched Coconut Hair Growth Oil,200 ml,215,https://chaldal.com/hair-care
B. Tech Expert Pure Herbal Hair Care Oil (Gold),200 ml,210,https://chaldal.com/hair-care
Farmer's Gold Onion Oil,30 ml,250,https://chaldal.com/hair-care
Farmer's Gold Neem Oil,100 ml,255,https://chaldal.com/hair-care
Dabur Amla Hair Oil (Extra 50 ml ),400 ml,440,https://chaldal.com/hair-care
Himalaya Anti Hair Fall Shampoo,180 ml,270,https://chaldal.com/hair-care
Sesa Herbal Hair Oil,100 ml,250,https://chaldal.com/hair-care
Ceylon Organic Extra Virgin Coconut Oil,200 ml,600,https://chaldal.com/hair-care
Agrilife Extra Virgin Coconut Oil,450 ml,1089,https://chaldal.com/hair-care
Dabur Amla Hair Oil,300 ml,290,https://chaldal.com/hair-care
Indulekha Bringha Ayurvedic Hair Oil,50 ml,549,https://chaldal.com/hair-care
My Organic BD Shikakai Powder,100 gm,85,https://chaldal.com/hair-care
Herbal Essences White Strawberry & Sweet Mint Shampoo,400 ml,1800,https://chaldal.com/hair-care
Dabur Amla Hair Oil,100 ml,110,https://chaldal.com/hair-care
Kumarika Spilt & Control Hair Oil,200 ml,200,https://chaldal.com/hair-care
Kumarika Anti Dandruff Control Hair Oil,200 ml,240,https://chaldal.com/hair-care
Parachute Advansed Coconut Hair Oil,275 ml,210,https://chaldal.com/hair-care
Emami 7 Oils In One Non Sticky Hair Oil,300 ml,380,https://chaldal.com/hair-care
Bigen Hair Color & Conditioner (Light Brown),80 gm,750,https://chaldal.com/hair-care
Bigen Hair Color & Conditioner (Natural Brown),80 gm,700,https://chaldal.com/hair-care
Bigen Hair Color & Conditioner (Dark Brown),80 gm,700,https://chaldal.com/hair-care
Bigen Hair Color & Conditioner (Natural Black),80 gm,700,https://chaldal.com/hair-care
Jui Coconut Oil Can,350 ml,340,https://chaldal.com/hair-care
Ceylon Organic Extra Virgin Coconut Oil,500 ml,1590,https://chaldal.com/hair-care
Naturel Organic Extra Virgin Coconut Oil,500 ml,1525,https://chaldal.com/hair-care
Disposable Head Cover,100 pcs,489,https://chaldal.com/hair-care
Dabur Vatika Enriched Coconut Hair Oil,150 ml,210,https://chaldal.com/hair-care
Dabur Methi Amla Hair Oil,200 ml,170,https://chaldal.com/hair-care
Parachute Advansed Beliphool Coconut Hair Oil,400 ml,410,https://chaldal.com/hair-care
Parachute Advansed Beliphool Coconut Hair Oil,200 ml,220,https://chaldal.com/hair-care
Bajaj Cool Almond Drops,95 ml,150,https://chaldal.com/hair-care
Sesa Herbal Hair Oil,200 ml,490,https://chaldal.com/hair-care
Emami 7 Oils In One Pumpkin Plus Hair Oil,200 ml,280,https://chaldal.com/hair-care
Clear Shampoo Anti Hairfall Anti Dandruff,330 ml,400,https://chaldal.com/hair-care
Head & Shoulders Smooth & Silky Anti Dandruff Shampoo,1 ltr,2799,https://chaldal.com/female-shampoo
Dove Shampoo Hair Fall Rescue,330 ml,440,https://chaldal.com/female-shampoo
Parachute Naturale Nourishing Care Shampoo (5.25 ml X 12 pcs),63 ml,24,https://chaldal.com/female-shampoo
Sunsilk Shampoo Stunning Black Shine,170 ml,180,https://chaldal.com/female-shampoo
Sunsilk Shampoo Stunning Black Shine,340 ml,350,https://chaldal.com/female-shampoo
Sunsilk Shampoo Hair Fall Solution,340 ml,350,https://chaldal.com/female-shampoo
Ujjwala Care Anti Hairfall Herbal Shampoo,200 ml,320,https://chaldal.com/female-shampoo
Ujjwala Care Anti Hairfall Herbal Shampoo,350 ml,480,https://chaldal.com/female-shampoo
Sunsilk Shampoo Stunning Black Shine,450 ml,550,https://chaldal.com/female-shampoo
Meril Tangerine Orange Shampoo,250 ml,300,https://chaldal.com/female-shampoo
Parachute Naturale Advanced Hair Fall Control Shampoo (Onion & Coconut Milk),175 ml,150,https://chaldal.com/female-shampoo
Sunsilk Lusciously Thick & Long Shampoo (Free Scalp Massager),650 ml,700,https://chaldal.com/female-shampoo
Herbal Essences White Strawberry & Sweet Mint Conditioner,400 ml,775,https://chaldal.com/female-shampoo
Herbal Essences Strength Whipped Cocoa Butter Conditioner,400 ml,775,https://chaldal.com/female-shampoo
Pantene Advanced Hair Fall Solution Anti-Dandruff Shampoo,180 ml,530,https://chaldal.com/female-shampoo
Head & Shoulders Cool Menthol Anti Dandruff Shampoo,1 ltr,1800,https://chaldal.com/female-shampoo
Pantene Hairfall Control Shampoo,340 ml,950,https://chaldal.com/female-shampoo
Head & Shoulders Smooth & Silky Anti Dandruff Shampoo,340 ml,990,https://chaldal.com/female-shampoo
Head & Shoulders 2 in 1 Cool Menthol Anti Dandruff Shampoo + Conditioner,340 ml,1200,https://chaldal.com/female-shampoo
Head & Shoulders 2 in 1 Smooth & Silky Shampoo + Conditioner,180 ml,650,https://chaldal.com/female-shampoo
Tresemmé Shampoo Color Revitalise,580 ml,850,https://chaldal.com/female-shampoo
Tresemmé Shampoo Keratin Smooth,340 ml,550,https://chaldal.com/female-shampoo
Herbal Essences White Strawberry & Sweet Mint Shampoo,400 ml,1800,https://chaldal.com/female-shampoo
Head & Shoulders Neem Anti Dandruff Shampoo,180 ml,650,https://chaldal.com/female-shampoo
Parachute Naturale Shampoo Hijab Fresh,340 ml,390,https://chaldal.com/female-shampoo
Sunsilk Shampoo Volume,375 ml,420,https://chaldal.com/female-shampoo
Parachute Naturale Anti Hair Fall Shampoo,160 ml,140,https://chaldal.com/female-shampoo
Parachute Naturale Damage Repair Shampoo,160 ml,140,https://chaldal.com/female-shampoo
Parachute Naturale Nourishing Care Shampoo,160 ml,140,https://chaldal.com/female-shampoo
Parachute Naturale Anti Hair Fall Shampoo,320 ml,265,https://chaldal.com/female-shampoo
Parachute Naturale Damage Repair Shampoo,320 ml,265,https://chaldal.com/female-shampoo
Parachute Naturale Nourishing Care Shampoo,320 ml,265,https://chaldal.com/female-shampoo
Head & Shoulders Cool Menthol Anti Dandruff Shampoo,340 ml,990,https://chaldal.com/female-shampoo
Head & Shoulders Anti Hairfall Anti Dandruff Shampoo,340 ml,990,https://chaldal.com/female-shampoo
Dove Shampoo Healthy Grow,330 ml,470,https://chaldal.com/female-shampoo
Dove Shampoo Healthy Grow,170 ml,200,https://chaldal.com/female-shampoo
Sunsilk Shampoo Lusciously Thick & Long,650 ml,700,https://chaldal.com/female-shampoo
Tresemmé Shampoo Hair Fall Defense,580 ml,850,https://chaldal.com/female-shampoo
Sunsilk Shampoo Hijab Recharge,330 ml,420,https://chaldal.com/female-shampoo
Biotique Natural Black & Shine Shampoo 12 pcs,3 ml,12,https://chaldal.com/female-shampoo
Sunsilk Shampoo Hair Fall Solution,170 ml,180,https://chaldal.com/female-shampoo
Tresemmé Shampoo Keratin Smooth,185 ml,350,https://chaldal.com/female-shampoo
Select Plus Ketoconazole Shampoo,75 ml,200,https://chaldal.com/female-shampoo
Tresemmé Shampoo Keratin Smooth,580 ml,850,https://chaldal.com/female-shampoo
Sunsilk Shampoo Lusciously Thick & Long,170 ml,180,https://chaldal.com/female-shampoo
Dove Shampoo Hairfall Rescue,650 ml,740,https://chaldal.com/female-shampoo
Tresemmé Shampoo Ultimate Repair,425 ml,1570,https://chaldal.com/female-shampoo
Nivea Express Hydration Body Lotion,380 ml,1250,https://chaldal.com/female-moisturizer
Nivea Soft Light Moisturiser Cream,50 ml,425,https://chaldal.com/female-moisturizer
Enchanteur Perfumed Body Lotion Charming Satin Smooth,500 ml,1700,https://chaldal.com/female-moisturizer
Dove Nourishing Radiance Body Care Lotion,250 ml,380,https://chaldal.com/female-moisturizer
Ponds Super Light Gel,49 gm,230,https://chaldal.com/female-moisturizer
Nature Republic Soothing & Moisture Aloe Vera Gel,300 ml,849,https://chaldal.com/female-moisturizer
Olay Moisturising Cream,50 gm,280,https://chaldal.com/female-moisturizer
Vaseline Intensive Care Cocoa Radiant Lotion,200 ml,425,https://chaldal.com/female-moisturizer
Vaseline Intensive Care Advance Strength Lotion,400 ml,825,https://chaldal.com/female-moisturizer
Nivea Soft Light Moisturiser Cream,200 ml,830,https://chaldal.com/female-moisturizer
Parachute SkinPure Skin Lotion Natural Moisture,200 ml,250,https://chaldal.com/female-moisturizer
Parachute SkinPure Skin Lotion Natural White,200 ml,260,https://chaldal.com/female-moisturizer
Parachute SkinPure Skin Lotion Natural Moisture,300 ml,340,https://chaldal.com/female-moisturizer
Parachute SkinPure Skin Lotion Natural White,100 ml,160,https://chaldal.com/female-moisturizer
Parachute SkinPure Skin Lotion Natural Moisture,100 ml,150,https://chaldal.com/female-moisturizer
Parachute SkinPure Aloe Vera Gel,100 ml,205,https://chaldal.com/female-moisturizer
Parachute SkinPure Aloe Vera Gel,50 ml,120,https://chaldal.com/female-moisturizer
Creme 21 Vitamin E Moisturizing Soft Cream,150 ml,605,https://chaldal.com/female-moisturizer
Boots Cocoa Butter Body Lotion,390 ml,1550,https://chaldal.com/female-moisturizer
Dove Nourishing Body Care Intensive Body Lotion,400 ml,715,https://chaldal.com/female-moisturizer
Koelcia Grape Soothing Gel,300 gm,1100,https://chaldal.com/female-moisturizer
Eunyul Tomato Soothing Gel,300 gm,1400,https://chaldal.com/female-moisturizer
Enchanteur Perfumed Body Lotion Gorgeous Satin Smooth,500 ml,1500,https://chaldal.com/female-moisturizer
Boroplus Moisturising Lotion Aloe Vera & Milk,300 ml,390,https://chaldal.com/female-moisturizer
O'uyuey Aloe Vera Soothing Moisturizing Gel,250 ml,440,https://chaldal.com/female-moisturizer
Enchanteur Perfumed Body Lotion Romantic Satin Smooth,500 ml,1150,https://chaldal.com/female-moisturizer
Revive Moisturizing Lotion,200 ml,260,https://chaldal.com/female-moisturizer
Vaseline Lotion Deep Restore,400 ml,850,https://chaldal.com/female-moisturizer
Vaseline Lotion Healthy Bright,100 ml,190,https://chaldal.com/female-moisturizer
Vaseline Lotion Healthy Bright,200 ml,300,https://chaldal.com/female-moisturizer
Vaseline Lotion Healthy Bright,300 ml,420,https://chaldal.com/female-moisturizer
Nivea Intensive Moisture Body Milk Lotion,250 ml,725,https://chaldal.com/female-moisturizer
Tibet Pomade,50 ml,70,https://chaldal.com/female-moisturizer
Johnson's 24 Hour Moisture Soft Cream,200 ml,849,https://chaldal.com/female-moisturizer
Care:Nel Anti-Melasma Cica Cream,40 ml,1373,https://chaldal.com/female-moisturizer
Simple Kind to Skin Hydrating Light Moisturiser,125 ml,887,https://chaldal.com/female-moisturizer
Enchanteur Perfumed Body Lotion Enticing Satin Smooth,250 ml,900,https://chaldal.com/female-moisturizer
Enchanteur Perfumed Body Lotion Charming Satin Smooth,250 ml,900,https://chaldal.com/female-moisturizer
Nivea Soft Light Moisturiser Cream,100 ml,800,https://chaldal.com/female-moisturizer
Dabur Gulabari Premium Rose Water,60 ml,45,https://chaldal.com/face-wash-scrub
Himalaya Natural Glow Saffron Face Wash,100 ml,225,https://chaldal.com/face-wash-scrub
Himalaya Pollution Detox Charcoal Face Wash,100 ml,225,https://chaldal.com/face-wash-scrub
Himalaya Purifying Neem Pack,50 ml,130,https://chaldal.com/face-wash-scrub
Earth Beauty & You Neem Face Wash,100 ml,180,https://chaldal.com/face-wash-scrub
Pond's Face Wash Bright Beauty,50 gm,120,https://chaldal.com/face-wash-scrub
Pierre Cardin Cleansing Gel,150 ml,1380,https://chaldal.com/face-wash-scrub
Clariss Face Wash Papaya Blemish Reduction,100 ml,345,https://chaldal.com/face-wash-scrub
Olay Face Wash Total Effects 7 in 1 Exfoliating Cleanser,100 gm,425,https://chaldal.com/face-wash-scrub
Clean & Clear Foaming Face Wash,150 ml,430,https://chaldal.com/face-wash-scrub
Neutrogena Spot Controlling Facial Wash,200 ml,1440,https://chaldal.com/face-wash-scrub
YC Lemon & Honey Whitening Facial Scrub,175 ml,795,https://chaldal.com/face-wash-scrub
YC Acne Facial Gel,250 ml,750,https://chaldal.com/face-wash-scrub
YC Neem Extract Whitening Face Wash,100 ml,650,https://chaldal.com/face-wash-scrub
Himalaya Aloevera Moisturizing Face Wash,100 ml,225,https://chaldal.com/face-wash-scrub
Himalaya Fairness Kesar Face Wash,100 ml,225,https://chaldal.com/face-wash-scrub
Boroplus Neem Face Wash,50 ml,130,https://chaldal.com/face-wash-scrub
Biore Womens Acne Care Face Wash,100 gm,700,https://chaldal.com/face-wash-scrub
Dove Face Wash Beauty Serum Sensitive,130 gm,330,https://chaldal.com/face-wash-scrub
Biore Bright and Oil Clear Face Wash,100 gm,850,https://chaldal.com/face-wash-scrub
L'Oréal Paris Pure Clay Detox Face Wash,150 ml,900,https://chaldal.com/face-wash-scrub
Johnson's Daily Essential Face Care For Normal Skin,150 ml,900,https://chaldal.com/face-wash-scrub
Neutrogena Spot Stress Control Daily Scrub,150 ml,1150,https://chaldal.com/face-wash-scrub
Neutrogena Pore & Shine Daily Scrub,150 ml,815,https://chaldal.com/face-wash-scrub
Johnson's Daily Essential Face Care,150 ml,800,https://chaldal.com/face-wash-scrub
Himalaya Oil Clear Face Wash Blueberry,100 ml,199,https://chaldal.com/face-wash-scrub
Himalaya Oil Clear Face Wash Strawberry,100 ml,199,https://chaldal.com/face-wash-scrub
Beauty Formulas Tea Tree Facial Wash,150 ml,850,https://chaldal.com/face-wash-scrub
Glow & Lovely Instaglow Facewash with Multivitamins,50 gm,85,https://chaldal.com/face-wash-scrub
Clean & Clear Morning Energy Face Wash Lemon,50 ml,247,https://chaldal.com/face-wash-scrub
Garnier Bright Complete Vitamin C Face Wash,100 gm,415,https://chaldal.com/face-wash-scrub
Dabur Gulabari Premium Rose Water,120 ml,100,https://chaldal.com/face-wash-scrub
Clean & Clear Blackhead Daily Scrub Oil Free,150 ml,920,https://chaldal.com/face-wash-scrub
Clean & Clear Morning Energy Face Wash Berry,50 ml,247,https://chaldal.com/face-wash-scrub
Garnier Pure Active Neem Face Wash,100 gm,390,https://chaldal.com/face-wash-scrub
Pond's Face Wash Bright Beauty,100 gm,210,https://chaldal.com/face-wash-scrub
Pond's Pure Detox Face Wash,100 gm,220,https://chaldal.com/face-wash-scrub
Pond's Nourishing Facial Scrub,100 gm,165,https://chaldal.com/face-wash-scrub
Pond's Face Wash Daily,50 gm,85,https://chaldal.com/face-wash-scrub
Himalaya Natural Glow Rose Face Wash,100 ml,225,https://chaldal.com/face-wash-scrub
Nature’s Secret Clay Face Pack,50 gm,120,https://chaldal.com/face-wash-scrub
Himalaya Oil Clear Lemon Face Wash,50 ml,140,https://chaldal.com/face-wash-scrub
Garnier Skin Active Micellar Cleansing Water,125 ml,549,https://chaldal.com/face-wash-scrub
Layer'r Wottagirl Secret Crush Body Spray,135 ml,595,https://chaldal.com/female-deo
Layer'r Shot Red Stallion Body Spray,135 ml,595,https://chaldal.com/female-deo
Layer'r Shot Power Play Body Spray,135 ml,595,https://chaldal.com/female-deo
Colour Me Women's Body Spray Pink,150 ml,775,https://chaldal.com/female-deo
Lafz Premium Body Spray Dariush,120 ml,390,https://chaldal.com/female-deo
Fa Roll On Aqua Auatic Fresh,50 ml,289,https://chaldal.com/female-deo
Fa Roll On Sport,50 ml,279,https://chaldal.com/female-deo
Fa Roll On Caribbean Lemon,50 ml,299,https://chaldal.com/female-deo
CA Active Women Body Spray,200 ml,680,https://chaldal.com/female-deo
Lafz Ibadet Body Spray,90 ml,300,https://chaldal.com/female-deo
Lafz Gul Wissal Body Spray,100 ml,294,https://chaldal.com/female-deo
Enchanteur Pocket Perfume Romantic,18 ml,350,https://chaldal.com/female-deo
Enchanteur Pocket Perfume Charming,18 ml,300,https://chaldal.com/female-deo
Enchanteur Perfumed Deo Roll On Alluring,50 ml,500,https://chaldal.com/female-deo
Royal Mirage Sport Perfume,120 ml,1750,https://chaldal.com/female-deo
Royal Mirage Sport Body Spray,150 ml,620,https://chaldal.com/female-deo
Eternal Love Xlouis Women Body Spray,200 ml,780,https://chaldal.com/female-deo
Layer'r Wottagirl Pure Paradise Body Spray,135 ml,545,https://chaldal.com/female-deo
Layer'r Wottagirl Pink Angel Body Spray,135 ml,595,https://chaldal.com/female-deo
Ossum Body Spray Teaser,120 ml,550,https://chaldal.com/female-deo
Ossum Body Spray Desire,120 ml,550,https://chaldal.com/female-deo
Ossum Body Spray Cherish,120 ml,550,https://chaldal.com/female-deo
Ossum Body Spray Appeal,120 ml,550,https://chaldal.com/female-deo
Ossum Body Mist Pleasere,115 ml,580,https://chaldal.com/female-deo
Ossum Body Mist Blossom,115 ml,670,https://chaldal.com/female-deo
Enchanteur Perfumed Deo Spary Gorgeous,150 ml,400,https://chaldal.com/female-deo
Enchanteur Perfumed Deo Spary Charming,150 ml,400,https://chaldal.com/female-deo
Colour Me Perfume Volt,50 ml,625,https://chaldal.com/female-deo
Ossum Perfumed Body Mist Delight,115 ml,750,https://chaldal.com/female-deo
Ossum Perfumed Body Mist Romance,115 ml,750,https://chaldal.com/female-deo
Fogg Scent Women (I Am Queen),100 ml,900,https://chaldal.com/female-deo
Layer'r Wattagirl Fresh Citrus Body Spray,135 ml,699,https://chaldal.com/female-deo
Nivea Female Roll On Fresh Natural Deodorant,50 ml,240,https://chaldal.com/female-deo
Enchanteur Perfumed Deo Spary Romantic,150 ml,450,https://chaldal.com/female-deo
Enchanteur Perfumed Deo Roll On Romantic,50 ml,319,https://chaldal.com/female-deo
Neutrogena Deep Clean Facial Cleanser,40 gm,499,https://chaldal.com/masks-cleansers
Lafz Apple Cider Vinegar Foaming Cleanser,100 ml,399,https://chaldal.com/masks-cleansers
Xpel Body Care Cleansing Charcoal Nose Strips (6 Strips),each,250,https://chaldal.com/masks-cleansers
Clean & Clear Lemon Facial Cleanser,100 ml,380,https://chaldal.com/masks-cleansers
Clean & Clear Daily Pore Cleanser,100 ml,450,https://chaldal.com/masks-cleansers
YC Aloe Vera Peel of Mask,120 ml,280,https://chaldal.com/masks-cleansers
YC Cucumber Peel of Mask,120 ml,650,https://chaldal.com/masks-cleansers
Garnier Skin Naturals Light Complete Serum Mask,each,135,https://chaldal.com/masks-cleansers
Beauty Formulas Charcoal Detox Cleanser,150 ml,460,https://chaldal.com/masks-cleansers
Radiant Raxoll Antibacterial Soap (Moisture),100 gm,75,https://chaldal.com/mens-soaps
Radiant Raxoll Antibacterial Soap (Moisture),75 gm,60,https://chaldal.com/mens-soaps
Radiant Raxoll Antibacterial Soap (Sport),100 gm,75,https://chaldal.com/mens-soaps
Dettol Soap Neem with Pure Neem Oil Shower Bar,125 gm,89,https://chaldal.com/mens-soaps
Dettol Soap Neem with Pure Neem Oil Shower Bar,75 gm,65,https://chaldal.com/mens-soaps
Dettol Original Germ Defence Soap,100 gm,80,https://chaldal.com/mens-soaps
ACI Savlon Soap Fresh 125 gm,3 pcs,225,https://chaldal.com/mens-soaps
Dettol Soap Fresh Bathing Bar Soap With Odour Protection,125 gm,95,https://chaldal.com/mens-soaps
Dettol Soap Fresh Bathing Bar Soap With Odour Protection,75 gm,65,https://chaldal.com/mens-soaps
Dettol Soap Bathing Bar Original Germ Defence 125 gm (Combo Pack),2 pcs,190,https://chaldal.com/mens-soaps
ACI Savlon Men Soap,100 gm,70,https://chaldal.com/mens-soaps
Lifebuoy Soap Bar Total,150 gm,80,https://chaldal.com/mens-soaps
Dettol Bathing Soap Bar Skincare,125 gm,95,https://chaldal.com/mens-soaps
Dettol Skincare Bodywash,250 ml,225,https://chaldal.com/mens-soaps
Lifebuoy Soap Bar Lemon Fresh,90 gm,55,https://chaldal.com/mens-soaps
Dettol Bathing Soap Bar Skincare,27 gm,15,https://chaldal.com/mens-soaps
Lifebuoy Soap Bar Mild Care 100 gm,2 pcs,94,https://chaldal.com/mens-soaps
ACI Savlon Fresh Antiseptic Soap,125 gm,80,https://chaldal.com/mens-soaps
Akij Health + Original Soap,100 gm,60,https://chaldal.com/mens-soaps
Lux Jasmine Soap Bar Bright Glow,75 gm,50,https://chaldal.com/mens-soaps
Dettol Soap Original Germ Defence Bathing Bar,50 gm,40,https://chaldal.com/mens-soaps
Dettol Fresh Soap 125 gm (25 gm Extra),150 gm,90,https://chaldal.com/mens-soaps
Dettol Cool Soap 125 gm (25 gm Extra),150 gm,90,https://chaldal.com/mens-soaps
Dettol Skincare With Moisturizers Soap,100 gm,75,https://chaldal.com/mens-soaps
Dettol Aloe Vera Shower Bar,100 gm,80,https://chaldal.com/mens-soaps
ACI Savlon Soap Fresh 100 gm,3 pcs,210,https://chaldal.com/mens-soaps
ACI Savlon Soap Mild 100 gm,3 pcs,210,https://chaldal.com/mens-soaps
ACI Savlon Soap Mild 125 gm,3 pcs,225,https://chaldal.com/mens-soaps
Irish Spring Original Body Wash,532 ml,1360,https://chaldal.com/mens-soaps
Irish Spring Aloe Soap,104.8 gm,270,https://chaldal.com/mens-soaps
Dr Davey Black Soap,100 gm,189,https://chaldal.com/mens-soaps
Lifebuoy Mild Care Antibacterial Body Wash,300 ml,450,https://chaldal.com/mens-soaps
Godrej No.1 Sandal Soap,100 gm,55,https://chaldal.com/mens-soaps
Himalaya Neem & Turmeric Soap 125 gm (Buy 3 Get 1 Free),4 pcs,240,https://chaldal.com/mens-soaps
Dettol Original Bodywash,250 ml,200,https://chaldal.com/mens-soaps
Dettol Fresh Antibacterial Bodywash Citrus & Orange Blossom,250 ml,350,https://chaldal.com/mens-soaps
Studio X Clean & Fresh Soap For Men,75 gm,60,https://chaldal.com/mens-soaps
Dettol Bathing Soap Bar Skincare 125 gm (Combo Pack),4 pcs,380,https://chaldal.com/mens-soaps
Dettol Soap Bathing Bar Original Germ Defence 125 gm (Combo Pack),4 pcs,380,https://chaldal.com/mens-soaps
Studio X Clean & Fresh Soap for Men,125 gm,90,https://chaldal.com/mens-soaps
Nivea Fresh Natural Body Spray,150 ml,525,https://chaldal.com/mens-soaps
Wild Stone Forest Spice Soap,125 gm,188,https://chaldal.com/mens-soaps
ACI Septex Deep Clean Antiseptic Bar,100 gm,55,https://chaldal.com/mens-soaps
ACI Septex Antiseptic Bar,100 gm,50,https://chaldal.com/mens-soaps
Cute Lemon Soap,125 gm,60,https://chaldal.com/mens-soaps
Dettol Soap Bathing Bar Aloe Vera,75 gm,65,https://chaldal.com/mens-soaps
ACI Neem Original Pure Neem Soap,100 gm,55,https://chaldal.com/mens-soaps
"Dettol Soap Bathing Bar Family Pack (Cool, Skincare & Original) 75 gm",3 pcs,195,https://chaldal.com/mens-soaps
Dettol Soap Bathing Bar Original Germ Defence 75 gm (Combo Pack),3 pcs,195,https://chaldal.com/mens-soaps
Camay Romantic Beauty Soap,170 gm,350,https://chaldal.com/mens-soaps
Head & Shoulders Smooth & Silky Anti Dandruff Shampoo,1 ltr,2799,https://chaldal.com/shampoo
Clear Men Shampoo Deep Cleanse,170 ml,270,https://chaldal.com/shampoo
Clear Shampoo Men Cool Sport Menthol Anti Dandruff,330 ml,500,https://chaldal.com/shampoo
Ujjwala Care Hair Protect Men Shampoo + Conditioner,200 ml,320,https://chaldal.com/shampoo
Clear Men Shampoo Deep Cleanse,330 ml,500,https://chaldal.com/shampoo
Herbal Essences White Strawberry & Sweet Mint Conditioner,400 ml,775,https://chaldal.com/shampoo
Herbal Essences Strength Whipped Cocoa Butter Conditioner,400 ml,775,https://chaldal.com/shampoo
Head & Shoulders Cool Menthol Anti Dandruff Shampoo,1 ltr,1800,https://chaldal.com/shampoo
Head & Shoulders Smooth & Silky Anti Dandruff Shampoo,340 ml,990,https://chaldal.com/shampoo
Head & Shoulders 2 in 1 Cool Menthol Anti Dandruff Shampoo + Conditioner,340 ml,1200,https://chaldal.com/shampoo
Head & Shoulders 2 in 1 Smooth & Silky Shampoo + Conditioner,180 ml,650,https://chaldal.com/shampoo
Head & Shoulders Cool Menthol Anti Dandruff Shampoo,180 ml,530,https://chaldal.com/shampoo
Head & Shoulders Silky Black Anti Dandruff Shampoo,340 ml,990,https://chaldal.com/shampoo
Sunsilk Lively Clean & Fresh Shampoo,300 ml,725,https://chaldal.com/shampoo
Clear Shampoo Complete Active Care Anti Dandruff,330 ml,400,https://chaldal.com/shampoo
Dove Shampoo Oxygen Moisture,330 ml,470,https://chaldal.com/shampoo
Dove Shampoo Intense Repair,170 ml,200,https://chaldal.com/shampoo
Dove Shampoo Intense Repair,330 ml,440,https://chaldal.com/shampoo
Dove Shampoo Nourishing Oil Care,170 ml,200,https://chaldal.com/shampoo
Dove Shampoo Nourishing Oil Care,330 ml,470,https://chaldal.com/shampoo
Sunsilk Shampoo Lusciously Thick & Long,330 ml,350,https://chaldal.com/shampoo
Clear Shampoo Men Cool Sport Menthol Anti Dandruff,170 ml,270,https://chaldal.com/shampoo
Clear Shampoo Complete Active Care Anti Dandruff,170 ml,240,https://chaldal.com/shampoo
Kool 2 In 1 After Shave Gel Cream,50 gm,140,https://chaldal.com/shaving-needs
Gillette Blue 2 Disposable Razor,each,55,https://chaldal.com/shaving-needs
Gillette Guard Cartridges Single Cartridge,each,30,https://chaldal.com/shaving-needs
Gillette Mach3 Turbo Men's Shaving Razor,each,665,https://chaldal.com/shaving-needs
Gillette Proglide Men's Grooming Razor With Flexible Technology,each,1090,https://chaldal.com/shaving-needs
Nivea Men Cool Kick Shaving Gel,200 ml,375,https://chaldal.com/shaving-needs
Kool After Shave Lotion,50 ml,200,https://chaldal.com/shaving-needs
Nivea Men Sensitive After Shave Lotion,100 ml,1250,https://chaldal.com/shaving-needs
Nivea Men Sensitive After Shave Lotion,100 ml,550,https://chaldal.com/shaving-needs
Kool Ultra Glide Shaving Foam,200 ml,350,https://chaldal.com/shaving-needs
Kool After Shave Lotion,100 ml,300,https://chaldal.com/shaving-needs
Gillette Mach3 New Blade Razor,each,655,https://chaldal.com/shaving-needs
Gillette Fusion Manual Razor,each,1090,https://chaldal.com/shaving-needs
Kool Frosty Shaving Cream,50 gm,55,https://chaldal.com/shaving-needs
Enchanteur Perfumed Body Lotion Charming Satin Smooth,500 ml,1700,https://chaldal.com/lotion-cream
Emami Fair And Handsome Fairness Cream,30 gm,200,https://chaldal.com/lotion-cream
Lafz Aqua Sunscreen,100 ml,750,https://chaldal.com/lotion-cream
Parachute SkinPure Aloe Vera Gel,100 ml,205,https://chaldal.com/lotion-cream
Parachute SkinPure Aloe Vera Gel,50 ml,120,https://chaldal.com/lotion-cream
Eunyul Tomato Soothing Gel,300 gm,1400,https://chaldal.com/lotion-cream
Garnier Body Bright Complete Serum Milk UV,400 ml,1480,https://chaldal.com/lotion-cream
Emami Fair And Handsome Fairness Cream,60 gm,350,https://chaldal.com/lotion-cream
Tibet Pomade,50 ml,70,https://chaldal.com/lotion-cream
Care:Nel Anti-Melasma Cica Cream,40 ml,1373,https://chaldal.com/lotion-cream
Simple Kind to Skin Hydrating Light Moisturiser,125 ml,887,https://chaldal.com/lotion-cream
Comely Shower Gel (Sunshine Garden),350 ml,300,https://chaldal.com/mens-shower-gels
The Dermalix Rose Soothing Shower Gel,250 ml,350,https://chaldal.com/mens-shower-gels
Dettol Skincare Bodywash,250 ml,225,https://chaldal.com/mens-shower-gels
Lux Body Wash French Rose & Almond Oil,245 ml,220,https://chaldal.com/mens-shower-gels
Dettol Aloe Vera Bodywash,250 ml,225,https://chaldal.com/mens-shower-gels
Dettol Cool Bodywash,250 ml,225,https://chaldal.com/mens-shower-gels
Dettol Skincare Bodywash Refill,170 ml,125,https://chaldal.com/mens-shower-gels
Dettol Lasting Fresh Bodywash Refill,170 ml,125,https://chaldal.com/mens-shower-gels
Dettol Original Bodywash,250 ml,200,https://chaldal.com/mens-shower-gels
Dettol Fresh Antibacterial Bodywash Citrus & Orange Blossom,250 ml,350,https://chaldal.com/mens-shower-gels
Nivea Men Shower Gel Power Fresh,250 ml,700,https://chaldal.com/mens-shower-gels
Nivea Men Pure Impact Shower Gel,250 ml,650,https://chaldal.com/mens-shower-gels
Biore Mens Hygienic Energy Shower Gel,250 ml,750,https://chaldal.com/mens-shower-gels
Biore Mens Cool Energy Shower Gel,250 ml,750,https://chaldal.com/mens-shower-gels
St. Ives Fresh Skin Apricot Body Wash,400 ml,850,https://chaldal.com/mens-shower-gels
Fiama Gel Bar Soap Patchouli & Macadamia,125 gm,245,https://chaldal.com/mens-shower-gels
Nivea Men Shower Gel Active Clean,250 ml,650,https://chaldal.com/mens-shower-gels
Nivea Men Energy Shower Gel,250 ml,650,https://chaldal.com/mens-shower-gels
Nivea Men Cool Kick Shower Gel,250 ml,650,https://chaldal.com/mens-shower-gels
Palmolive Aroma Alluring Love Body Wash For Women&Men,250 ml,650,https://chaldal.com/mens-shower-gels
Palmolive Aroma Sweet Delight Body Wash,250 ml,650,https://chaldal.com/mens-shower-gels
Germnil Hand Sanitizer With Dispenser,250 ml,220,https://chaldal.com/hand-sanitizer
D-Care Instant Hand Sanitizer,5 ltr,2525,https://chaldal.com/hand-sanitizer
Savlon Instant Hand Sanitizer,200 ml,200,https://chaldal.com/hand-sanitizer
Savlon Hand Sanitizer,50 ml,80,https://chaldal.com/hand-sanitizer
Savlon Hand Rub,250 ml,130,https://chaldal.com/hand-sanitizer
Sepnil Instant Hand Sanitizer,40 ml,80,https://chaldal.com/hand-sanitizer
Sepnil Instant Hand Sanitizer,200 ml,250,https://chaldal.com/hand-sanitizer
Fresh Hand Towel (250X1 Ply),each,100,https://chaldal.com/tissue-wipes
Fresh Perfumed Facial Tissue (150 X 2) ply Box,each,100,https://chaldal.com/tissue-wipes
"Fresh Paper Napkins 13"" Perfumed (100X1 Ply)",each,75,https://chaldal.com/tissue-wipes
Fresh White Paper Napkin Non-Perfumed,100 pcs,75,https://chaldal.com/tissue-wipes
Partex Cleen Hand Towel (200X2 Ply),each,85,https://chaldal.com/tissue-wipes
"Bashundhara Paper Napkins 13"" Unscented",100 pcs,75,https://chaldal.com/tissue-wipes
Fresh Toilet Tissue (Family Value Pack),4 pcs,100,https://chaldal.com/tissue-wipes
Fay Facial Tissue Non-Perfume (150 X 2 ply) Box,each,105,https://chaldal.com/tissue-wipes
Bashundhara Toilet Tissue,4 pcs,112,https://chaldal.com/tissue-wipes
Fay Perfume Facial Tissue Perfume (150 X 2 ply) Box,each,105,https://chaldal.com/tissue-wipes
Fay Toilet Tissue White 180 Sheet,each,30,https://chaldal.com/tissue-wipes
Bashundhara Gold Toilet Tissue,each,38,https://chaldal.com/tissue-wipes
Fay Multi-fold Hand Towel 1 Ply,150 pcs,160,https://chaldal.com/tissue-wipes
Sensodyne Complete Protection Toothbrush (Buy 2 Get 1 Free),3 pcs,349,https://chaldal.com/toothbrushes
Sensodyne Sensitivity & Gum Toothbrush,each,169,https://chaldal.com/toothbrushes
Sensodyne Gentle Care (Buy 1 Get 1 Free),2 pcs,229,https://chaldal.com/toothbrushes
Sensodyne Expert Brush (Buy 2 Get 1 Free),3 pcs,329,https://chaldal.com/toothbrushes
Parodontax Toothbrush,each,179,https://chaldal.com/toothbrushes
ProDentalB Dynamite Toothbrush,each,219,https://chaldal.com/toothbrushes
Sensodyne Sensitivity & Gum Toothbrush (Buy 2 Get 1 Free),3 pcs,400,https://chaldal.com/toothbrushes
Sensodyne Expert Brush,each,210,https://chaldal.com/toothbrushes
Sensodyne Daily Care Toothbrush,each,70,https://chaldal.com/toothbrushes
Sensodyne Sensitive Toothbrush (Ultra Soft),each,110,https://chaldal.com/toothbrushes
Sensodyne Multicare Toothbrush,each,140,https://chaldal.com/toothbrushes
Sensodyne Deep Clean Toothbrush (Buy 2 Get 1 Free),3 pcs,280,https://chaldal.com/toothbrushes
Colgate 360 Whole Mouth Clean Toothbrush,each,212,https://chaldal.com/toothbrushes
Oral-B Crisscross Toothbrush,each,180,https://chaldal.com/toothbrushes
Trisa Toothbrush Pearl White Soft (Assorted colour),each,290,https://chaldal.com/toothbrushes
Trisa Toothbrush Pearl White Medium (Assorted colour),each,290,https://chaldal.com/toothbrushes
Trisa Toothbrush Perfect White Medium (Assorted colour),each,500,https://chaldal.com/toothbrushes
Trisa Tooth Brush Focus Pro Clean Soft (Assorted colour),each,200,https://chaldal.com/toothbrushes
Trisa Tooth Brush Focus Pro Clean Medium (Assorted colour),each,290,https://chaldal.com/toothbrushes
Trisa Junior Toothbrush 6+ Years (Assorted colour),each,370,https://chaldal.com/toothbrushes
Dr West Toothbrush Hard,each,169,https://chaldal.com/toothbrushes
Colgate Gentle Sensitive 4 pcs Promo Toothbrush,each,318,https://chaldal.com/toothbrushes
Colgate Gentle Sensitive Toothbrush,each,105,https://chaldal.com/toothbrushes
ProDentalB Rice Husk Toothbrush,2 pcs,495,https://chaldal.com/toothbrushes
Colgate Charcoal Gold 360 Toothbrush,each,212,https://chaldal.com/toothbrushes
Sensodyne Toothbrush Family Pack (Buy 2 Get 1 Free),3 pcs,220,https://chaldal.com/toothbrushes
ProDentalB Flexible Toothbrush,each,120,https://chaldal.com/toothbrushes
Sensodyne Complete Protection Toothbrush,each,179,https://chaldal.com/toothbrushes
Dr West Tooth Brush Soft,each,189,https://chaldal.com/toothbrushes
Colgate Slim Fit Charcoal Soft Toothbrush,each,160,https://chaldal.com/toothbrushes
Watson Dental Floss Picks Charcoal,50 pcs,269,https://chaldal.com/mouthwash-others
Colgate Mouthwash Plax Peppermint,500 ml,869,https://chaldal.com/mouthwash-others
Listerine Cool Mint Liquid Mouthwash,250 ml,370,https://chaldal.com/mouthwash-others
Listerine Original Liquid Mouthwash,250 ml,410,https://chaldal.com/mouthwash-others
Listerine Original Liquid Mouthwash,500 ml,553,https://chaldal.com/mouthwash-others
Listerine Cavity Fighter Liquid Mouthwash,500 ml,541,https://chaldal.com/mouthwash-others
Colgate Plax Peppermint Mouth Wash,750 ml,1160,https://chaldal.com/mouthwash-others
Colgate Plax Peppermint Mouth Wash,500 ml,585,https://chaldal.com/mouthwash-others
Colgate Plax Herbal Salt Mouth Wash,500 ml,1260,https://chaldal.com/mouthwash-others
Colgate Plax Freshmint Mouth Wash,750 ml,815,https://chaldal.com/mouthwash-others
Listerine Original Mouth Wash (Thai),250 ml,750,https://chaldal.com/mouthwash-others
Magic Tooth Powder,100 gm,58,https://chaldal.com/mouthwash-others
Colgate Plax Gentle Care Mouth Wash,250 ml,372,https://chaldal.com/mouthwash-others
Oral-B Essential Dental Floss 50 mtr,,600,https://chaldal.com/mouthwash-others
Listerine Cool Mint Mouth Wash (Thai),250 ml,595,https://chaldal.com/mouthwash-others
Toothpick,4 pcs,189,https://chaldal.com/mouthwash-others
Toothpick Local 1 box,,60,https://chaldal.com/mouthwash-others
ProDentalB Tongue Cleaner,each,210,https://chaldal.com/mouthwash-others
ProDentalB Dental Stain Remover,each,375,https://chaldal.com/mouthwash-others
ProDentalB Tooth Floss Pick,50 pcs,270,https://chaldal.com/mouthwash-others
Listerine Cool Mint Mouth Wash (Thai),500 ml,690,https://chaldal.com/mouthwash-others
Pepsodent Tooth Powder,95 gm,60,https://chaldal.com/mouthwash-others
Magic Tooth Powder,50 gm,35,https://chaldal.com/mouthwash-others
ProDentalB Cool Mint Mouthwash,250 ml,360,https://chaldal.com/mouthwash-others
Nivea Express Hydration Body Lotion,380 ml,1250,https://chaldal.com/lotions
Enchanteur Perfumed Body Lotion Charming Satin Smooth,500 ml,1700,https://chaldal.com/lotions
Vaseline Lotion Deep Restore,200 ml,270,https://chaldal.com/lotions
Garnier Body Bright Complete Serum Milk,400 gm,1480,https://chaldal.com/lotions
B. Tech Expert Virgin Moisturising Stretch Mark Lotion,100 ml,380,https://chaldal.com/lotions
B. Tech Expert Goat Milk Whitening Body Lotion,200 ml,265,https://chaldal.com/lotions
Vaseline Intensive Care Cocoa Radiant Lotion,200 ml,425,https://chaldal.com/lotions
Vaseline Intensive Care Advance Strength Lotion,400 ml,825,https://chaldal.com/lotions
Parachute SkinPure Skin Lotion Natural Moisture,200 ml,250,https://chaldal.com/lotions
Parachute SkinPure Skin Lotion Natural White,200 ml,260,https://chaldal.com/lotions
Parachute SkinPure Skin Lotion Natural Moisture,300 ml,340,https://chaldal.com/lotions
Parachute SkinPure Skin Lotion Natural White,100 ml,160,https://chaldal.com/lotions
Parachute SkinPure Skin Lotion Natural Moisture,100 ml,150,https://chaldal.com/lotions
Boots Cocoa Butter Body Lotion,390 ml,1550,https://chaldal.com/lotions
Dove Nourishing Body Care Intensive Body Lotion,400 ml,715,https://chaldal.com/lotions
Enchanteur Perfumed Body Lotion Gorgeous Satin Smooth,500 ml,1500,https://chaldal.com/lotions
Garnier Body Bright Complete Serum Milk UV,400 ml,1480,https://chaldal.com/lotions
Boroplus Moisturising Lotion Aloe Vera & Milk,300 ml,390,https://chaldal.com/lotions
Xpel Kids Spray & Lotion Twin Set,each,550,https://chaldal.com/lotions
Vaseline Intensive Care Body Lotion,400 ml,1250,https://chaldal.com/lotions
Enchanteur Perfumed Body Lotion Romantic Satin Smooth,500 ml,1150,https://chaldal.com/lotions
Revive Moisturizing Lotion,200 ml,260,https://chaldal.com/lotions
Vaseline Lotion Deep Restore,400 ml,850,https://chaldal.com/lotions
Vaseline Lotion Healthy Bright,100 ml,190,https://chaldal.com/lotions
Vaseline Lotion Healthy Bright,200 ml,300,https://chaldal.com/lotions
Vaseline Lotion Healthy Bright,300 ml,420,https://chaldal.com/lotions
Nivea Intensive Moisture Body Milk Lotion,250 ml,725,https://chaldal.com/lotions
Enchanteur Perfumed Body Lotion Enticing Satin Smooth,250 ml,900,https://chaldal.com/lotions
Enchanteur Perfumed Body Lotion Charming Satin Smooth,250 ml,900,https://chaldal.com/lotions
Parachute SkinPure Petroleum Jelly,15 ml,23,https://chaldal.com/petroleum-jelly
Comely Non Sticky Glycerin (Aloe vera),100 gm,150,https://chaldal.com/petroleum-jelly
Skin Secret Glycerin,125 ml,140,https://chaldal.com/petroleum-jelly
Vaseline Blueseal Cocoa Butter Jelly,250 ml,950,https://chaldal.com/petroleum-jelly
Vaseline Blueseal Vitamin E Jelly,50 ml,299,https://chaldal.com/petroleum-jelly
Vaseline Blueseal Original Petroleum Jelly,250 ml,880,https://chaldal.com/petroleum-jelly
Cute Refined Glycerine,60 ml,50,https://chaldal.com/petroleum-jelly
Cute Pomade,50 gm,70,https://chaldal.com/petroleum-jelly
Meril Petroleum Jelly Lemon Fresh,100 ml,110,https://chaldal.com/petroleum-jelly
Parachute SkinPure Petroleum Jelly,100 ml,110,https://chaldal.com/petroleum-jelly
Parachute SkinPure Petroleum Jelly,50 ml,65,https://chaldal.com/petroleum-jelly
Vaseline Petroleum Jelly,100 ml,250,https://chaldal.com/petroleum-jelly
Meril Glycerin,120 gm,115,https://chaldal.com/petroleum-jelly
Tibet Glycerin,125 gm,115,https://chaldal.com/petroleum-jelly
Vaseline Skin Protecting Jelly,5.5 ml,25,https://chaldal.com/petroleum-jelly
Vaseline Petroleum Jelly,50 ml,65,https://chaldal.com/petroleum-jelly
Meril Petroleum Jelly Lemon Fresh,50 ml,65,https://chaldal.com/petroleum-jelly
Meril Rose Water Glycerine,120 gm,200,https://chaldal.com/petroleum-jelly
Neutrogena Deep Clean Gel Wash,200 ml,1000,https://chaldal.com/face-wash-mask
Himalaya Purifying Neem Face Wash,150 ml,275,https://chaldal.com/face-wash-mask
Parachute SkinPure Aloe Vera Gel,100 ml,205,https://chaldal.com/face-wash-mask
Parachute SkinPure Aloe Vera Gel,200 ml,355,https://chaldal.com/face-wash-mask
Parachute SkinPure Aloe Vera Gel,50 ml,120,https://chaldal.com/face-wash-mask
Garnier Skin Naturals Light Complete Serum Mask,each,135,https://chaldal.com/face-wash-mask
Biore Mild Smooth Face Wash,100 gm,700,https://chaldal.com/face-wash-mask
Himalaya Fresh Start Oil Clear Face Wash Lemon,100 ml,199,https://chaldal.com/face-wash-mask
YC Peel Off Black Mask With Bamboo Charcoal,100 ml,650,https://chaldal.com/face-wash-mask
Himalaya Purifying Neem Face Wash,100 ml,230,https://chaldal.com/face-wash-mask
Pond's Face Wash Bright Beauty,100 gm,210,https://chaldal.com/face-wash-mask
Pond's Face Wash Daily,100 gm,150,https://chaldal.com/face-wash-mask
Simple Micellar Facial Wash,150 ml,649,https://chaldal.com/face-wash-mask
La Espanola Extra Virgin Olive Oil,500 ml,1350,https://chaldal.com/body-hair-oil
Ujjwala Care Anti Hairfall Herbal Hair Oil,100 ml,200,https://chaldal.com/body-hair-oil
Ujjwala Care Skin Lightening Body Oil,200 ml,380,https://chaldal.com/body-hair-oil
Ujjwala Care Skin Lightening Body Oil,100 ml,200,https://chaldal.com/body-hair-oil
Maya All Natural Moroccan Argan Oil,30 ml,850,https://chaldal.com/body-hair-oil
Maya All Natural Spanish Rosehip Seed Oil,30 ml,850,https://chaldal.com/body-hair-oil
Maya True Herbs Marula Oil,30 ml,850,https://chaldal.com/body-hair-oil
Kd Natures Aid Rose Oil,50 ml,280,https://chaldal.com/body-hair-oil
Olio Orolio Massage Oil,250 ml,480,https://chaldal.com/body-hair-oil
Ambassador Spanish Olive Oil,250 ml,780,https://chaldal.com/body-hair-oil
Oillina Natural Skin Care Olive Oil,100 ml,220,https://chaldal.com/body-hair-oil
Nivea Men Oil Control Moisturizer,50 ml,850,https://chaldal.com/body-hair-oil
Parachute SkinPure Beauty Olive Oil,200 ml,320,https://chaldal.com/body-hair-oil
Olitalia Italian Olive Oil,100 ml,475,https://chaldal.com/body-hair-oil
Parachute Advansed Aloe Vera Hair Oil 250 ml,2 pcs,640,https://chaldal.com/body-hair-oil
Livon Hair Serum,50 ml,300,https://chaldal.com/body-hair-oil
Bio Oil Specialist Skincare Oil,60 ml,650,https://chaldal.com/body-hair-oil
Meril Olive Oil Tin Jar,150 ml,450,https://chaldal.com/body-hair-oil
Himani Navaratna Cool Ayurvedic Hair Oil,200 ml,280,https://chaldal.com/body-hair-oil
Ujjwala Care Anti Hairfall Herbal Hair Oil,200 ml,380,https://chaldal.com/body-hair-oil
Maya True Herbs Cooling Coconut Hair Oil,200 ml,250,https://chaldal.com/body-hair-oil
Vaseline Lip Therapy Original,4.8 gm,225,https://chaldal.com/lipsticks-lip-balm
Vaseline Lip Therapy Rosy Lips,20 gm,350,https://chaldal.com/lipsticks-lip-balm
Meril Lip Balm Lemon,4.8 gm,50,https://chaldal.com/lipsticks-lip-balm
Vaseline Lip Therapy Original,20 gm,259,https://chaldal.com/lipsticks-lip-balm
Vaseline Lip Therapy Aloe Vera,20 gm,309,https://chaldal.com/lipsticks-lip-balm
Lilac Lip Balm Rose,30 gm,200,https://chaldal.com/lipsticks-lip-balm
Lipsilk Lip Balm Strawberry,7 gm,210,https://chaldal.com/lipsticks-lip-balm
Nivea Soft Rose Lip Care,4.8 gm,500,https://chaldal.com/lipsticks-lip-balm
Meril Lip Balm Strawberry,4.8 gm,50,https://chaldal.com/lipsticks-lip-balm
Glow & Lovely Face Cream Blemish Balm,40 gm,240,https://chaldal.com/lipsticks-lip-balm
Vaseline Lip Therapy Rose & Almond Oil,20 gm,350,https://chaldal.com/lipsticks-lip-balm
Keya Lipgel Tube,6 gm,18,https://chaldal.com/lipsticks-lip-balm
Meril Lipgel,each,50,https://chaldal.com/lipsticks-lip-balm
Olympic Heavy Duty AAA Battery,2 pcs,30,https://chaldal.com/batteries
Sunlite Heavy Duty AAA Battery,2 pcs,30,https://chaldal.com/batteries
Olympic Heavy Duty AA Battery,2 pcs,36,https://chaldal.com/batteries
Sunlite Heavy Duty AA Battery,2 pcs,49,https://chaldal.com/batteries
Olympic Volt Remote Battery,2 pcs,30,https://chaldal.com/batteries
Olympic Volt Pencil Battery Metallic,each,18,https://chaldal.com/batteries
Maxell Alkaline LR44 (A76) Battery,2 pcs,139,https://chaldal.com/batteries
Energizer Recharge Power Plus Battery AA,2 pcs,675,https://chaldal.com/batteries
Olympic Gold Heavy Duty AA Battery,2 pcs,36,https://chaldal.com/batteries
Energizer Max Power Battery 1.5V AA,2 pcs,230,https://chaldal.com/batteries
Maxell Alkaline Battery Size: AA,2 pcs,255,https://chaldal.com/batteries
Sony AA Alkaline Batteries,2 pcs,299,https://chaldal.com/batteries
Deli Calculator 12 Digits (Black),each,700,https://chaldal.com/calculators
Citiplus Scientific Electronic Calculator (Sx-991 Es) Plus,each,1229,https://chaldal.com/calculators
Citiplus Scientific Electronic Calculator (Sx-991 Ms),each,729,https://chaldal.com/calculators
Casio Hand Held Calculator 8 Digit (HL-4A),25 gm,190,https://chaldal.com/calculators
Casio Scientific Calculator (FX 991ES Plus),each,1339,https://chaldal.com/calculators
Deli (M198) Basic Calculator 12 Digit,each,689,https://chaldal.com/calculators
Casio Calculator 12 Digit (MJ-120 D),each,780,https://chaldal.com/calculators
Alteco Super Glue 3 gm,each,35,https://chaldal.com/glue-tapes
Osaka PVC Tape Red (18 mm),3 pcs,72,https://chaldal.com/glue-tapes
Osaka PVC Tape White (18 mm),3 pcs,71,https://chaldal.com/glue-tapes
Deli Stick Up Glue,36 gm,99,https://chaldal.com/glue-tapes
Deli Packing Tape Dispenser,each,610,https://chaldal.com/glue-tapes
Rubber Bands,100 gm,119,https://chaldal.com/glue-tapes
Scotia Transparent Packaging 200 mtr Tape,each,175,https://chaldal.com/glue-tapes
Camel Glue Gun 100 W GG-5 Machine,each,390,https://chaldal.com/glue-tapes
Osaka PVC Tape Black (18 mm),3 pcs,75,https://chaldal.com/glue-tapes
Hunter Both Sided Gum Tape (0.5 inch),each,55,https://chaldal.com/glue-tapes
Deli Strick Up Glue White,15 gm,65,https://chaldal.com/glue-tapes
Deli Anti Cutter (Blue),each,159,https://chaldal.com/cutting-2
Deli Scissors (Pink),each,60,https://chaldal.com/cutting-2
Deli Anti Cutter (E2091),each,180,https://chaldal.com/cutting-2
Deli Stainless Steel Multi Purpose Scissors 7 Inch,each,100,https://chaldal.com/cutting-2
Deli Stainless Steel Scissors 7.5 inch,each,199,https://chaldal.com/cutting-2
Deli Anti Cutter (E2041),each,129,https://chaldal.com/cutting-2
Deli Cutter (E2056),each,198,https://chaldal.com/cutting-2
Deli Anti Cutter Knife Blade Small,10 pcs,45,https://chaldal.com/cutting-2
Deli Stainless Steel Scissors 8 1/4 inch,each,199,https://chaldal.com/cutting-2
Deli Correction Pen Cover Up (White) 8 ml,each,49,https://chaldal.com/pens
Matador i-teen Aroma Ball Pen Black Ink,6 pcs,73,https://chaldal.com/pens
Deli Correction Pen 7 ml,each,80,https://chaldal.com/pens
Econo Soft Grip Ball Pen,10 pcs,100,https://chaldal.com/pens
Linc Glycer Ball Pen Red,6 pcs,159,https://chaldal.com/pens
Matador I-Teen Pen,6 pcs,70,https://chaldal.com/pens
Deli Whiteboard Eraser (Grey),each,50,https://chaldal.com/erasers-correction-fluid
RFL Good Luck Duster Blue,each,35,https://chaldal.com/erasers-correction-fluid
RFL Good Luck Duster Red,each,30,https://chaldal.com/erasers-correction-fluid
Deli Correction Pen Quick Drying 8 ml,each,55,https://chaldal.com/erasers-correction-fluid
Pencil Sharpner (94529),each,19,https://chaldal.com/erasers-correction-fluid
University khata 300 Pages,each,169,https://chaldal.com/notebook-diary
RFL Good Luck Kids Arabic Book,each,30,https://chaldal.com/notebook-diary
Register Book 150 pages,,90,https://chaldal.com/notebook-diary
Register Book 300 Page,each,179,https://chaldal.com/notebook-diary
University khata 300 Pages,each,169,https://chaldal.com/school-supplies
Pencil Bag (Yellow),each,40,https://chaldal.com/school-supplies
Pencil Box (Red),each,114,https://chaldal.com/school-supplies
Pencil Box (Pink),each,114,https://chaldal.com/school-supplies
Pencil Box (Purple),each,114,https://chaldal.com/school-supplies
Pencil Box (Blue),each,114,https://chaldal.com/school-supplies
Matador i-teen Aroma Ball Pen Black Ink,6 pcs,73,https://chaldal.com/school-supplies
Deli Compass Set,each,400,https://chaldal.com/school-supplies
Casio Scientific Calculator (FX 991ES Plus),each,1339,https://chaldal.com/school-supplies
Faber Castell HB pencil (with Eraser),12 pcs,249,https://chaldal.com/school-supplies
LCD Writing Tablet 8.5 Inches,each,299,https://chaldal.com/school-supplies
SmartHeart Creamy Treat Tuna,60 gm,279,https://chaldal.com/cat-food
Royal Canin Adult Persian,2 kg,3169,https://chaldal.com/cat-food
Foodinnova Toro Toro Cat Soup Tuna & Katsuobushi,75 gm,239,https://chaldal.com/cat-food
Foodinnova Toro Toro Cat Soup Tuna & Mix Seafood,75 gm,249,https://chaldal.com/cat-food
Foodinnova Toro Toro Cat Soup Tuna Fiber,75 gm,249,https://chaldal.com/cat-food
Foodinnova Toro Toro Cat Soup Chicken & Vegetable,75 gm,249,https://chaldal.com/cat-food
Foodinnova Cat Food Nekko Tuna In Gravy,70 gm,99,https://chaldal.com/cat-food
Foodinnova Cat Food Nekko Real Tuna In Jelly,70 gm,99,https://chaldal.com/cat-food
SmartHeart Adult Cat Food Seafood,3 kg,1649,https://chaldal.com/cat-food
SmartHeart Cat Food Adult Mackerel Flavor,3 kg,1969,https://chaldal.com/cat-food
Whiskas Adult Cat Food Tuna,80 gm,99,https://chaldal.com/cat-food
Whiskas Adult Cat Food Ocean Fish,80 gm,99,https://chaldal.com/cat-food
SmartHeart Adult Cat Food Sardine Chicken & Rice,85 gm,99,https://chaldal.com/cat-food
SmartHeart Puppy Dog Food Beef & Milk,500 gm,249,https://chaldal.com/dog-food
SmartHeart Adult Dog Chicken & Egg Flavor,500 gm,319,https://chaldal.com/dog-food
SmartHeart Puppy Food Beef & Milk,8 kg,2749,https://chaldal.com/dog-food
SmartHeart Puppy Food Chicken Egg & Milk,8 kg,2749,https://chaldal.com/dog-food
SmartHeart Adult Dog Food Smoked Liver Flavor,500 gm,219,https://chaldal.com/dog-food
RFL Pakhir Basha (Bird Nest),each,400,https://chaldal.com/pet-grooming-cleaning
Bearing Tick And Flea Dog Shampoo Short Hair,300 ml,549,https://chaldal.com/pet-grooming-cleaning
Bearing Tick & Flea Dog Spray,250 ml,1795,https://chaldal.com/pet-grooming-cleaning
Versele Laga Cat Attract,200 ml,1519,https://chaldal.com/pet-grooming-cleaning
Versele Laga Oropharme Oral Spary,150 ml,579,https://chaldal.com/pet-grooming-cleaning
Versele Laga Cat Dry Shampoo,150 ml,1049,https://chaldal.com/pet-grooming-cleaning
Petme Oral +Plus Gel,30 gm,469,https://chaldal.com/pet-grooming-cleaning
Petslife Lorikeet Diet Bird Food,250 gm,599,https://chaldal.com/bird-food
Petslife Fruit Mix Pellets For Parrots,150 gm,350,https://chaldal.com/bird-food
Gold Wings Premium Budgies Mix,1 kg,529,https://chaldal.com/bird-food
SmartHeart Rabbit Food Veggies & Cereals,200 gm,99,https://chaldal.com/bird-food
Varsele Laga Nutri A19 Bird Food,800 gm,1799,https://chaldal.com/bird-food
Versele Laga Rabbit Food Crock Complete (Carrot),50 gm,359,https://chaldal.com/bird-food
Singapore Math Book 1B,each,450,https://chaldal.com/toys-sports
Deer Football (Size 5),each,909,https://chaldal.com/toys-sports
Bear Hug Me Soft Toy,each,1375,https://chaldal.com/toys-sports
Hello Kitty Big Love soft Toy,each,1090,https://chaldal.com/toys-sports
Taddy Bear Galice Soft Toy,each,870,https://chaldal.com/toys-sports
Pooh Bear Size M,each,990,https://chaldal.com/toys-sports
Birthday Celebration Balloon,20 pcs,150,https://chaldal.com/toys-sports
Golden Wings Badminton Shuttlecock,12 pcs,500,https://chaldal.com/toys-sports
Happy Anniversary Foil (Golden) 16 Letters,,195,https://chaldal.com/toys-sports
LCD Writing Tablet 8.5 Inches,each,299,https://chaldal.com/toys-sports
Golden Wing G10 Badminton Shuttlecock,6 pcs,399,https://chaldal.com/toys-sports
Dettol Fresh Liquid Handwash Refill,170 ml,80,https://chaldal.com/handwash-handrub
Dettol Fresh Liquid Handwash Pump,200 ml,110,https://chaldal.com/handwash-handrub
Dettol Handwash Original Liquid Refill,170 ml,80,https://chaldal.com/handwash-handrub
Dettol Handwash Original Liquid Pump,200 ml,110,https://chaldal.com/handwash-handrub
ACI Savlon Ocean Blue Antiseptic Handwash Refill,170 ml,80,https://chaldal.com/handwash-handrub
Dettol Handwash Skincare Liquid Refill,170 ml,80,https://chaldal.com/handwash-handrub
Dettol Handwash Re-Energize Liquid Refill,750 ml,270,https://chaldal.com/handwash-handrub
Savlon Instant Hand Sanitizer,200 ml,200,https://chaldal.com/handwash-handrub
Savlon Hand Sanitizer,50 ml,80,https://chaldal.com/handwash-handrub
Dettol Handwash Re-Energize Liquid,5 ltr,1400,https://chaldal.com/handwash-handrub
Hexisol Hand Rub,50 ml,55,https://chaldal.com/handwash-handrub
Hexisol Hand Rub,250 ml,140,https://chaldal.com/handwash-handrub
Sepnil Instant Hand Sanitizer,40 ml,80,https://chaldal.com/handwash-handrub
Dettol Handwash Aloe Vera Liquid Pump,200 ml,110,https://chaldal.com/handwash-handrub
Dettol Handwash Aloe Vera Liquid Refill,170 ml,80,https://chaldal.com/handwash-handrub
Sepnil Instant Hand Sanitizer,200 ml,250,https://chaldal.com/handwash-handrub
Dettol Handwash Cool Liquid Refill,170 ml,80,https://chaldal.com/handwash-handrub
Dettol Handwash Cool Liquid Pump,200 ml,110,https://chaldal.com/handwash-handrub
Dettol Handwash Skincare Liquid Pump,200 ml,110,https://chaldal.com/handwash-handrub
Lifebuoy Handwash Total Pump,200 ml,120,https://chaldal.com/handwash-handrub
Mother's Smile Profom Milk Jar,400 gm,630,https://chaldal.com/food-supplements
Standard Horlicks Health And Nutrition Drink Jar,250 gm,280,https://chaldal.com/food-supplements
Mother's Horlicks Health and Nutrition Drink BIB,350 gm,620,https://chaldal.com/food-supplements
Horlicks Chocolate Flavour Jar,500 gm,550,https://chaldal.com/food-supplements
Junior Horlicks Health And Nutrition Drink Container Stage-2,500 gm,550,https://chaldal.com/food-supplements
Standard Horlicks Health And Nutrition Drink Jar,500 gm,500,https://chaldal.com/food-supplements
Maltova Health And Nutrition Drink BIB,400 gm,550,https://chaldal.com/food-supplements
Boost Chocolate Jar,400 gm,550,https://chaldal.com/food-supplements
Women's Plus Horlicks Health And Nutrition Drink Jar,400 gm,600,https://chaldal.com/food-supplements
Horlicks Lite Health And Nutrition Drink Jar,400 gm,650,https://chaldal.com/food-supplements
PediaSure Vanilla Delight,1 kg,3385,https://chaldal.com/food-supplements
Thai Adult Pant Diaper M Waist Size 27-45 Inch,10 pcs,679,https://chaldal.com/adult-diapers
SmartCare Adult Diaper M 60-110 cm,10 pcs,920,https://chaldal.com/adult-diapers
Thai Adult Pant Diaper L Waist Size 30-55 Inch,10 pcs,739,https://chaldal.com/adult-diapers
Aspire Adult Diaper Belt M 76- 116 cm,8 pcs,719,https://chaldal.com/adult-diapers
Glory Adult Diaper Large (110-150 cm),8 pcs,839,https://chaldal.com/adult-diapers
SmartCare Disposable Underpads XL (60 X 90 cm),10 pcs,649,https://chaldal.com/adult-diapers
Aspire Premium Adult Wet Towel,80 pcs,400,https://chaldal.com/adult-diapers
Safe-Accu Blood Glucose Monitor Device Kit,,1500,https://chaldal.com/medical-devices
Hot Water Bottle With Flees Cover (Assorted Color),2000 ml,299,https://chaldal.com/medical-devices
Digital Thermometer,each,189,https://chaldal.com/medical-devices
Safe-Accu Blood Glucose Test Strip In Foil Pack,25 pcs,520,https://chaldal.com/medical-devices
Safe-Accu Blood Glucose Test Strip In Foil Pack,50 pcs,1000,https://chaldal.com/medical-devices
Safe-Accu Blood Glucose Monitor Device Kit (Free Sir 750 ml),,1500,https://chaldal.com/medical-devices
Rohs Fingertip Pulse Oximeter,each,819,https://chaldal.com/medical-devices
Digital Thermometer with Beeper,each,849,https://chaldal.com/medical-devices
