Item Name,Quantity/Volume,Price (BDT),Link
Telapiya Fish Processed ±50 gm,1 kg,319,https://chaldal.com/frozen-fish
Deshi Sarputi Fish ±30 gm,500 gm,179,https://chaldal.com/frozen-fish
Shol Fish Processed ±50 gm,1 kg,849,https://chaldal.com/frozen-fish
Boal Fish After Cutting  ±50 gm,1 kg,869,https://chaldal.com/frozen-fish
Pabda Fish ±30 gm,500 gm,199,https://chaldal.com/frozen-fish
Pangas Fish After Cutting ±50 gm,1 kg,279,https://chaldal.com/frozen-fish
Kaski Fish ±15 gm,250 gm,149,https://chaldal.com/frozen-fish
Rui Fish After Cutting ±50 gm,1 kg,439,https://chaldal.com/frozen-fish
Gura Chingri (Shrimp) ±15 gm,250 gm,249,https://chaldal.com/frozen-fish
Koi Fish Processed ±50 gm,1 kg,369,https://chaldal.com/frozen-fish
Shing Fish Processed ±30 gm,500 gm,299,https://chaldal.com/frozen-fish
Mix Fish (Deshi) ± 30 gm,500 gm,269,https://chaldal.com/frozen-fish
PQS Chapila Fish Processed,250 gm,165,https://chaldal.com/frozen-fish
Mola Fish Deshi ±15 gm,250 gm,169,https://chaldal.com/frozen-fish
Ayer Fish After Cutting ±30 gm,500 gm,479,https://chaldal.com/frozen-fish
Magur Fish Processed ±30 gm,500 gm,399,https://chaldal.com/frozen-fish
Silver Carp Fish After Cutting ±50 gm,1 kg,289,https://chaldal.com/frozen-fish
Tengra Fish Deshi ±20 gm,400 gm,279,https://chaldal.com/frozen-fish
Catla Fish After Cutting ±70 gm,1.5 kg,689,https://chaldal.com/frozen-fish
Puti Fish ±15 gm,250 gm,149,https://chaldal.com/frozen-fish
Tatkini Fish ±30 gm,500 gm,159,https://chaldal.com/frozen-fish
Globe Pangus Fish Sliced ± 50 gm,1 kg,370,https://chaldal.com/frozen-fish
Globe Koi Fish Processed ± 50 gm,1 kg,520,https://chaldal.com/frozen-fish
Globe Telapia Fish Processed ± 50 gm,1 kg,375,https://chaldal.com/frozen-fish
Mrigel Fish After Cutting ± 50 gm,1 kg,369,https://chaldal.com/frozen-fish
Globe Pabda Fish Whole ±30 gm,500 gm,370,https://chaldal.com/frozen-fish
Globe Deshi Mola Fish Processed (Headless) ±15 gm,250 gm,240,https://chaldal.com/frozen-fish
Globe Deshi Puti Fish Processed ±15 gm,250 gm,145,https://chaldal.com/frozen-fish
Globe White Fish Fillet (3-4 pcs) ±50 gm,1 kg,585,https://chaldal.com/frozen-fish
PQS Halda Hawor Puti Block Fish Processed,250 gm,195,https://chaldal.com/frozen-fish
PQS Halda Hawor Pabda Block Fish Processed,250 gm,260,https://chaldal.com/frozen-fish
PQS Halda Hawor Shing Block Fish Processed,250 gm,240,https://chaldal.com/frozen-fish
PQS Halda Hawor Mola Block Fish Processed,250 gm,285,https://chaldal.com/frozen-fish
PQS Halda Hawor Kaski Block Fish Processed,250 gm,238,https://chaldal.com/frozen-fish
Grass Carp Fish After Cutting ±50 gm,1 kg,369,https://chaldal.com/frozen-fish
PQS Chikra Baim Fish Processed,250 gm,285,https://chaldal.com/frozen-fish
PQS Chela Pata Fish Processed,250 gm,350,https://chaldal.com/frozen-fish
PQS Bata Fish Processed,250 gm,190,https://chaldal.com/frozen-fish
PQS Rohu Fish Processed,250 gm,235,https://chaldal.com/frozen-fish
PQS Rani Fish Processed,250 gm,405,https://chaldal.com/frozen-fish
PQS Mix Fish Processed,250 gm,210,https://chaldal.com/frozen-fish
PQS Baila Fish Processed,250 gm,190,https://chaldal.com/frozen-fish
PQS Taposhi Fish Processed,250 gm,300,https://chaldal.com/frozen-fish
PQS Tengra Fish Processed,250 gm,275,https://chaldal.com/frozen-fish
Gulsha Fish Medium ±30 gm,500 gm,389,https://chaldal.com/frozen-fish
Rupchanda Fish Medium ±30 gm,500 gm,729,https://chaldal.com/frozen-fish
Koral Fish After Cutting ± 50 gm,1 kg,1039,https://chaldal.com/frozen-fish
Carfu Fish After Cutting ±50 gm,1 kg,469,https://chaldal.com/frozen-fish
Baila Fish Medium ±30 gm,500 gm,359,https://chaldal.com/frozen-fish
Whole Hilsha Fish (Asto Ilish) ±50 gm,1.1 kg,3199,https://chaldal.com/frozen-fish
Whole Deshi Chicken Skin Off ± 25 gm,500 gm,639,https://chaldal.com/meat-new
Broiler Whole Chicken Leg Skin On (± 50 gm),1 kg,489,https://chaldal.com/meat-new
Broiler Chicken Skin On ± 50 gm,1 kg,289,https://chaldal.com/meat-new
Broiler Chicken Skin Off ± 50 gm,1 kg,319,https://chaldal.com/meat-new
Cock Chicken Skin Off ± 25 gm,500 gm,329,https://chaldal.com/meat-new
Beef Bone In ± 50 gm,1 kg,799,https://chaldal.com/meat-new
Beef Boneless ± 25 gm,500 gm,619,https://chaldal.com/meat-new
Roast Chicken ± 10 gm,275 gm,189,https://chaldal.com/meat-new
Beef Liver (Kolija),500 gm,429,https://chaldal.com/meat-new
Broiler Chicken Breast Boneless ± 50 gm,1 kg,599,https://chaldal.com/meat-new
Broiler Chicken Thigh Boneless ± 50 gm,1 kg,449,https://chaldal.com/meat-new
Beef Ribs (Shinar Mangsho),1 kg,799,https://chaldal.com/meat-new
Broiler Chicken Drumsticks ± 50 gm (9-12 pcs),1 kg,499,https://chaldal.com/meat-new
Broiler Chicken Breast Boneless ± 25 gm,500 gm,299,https://chaldal.com/meat-new
Bengal Meat Beef Keema ± 50 gm,1 kg,1050,https://chaldal.com/meat-new
Chicken Liver (Kolija) ± 25 gm,500 gm,199,https://chaldal.com/meat-new
Beef Bone In (Net Weight ± 25 gm),500 gm,409,https://chaldal.com/meat-new
Bengal Meat Beef Head Meat,1 kg,550,https://chaldal.com/meat-new
Bengal Meat Chicken Thigh Keema ± 50 gm,1 kg,635,https://chaldal.com/meat-new
Beef Head Meat Regular,1 kg,499,https://chaldal.com/meat-new
Beef Brain (Mogoz),each,519,https://chaldal.com/meat-new
Bengal Meat Whole Chicken Curry Cut ± 50 gm,1 kg,465,https://chaldal.com/meat-new
Beef Bone In ± 20 gm,250 gm,209,https://chaldal.com/meat-new
Broiler Chicken Breast With Bone ± 25 gm,500 gm,235,https://chaldal.com/meat-new
Mutton Paya,5 pcs,199,https://chaldal.com/meat-new
Broiler Chicken Drumsticks ± 25 gm (6-8 pcs),500 gm,249,https://chaldal.com/meat-new
Broiler Chicken Thigh Boneless ± 25 gm,500 gm,199,https://chaldal.com/meat-new
Quail Meat,2 pcs,169,https://chaldal.com/meat-new
Mutton Head Meat Regular (Net Weight ± 50 gm),1 kg,639,https://chaldal.com/meat-new
Halim Meat (Beef) ± 20 gm,300 gm,249,https://chaldal.com/meat-new
Chaldal Premium Broiler Chicken Wings ± 50 gm,500 gm,219,https://chaldal.com/meat-new
Whole Layer Chicken Skin Off (Net Weight ± 50 gm),1330 gm,859,https://chaldal.com/meat-new
Chicken Liver Gizzard Mix,1 kg,239,https://chaldal.com/meat-new
Beef Keema,500 gm,639,https://chaldal.com/meat-new
Chicken Keema (Net Weight ± 50 gm),1 kg,679,https://chaldal.com/meat-new
Broiler Chicken Wings (± 50 gm),1 kg,459,https://chaldal.com/meat-new
Broiler Chicken Breast With Bone (± 50 gm),1 kg,499,https://chaldal.com/meat-new
Mutton Brain (Mogoz),2 pcs,259,https://chaldal.com/meat-new
Beef Paya ± 100 gm,2 kg,1099,https://chaldal.com/meat-new
Mutton Paya,10 pcs,399,https://chaldal.com/meat-new
Mutton Bone in (Khashi) ± 50 gm,1 kg,1199,https://chaldal.com/meat-new
Pigeon Meat,each,189,https://chaldal.com/meat-new
Quail Meat,4 pcs,299,https://chaldal.com/meat-new
Bengal Meat Beef Paya,2 kg,1120,https://chaldal.com/meat-new
Live Cock Chicken (Processed) ± 25 gm,500 gm,299,https://chaldal.com/meat-new
Whole Deshi Duck Skin On (Net Weight ± 50 gm),900 gm,789,https://chaldal.com/meat-new
Beef Tripe (Vuri),1 kg,499,https://chaldal.com/meat-new
Cow Lungs ± 25 gm,500 gm,249,https://chaldal.com/meat-new
Deshi Duck With Skin After Cutting (Net Weight ± 50 gm),1 kg,899,https://chaldal.com/meat-new
Beijing Duck Meat After Cutting (Net Weight ± 50 gm),1 kg,799,https://chaldal.com/meat-new
Welcome Light Meat Tuna In Sunflower Oil (Flake),170 gm,190,https://chaldal.com/tofu-meat-alternatives
King Bell Tuna Salad Vegetables,170 gm,320,https://chaldal.com/tofu-meat-alternatives
King Bell Tuna Salad In Tomato Sauce,170 gm,310,https://chaldal.com/tofu-meat-alternatives
King Bell Whole Baby Corn Tin,425 gm,180,https://chaldal.com/tofu-meat-alternatives
Nautilus Lite Sandwich Tuna In Spring Water,165 gm,429,https://chaldal.com/tofu-meat-alternatives
Nautilus Sandwich Tuna In Soybean Oil,165 gm,319,https://chaldal.com/tofu-meat-alternatives
Nautilus Lite Tuna Chunk Soybean Oil,165 gm,319,https://chaldal.com/tofu-meat-alternatives
Farina Laccha Shemai,500 gm,140,https://chaldal.com/shemai-suji
Farina Chutki Shemai,200 gm,40,https://chaldal.com/shemai-suji
Rahul Vermicelli Chikon Shemai,200 gm,40,https://chaldal.com/shemai-suji
Kolson Cock Vermicelli (Shemai),200 gm,45,https://chaldal.com/shemai-suji
Banoful Lashcha Shemai,200 gm,50,https://chaldal.com/shemai-suji
Teer Semolina Suji,500 gm,48,https://chaldal.com/shemai-suji
ACI Pure Suji,500 gm,48,https://chaldal.com/shemai-suji
Kolson Special Lascha Semai,180 gm,50,https://chaldal.com/shemai-suji
Radhuni Shemai,200 gm,45,https://chaldal.com/shemai-suji
Bombay Sweets Instant Laccha Shemai,180 gm,60,https://chaldal.com/shemai-suji
Olympic Lascha Shemai,200 gm,50,https://chaldal.com/shemai-suji
Rahul Vermicelli Chikon Shemai,500 gm,90,https://chaldal.com/shemai-suji
Banoful Vermicelli Shemai,200 gm,45,https://chaldal.com/shemai-suji
Dekko Laccha Shemai,180 gm,50,https://chaldal.com/shemai-suji
Pran Vermicelli Shemai,200 gm,45,https://chaldal.com/shemai-suji
Dekko Shahi Shemai,180 gm,45,https://chaldal.com/shemai-suji
Thai Choice Rice Noodles,200 gm,350,https://chaldal.com/shemai-suji
Fresh Suji,500 gm,48,https://chaldal.com/shemai-suji
Dekko Apyayan Lachsa Semai,180 gm,50,https://chaldal.com/shemai-suji
Rahul Vermicelli I Shape Shemai,200 gm,40,https://chaldal.com/shemai-suji
Rahul Vermicelli U Shape Shemai,200 gm,45,https://chaldal.com/shemai-suji
Chickpea Flour (Boot Beshon),500 gm,69,https://chaldal.com/miscellaneous
Sagudana,200 gm,45,https://chaldal.com/miscellaneous
Foster Clark's Corn Flour,400 gm,360,https://chaldal.com/miscellaneous
Tamarind peeled (Tetul),200 gm,55,https://chaldal.com/miscellaneous
Pumpkin Seed,100 gm,99,https://chaldal.com/miscellaneous
Nutmeg (Jayfal) Whole,5 pcs,49,https://chaldal.com/miscellaneous
Fit Food Italian Seasoning,80 gm,250,https://chaldal.com/miscellaneous
Fit Food Cajun Seasoning,80 gm,250,https://chaldal.com/miscellaneous
Barilla Pasta Sauce Jar Napoletana,400 gm,599,https://chaldal.com/miscellaneous
Barilla Pasta Sauce Jar Arrabbiata,400 gm,599,https://chaldal.com/miscellaneous
Barilla Pasta Sauce Jar Basilico,400 gm,599,https://chaldal.com/miscellaneous
Kidney Bean,500 gm,129,https://chaldal.com/miscellaneous
Remia Dijon Mustard,370 gm,520,https://chaldal.com/miscellaneous
BBQ Coal Bag,1 kg,149,https://chaldal.com/miscellaneous
Bread Crumbs Loose,200 gm,45,https://chaldal.com/miscellaneous
Uncle Barn's Tempura Flour,500 gm,275,https://chaldal.com/miscellaneous
Rahul Pure Mustard Oil,1 ltr,355,https://chaldal.com/oil
Farmer's Gold Flaxseed Oil,100 ml,165,https://chaldal.com/oil
La Espanola Extra Virgin Olive Oil,500 ml,1350,https://chaldal.com/oil
Teer Fortified Soyabean Oil,2 ltr,398,https://chaldal.com/oil
Fresh Fortified Soyabean Oil,5 ltr,975,https://chaldal.com/oil
Teer Fortified Soyabean Oil,1 ltr,199,https://chaldal.com/oil
Fresh Fortified Soyabean Oil,2 ltr,398,https://chaldal.com/oil
Radhuni Pure Mustard Oil,500 ml,200,https://chaldal.com/oil
Radhuni Pure Mustard Oil,1 ltr,380,https://chaldal.com/oil
ACI Nutrilife Rice Bran Oil,5 ltr,1160,https://chaldal.com/oil
Pusti Fortified Soyabean Oil,1 ltr,199,https://chaldal.com/oil
Fresh Mustard Oil,500 ml,180,https://chaldal.com/oil
Fresh Mustard Oil,1 ltr,330,https://chaldal.com/oil
Fresh Rice Bran Oil,5 ltr,1080,https://chaldal.com/oil
Fortune Fortified Rice Bran Oil,5 ltr,1210,https://chaldal.com/oil
King's Sunflower Oil Pet,5 ltr,2100,https://chaldal.com/oil
Orkide Sunflower Oil,5 ltr,2100,https://chaldal.com/oil
Ecorganic Fortified Sunflower Oil Pet,5 ltr,2125,https://chaldal.com/oil
Foodela Mustard Oil,1 ltr,360,https://chaldal.com/oil
Foodela Mustard Oil,500 ml,180,https://chaldal.com/oil
Radhuni Pure Mustard Oil,2 ltr,750,https://chaldal.com/oil
Starship Fortified Soyabean Oil,2 ltr,398,https://chaldal.com/oil
Farmer's Gold Peanut oil,100 ml,345,https://chaldal.com/oil
Olio Orolio Olive Oil,3 ltr,4100,https://chaldal.com/oil
Olio Orolio Extra Virgin Olive Oil,5 ltr,10800,https://chaldal.com/oil
Olitalia Italian Pomace Olive Oil,250 ml,750,https://chaldal.com/oil
Sunshine Mustard Oil,1 ltr,360,https://chaldal.com/oil
Olio Orolio Olive Oil,1 ltr,1565,https://chaldal.com/oil
Olio Orolio Olive Oil,750 ml,1190,https://chaldal.com/oil
Olio Orolio Olive Oil,500 ml,900,https://chaldal.com/oil
Olio Orolio Extra Virgin Olive Oil,1 ltr,2300,https://chaldal.com/oil
Olio Orolio Extra Virgin Olive Oil,500 ml,1195,https://chaldal.com/oil
Clariss Olive Oil Pomace Glass Bottle,250 ml,495,https://chaldal.com/oil
Ceylon Organic Extra Virgin Coconut Oil,200 ml,600,https://chaldal.com/oil
Luglio Extra Virgin Olive Oil,1 ltr,1950,https://chaldal.com/oil
Golden Drop Sunflower Oil,5 ltr,2150,https://chaldal.com/oil
Ceylon Organic Extra Virgin Coconut Oil,500 ml,1590,https://chaldal.com/oil
Naturel Organic Extra Virgin Coconut Oil,500 ml,1525,https://chaldal.com/oil
Orkide Extra Virgin Olive Oil,500 ml,675,https://chaldal.com/oil
Pran Mustard Oil,1 ltr,340,https://chaldal.com/oil
Saffola Active Plus Edible Oil,5 ltr,2000,https://chaldal.com/oil
YO WE Fragrance Sesame Oil,630 ml,1045,https://chaldal.com/oil
Pran Mustard Oil,500 ml,170,https://chaldal.com/oil
Ambassador Spanish Olive Oil Can,150 ml,550,https://chaldal.com/oil
Olio Orolio Olive Oil,5 ltr,6855,https://chaldal.com/oil
Olio Orolio Extra Virgin Olive Oil,750 ml,1770,https://chaldal.com/oil
Aroma Mustard Oil,1 ltr,340,https://chaldal.com/oil
Ligion Black Seed Oil,75 ml,225,https://chaldal.com/oil
Tiara Food Color (Green),28 ml,90,https://chaldal.com/colors-flavours
Bragg Organic Apple Cider Vinegar,946 ml,1499,https://chaldal.com/colors-flavours
Hershey's Chocolate Syrup,623 gm,1029,https://chaldal.com/colors-flavours
Kikkoman Premium Soy Sauce,600 ml,679,https://chaldal.com/colors-flavours
Pran Synthetic Vinegar,650 ml,55,https://chaldal.com/colors-flavours
Kewra Jal (Screwpine Water),200 ml,29,https://chaldal.com/colors-flavours
Ahmed White Vinegar,500 ml,70,https://chaldal.com/colors-flavours
Radhuni Kasundi,285 ml,65,https://chaldal.com/colors-flavours
Tiara Food Color (Red),28 ml,90,https://chaldal.com/colors-flavours
Foster Clark's Culinary Essence Orange,28 ml,160,https://chaldal.com/colors-flavours
Foster Clark's Food Color Orange,28 ml,140,https://chaldal.com/colors-flavours
American Garden Pizza Sauce Classic,397 ml,670,https://chaldal.com/colors-flavours
Hosen Gherkins Original Flavour Jar,680 gm,529,https://chaldal.com/colors-flavours
Foster Clark's Culinary Essence Rose,28 ml,140,https://chaldal.com/colors-flavours
Maggi Seasoning Sauce,680 ml,439,https://chaldal.com/colors-flavours
Saporito Red Grape Vinegar,500 ml,619,https://chaldal.com/colors-flavours
French's Classic Yellow Mustard,255 gm,460,https://chaldal.com/colors-flavours
Ahmed White Vinegar,325 ml,58,https://chaldal.com/colors-flavours
Foster Clark's Culinary Essence Strawberry,28 ml,140,https://chaldal.com/colors-flavours
Foster Clark's Culinary Essence Vanilla,28 ml,140,https://chaldal.com/colors-flavours
Hershey's Strawberry Syrup,623 gm,939,https://chaldal.com/colors-flavours
Foster Clark's Food Colour (Red),28 ml,140,https://chaldal.com/colors-flavours
Ching's Red Chilli Sauce,200 gm,160,https://chaldal.com/other-sauces
Ching's Green Chilli Sauce,680 gm,350,https://chaldal.com/other-sauces
Ching's Green Chilli Sauce,190 gm,150,https://chaldal.com/other-sauces
Ching's Chilli Sauce,680 gm,350,https://chaldal.com/other-sauces
Saad Sweet Chilli Sauce,340 gm,150,https://chaldal.com/other-sauces
Ruchi Sweet Chilli Sauce,350 gm,130,https://chaldal.com/other-sauces
Ahmed Hot Chilli Sauce,340 gm,129,https://chaldal.com/other-sauces
Ahmed Green Chilli Sauce,340 gm,115,https://chaldal.com/other-sauces
Pran Chilli Sauce,340 gm,150,https://chaldal.com/other-sauces
Nando's Peri Peri Hot Sauce,250 gm,549,https://chaldal.com/other-sauces
Teo Tak Seng Silver Pomfret Fish Sauce 750 cc,,495,https://chaldal.com/other-sauces
Ahmed Sweet Chilli Sauce,340 gm,140,https://chaldal.com/other-sauces
Ruchi Sweet Chili Sauce,200 gm,90,https://chaldal.com/other-sauces
Ruchi BBQ Sauce,200 gm,150,https://chaldal.com/other-sauces
Pran Green Chilli Sauce,340 gm,130,https://chaldal.com/other-sauces
Kishwan Hot Chilli Sauce,340 gm,120,https://chaldal.com/other-sauces
Mr. Hung Sweet Chilli Sauce,700 ml,500,https://chaldal.com/other-sauces
Sriracha Hot Chilli Sauce,482 gm,1200,https://chaldal.com/other-sauces
ACME Sweet Chilli Sauce,340 gm,120,https://chaldal.com/other-sauces
Barilla Pasta Sauce Jar Napoletana,400 gm,599,https://chaldal.com/other-sauces
Barilla Pasta Sauce Jar Arrabbiata,400 gm,599,https://chaldal.com/other-sauces
Barilla Pasta Sauce Jar Basilico,400 gm,599,https://chaldal.com/other-sauces
Ahmed Tamarind Sauce,340 gm,130,https://chaldal.com/other-sauces
Ahmed Garlic Sauce,340 gm,140,https://chaldal.com/other-sauces
Ahmed Chilli Sauce,340 gm,150,https://chaldal.com/other-sauces
Nando's Peri Peri Mild Sauce,250 gm,579,https://chaldal.com/other-sauces
Ruchi Red Chilli Sauce,360 gm,150,https://chaldal.com/other-sauces
Nando's Pepper Sauce X-mild,250 gm,550,https://chaldal.com/other-sauces
Nando's Extra Extra Hot Peri Peri Sauce,250 gm,550,https://chaldal.com/other-sauces
Nando's Peri Peri Wild Herb Sauce,250 gm,549,https://chaldal.com/other-sauces
Nando's Garlic Sauce,250 gm,550,https://chaldal.com/other-sauces
Umami BBQ Sauce,300 ml,275,https://chaldal.com/other-sauces
King Bell Chilli Sauce,300 ml,190,https://chaldal.com/other-sauces
Life Oriental Barbecue Sauce,250 gm,223,https://chaldal.com/other-sauces
American Garden BBQ Sauce Original,510 gm,639,https://chaldal.com/other-sauces
Suree Sweet Chilli Sauce,295 ml,375,https://chaldal.com/other-sauces
Remia Garlic Sauce,250 ml,299,https://chaldal.com/other-sauces
Best's Chilli & Garlic Sauce,320 gm,210,https://chaldal.com/other-sauces
Chicken Eggs (Layer),12 pcs,139,https://chaldal.com/eggs
Chicken Eggs Layer (White),12 pcs,129,https://chaldal.com/eggs
Chicken Eggs (Deshi),6 pcs,109,https://chaldal.com/eggs
Chicken Eggs (Layer),6 pcs,65,https://chaldal.com/eggs
Duck Eggs (Hasher Dim),6 pcs,115,https://chaldal.com/eggs
Quail Eggs,20 pcs,89,https://chaldal.com/eggs
Chicken Eggs Layer (White),6 pcs,65,https://chaldal.com/eggs
Paragon Omega 3+ Eggs,12 pcs,265,https://chaldal.com/eggs
Starship Full Cream Milk Powder,500 gm,375,https://chaldal.com/powder-milk
Starship Full Cream Milk Powder,1 kg,770,https://chaldal.com/powder-milk
Marks Full Cream Milk Powder Poly,500 gm,480,https://chaldal.com/powder-milk
Dano Daily Pushti Milk Powder,500 gm,400,https://chaldal.com/powder-milk
Marks Full Cream Milk Powder Poly,1 kg,950,https://chaldal.com/powder-milk
Dano Daily Pushti Milk Powder,1 kg,770,https://chaldal.com/powder-milk
Dano Power Full Cream Milk Powder,500 gm,480,https://chaldal.com/powder-milk
Dano Delight Full Cream Milk Powder,500 gm,480,https://chaldal.com/powder-milk
Fresh Instant Full Cream Milk Powder,500 gm,480,https://chaldal.com/powder-milk
Dano Power Full Cream Milk Powder,1 kg,950,https://chaldal.com/powder-milk
Nestle Nido Family Choice Milk Powder Pouch,500 gm,490,https://chaldal.com/powder-milk
Fresh Instant Full Cream Milk Powder,1 kg,950,https://chaldal.com/powder-milk
Nestle Nido Fortigrow Full Cream Milk Powder Tin,1 kg,1400,https://chaldal.com/powder-milk
AMA Full Cream Milk Powder,500 gm,440,https://chaldal.com/powder-milk
Farm Fresh Full Cream Milk Powder,500 gm,475,https://chaldal.com/powder-milk
Fresh Dessert Milk Powder,1 kg,750,https://chaldal.com/powder-milk
Goalini Full Cream Milk Powder,1 kg,910,https://chaldal.com/powder-milk
Marks Milk Powder Tin,1 kg,1300,https://chaldal.com/powder-milk
Cowhead Instant Milk Powder,1.8 kg,3700,https://chaldal.com/powder-milk
Fresh Insta Milk Powder,500 gm,480,https://chaldal.com/powder-milk
Pran Full Cream Milk Powder,1 kg,840,https://chaldal.com/powder-milk
Marks Young Star (16-40 years),400 gm,425,https://chaldal.com/powder-milk
Shape Up Non Fat High Protein Milk Powder,400 gm,490,https://chaldal.com/powder-milk
Nestle Nido Fortigrow Full Cream Milk Powder Tin,2.5 kg,3400,https://chaldal.com/powder-milk
Aarong Dairy Sour Curd,500 gm,120,https://chaldal.com/yogurt
Aarong Dairy Low Fat Yogurt (Sour),500 gm,110,https://chaldal.com/yogurt
Aarong Dairy Sweetened Yogurt,500 gm,150,https://chaldal.com/yogurt
Pran Sour Curd,500 ml,120,https://chaldal.com/yogurt
Shokti+ Mishti Doi,75 gm,25,https://chaldal.com/yogurt
Pran Drinking Yogurt,200 ml,30,https://chaldal.com/yogurt
Pran Sweetened Yogurt,100 gm,30,https://chaldal.com/yogurt
Aarong Dairy Pantoa,600 gm,210,https://chaldal.com/yogurt
Aarong Dairy Roshogolla,600 gm,200,https://chaldal.com/yogurt
Aarong Dairy Roshogolla (20±2 pcs),1 kg,350,https://chaldal.com/yogurt
Aarong Dairy Austagram Cheese,200 gm,190,https://chaldal.com/cheeses
Aarong Dairy Paneer,200 gm,200,https://chaldal.com/cheeses
Mozzarella Cheese,250 gm,270,https://chaldal.com/cheeses
Puck Cheese Triangles 240 gm,16 pcs,605,https://chaldal.com/cheeses
Puck Cheese Triangles 120 gm,8 pcs,305,https://chaldal.com/cheeses
Lactima Slice Cheese (12 Slice),200 gm,510,https://chaldal.com/cheeses
Eru Slice Cheese Cheddar Herb (8 Slice),150 gm,790,https://chaldal.com/cheeses
American Garden Popcorn Cheese,273 gm,400,https://chaldal.com/cheeses
Aarong Dairy Cheese Spread Garlic,180 gm,300,https://chaldal.com/cheeses
Aarong Dairy Cheese Spread Pizza,180 gm,260,https://chaldal.com/cheeses
Aarong Dairy Cheese Spread Classic,180 gm,290,https://chaldal.com/cheeses
Almarai spreadable Cream Cheese,500 gm,1290,https://chaldal.com/cheeses
Kraft Processed Cheddar Cheese Tin,190 gm,470,https://chaldal.com/cheeses
Almarai Spreadable Cream Cheese,200 gm,619,https://chaldal.com/cheeses
Aarong Dairy Butter,200 gm,270,https://chaldal.com/butter-sour-cream
Milk Vita Butter,200 gm,270,https://chaldal.com/butter-sour-cream
Vivo Ambient Whip Topping with Vegetable Fat,1100 gm,736,https://chaldal.com/butter-sour-cream
Pran Butter (Fresco Container),200 gm,280,https://chaldal.com/butter-sour-cream
Lurpak Butter Unsalted,200 gm,880,https://chaldal.com/butter-sour-cream
Lurpak Salted Spreadable Butter,250 gm,990,https://chaldal.com/butter-sour-cream
Bread Pit White Bread,500 gm,110,https://chaldal.com/breads
White Bread,500 gm,70,https://chaldal.com/breads
Bread Pit Burger Bun,4 pcs,90,https://chaldal.com/breads
Bread Pit Milk Bread,300 gm,120,https://chaldal.com/breads
Bread Pit Multigrain Bread,300 gm,149,https://chaldal.com/breads
Tata Tea Premium,400 gm,149,https://chaldal.com/tea-coffee-2
Dilmah Ceylon Moroccan Mint Green Tea,40 gm,549,https://chaldal.com/tea-coffee-2
Ispahani Mirzapore Best Leaf Tea,500 gm,270,https://chaldal.com/tea-coffee-2
Dilmah Premium Ceylon Tea 50 gm,25 pcs,480,https://chaldal.com/tea-coffee-2
Nestle Nescafe 3 in 1 Iced Frappe Cold Coffee Mix,30 gm,50,https://chaldal.com/tea-coffee-2
Sylhet Golden Premium Black Tea,400 gm,210,https://chaldal.com/tea-coffee-2
Tetley Green Tea Bag Masala Cha 25 pcs,35 gm,160,https://chaldal.com/tea-coffee-2
Dilmah Ceylon Green Tea With Cardamom,40 gm,715,https://chaldal.com/tea-coffee-2
Fresh Premium Tea Bag,100 gm,95,https://chaldal.com/tea-coffee-2
Lipton Green Tea Bag Honey and Lemon,25 pcs,170,https://chaldal.com/tea-coffee-2
Tetley Green Tea Bag Pure and Original 25 pcs,32.5 gm,140,https://chaldal.com/tea-coffee-2
AMA Coffee 3 In 1,15 gm,10,https://chaldal.com/tea-coffee-2
Seylon Instant Milk Tea 3 in 1,15 gm,10,https://chaldal.com/tea-coffee-2
Fresh Coffee 3 in 1,15 gm,10,https://chaldal.com/tea-coffee-2
Ispahani Mirzapore Tea Bag,50 pcs,100,https://chaldal.com/tea-coffee-2
Ispahani Mirzapore Best Leaf Tea,400 gm,230,https://chaldal.com/tea-coffee-2
Ispahani Mirzapore Best Leaf Tea,200 gm,116,https://chaldal.com/tea-coffee-2
Brooke Bond Taaza Black Tea,400 gm,250,https://chaldal.com/tea-coffee-2
Seylon Gold Tea,500 gm,240,https://chaldal.com/tea-coffee-2
Nestle Nescafe Classic Instant Coffee Jar,45 gm,275,https://chaldal.com/tea-coffee-2
Brooke Bond Taaza Black Tea,200 gm,130,https://chaldal.com/tea-coffee-2
Nestle Coffee Mate Coffee Creamer Box,450 gm,380,https://chaldal.com/tea-coffee-2
Kazi & Kazi Organic Green Tea 40 pcs,60 gm,215,https://chaldal.com/tea-coffee-2
Nestle Nescafe Classic Instant Coffee Jar,90 gm,475,https://chaldal.com/tea-coffee-2
MacCoffee Instant Coffee Pouch,200 gm,850,https://chaldal.com/tea-coffee-2
Tora Bika Cappuccino 25 gm,6 pcs,300,https://chaldal.com/tea-coffee-2
Dilmah Geen Tea with Jasmine 40 gm,20 pcs,595,https://chaldal.com/tea-coffee-2
Dilmah Green Tea with Camomile 30 gm,20 pcs,630,https://chaldal.com/tea-coffee-2
Dilmah Darjeeling Tea 50 gm,25 pcs,790,https://chaldal.com/tea-coffee-2
Seylon Instant Milk Tea 3 in 1 Stick Pouch,25 pcs,250,https://chaldal.com/tea-coffee-2
Seylon Instant Milk Tea,150 gm,100,https://chaldal.com/tea-coffee-2
Tetley Green Tea Bag Lemon & Honey 25 pcs,35 gm,170,https://chaldal.com/tea-coffee-2
Halda Valley Red Robe Oolong Tea,45 gm,245,https://chaldal.com/tea-coffee-2
Revival Karak Masala Tea,200 gm,220,https://chaldal.com/tea-coffee-2
Dr. H&H Slimming Tea Bags 30 pcs,60 gm,400,https://chaldal.com/tea-coffee-2
Kericho Gold Round Tea Bag 50 pcs,100 gm,329,https://chaldal.com/tea-coffee-2
MacCoffee Coffee And Creamer 2 in 1 12 gm x 20,,425,https://chaldal.com/tea-coffee-2
ACME Tea Premium Gold,200 gm,110,https://chaldal.com/tea-coffee-2
Dilmah Ginger & Honey Black Tea,30 gm,405,https://chaldal.com/tea-coffee-2
MacCoffee Original Jar,200 gm,1100,https://chaldal.com/tea-coffee-2
Moccona Select Instant Coffee,190 gm,1420,https://chaldal.com/tea-coffee-2
Kazi & Kazi Organic Tea Turmeric Infusion 40 pcs,60 gm,295,https://chaldal.com/tea-coffee-2
Nestle Nescafe Creamy Latte Coffee Mix Sachet 18 gm,12 pcs,240,https://chaldal.com/tea-coffee-2
Halda Valley Golden Eyebrow Black Tea,50 gm,500,https://chaldal.com/tea-coffee-2
Dilmah Ceylon Green Tea With Ceylon Cinnamon,40 gm,715,https://chaldal.com/tea-coffee-2
Ispahani Blender's Choice Premium Green Tea Bag 70 gm,50 pcs,205,https://chaldal.com/tea-coffee-2
Kopiko Brown Coffee 20 gm,6 pcs,279,https://chaldal.com/tea-coffee-2
Kazi & Kazi Organic Green Mint Tea 25 pcs,37.5 gm,295,https://chaldal.com/tea-coffee-2
Paragon Hajinagar PD Tea,500 gm,225,https://chaldal.com/tea-coffee-2
Paragon Hajinagar BOP Tea,500 gm,220,https://chaldal.com/tea-coffee-2
Golden Grain Puffed Rice (Hand Made),400 gm,75,https://chaldal.com/local-breakfast
Pran Puffed Rice (Muri),500 gm,75,https://chaldal.com/local-breakfast
Golden Harvest Premium Deshi Paratha 20 pcs,1300 gm,320,https://chaldal.com/local-breakfast
Ruchi Puffed Rice (Muri),400 gm,65,https://chaldal.com/local-breakfast
Bread Pit White Bread,500 gm,110,https://chaldal.com/local-breakfast
Pran Flattened Rice (Chira),500 gm,70,https://chaldal.com/local-breakfast
Ruchi Puffed Rice (Muri),200 gm,35,https://chaldal.com/local-breakfast
Golden Harvest Mega Deshi Paratha 1600 gm,20 pcs,380,https://chaldal.com/local-breakfast
White Bread,500 gm,70,https://chaldal.com/local-breakfast
Bread Pit Milk Bread,300 gm,120,https://chaldal.com/local-breakfast
Pran Puffed Rice (Muri),250 gm,40,https://chaldal.com/local-breakfast
Ispahani Bakery Fresh Dry Cake,300 gm,150,https://chaldal.com/local-breakfast
Bread Pit Multigrain Bread,300 gm,149,https://chaldal.com/local-breakfast
Farmer's Gold White Flattened Rice (Sada Chira),1 kg,120,https://chaldal.com/local-breakfast
BPM Homemade Puffed Rice (Muri),500 gm,135,https://chaldal.com/local-breakfast
Tiffany Crunch 'n' Cream Orange Wafers,65 gm,250,https://chaldal.com/local-breakfast
Hershey's Chocolate Syrup,623 gm,1029,https://chaldal.com/spreads-syrups
Milk Vita Butter,200 gm,270,https://chaldal.com/spreads-syrups
American Garden Strawberry Pie Filling,595 gm,1360,https://chaldal.com/spreads-syrups
American Garden Blueberry Pie Filling,595 gm,1360,https://chaldal.com/spreads-syrups
Aarong Dairy Cream Cheese Spread,180 gm,500,https://chaldal.com/spreads-syrups
Naples Mayonnaise,475 ml,275,https://chaldal.com/spreads-syrups
Naples Mayonnaise,170 ml,140,https://chaldal.com/spreads-syrups
Nucella+ Chocolate Bread Spread Cocoa & Almond,230 gm,380,https://chaldal.com/spreads-syrups
American Garden Pancake Syrup Original,710 ml,1215,https://chaldal.com/spreads-syrups
Nocilla Two Flavor Cocoa Spread,190 gm,750,https://chaldal.com/spreads-syrups
Herman Garlic Mayonnaise,500 gm,520,https://chaldal.com/spreads-syrups
American Garden Real Mayonnaise,473 ml,965,https://chaldal.com/spreads-syrups
Nutella Hazelnut Cocoa Spread,750 gm,2200,https://chaldal.com/spreads-syrups
Almarai spreadable Cream Cheese,500 gm,1290,https://chaldal.com/spreads-syrups
Almarai Spreadable Cream Cheese,200 gm,619,https://chaldal.com/spreads-syrups
Lurpak Butter Unsalted,200 gm,880,https://chaldal.com/spreads-syrups
Nutella Hazelnut Cocoa Spread,350 gm,1150,https://chaldal.com/spreads-syrups
Ruchi Orange Jam,500 gm,220,https://chaldal.com/spreads-syrups
Lurpak Salted Spreadable Butter,250 gm,990,https://chaldal.com/spreads-syrups
Crown Peanut Butter Smooth & Creamy,510 gm,850,https://chaldal.com/spreads-syrups
Crown Peanut Butter Chunky,510 gm,750,https://chaldal.com/spreads-syrups
Alfa Mayonnaise,473 ml,335,https://chaldal.com/spreads-syrups
Mother's Smile Profom Milk Jar,400 gm,630,https://chaldal.com/energy-boosters
Standard Horlicks Health And Nutrition Drink Jar,250 gm,280,https://chaldal.com/energy-boosters
Complan Chocolate Pack,350 gm,405,https://chaldal.com/energy-boosters
Mother's Horlicks Health and Nutrition Drink BIB,350 gm,620,https://chaldal.com/energy-boosters
Horlicks Chocolate Flavour Jar,500 gm,550,https://chaldal.com/energy-boosters
Junior Horlicks Health And Nutrition Drink Container Stage-2,500 gm,550,https://chaldal.com/energy-boosters
Standard Horlicks Health And Nutrition Drink Jar,500 gm,500,https://chaldal.com/energy-boosters
Maltova Health And Nutrition Drink BIB,400 gm,550,https://chaldal.com/energy-boosters
Ovaltine Power 10 Chocolate Drink Jar,400 gm,1000,https://chaldal.com/energy-boosters
Boost Chocolate Jar,400 gm,550,https://chaldal.com/energy-boosters
Women's Plus Horlicks Health And Nutrition Drink Jar,400 gm,600,https://chaldal.com/energy-boosters
Horlicks Lite Health And Nutrition Drink Jar,400 gm,650,https://chaldal.com/energy-boosters
Dabur Chyawanprash Awaleha,500 gm,600,https://chaldal.com/energy-boosters
Cocola Chocolate Wafer Roll Jar,170 gm,70,https://chaldal.com/wafers
Nestle KitKat 2 Finger Chocolate Covered Wafer Bar (Dubai),17.7 gm,60,https://chaldal.com/wafers
Nestle KitKat Chunky Milk Chocolate Wafer Bar,40 gm,120,https://chaldal.com/wafers
Nestle KitKat 2 Finger Chocolate Wafer (India),19 gm,50,https://chaldal.com/wafers
Nestle KitKat 4 Finger Chocolate Wafer (India),36.5 gm,80,https://chaldal.com/wafers
Rinda Fruity Nata Jelly Flavoured,225 gm,365,https://chaldal.com/candies
Haribo Chamallows Party Candy,150 gm,400,https://chaldal.com/candies
Cavendish & Harvey Candy Wild Berry Drops,175 gm,449,https://chaldal.com/candies
Cavendish & Harvey Candy Citrus Fruit Drops,200 gm,490,https://chaldal.com/candies
Haribo Happy Grapes Candy,80 gm,250,https://chaldal.com/candies
Haribo Worms Zourr Candy,80 gm,250,https://chaldal.com/candies
Haribo Starmix Candy,160 gm,460,https://chaldal.com/candies
Haribo Happy Cola Candy,160 gm,460,https://chaldal.com/candies
Haribo Happy Cola Sour Candy,160 gm,460,https://chaldal.com/candies
Haribo Chamallows Pink & White Candy,150 gm,400,https://chaldal.com/candies
Haribo GoldBears Candy,160 gm,460,https://chaldal.com/candies
Cavendish & Harvey Sour Cherry Candy Poly,100 gm,250,https://chaldal.com/candies
Haribo Worms Candy,80 gm,250,https://chaldal.com/candies
Haribo Happy Cola Sour Candy,80 gm,250,https://chaldal.com/candies
Haribo Happy Cola Candy,80 gm,250,https://chaldal.com/candies
Haribo Goldbears Candy,80 gm,250,https://chaldal.com/candies
Olympic Green Mango Lozenge (Candy),50 pcs,50,https://chaldal.com/candies
Cavendish & Harvey Sour Lemon Drops,200 gm,490,https://chaldal.com/candies
Cavendish & Harvey Butterscotch Drops,175 gm,329,https://chaldal.com/candies
Fox's Crystal Clear Fruity Mints Candy,180 gm,345,https://chaldal.com/candies
Erko Mallow World Mmas,180 gm,395,https://chaldal.com/halal-marshmallows
Erko Mallow World Blue & White Mallow,100 gm,209,https://chaldal.com/halal-marshmallows
Erko Marshmallow Plus Stick 2 pcs,40 gm,109,https://chaldal.com/halal-marshmallows
Erko Mallow Plus Twist Mallow,180 gm,395,https://chaldal.com/halal-marshmallows
Alpenliebe Juzt Jelly Chutney,170 pcs,340,https://chaldal.com/halal-marshmallows
Cocola Egg Noodles,125 gm,20,https://chaldal.com/noodles
Nestle Maggi 2 Minute Masala Instant Noodles,16 pack,340,https://chaldal.com/noodles
Nestle Maggi 2-Minute Masala Instant Noodles,4 pack,95,https://chaldal.com/noodles
Cocola Chicken Masala Noodles,150 gm,25,https://chaldal.com/noodles
Samyang Hot Chicken Ramen Jjajang Flavor Noodles,140 gm,239,https://chaldal.com/noodles
Samyang Hot Chicken Ramen Noodles 2X Spicy,140 gm,239,https://chaldal.com/noodles
Mr. Noodles Rice Stick Noodles,454 gm,370,https://chaldal.com/noodles
Cocola Egg & Chicken Masala Noodles,150 gm,25,https://chaldal.com/noodles
Nestle Maggi 2-Minute Masala Instant Noodles,8 pack,180,https://chaldal.com/noodles
Mr.Noodles Magic Masala Easy Instant,496 gm,170,https://chaldal.com/noodles
Mr. Noodles Korean Super Spicy,496 gm,210,https://chaldal.com/noodles
Mr. Noodles Cup Noodles Magic Masala,40 gm,35,https://chaldal.com/noodles
Mama Noodles (Hot And Spicy Flavour) 10 pcs,620 gm,220,https://chaldal.com/noodles
Nestle Maggi 2-Minute Masala Instant Noodles,12 pack,265,https://chaldal.com/noodles
Dragon Brand Noodles,300 gm,60,https://chaldal.com/noodles
MAGGI Hot & Spicy Blast Noodles,8 pack,200,https://chaldal.com/noodles
Chopstick Instant Noodles Masala Delight 496 gm,8 pack,175,https://chaldal.com/noodles
Mr. Noodles Korean Super Spicy,248 gm,110,https://chaldal.com/noodles
Mr. Noodles Korean Kimchi Ramen 8 pcs,480 gm,210,https://chaldal.com/noodles
Mama Noodles (Chicken Flavour) 8 pcs,496 gm,175,https://chaldal.com/noodles
Chopstick Ramen Hot Chicken Instant Noodles 8 pack,640 gm,650,https://chaldal.com/noodles
Chopstick Ramen Hot Cheese Instant Noodles 8 pack,640 gm,650,https://chaldal.com/noodles
Samyang Hot Chicken Ramen 3X Spicy,140 gm,199,https://chaldal.com/noodles
Nongshim Chapagetti Original Noodles,140 gm,175,https://chaldal.com/noodles
Mama Noodles (Chicken Flavour) 10 pcs,620 gm,220,https://chaldal.com/noodles
Samyang Hot Chicken Ramen 2X Spicy Cup Noodles,70 gm,160,https://chaldal.com/noodles
Samyang Hot Chicken Ramen Stew Noodles,145 gm,239,https://chaldal.com/noodles
Samyang Hot Chicken Ramen Cheese Noodles,140 gm,239,https://chaldal.com/noodles
How How Rice Stick Noodles,500 gm,369,https://chaldal.com/noodles
Nissin Cup Noodles Japanese Style Beef,66 gm,109,https://chaldal.com/noodles
Nissin Cup Noodles Japanese Style Chicken,67 gm,109,https://chaldal.com/noodles
Mama OK Instant Noodles Fried Shrimp Tom Yum Flavor,85 gm,140,https://chaldal.com/noodles
Samyang Hot Chicken Cheese Noodles,700 gm,1050,https://chaldal.com/noodles
Samyang Jjajang Hot Chicken Noodles,700 gm,1240,https://chaldal.com/noodles
Samyang Hot Chicken Karba Noodles,650 gm,1075,https://chaldal.com/noodles
Mama Cup Noodles (Hot & Spicy Flavour) 62 gm,each,110,https://chaldal.com/noodles
Nestle Maggi 2-Minute Noodles Masala,12 pack,265,https://chaldal.com/noodles
Mama Cup Noodles Instant Shrimp Tom Yum,each,190,https://chaldal.com/noodles
Imee Chicken Curry Instant Noodles,65 gm,175,https://chaldal.com/noodles
Ifad Eggy Instant Masala Noodles 4 pcs,300 gm,90,https://chaldal.com/noodles
Mama Instant Noodles (Hot & Spicy Flavour) 4 pcs,248 gm,95,https://chaldal.com/noodles
Mama Noodles (Hot & Spicy Flavour) 8 pcs,496 gm,175,https://chaldal.com/noodles
Mama Cup Noodles (Shrimp Tomyum Flavour) 62 gm,each,110,https://chaldal.com/noodles
Sedaap Supreme Instant Korean Spicy Chicken Noodles,4 pcs,300,https://chaldal.com/noodles
Golden Grain Red Flattened Rice (Lal Chira),500 gm,65,https://chaldal.com/local-snacks
Pran Puffed Rice (Muri),500 gm,75,https://chaldal.com/local-snacks
Ruchi Jhal Chanachur,150 gm,50,https://chaldal.com/local-snacks
Ramisa Fried Chira (Masala),200 gm,70,https://chaldal.com/local-snacks
Pran Mango Bar,10 pcs,100,https://chaldal.com/local-snacks
Pran Flattened Rice (Chira),500 gm,70,https://chaldal.com/local-snacks
Ruchi Puffed Rice (Muri),200 gm,35,https://chaldal.com/local-snacks
Ruchi Bbq Chanachur,22 gm,10,https://chaldal.com/local-snacks
Ruchi Bbq Chanachur,500 gm,150,https://chaldal.com/local-snacks
Bombay Sweets Chanachur,150 gm,50,https://chaldal.com/local-snacks
Ruchi Jhal Chanachur,500 gm,150,https://chaldal.com/local-snacks
Bombay Sweets Chanachur,500 gm,150,https://chaldal.com/local-snacks
Ruchi Bbq Chanachur,150 gm,50,https://chaldal.com/local-snacks
Pran Badam Bhaja 18 gm,4 pcs,40,https://chaldal.com/local-snacks
Ruchi Bbq Chanachur,300 gm,100,https://chaldal.com/local-snacks
Pran Puffed Rice (Muri),250 gm,40,https://chaldal.com/local-snacks
Pran Dal 20 gm (Net Weight ± 2 gm),4 pcs,40,https://chaldal.com/local-snacks
Bombay Sweets Chanachur,300 gm,100,https://chaldal.com/local-snacks
Bombay Sweets Bombay Naga Jhal Chanachur,150 gm,50,https://chaldal.com/local-snacks
Bombay Sweets Bombay Naga Jhal Chanachur,300 gm,100,https://chaldal.com/local-snacks
Dihan Salted Bakorkhani,400 gm,180,https://chaldal.com/local-snacks
Teer Puffed Rice (Muri),500 gm,75,https://chaldal.com/local-snacks
Aafi Puffed Rice (Muri),500 gm,70,https://chaldal.com/local-snacks
Ruchi Premium Mix Chanachur,200 gm,120,https://chaldal.com/local-snacks
Astha Foods Nababi Choco Bakorkhani,400 gm,210,https://chaldal.com/local-snacks
CBL Munchee Chocolate Wafer,100 gm,90,https://chaldal.com/local-snacks
BPM Homemade Puffed Rice (Muri),500 gm,135,https://chaldal.com/local-snacks
Tiffany Crunch 'n' Cream Orange Wafers,65 gm,250,https://chaldal.com/local-snacks
Tiffany Crunch 'n' Cream Strawberry Wafers,76 gm,190,https://chaldal.com/local-snacks
Pran Mango Bar,30 pcs,300,https://chaldal.com/local-snacks
Golden Harvest Frozen Dal Puri 10 pcs,454 gm,145,https://chaldal.com/local-snacks
Bombay Sweets Dalmoth Namkeen,150 gm,60,https://chaldal.com/local-snacks
Ramisa Chira (Red kacha),500 gm,70,https://chaldal.com/local-snacks
Ifad Eggy Stix Bar-B-Q Chips,16 gm,10,https://chaldal.com/chips-pretzels
Bombay Sweets Potato Crackers,28 gm,20,https://chaldal.com/chips-pretzels
Kurkure Naughty Tomato Chips,70 gm,50,https://chaldal.com/chips-pretzels
Sun Chips Tomato Tango,35 gm,30,https://chaldal.com/chips-pretzels
Cheese Puff,14 gm,10,https://chaldal.com/chips-pretzels
Bombay Sweets Mr. Twist,22 gm,25,https://chaldal.com/chips-pretzels
Bombay Sweets Ring Chips,25 gm,20,https://chaldal.com/chips-pretzels
Sun Chips Mix Masala,20 gm,20,https://chaldal.com/chips-pretzels
Kurkure American Style Cream & Onion Chips,25 gm,20,https://chaldal.com/chips-pretzels
Sun Chips Tomato Tango,20 gm,20,https://chaldal.com/chips-pretzels
Pran Potato Cracker,15 gm,10,https://chaldal.com/chips-pretzels
Bombay Sweets Cheese Ball Cheezee Corn Snacks,10 gm,10,https://chaldal.com/chips-pretzels
Bombay Sweets Nachoz Chutney & Lime,30 gm,20,https://chaldal.com/chips-pretzels
Bombay Sweets Alooz Spanish Tomato Flavor,20 gm,20,https://chaldal.com/chips-pretzels
Kurkure Chilli Chatka Chips,25 gm,20,https://chaldal.com/chips-pretzels
Pringles Saucy BBQ Potato Chips,134 gm,350,https://chaldal.com/chips-pretzels
Kurkure Masala Munch Chips,70 gm,50,https://chaldal.com/chips-pretzels
Mister Potato Hot & Spicy Crisps,100 gm,310,https://chaldal.com/chips-pretzels
Mister Potato BBQ Crisps,100 gm,275,https://chaldal.com/chips-pretzels
Pringles Cheddar Cheese Potato Chips,158 gm,510,https://chaldal.com/chips-pretzels
Sun Chips Tomato Tango,75 gm,60,https://chaldal.com/chips-pretzels
Sun Chips Mix Masala,75 gm,60,https://chaldal.com/chips-pretzels
Pringles Potato Chips Sour Cream & Onion,158 gm,439,https://chaldal.com/chips-pretzels
Olympic Energy Plus Biscuits,62 gm,15,https://chaldal.com/plain-biscuits
Haque La Kokonat Cookies Biscuit,100 gm,30,https://chaldal.com/plain-biscuits
Haque Original Milk Marie Biscuit,225 gm,60,https://chaldal.com/plain-biscuits
Pran Potata Spicy Biscuit,100 gm,30,https://chaldal.com/plain-biscuits
Olympic Energy Plus Biscuits,185 gm,50,https://chaldal.com/plain-biscuits
Olympic Nutty Real Peanut Biscuit,50 gm,15,https://chaldal.com/plain-biscuits
Olympic Milk Marie Biscuits,200 gm,50,https://chaldal.com/plain-biscuits
Olympic Chocolate Plus Biscuit,42 gm,10,https://chaldal.com/plain-biscuits
Olympic Butter Bite Biscuits,165 gm,50,https://chaldal.com/plain-biscuits
Haque Digestive Biscuit,120 gm,30,https://chaldal.com/plain-biscuits
Dekko Marie Classic Biscuit,222 gm,60,https://chaldal.com/plain-biscuits
Haque Mr. Energy Instant Energy Biscuit,185 gm,50,https://chaldal.com/plain-biscuits
Haque Kheer Malai Biscuit,161 gm,50,https://chaldal.com/plain-biscuits
Dekko Oroma Orange Biscuits,150 gm,40,https://chaldal.com/plain-biscuits
Bakeman's Glaze Sugar Glazed Biscuit,180 gm,50,https://chaldal.com/plain-biscuits
Funtastic Milk Mate Biscuit,203 gm,50,https://chaldal.com/plain-biscuits
Ispahani Milk Marie Biscuit,200 gm,60,https://chaldal.com/plain-biscuits
Olympic First Choice Salted Biscuits,180 gm,50,https://chaldal.com/plain-biscuits
Ifad Choco Delight Biscuit,175 gm,60,https://chaldal.com/plain-biscuits
Ifad Kaju Delight Biscuit,175 gm,60,https://chaldal.com/plain-biscuits
Olympic Digestive High Fiber Biscuit,110 gm,30,https://chaldal.com/plain-biscuits
Munchy's Lexus Chocolate Cream Sandwich Cracker,225 gm,490,https://chaldal.com/plain-biscuits
Danish Milk Marie Biscuit,200 gm,60,https://chaldal.com/plain-biscuits
Olympic Marie Gold Biscuit,190 gm,40,https://chaldal.com/plain-biscuits
Kolson Macaroni Pasta Screw,400 gm,85,https://chaldal.com/pasta-macaroni
Kolson Macaroni Shell,400 gm,85,https://chaldal.com/pasta-macaroni
Farina Macaroni Premium Quality,500 gm,110,https://chaldal.com/pasta-macaroni
Farina Macaroni,400 gm,90,https://chaldal.com/pasta-macaroni
Farina Macaroni,200 gm,50,https://chaldal.com/pasta-macaroni
Kolson Macaroni Bamboo,400 gm,85,https://chaldal.com/pasta-macaroni
Mr. Pasta Macaroni Shells,400 gm,90,https://chaldal.com/pasta-macaroni
Farmer's Gold Pasta,400 gm,180,https://chaldal.com/pasta-macaroni
Barilla Classic Spaghettoni N.7 Pasta,500 gm,395,https://chaldal.com/pasta-macaroni
Emirates Macaroni Penne Rigate Pasta,400 gm,195,https://chaldal.com/pasta-macaroni
Emirates Macaroni Corni Corrugated Pasta,400 gm,195,https://chaldal.com/pasta-macaroni
Reggia Pasta Penne Mez,500 gm,265,https://chaldal.com/pasta-macaroni
Barilla Fusilli N.98 Pasta,500 gm,449,https://chaldal.com/pasta-macaroni
Barilla Spaghetti N.5 Pasta,500 gm,449,https://chaldal.com/pasta-macaroni
Barilla Angel Hair N.1 Pasta,500 gm,360,https://chaldal.com/pasta-macaroni
Barilla Pasta Sauce Jar Napoletana,400 gm,599,https://chaldal.com/pasta-macaroni
Barilla Pasta Sauce Jar Arrabbiata,400 gm,599,https://chaldal.com/pasta-macaroni
Barilla Pasta Sauce Jar Basilico,400 gm,599,https://chaldal.com/pasta-macaroni
Pastiano Spiralli Pasta,500 gm,240,https://chaldal.com/pasta-macaroni
Pastiano Penne Pasta,500 gm,240,https://chaldal.com/pasta-macaroni
Barilla Farfalle Pasta (436),500 gm,449,https://chaldal.com/pasta-macaroni
Barilla Penne Rigate Pasta (N.437),500 gm,449,https://chaldal.com/pasta-macaroni
Dekko Oyster Pasta,200 gm,60,https://chaldal.com/pasta-macaroni
Hat Macaroni Penne Pasta,500 gm,235,https://chaldal.com/pasta-macaroni
Kolson Macaroni Assorted Pack,500 gm,120,https://chaldal.com/pasta-macaroni
Ramisa Fried Nut (White) Jar,200 gm,160,https://chaldal.com/popcorn-nuts
Royal Gardens Salted Cashews,100 gm,435,https://chaldal.com/popcorn-nuts
Almonds (Kath Badam),100 gm,139,https://chaldal.com/popcorn-nuts
Walnuts (Akhrot),100 gm,179,https://chaldal.com/popcorn-nuts
Peanut Peeled (Vaja Cheena Badam),100 gm,35,https://chaldal.com/popcorn-nuts
Pran Badam Bhaja 18 gm,4 pcs,40,https://chaldal.com/popcorn-nuts
Royal Gardens Masala Cashews,150 gm,695,https://chaldal.com/popcorn-nuts
Fresh Garden Love Plum,200 gm,345,https://chaldal.com/popcorn-nuts
Golden Garden Roasted Peanut Kernels,500 gm,350,https://chaldal.com/popcorn-nuts
Victoria Chick Peas,400 gm,119,https://chaldal.com/popcorn-nuts
Blue Diamond Almonds Bold Habanero BBQ,170 gm,850,https://chaldal.com/popcorn-nuts
Blue Diamond Almonds Honey Roasted,170 gm,850,https://chaldal.com/popcorn-nuts
Blue Diamond Almonds Bold Wasabi & Soy Sauce,170 gm,850,https://chaldal.com/popcorn-nuts
Thai Park Roseberry Plum,200 gm,260,https://chaldal.com/popcorn-nuts
Fit Food Honey Roasted Almond,125 gm,260,https://chaldal.com/popcorn-nuts
Noi Party Snack,128 gm,350,https://chaldal.com/popcorn-nuts
Noi Salted Peanuts,110 gm,352,https://chaldal.com/popcorn-nuts
Noi Cuttlefish Coated Green Peas,128 gm,318,https://chaldal.com/popcorn-nuts
Nut Candy Salted Cashew Nuts (Kaju Badam),140 gm,989,https://chaldal.com/popcorn-nuts
Nut Candy Salted Peanuts,150 gm,490,https://chaldal.com/popcorn-nuts
Nut Candy Wasabi Coated Green Peas,180 gm,550,https://chaldal.com/popcorn-nuts
Tong Garden Salted Almonds,35 gm,239,https://chaldal.com/popcorn-nuts
Tong Garden Japanese Rice Cracker Mixed Coated Peanut,150 gm,675,https://chaldal.com/popcorn-nuts
Crunchos Assorted Mix Nuts Tin,350 gm,1619,https://chaldal.com/popcorn-nuts
Tong Garden Salted Pistachio (Pesta Badam),130 gm,995,https://chaldal.com/popcorn-nuts
Tong Garden Salted Almonds,140 gm,995,https://chaldal.com/popcorn-nuts
Tong Garden Salted Peanuts Can,150 gm,695,https://chaldal.com/popcorn-nuts
Tong Garden Salted Cocktail Nuts,160 gm,995,https://chaldal.com/popcorn-nuts
Tong Garden Salted Cashew Nuts Can,150 gm,995,https://chaldal.com/popcorn-nuts
Royal Gardens Garlic Roasted Cashews,150 gm,695,https://chaldal.com/popcorn-nuts
Royal Gardens Salted Cashews,150 gm,695,https://chaldal.com/popcorn-nuts
Royal Gardens Premium Nuts,100 gm,350,https://chaldal.com/popcorn-nuts
Tata Tea Premium,400 gm,149,https://chaldal.com/beverages-tea
Dilmah Ceylon Moroccan Mint Green Tea,40 gm,549,https://chaldal.com/beverages-tea
Ispahani Mirzapore Best Leaf Tea,500 gm,270,https://chaldal.com/beverages-tea
Seylon Family Blend Black Tea,400 gm,225,https://chaldal.com/beverages-tea
Dilmah Premium Ceylon Tea 50 gm,25 pcs,480,https://chaldal.com/beverages-tea
Kazi & Kazi Organic Moringa Herbal Infusion Tea 25 pcs,37.5 gm,290,https://chaldal.com/beverages-tea
Kazi & Kazi Organic Lemongrass Pyramid Herbal Infusion Tea 20 pcs,30 gm,210,https://chaldal.com/beverages-tea
Seylon Family Blend Black Tea,200 gm,120,https://chaldal.com/beverages-tea
Dilmah Ceylon Green Tea With Cardamom,40 gm,715,https://chaldal.com/beverages-tea
Fresh Premium Tea Bag,100 gm,95,https://chaldal.com/beverages-tea
Lipton Green Tea Bag Honey and Lemon,25 pcs,170,https://chaldal.com/beverages-tea
Tetley Green Tea Bag Pure and Original 25 pcs,32.5 gm,140,https://chaldal.com/beverages-tea
Seylon Instant Milk Tea 3 in 1,15 gm,10,https://chaldal.com/beverages-tea
Ispahani Mirzapore Tea Bag,50 pcs,100,https://chaldal.com/beverages-tea
Ispahani Mirzapore Best Leaf Tea,400 gm,230,https://chaldal.com/beverages-tea
Ispahani Mirzapore Best Leaf Tea,200 gm,116,https://chaldal.com/beverages-tea
Brooke Bond Taaza Black Tea,400 gm,250,https://chaldal.com/beverages-tea
Seylon Gold Tea,500 gm,240,https://chaldal.com/beverages-tea
Brooke Bond Taaza Black Tea,200 gm,130,https://chaldal.com/beverages-tea
Kazi & Kazi Organic Green Tea 40 pcs,60 gm,215,https://chaldal.com/beverages-tea
Brooke Bond Taaza Tea,500 gm,250,https://chaldal.com/beverages-tea
Dilmah Geen Tea with Jasmine 40 gm,20 pcs,595,https://chaldal.com/beverages-tea
Dilmah Green Tea with Camomile 30 gm,20 pcs,630,https://chaldal.com/beverages-tea
Dilmah Darjeeling Tea 50 gm,25 pcs,790,https://chaldal.com/beverages-tea
Seylon Instant Milk Tea 3 in 1 Stick Pouch,25 pcs,250,https://chaldal.com/beverages-tea
Kazi & Kazi Organic Orthodox Pyramid Black Tea 20 pcs,40 gm,190,https://chaldal.com/beverages-tea
Kazi & Kazi Organic Luxury Black Tea,400 gm,345,https://chaldal.com/beverages-tea
Kazi & Kazi Organic Luxury Black Tea,200 gm,180,https://chaldal.com/beverages-tea
Kazi & Kazi Organic Chamomile Herbal Infusion Tea 25 pcs,37.5 gm,490,https://chaldal.com/beverages-tea
Kazi & Kazi Organic Sleepy Tea 25 pcs,37.5 gm,490,https://chaldal.com/beverages-tea
Kazi & Kazi Organic Orthodox Pyramid Oolong Tea 20 pcs,40 gm,210,https://chaldal.com/beverages-tea
Kazi & Kazi Organic Orthodox Pyramid Green Tea 20 pcs,30 gm,210,https://chaldal.com/beverages-tea
Revival Lemon Green Tea,45 gm,160,https://chaldal.com/beverages-tea
Yummy Black Tea,500 gm,400,https://chaldal.com/beverages-tea
ZealCafe Instant Masala Tea (Red Tea),1 kg,360,https://chaldal.com/beverages-tea
Kd Herbal Tea,100 gm,620,https://chaldal.com/beverages-tea
Halda Valley Red Robe Oolong Tea,45 gm,245,https://chaldal.com/beverages-tea
Revival Karak Masala Tea,200 gm,220,https://chaldal.com/beverages-tea
Dr. H&H Slimming Tea Bags 30 pcs,60 gm,400,https://chaldal.com/beverages-tea
Kericho Gold Round Tea Bag 50 pcs,100 gm,329,https://chaldal.com/beverages-tea
ACME Tea Premium Gold,200 gm,110,https://chaldal.com/beverages-tea
Dilmah Ginger & Honey Black Tea,30 gm,405,https://chaldal.com/beverages-tea
Kazi & Kazi Organic Tea Turmeric Infusion 40 pcs,60 gm,295,https://chaldal.com/beverages-tea
Halda Valley Golden Eyebrow Black Tea,50 gm,500,https://chaldal.com/beverages-tea
Dilmah Ceylon Green Tea With Ceylon Cinnamon,40 gm,715,https://chaldal.com/beverages-tea
Ispahani Blender's Choice Premium Green Tea Bag 70 gm,50 pcs,205,https://chaldal.com/beverages-tea
Kazi & Kazi Organic Green Mint Tea 25 pcs,37.5 gm,295,https://chaldal.com/beverages-tea
Paragon Hajinagar PD Tea,500 gm,225,https://chaldal.com/beverages-tea
Paragon Hajinagar BOP Tea,500 gm,220,https://chaldal.com/beverages-tea
Kazi & Kazi Organic Green Lemongrass Tea 40 pcs,60 gm,220,https://chaldal.com/beverages-tea
Coca-Cola,1 ltr,79,https://chaldal.com/soft-drinks
Sprite,250 ml,23,https://chaldal.com/soft-drinks
Coca-Cola,400 ml,38,https://chaldal.com/soft-drinks
RC Q Lemon Pet,250 ml,25,https://chaldal.com/soft-drinks
Fanta Orange Flavored,1 ltr,79,https://chaldal.com/soft-drinks
Rooh Afza (Free Ispaghol Bhusi 20 gm),750 ml,550,https://chaldal.com/soft-drinks
Fanta Orange Flavored,400 ml,38,https://chaldal.com/soft-drinks
Fanta Orange Flavored,250 ml,23,https://chaldal.com/soft-drinks
Fresh Mojito,250 ml,25,https://chaldal.com/soft-drinks
Rooh Afza,300 ml,300,https://chaldal.com/soft-drinks
Rooh Afza,750 ml,550,https://chaldal.com/soft-drinks
Sprite Can,250 ml,65,https://chaldal.com/soft-drinks
Sprite,1 ltr,79,https://chaldal.com/soft-drinks
Fanta Can Orange Flavored,250 ml,65,https://chaldal.com/soft-drinks
Coca-Cola Zero Sugar,250 ml,20,https://chaldal.com/soft-drinks
Mojo Pet,250 ml,20,https://chaldal.com/soft-drinks
Coca-Cola,1.75 ltr,140,https://chaldal.com/soft-drinks
Mojo Soft Drink,2 ltr,110,https://chaldal.com/soft-drinks
Mojo Pet,1 ltr,60,https://chaldal.com/soft-drinks
Sprite,1.75 ltr,140,https://chaldal.com/soft-drinks
Mountain Dew,500 ml,50,https://chaldal.com/soft-drinks
Maxx Cola,2 ltr,100,https://chaldal.com/soft-drinks
Maxx Cola,500 ml,35,https://chaldal.com/soft-drinks
Fresh Cola,500 ml,40,https://chaldal.com/soft-drinks
Clemon Mojito Can,250 ml,50,https://chaldal.com/soft-drinks
Sunquick Orange Fruit Drink,250 ml,40,https://chaldal.com/soft-drinks
Sunquick Mango Fruit Drink,250 ml,35,https://chaldal.com/soft-drinks
RC Cola,250 ml,20,https://chaldal.com/soft-drinks
Fresh Googly,250 ml,20,https://chaldal.com/soft-drinks
Pepsi,1.75 ltr,150,https://chaldal.com/soft-drinks
Houston Soft Drink Can,250 ml,40,https://chaldal.com/soft-drinks
RC Q Orange Pet,250 ml,20,https://chaldal.com/soft-drinks
Fresh Cola,1 ltr,60,https://chaldal.com/soft-drinks
Pran Up,500 ml,35,https://chaldal.com/soft-drinks
Fresh Cola,250 ml,20,https://chaldal.com/soft-drinks
Speed Can,250 ml,50,https://chaldal.com/soft-drinks
Clemon Can,250 ml,40,https://chaldal.com/soft-drinks
Mojo Can,250 ml,40,https://chaldal.com/soft-drinks
Dolphin Nata De Coco Lychee Drink,350 ml,280,https://chaldal.com/soft-drinks
Basil Seed Drink (Mixed Fruit),290 ml,270,https://chaldal.com/soft-drinks
Basil Seed Drink (White Grape),290 ml,270,https://chaldal.com/soft-drinks
Basil Seed Drink (Lychee),290 ml,270,https://chaldal.com/soft-drinks
Pepsi Can (Imported),330 ml,300,https://chaldal.com/soft-drinks
7 Up Can,250 ml,70,https://chaldal.com/soft-drinks
Sprite Can (Imported),320 ml,349,https://chaldal.com/soft-drinks
Pepsi Can,250 ml,70,https://chaldal.com/soft-drinks
Mountain Dew Can,250 ml,70,https://chaldal.com/soft-drinks
Mirinda Can,250 ml,70,https://chaldal.com/soft-drinks
Pepsi,1 ltr,80,https://chaldal.com/soft-drinks
7 Up,500 ml,50,https://chaldal.com/soft-drinks
Nestle Nescafe Creamy Latte,18 gm,20,https://chaldal.com/coffees
AMA Coffee 3 In 1,15 gm,10,https://chaldal.com/coffees
Fresh Coffee 3 in 1,15 gm,10,https://chaldal.com/coffees
Nestle Nescafe Classic Instant Coffee Jar,45 gm,275,https://chaldal.com/coffees
Nestle Coffee Mate Coffee Creamer Box,450 gm,380,https://chaldal.com/coffees
Nestle Nescafe Classic Instant Coffee Jar,90 gm,475,https://chaldal.com/coffees
MacCoffee Instant Coffee Pouch,200 gm,850,https://chaldal.com/coffees
Tora Bika Cappuccino 25 gm,6 pcs,300,https://chaldal.com/coffees
MacCoffee Coffee And Creamer 2 in 1 12 gm x 20,,425,https://chaldal.com/coffees
MacCoffee Original Jar,200 gm,1100,https://chaldal.com/coffees
Moccona Select Instant Coffee,190 gm,1420,https://chaldal.com/coffees
Nestle Nescafe Creamy Latte Coffee Mix Sachet 18 gm,12 pcs,240,https://chaldal.com/coffees
Kopiko Brown Coffee 20 gm,6 pcs,279,https://chaldal.com/coffees
MacCoffee Gold Jar,100 gm,850,https://chaldal.com/coffees
MacCoffee Gold Jar,50 gm,475,https://chaldal.com/coffees
MacCoffee Original Jar,50 gm,350,https://chaldal.com/coffees
Bru Pure Instant Coffee Jar,200 gm,1495,https://chaldal.com/coffees
Tora Bika Creamy Latte 25 gm,6 pcs,300,https://chaldal.com/coffees
Nestle Coffee Mate Creamer,1 kg,850,https://chaldal.com/coffees
Nestle Coffee Mate Coffee Creamer Jar,400 gm,400,https://chaldal.com/coffees
MacCoffee Original Jar,100 gm,675,https://chaldal.com/coffees
SMC Taste Me Orange Instant Drink Powder,200 gm,120,https://chaldal.com/powder-mixes
SMC BOLT Glucose Powder,200 gm,85,https://chaldal.com/powder-mixes
Dekko Fruit Funda Soft Drink Powder (Orange),250 gm,127,https://chaldal.com/powder-mixes
Dekko Fruit Funda Mango Instant Drink Powder,250 gm,127,https://chaldal.com/powder-mixes
Dekko Fruit Funda Soft Drink Powder Mango (Free Orange Drink Powder 125 gm),500 gm,280,https://chaldal.com/powder-mixes
Tang Mango Instant Drink Powder BIB,500 gm,425,https://chaldal.com/powder-mixes
Dekko Fruit Funda Soft Drink Powder (Orange),125 gm,80,https://chaldal.com/powder-mixes
Dekko Fruit Funda Soft Drink Powder (Mango),125 gm,80,https://chaldal.com/powder-mixes
Standard Horlicks Health And Nutrition Drink Jar,250 gm,280,https://chaldal.com/powder-mixes
ISPI Mango Instant Powder Drink,750 gm,450,https://chaldal.com/powder-mixes
ISPI Orange Instant Powder Drink,250 gm,160,https://chaldal.com/powder-mixes
Hershey's Chocolate Syrup,623 gm,1029,https://chaldal.com/powder-mixes
Mother's Horlicks Health and Nutrition Drink BIB,350 gm,620,https://chaldal.com/powder-mixes
Tang Orange Flavoured Instant Drink Powder Jar,750 gm,780,https://chaldal.com/powder-mixes
ISPI Orange Instant Powder Drink,500 gm,280,https://chaldal.com/powder-mixes
Tang Mango Flavoured Instant Drink Powder Jar,750 gm,780,https://chaldal.com/powder-mixes
Tang Orange Instant Drink Powder BIB,75 gm,100,https://chaldal.com/powder-mixes
Tang Orange Instant Drink Powder BIB,500 gm,425,https://chaldal.com/powder-mixes
Tang Orange Instant Drink Powder BIB,200 gm,200,https://chaldal.com/powder-mixes
Tang Mango Instant Drink Powder BIB,200 gm,200,https://chaldal.com/powder-mixes
Shokti+ Orange Soft Drinks Powder,500 gm,400,https://chaldal.com/powder-mixes
Shokti+ Mango Soft Drinks Powder,500 gm,400,https://chaldal.com/powder-mixes
Foster Clark's Pineapple Instant Drink Powder,450 gm,500,https://chaldal.com/powder-mixes
Tang Orange Flavoured Instant Drink Powder Tub,2 kg,1900,https://chaldal.com/powder-mixes
Tang Mango Flavoured Instant Drink Powder Tub,2 kg,1900,https://chaldal.com/powder-mixes
Nutri+ Juicee+ Orange Fortified Soft Drink Powder,500 gm,280,https://chaldal.com/powder-mixes
Nutri+ Juicee+ Mango Fortified Soft Drink Powder,250 gm,150,https://chaldal.com/powder-mixes
Foster Clark's Mango Instant Drink Powder,450 gm,530,https://chaldal.com/powder-mixes
American Garden Pancake Syrup Original,710 ml,1215,https://chaldal.com/powder-mixes
Horlicks Chocolate Flavour Jar,500 gm,550,https://chaldal.com/powder-mixes
Junior Horlicks Health And Nutrition Drink Container Stage-2,500 gm,550,https://chaldal.com/powder-mixes
Maltova Health And Nutrition Drink BIB,400 gm,550,https://chaldal.com/powder-mixes
Country Time Pink lemonade Powder Drink,538 gm,1500,https://chaldal.com/powder-mixes
Country Time lemonade Powder Drink,538 gm,1550,https://chaldal.com/powder-mixes
Ovaltine Power 10 Chocolate Drink Jar,400 gm,1000,https://chaldal.com/powder-mixes
Boost Chocolate Jar,400 gm,550,https://chaldal.com/powder-mixes
ISPI Mango Instant Powder Drink,500 gm,280,https://chaldal.com/powder-mixes
ISPI Mango Instant Powder Drink,250 gm,160,https://chaldal.com/powder-mixes
Hershey's Strawberry Syrup,623 gm,939,https://chaldal.com/powder-mixes
Women's Plus Horlicks Health And Nutrition Drink Jar,400 gm,600,https://chaldal.com/powder-mixes
Horlicks Lite Health And Nutrition Drink Jar,400 gm,650,https://chaldal.com/powder-mixes
Foster Clark's Pineapple Instant Drink Powder,750 gm,840,https://chaldal.com/powder-mixes
Foster Clark's Mango Instant Drink Powder,750 gm,840,https://chaldal.com/powder-mixes
Foster Clark's Mandarin Instant Drink Powder,750 gm,840,https://chaldal.com/powder-mixes
Hamdard Amrupali Fruit Syrup,750 ml,450,https://chaldal.com/powder-mixes
SMC Taste Me Mango Instant Drink Powder,200 gm,120,https://chaldal.com/powder-mixes
Golden Harvest Mini Singara 20 pcs,300 gm,125,https://chaldal.com/vegetable-snacks
AG Food Vegetable Spring Roll 10 pcs,400 gm,120,https://chaldal.com/vegetable-snacks
Kazi Farms Kitchen Vegetable Spring Roll 10 pcs,400 gm,145,https://chaldal.com/vegetable-snacks
Jhatpot Aloo Puri 454 gm,10 pcs,140,https://chaldal.com/vegetable-snacks
Jhatpot Vegetables Spring Roll 360 gm,9 pcs,140,https://chaldal.com/vegetable-snacks
Jhatpot Vegetables Singara 400 gm,10 pcs,125,https://chaldal.com/vegetable-snacks
Kazi Farms Kitchen Dal Puri 10 pcs,450 gm,145,https://chaldal.com/vegetable-snacks
Country Natural Beef Sausage,300 gm,465,https://chaldal.com/beef-snacks
Quality Canadian Beef Bacon,200 gm,320,https://chaldal.com/beef-snacks
Quality Beef Italian Sausage,280 gm,370,https://chaldal.com/beef-snacks
Quality Beef Burger Patty,240 gm,330,https://chaldal.com/beef-snacks
Golden Harvest Frozen Tehari,400 gm,300,https://chaldal.com/beef-snacks
Welcome Light Meat Tuna In Sunflower Oil (Flake),170 gm,190,https://chaldal.com/fish-cans
King Bell Tuna Salad Vegetables,170 gm,320,https://chaldal.com/fish-cans
King Bell Tuna Salad In Tomato Sauce,170 gm,310,https://chaldal.com/fish-cans
Nautilus Lite Sandwich Tuna In Spring Water,165 gm,429,https://chaldal.com/fish-cans
Nautilus Sandwich Tuna In Soybean Oil,165 gm,319,https://chaldal.com/fish-cans
Nautilus Lite Tuna Chunk Soybean Oil,165 gm,319,https://chaldal.com/fish-cans
Roja Crumbly Crumbly Shrimp Tempura,224 gm,495,https://chaldal.com/fish-snacks
OceanRia Lobster Ball,500 gm,830,https://chaldal.com/fish-snacks
OceanRia Imitation Crab Stick,500 gm,800,https://chaldal.com/fish-snacks
OceanRia Fish Sandwich,500 gm,850,https://chaldal.com/fish-snacks
OceanRia Crab Nugget,500 gm,800,https://chaldal.com/fish-snacks
OceanRia Vegie Fish Ball,500 gm,800,https://chaldal.com/fish-snacks
OceanRia Fried Fish Ball,500 gm,499,https://chaldal.com/fish-snacks
Roja Shrimp Samosa 19-21 pcs,240 gm,240,https://chaldal.com/fish-snacks
Roja Cheezy Cheezy Fish Kieves,240 gm,320,https://chaldal.com/fish-snacks
Roja Peri Peri Fish Nugget,240 gm,235,https://chaldal.com/fish-snacks
Roja Peri Peri Fish Stick,240 gm,265,https://chaldal.com/fish-snacks
Roja Kids Shrimp Nuggets,240 gm,245,https://chaldal.com/fish-snacks
Trix Dishwashing Liquid Lemon Bottle,500 ml,145,https://chaldal.com/dish-wash
Gloz Dishwashing Bar,300 gm,40,https://chaldal.com/dish-wash
Gloz Dishwashing Bar,125 gm,15,https://chaldal.com/dish-wash
GoodMaid Dishwashing Paste Lemon,400 gm,320,https://chaldal.com/dish-wash
Vim Dishwashing Bar,125 gm,15,https://chaldal.com/dish-wash
Vim Dishwashing Bar,300 gm,40,https://chaldal.com/dish-wash
Vim Dishwashing Liquid Pouch,200 ml,50,https://chaldal.com/dish-wash
Trix Dishwashing Liquid Lemon Refill,250 ml,70,https://chaldal.com/dish-wash
Vim Dishwashing Liquid,475 ml,130,https://chaldal.com/dish-wash
Trix Dish Washing Bar Lemon,300 gm,40,https://chaldal.com/dish-wash
Vim Dishwashing Liquid,950 ml,240,https://chaldal.com/dish-wash
Vim Dishwashing Powder,500 gm,50,https://chaldal.com/dish-wash
Trix Dishwashing Liquid (Lemon),1 ltr,270,https://chaldal.com/dish-wash
Rok Lemon Liquid Dishwash,500 ml,135,https://chaldal.com/dish-wash
Trix Dishwashing Liquid Mega Refill Super Saver Pack,5 ltr,1110,https://chaldal.com/dish-wash
Shiny Dishwashing Liquid Lime,500 ml,300,https://chaldal.com/dish-wash
Shiny Dishwashing Paste Lemon,400 gm,250,https://chaldal.com/dish-wash
Shiny Dishwashing Paste Lime,400 gm,263,https://chaldal.com/dish-wash
Magiclean Kitchen Cleaner Green Apple,500 ml,690,https://chaldal.com/dish-wash
Fresh Hand Towel (250X1 Ply),each,100,https://chaldal.com/paper-products
Fresh Perfumed Facial Tissue (150 X 2) ply Box,each,100,https://chaldal.com/paper-products
Bashundhara Kitchen Towel Rolls,2 pcs,160,https://chaldal.com/paper-products
"Fresh Paper Napkins 13"" Perfumed (100X1 Ply)",each,75,https://chaldal.com/paper-products
Bashundhara Kitchen Towel Rolls,each,85,https://chaldal.com/paper-products
Fresh kitchen Towel Roll,each,85,https://chaldal.com/paper-products
Partex Cleen Toilet Tissue,4 pcs,95,https://chaldal.com/paper-products
Bashundhara Toilet Tissue White Extra Savings Pack,4 pcs,100,https://chaldal.com/paper-products
"Bashundhara Paper Napkins 13"" Unscented",100 pcs,75,https://chaldal.com/paper-products
Fresh Toilet Tissue (Family Value Pack),4 pcs,100,https://chaldal.com/paper-products
Bashundhara Facial Tissue Perfumed (120 X 2) ply,each,85,https://chaldal.com/paper-products
Fay Toilet Tissue White 180 Sheet,each,30,https://chaldal.com/paper-products
Fresh hand towel 250 Sheet,each,110,https://chaldal.com/paper-products
Fresh hand towel 200 Sheet,each,95,https://chaldal.com/paper-products
Partex Cleen Toilet Tissue,2 pcs,46,https://chaldal.com/paper-products
Bashundhara Hand Towel White (200 X 1) ply Box,each,100,https://chaldal.com/paper-products
Bashundhara Gold Toilet Tissue,each,38,https://chaldal.com/paper-products
Partex Cleen Toilet Tissue,12 pcs,285,https://chaldal.com/paper-products
Partex Cleen Toilet Tissue,each,28,https://chaldal.com/paper-products
Mortein 2 in 1 Mosquito & Cockroach Killer Aerosol Spray,400 ml,369,https://chaldal.com/pest-control
GoodKnight Liquid Mosquito Repellent Refill,45 ml,130,https://chaldal.com/pest-control
ACI Aerosol Insect Spray,475 ml,415,https://chaldal.com/pest-control
Black Hit Anti Mosquito Aerosol Spray Lime,475 ml,415,https://chaldal.com/pest-control
Mortein Mosquito Repellent Insta Vaporizer (Machine + Refill),each,220,https://chaldal.com/pest-control
Finis Max Jumbo Mosquito Coil,10 pcs,60,https://chaldal.com/pest-control
Finis Black Booster Mosquito Coil,10 pcs,60,https://chaldal.com/pest-control
Baoma Mosquito Coil (No smoke),10 pcs,135,https://chaldal.com/pest-control
ACI Aerosol Insect Spray Jumbo,800 ml,620,https://chaldal.com/pest-control
Black Hit Anti Mosquito Aerosol Spray Lime Fresh,800 ml,620,https://chaldal.com/pest-control
Finis Booster Mosquito Coil,10 pcs,60,https://chaldal.com/pest-control
Godrej New Hit Cockroaches Spray,400 ml,350,https://chaldal.com/pest-control
Godrej Red Hit Cockroaches Spray Fresh Fragrance,625 ml,530,https://chaldal.com/pest-control
Weidasi Multifunction Electric Mosquito Swatter With Led Light And Charger (Orange),each,719,https://chaldal.com/pest-control
Black Hit Anti Mosquito Lime Fresh Aerosol,200 ml,225,https://chaldal.com/pest-control
Mortein Mosquito Repellent Insta Vaporizer Refill,45 ml,130,https://chaldal.com/pest-control
Godrej Fresh Fragrance New Hit Cockroaches Aerosol (Red),200 ml,200,https://chaldal.com/pest-control
Godrej Good Knight Power Activ+ Twin Saver Pack 45 ml,each,230,https://chaldal.com/pest-control
Odomos Naturals Mosquito Repellent Spray,100 ml,670,https://chaldal.com/pest-control
Hit Chalk Kills Cockroach,15 gm,30,https://chaldal.com/pest-control
Black Hit Anti Mosquito Swatter Racquet,each,650,https://chaldal.com/pest-control
Baygon Cockroach Control,270 ml,769,https://chaldal.com/pest-control
Xpel Kids Spray & Lotion Twin Set,each,550,https://chaldal.com/pest-control
Xpel Kids Mosquito Bands Twin Pack,each,350,https://chaldal.com/pest-control
Bosny Non Poisonous Rat Glue,400 ml,570,https://chaldal.com/pest-control
Night Queen Magic Mosquito Net (Size 6'X7') Free USB LED Lamp,each,549,https://chaldal.com/pest-control
Yage Electronic Mosquito Swatter (White & Blue),each,799,https://chaldal.com/pest-control
Godrej Good Knight Power Activ+ (Machine + Refill),each,180,https://chaldal.com/pest-control
Finis Insect Powder,40 gm,30,https://chaldal.com/pest-control
Finis Insect Powder,100 gm,45,https://chaldal.com/pest-control
ACI Cockroach Spray,400 ml,350,https://chaldal.com/pest-control
Odonil Air Freshener Block Jasmine Mist,48 gm,65,https://chaldal.com/air-freshners
Godrej Aer Power Pocket Bathroom Fragrance Sea Breeze,10 gm,75,https://chaldal.com/air-freshners
Godrej Aer Power Pocket Bathroom Fragrance Rose Fresh Blossom,10 gm,75,https://chaldal.com/air-freshners
Odonil Air Freshener Block Lavender Meadows,48 gm,65,https://chaldal.com/air-freshners
Odonil Air Freshener Block Orchid Dew,48 gm,65,https://chaldal.com/air-freshners
Odonil Air Freshener Block Mystic Rose,48 gm,65,https://chaldal.com/air-freshners
Godrej Aer Room Air Freshener Spray Cool Surf Blue,300 ml,300,https://chaldal.com/air-freshners
Ermani Air Freshener (Lemon),300 ml,290,https://chaldal.com/air-freshners
Go Fresh Air Freshener Anti Tobacco,300 ml,195,https://chaldal.com/air-freshners
Go Fresh Air Freshener Strawberry,300 ml,195,https://chaldal.com/air-freshners
Bashundhara Air Freshener Orchid,300 ml,290,https://chaldal.com/air-freshners
Bashundhara Air Freshener Lotus,300 ml,240,https://chaldal.com/air-freshners
Fresh N Garden Air Freshener Orange,300 ml,220,https://chaldal.com/air-freshners
Godrej Aer Room Air Freshener Spray Monsoon Refresh,220 ml,240,https://chaldal.com/air-freshners
Godrej Aer Power Bathroom Fragrance Assorted (Buy 4 Get 1 Free),10 gm,300,https://chaldal.com/air-freshners
Fresh N Garden Oudh Air Freshener,300 ml,220,https://chaldal.com/air-freshners
Fantastik Air Freshener Natural Orchid,300 ml,280,https://chaldal.com/air-freshners
Shalimar Chandan Incense Sticks (Agarbatti),150 gm,170,https://chaldal.com/air-freshners
Fresh N Garden Air Freshener Lemon,300 ml,220,https://chaldal.com/air-freshners
Godrej Aer Room Air Freshener Spray Violet Valley Bloom,300 ml,300,https://chaldal.com/air-freshners
Odonil Air Freshener Room Spray Jasmin Fresh,300 ml,320,https://chaldal.com/air-freshners
Odonil Air Freshener Room Spray Citrus Fresh,300 ml,300,https://chaldal.com/air-freshners
Godrej Aer Power Pocket Bathroom Fragrance Fresh Blossom,10 gm,70,https://chaldal.com/air-freshners
Godrej Aer Power Pocket Bathroom Fragrance Lavender Bloom,10 gm,75,https://chaldal.com/air-freshners
Wave Air Freshener (Anti Tobacco),300 ml,290,https://chaldal.com/air-freshners
Armaf Enchanted Lemon Air Freshener,300 ml,440,https://chaldal.com/air-freshners
Spring Anti Tobacco Wild Pine Air Freshener,300 ml,300,https://chaldal.com/air-freshners
Wave Air Freshener (Lemongrass),300 ml,290,https://chaldal.com/air-freshners
Wave Air Freshener (Rojonigondha),300 ml,290,https://chaldal.com/air-freshners
Wave Air Freshener (Jasmine),300 ml,290,https://chaldal.com/air-freshners
Fresh N Fresh Air Freshener Jasmine,300 ml,400,https://chaldal.com/air-freshners
Fresh N Fresh Air Freshener Lemon,300 ml,450,https://chaldal.com/air-freshners
Fresh N Fresh Air Freshener Rose,300 ml,350,https://chaldal.com/air-freshners
Godrej Aer Cool Surf Blue Click Gel AC Vent Car Freshener,each,399,https://chaldal.com/air-freshners
Godrej Aer Twist Dashboard Car Freshener Cool Surf (Blue),45 gm,599,https://chaldal.com/air-freshners
Godrej Aer Room Air Freshener Spray Fresh Lush Green,300 ml,300,https://chaldal.com/air-freshners
Fay Air Freshener Lily 3 in 1,300 ml,320,https://chaldal.com/air-freshners
Fay Air Freshener Orchid 3 In 1,300 ml,320,https://chaldal.com/air-freshners
Fay Air Freshener Lime 3 in 1,300 ml,320,https://chaldal.com/air-freshners
Fay Air Freshener Jasmine 3 in 1,300 ml,340,https://chaldal.com/air-freshners
Fay Air Freshener Magnolia 3 in 1,300 ml,340,https://chaldal.com/air-freshners
Fay Air Freshener Rose 3 in 1,300 ml,340,https://chaldal.com/air-freshners
Fay Air Freshener Narcissus 3 in1,300 ml,320,https://chaldal.com/air-freshners
Spring Air Freshener Orange Fresh,300 ml,320,https://chaldal.com/air-freshners
Fay Air Freshener Lavender 3 in 1,300 ml,340,https://chaldal.com/air-freshners
Spring Air Freshener Lemon Fresh,300 ml,320,https://chaldal.com/air-freshners
Spring Air Freshener Floral Fresh,300 ml,320,https://chaldal.com/air-freshners
Godrej Aer Twist Dashboard Car Freshener Fresh Lush (Green),45 gm,599,https://chaldal.com/air-freshners
Angelic Fresh Air Freshener Amazonia,300 ml,340,https://chaldal.com/air-freshners
Angelic Fresh Air Freshener Orchid Breeze,300 ml,340,https://chaldal.com/air-freshners
Fresh Hand Towel (250X1 Ply),each,100,https://chaldal.com/kitchen-accessories
Bashundhara Kitchen Towel Rolls,2 pcs,160,https://chaldal.com/kitchen-accessories
"Fresh Paper Napkins 13"" Perfumed (100X1 Ply)",each,75,https://chaldal.com/kitchen-accessories
Bashundhara Kitchen Towel Rolls,each,85,https://chaldal.com/kitchen-accessories
Fresh kitchen Towel Roll,each,85,https://chaldal.com/kitchen-accessories
RFL Stainless Steel Net Spoon 33 cm,each,105,https://chaldal.com/kitchen-accessories
RFL Vegetable Washing Net 37 cm (Red),each,115,https://chaldal.com/kitchen-accessories
Npoly Vegetable Washing Net (Red) 36 cm,each,70,https://chaldal.com/kitchen-accessories
RFL Plastic Dala Big (Red),each,240,https://chaldal.com/kitchen-accessories
"Bashundhara Paper Napkins 13"" Unscented",100 pcs,75,https://chaldal.com/kitchen-accessories
Rok Dishwashing Steel Scourer,each,35,https://chaldal.com/kitchen-accessories
Match Box,12 pcs,35,https://chaldal.com/kitchen-accessories
Dishwashing Stainless Steel Scrubber,4 pcs,150,https://chaldal.com/kitchen-accessories
Partex Cleen Kitchen Towel Roll,each,85,https://chaldal.com/kitchen-accessories
Partex Cleen Kitchen Towel Roll,2 pcs,160,https://chaldal.com/kitchen-accessories
Dish Washing Scrubbing Pad,each,50,https://chaldal.com/kitchen-accessories
Diamond Plastic Stretch Wrap 200 sq ft,each,289,https://chaldal.com/kitchen-accessories
BBQ Portable machine 17 inch,each,1489,https://chaldal.com/kitchen-accessories
BBQ Grill Tin Maker With 5 Stick Silver,each,599,https://chaldal.com/kitchen-accessories
BBQ Net Holder Clip Silver,each,929,https://chaldal.com/kitchen-accessories
Blossoms Quality Wax Paper (10 m X 30 cm),each,429,https://chaldal.com/kitchen-accessories
Spoon Stand Round,each,269,https://chaldal.com/kitchen-accessories
Stainless Steel Roncfa Knife,each,215,https://chaldal.com/kitchen-accessories
Stainless Steel Vegetable Peeler,each,269,https://chaldal.com/kitchen-accessories
BBQ Brush (Red),each,119,https://chaldal.com/kitchen-accessories
RFL Super Hero Tiffin Box,each,100,https://chaldal.com/kitchen-accessories
RFL Winner Tiffin Box Rectangular,each,150,https://chaldal.com/kitchen-accessories
RFL Modern Pen Holder Light Blue,each,65,https://chaldal.com/kitchen-accessories
RFL Two Color Magic Stool Medium Exclusive,each,375,https://chaldal.com/kitchen-accessories
RFL Two Color Magic Stool High Exclusive,each,475,https://chaldal.com/kitchen-accessories
RFL Dispo knife Trans Set,50 pcs,160,https://chaldal.com/kitchen-accessories
RFL English Dish Rack Red,each,670,https://chaldal.com/kitchen-accessories
RFL Deluxe Bowl Red 8 ltr,each,140,https://chaldal.com/kitchen-accessories
RFL Smart Kitchen Rack Mini Two Color,each,480,https://chaldal.com/kitchen-accessories
RFL Deluxe Bowl Red 3 ltr,each,80,https://chaldal.com/kitchen-accessories
RFL Caino Stool Medium Eagle Brown,each,300,https://chaldal.com/kitchen-accessories
RFL Chef Chopping Board,each,350,https://chaldal.com/kitchen-accessories
RFL Hefty Chopping Board (Lime Green),each,125,https://chaldal.com/kitchen-accessories
RFL Salad Cutting Board (Orange),each,275,https://chaldal.com/kitchen-accessories
RFL Oval Washing Net Sm Blue 32 cm,each,75,https://chaldal.com/kitchen-accessories
RFL Flower Cloth Clip Set,12 pcs,150,https://chaldal.com/kitchen-accessories
RFL Rice Washing Net Cyan Blue 40 cm,each,160,https://chaldal.com/kitchen-accessories
RFL Rice Washing Net Red 40 cm,each,160,https://chaldal.com/kitchen-accessories
RFL Apple Jug Trans 2.5 ltr,each,200,https://chaldal.com/kitchen-accessories
RFL Roman Wall Rack (Light Blue),each,330,https://chaldal.com/kitchen-accessories
RFL Rtg Spice Tray (Red),each,150,https://chaldal.com/kitchen-accessories
RFL Cherry Container Trans Set,3 pcs,310,https://chaldal.com/kitchen-accessories
RFL Family Basket,each,520,https://chaldal.com/kitchen-accessories
RFL Glass Stand Red,each,130,https://chaldal.com/kitchen-accessories
RFL Popular Chopping Board White 34 cm,each,260,https://chaldal.com/kitchen-accessories
Samurai Multi Functional Electric Cooker Pink (All Plastic),1.8 ltr,1400,https://chaldal.com/kitchen-appliances
Samurai Multi Functional Electric Cooker Teal (All Plastic),1.8 ltr,1400,https://chaldal.com/kitchen-appliances
Samurai Mosquito Bat White (Rechargeable),each,750,https://chaldal.com/kitchen-appliances
Stainless Steel Round Spoon Medium,each,159,https://chaldal.com/kitchen-appliances
Pureit Classic Germ Kill Kit,1500 ltr,800,https://chaldal.com/kitchen-appliances
Vision Electric Kettle Glass (VIS-EK-016),1.8 ltr,1500,https://chaldal.com/kitchen-appliances
Vision Electric Kettle Heavy Duty (VIS-EK-017),5 ltr,2500,https://chaldal.com/kitchen-appliances
Vision Electric Kettle (VIS-EK-008),1.5 ltr,900,https://chaldal.com/kitchen-appliances
Vision Electric Kettle (VIS-EK-005),1.8 ltr,1000,https://chaldal.com/kitchen-appliances
RFL Topper Nonstick Glamour Fry Pan With Lid (Ash) 28 cm,,1540,https://chaldal.com/kitchen-appliances
RFL Topper Nonstick Marble Coated Fry Pan With Lid 26 cm,,1450,https://chaldal.com/kitchen-appliances
RFL Topper Nonstick Marble Coated Fry Pan With Lid IB 22 cm,,1250,https://chaldal.com/kitchen-appliances
RFL Topper Nonstick Marble Coated Fry Pan With Lid 24 cm,each,1300,https://chaldal.com/kitchen-appliances
RFL Topper Nonstick Glamour Dosa Tawa IB (Ash) 26 cm,each,1100,https://chaldal.com/kitchen-appliances
Stainless Steel Whisk (Blue),each,128,https://chaldal.com/kitchen-appliances
RFL Topper Aluminum Belly Pot 2.5 ltr,each,840,https://chaldal.com/kitchen-appliances
Kitchen Apron,each,271,https://chaldal.com/kitchen-appliances
Stainless Steel Grater,each,199,https://chaldal.com/kitchen-appliances
Stainless Steel Whisk,each,117,https://chaldal.com/kitchen-appliances
Heat Insulation Pad,each,100,https://chaldal.com/kitchen-appliances
Non Stick Fry Pan Spoon,each,149,https://chaldal.com/kitchen-appliances
RFL Vision Classic 3 In 1 Blender,1.6 ltr,2500,https://chaldal.com/kitchen-appliances
Stainless Steel Pickle Spoon,each,105,https://chaldal.com/kitchen-appliances
Manual Stainless Stell Hand Mixer,each,169,https://chaldal.com/kitchen-appliances
Meat Tenderizer (2.5 x 8 inch) China,each,629,https://chaldal.com/kitchen-appliances
Hualanz Flask (500 ml),each,559,https://chaldal.com/kitchen-appliances
RFL Topper NonStick Fry Pan & Lid Red 24 cm,each,1170,https://chaldal.com/kitchen-appliances
RFL Topper Nonstick Glamour Fry Pan with Lid (Red) 26 cm,each,1405,https://chaldal.com/kitchen-appliances
RFL Topper NonStick Cassrole & Lid Red 26 cm,each,1940,https://chaldal.com/kitchen-appliances
RFL Topper Silver Pressure Cooker 5 ltr,each,1900,https://chaldal.com/kitchen-appliances
Stainless Steel Curry Spoon,each,149,https://chaldal.com/kitchen-appliances
Samurai Big Multi Chopper Red (SMC002),each,1200,https://chaldal.com/kitchen-appliances
Big Stainless Steel Fork,6 pcs,739,https://chaldal.com/kitchen-appliances
Philips Deco LED Candle Bulb Yellow 0.5 Watt (Pin),each,85,https://chaldal.com/lights
Philips Ace Saver LED Bulb 2.7 Watt (Pin),each,175,https://chaldal.com/lights
Transtec Led Luster Blue Light (Screw),each,60,https://chaldal.com/lights
Transtec Backup CDL LED Bulb (Pin) 12 Watt,each,825,https://chaldal.com/lights
Transtec Bright CDL B22 LED Bulb (Pin) 18 Watt,each,355,https://chaldal.com/lights
Transtec Bright WW Led Bulb (Screw) 15 Watt,each,300,https://chaldal.com/lights
Transtec Bright CDL Led Bulb (Screw) 15 Watt,each,300,https://chaldal.com/lights
Transtec Green WW LED Bulb (Screw) 15 Watt,,400,https://chaldal.com/lights
Transtec Green CDL LED Bulb (Pin) 15 Watt,,400,https://chaldal.com/lights
Super Star LED Light White 18 W (Screw),each,525,https://chaldal.com/lights
Super Star LED Light White 15 W (Pin),each,440,https://chaldal.com/lights
Super Star LED Light White 18 W (Pin),each,525,https://chaldal.com/lights
Super Star LED Light White 15 W (Screw),each,440,https://chaldal.com/lights
Weidasi Multifunction Electric Mosquito Swatter With Led Light And Charger (Orange),each,719,https://chaldal.com/mosquito-swatter
Black Hit Anti Mosquito Swatter Racquet,each,650,https://chaldal.com/mosquito-swatter
Yage Electronic Mosquito Swatter (White & Blue),each,799,https://chaldal.com/mosquito-swatter
Vision Electronic Iron Multi-Color (VIS-DEI-011),each,1400,https://chaldal.com/electronics
Vision Electric Heavy Iron (VIS-DEI-012),each,1350,https://chaldal.com/electronics
Vision Room Comforter Wall Mount,each,5900,https://chaldal.com/electronics
Vision Room Heater Fire with Smooth Moving System,each,3600,https://chaldal.com/electronics
Icon In-Ear Earphone 5D Sound Effects White (IEP-105),each,200,https://chaldal.com/electronics
"Icon Power Bank 10,000 mAh Fabric Ash (IPB-100)",each,1075,https://chaldal.com/electronics
Icon Genuine Earphone Type - C White (IEP-201),each,269,https://chaldal.com/electronics
RFL Click Room Heater (Black),each,1750,https://chaldal.com/electronics
Jackly Hardware Tools,each,249,https://chaldal.com/tools-hardware
Quality Clipper Nail Cutter,each,122,https://chaldal.com/tools-hardware
Stainless Steel Windbreak Clip,20 pcs,155,https://chaldal.com/tools-hardware
Portable Digital Weight Scale,,439,https://chaldal.com/tools-hardware
Glue Gun Stick 11 inch White,5 pcs,100,https://chaldal.com/tools-hardware
Can & Bottle Opener,each,269,https://chaldal.com/tools-hardware
Cutting Pliers (Red & Black),each,426,https://chaldal.com/tools-hardware
Feather Paint Brush,each,139,https://chaldal.com/tools-hardware
Nail Cutter,each,199,https://chaldal.com/tools-hardware
Mobaj Premium 7 Levers Lock,each,899,https://chaldal.com/tools-hardware
Stainless Steel Rice Spoon,each,197,https://chaldal.com/tools-hardware
"Forged Steel Wrench (300 mm X 12"")",each,449,https://chaldal.com/tools-hardware
RFL Super Hero Tiffin Box,each,100,https://chaldal.com/box-container
RFL Winner Tiffin Box Rectangular,each,150,https://chaldal.com/box-container
RFL Cherry Container Trans Set,3 pcs,310,https://chaldal.com/box-container
RFL Classic Round Container Trans Set,5 pcs,190,https://chaldal.com/box-container
Npoly Round Food Box,3 pcs,255,https://chaldal.com/box-container
Npoly Printed Container (Tr Pink) 15 ltr,each,270,https://chaldal.com/box-container
Npoly Printed Container (Tr Pink) 10 ltr,each,195,https://chaldal.com/box-container
RFL English Dish Rack Red,each,670,https://chaldal.com/rack-organizer
RFL Smart Kitchen Rack Mini Two Color,each,480,https://chaldal.com/rack-organizer
RFL Flower Cloth Clip Set,12 pcs,150,https://chaldal.com/rack-organizer
RFL Heavy Rehal Red,each,200,https://chaldal.com/rack-organizer
RFL Roman Wall Rack (Light Blue),each,330,https://chaldal.com/rack-organizer
RFL Wall Hanger 10 Hooks (SM Blue),each,120,https://chaldal.com/rack-organizer
RFL Standard Mini Rack (Red & White),each,220,https://chaldal.com/rack-organizer
RFL Mini Rack (SM Blue),each,260,https://chaldal.com/rack-organizer
RFL Shoe Rack 4 Step (Red),each,550,https://chaldal.com/rack-organizer
Npoly Round Cloth Hanger (Red),each,200,https://chaldal.com/rack-organizer
"Steel Wire (22""x6"") Wall 6 Hook Hanger (China)",each,299,https://chaldal.com/rack-organizer
RFL Smart Dish Rack With Tray (Red),each,190,https://chaldal.com/rack-organizer
Kinder Comfy Fit Pants Diaper L (8-15 kg),5 pcs,129,https://chaldal.com/medium-2
Kinder Comfy Fit Pants Diaper M (6-12 kg),5 pcs,129,https://chaldal.com/medium-2
Savlon Twinkle Baby Pant Diaper L 8-15 kg,34 pcs,819,https://chaldal.com/medium-2
Good Care Baby Diaper 3 M Midi (4-9 kg),40 pcs,1170,https://chaldal.com/medium-2
Avonee Baby Diaper Pants S (4-8 kg),5 pcs,119,https://chaldal.com/medium-2
Comfort Baby Diaper Pant L (9-14 kg),5 pcs,119,https://chaldal.com/medium-2
Comfort Baby Diaper Pant XL (12-17 kg),32 pcs,649,https://chaldal.com/medium-2
Comfort Baby Diaper Pant L (9-14 kg),36 pcs,759,https://chaldal.com/medium-2
Comfort Baby Diaper Pant M (7-12 kg),40 pcs,639,https://chaldal.com/medium-2
Comfort Baby Diaper Pant S (3-8 kg),42 pcs,699,https://chaldal.com/medium-2
NeoCare Premium Baby Diaper Belt L (7-18 kg),50 pcs,1339,https://chaldal.com/medium-2
Fresh Happy Nappy Pant Diaper M (7- 12 kg),40 pcs,839,https://chaldal.com/medium-2
Fresh Happy Nappy Pant Diaper M (7-12 kg),5 pcs,119,https://chaldal.com/medium-2
Savlon Twinkle Baby Pant Diaper XL 12-20 kg,32 pcs,789,https://chaldal.com/medium-2
Savlon Twinkle Baby Pant Diaper L 8-15 kg,48 pcs,1029,https://chaldal.com/medium-2
Savlon Twinkle Baby Pant Diaper M 6-12 kg,40 pcs,869,https://chaldal.com/medium-2
Savlon Twinkle Baby Pant Diaper S 8 kg,42 pcs,829,https://chaldal.com/medium-2
Avonee Maxi 4 Baby Diaper Pants L 9-14 kg,34 pcs,749,https://chaldal.com/medium-2
Molfix Baby Diaper Pants Super Pack Juni 12-17 kg,68 pcs,3340,https://chaldal.com/medium-2
Kidstar Baby Diaper Belt L (9-18 kg),56 pcs,929,https://chaldal.com/medium-2
Kidstar Baby Diaper Belt XL (12-25 kg),50 pcs,979,https://chaldal.com/medium-2
Bashundhara Diapant Baby Diaper L 9-14 kg,34 pcs,699,https://chaldal.com/medium-2
Savlon Twinkle Baby Belt Diaper XL 11-25 Kg,32 pcs,929,https://chaldal.com/medium-2
Savlon Twinkle Baby Belt Diaper M 6-11 kg,40 pcs,959,https://chaldal.com/medium-2
Supermom Baby Diaper Belt S (3- 8 kg),5 pcs,139,https://chaldal.com/medium-2
Nannys Baby Love Diaper Belt 3 Midi 4-9 kg  (Free Wipes 72 pcs),25 pcs,749,https://chaldal.com/medium-2
Kinder Comfy Fit Pants Diaper XL (12-20 kg),4 pcs,129,https://chaldal.com/medium-2
Supermom Baby Diaper Belt L (9-14 kg),40 pcs,1179,https://chaldal.com/medium-2
Savlon Twinkle Baby Pant Diaper S 8 kg,60 pcs,1089,https://chaldal.com/medium-2
Savlon Twinkle Baby Belt Diaper (L 7-18 kg),36 pcs,919,https://chaldal.com/medium-2
Kinder Comfy Fit Pants Diaper L (8-15 kg),5 pcs,129,https://chaldal.com/large-2
Kinder Comfy Fit Pants Diaper M (6-12 kg),5 pcs,129,https://chaldal.com/large-2
Savlon Twinkle Baby Pant Diaper L 8-15 kg,34 pcs,819,https://chaldal.com/large-2
Fresh Happy Nappy Pant Diaper L (9-14 kg),34 pcs,789,https://chaldal.com/large-2
Savlon Twinkle Baby Pant Diaper XXL 14-25 kg,24 pcs,749,https://chaldal.com/large-2
Comfort Baby Diaper Pant XXL (16-25 kg),26 pcs,829,https://chaldal.com/large-2
Comfort Baby Diaper Pant L (9-14 kg),5 pcs,119,https://chaldal.com/large-2
Comfort Baby Diaper Pant XL (12-17 kg),32 pcs,649,https://chaldal.com/large-2
Comfort Baby Diaper Pant L (9-14 kg),36 pcs,759,https://chaldal.com/large-2
NeoCare Premium Baby Diaper Belt L (7-18 kg),50 pcs,1339,https://chaldal.com/large-2
Savlon Twinkle Baby Pant Diaper XL 12-20 kg,32 pcs,789,https://chaldal.com/large-2
Savlon Twinkle Baby Pant Diaper L 8-15 kg,48 pcs,1029,https://chaldal.com/large-2
Avonee Maxi 4 Baby Diaper Pants L 9-14 kg,34 pcs,749,https://chaldal.com/large-2
Molfix Baby Diaper Pants Super Pack Juni 12-17 kg,68 pcs,3340,https://chaldal.com/large-2
Kidstar Baby Diaper Belt L (9-18 kg),56 pcs,929,https://chaldal.com/large-2
Kidstar Baby Diaper Belt XL (12-25 kg),50 pcs,979,https://chaldal.com/large-2
Bashundhara Diapant Baby Diaper L 9-14 kg,34 pcs,699,https://chaldal.com/large-2
Savlon Twinkle Baby Belt Diaper XL 11-25 Kg,32 pcs,929,https://chaldal.com/large-2
Kinder Comfy Fit Pants Diaper XL (12-20 kg),4 pcs,129,https://chaldal.com/large-2
Supermom Baby Diaper Belt L (9-14 kg),40 pcs,1179,https://chaldal.com/large-2
Savlon Twinkle Baby Belt Diaper (L 7-18 kg),36 pcs,919,https://chaldal.com/large-2
Smart Care Ultra Thin Baby Pant Diaper XL (12-17 kg),46 pcs,1629,https://chaldal.com/extra-large-15-kg-diapers
Fresh Happy Nappy Pant Diaper XXL (12-25 kg),24 pcs,719,https://chaldal.com/extra-large-15-kg-diapers
Fresh Happy Nappy Pant Diaper XL (12 -17 kg),32 pcs,699,https://chaldal.com/extra-large-15-kg-diapers
Comfort Baby Diaper Pant XXXL (20-30 kg),24 pcs,829,https://chaldal.com/extra-large-15-kg-diapers
Savlon Twinkle Baby Pant Diaper XXL 14-25 kg,24 pcs,749,https://chaldal.com/extra-large-15-kg-diapers
Fresh Happy Nappy Pant Diaper XXL (12-25 kg),4 pcs,119,https://chaldal.com/extra-large-15-kg-diapers
Nannys Baby Love Diaper Belt 4 Maxi 8-18 kg (Free Wipes 72 pcs),25 pcs,925,https://chaldal.com/extra-large-15-kg-diapers
Comfort Baby Diaper Pant XXL (16-25 kg),26 pcs,829,https://chaldal.com/extra-large-15-kg-diapers
Comfort Baby Diaper Pant XL (12-17 kg),32 pcs,649,https://chaldal.com/extra-large-15-kg-diapers
Fresh Happy Nappy Pant Diaper XL (12 -17 kg),4 pcs,119,https://chaldal.com/extra-large-15-kg-diapers
Savlon Twinkle Baby Pant Diaper XL 12-20 kg,32 pcs,789,https://chaldal.com/extra-large-15-kg-diapers
Molfix Baby Diaper Pants Super Pack Extra Large 15+ kg,58 pcs,3480,https://chaldal.com/extra-large-15-kg-diapers
Molfix Baby Diaper Pants Super Pack Juni 12-17 kg,68 pcs,3340,https://chaldal.com/extra-large-15-kg-diapers
Pampers Baby Dry 8 Jumbo Plus Belt 17+ kg,52 pcs,4499,https://chaldal.com/extra-large-15-kg-diapers
Kidstar Baby Diaper Belt L (9-18 kg),56 pcs,929,https://chaldal.com/extra-large-15-kg-diapers
Kidstar Baby Diaper Belt XL (12-25 kg),50 pcs,979,https://chaldal.com/extra-large-15-kg-diapers
Savlon Twinkle Baby Belt Diaper XL 11-25 Kg,32 pcs,929,https://chaldal.com/extra-large-15-kg-diapers
Smart Care Ultra Thin Baby Pant Diaper XXL (15-25 kg),42 pcs,1629,https://chaldal.com/extra-large-15-kg-diapers
Kinder Comfy Fit Pants Diaper XL (12-20 kg),4 pcs,129,https://chaldal.com/extra-large-15-kg-diapers
Huggies Dry Pants Baby Diaper Pant XL (12-17 kg),40 pcs,2019,https://chaldal.com/extra-large-15-kg-diapers
Kinder Comfy Fit Pants Diaper M (6-12 kg),5 pcs,129,https://chaldal.com/small-2
Good Care Baby Diaper 3 M Midi (4-9 kg),40 pcs,1170,https://chaldal.com/small-2
Avonee Baby Diaper Pants S (4-8 kg),5 pcs,119,https://chaldal.com/small-2
Comfort Baby Diaper Pant M (7-12 kg),40 pcs,639,https://chaldal.com/small-2
Comfort Baby Diaper Pant S (3-8 kg),42 pcs,699,https://chaldal.com/small-2
NeoCare Premium Baby Diaper Belt L (7-18 kg),50 pcs,1339,https://chaldal.com/small-2
NeoCare Premium Baby Diaper Belt S (3-6 kg),50 pcs,939,https://chaldal.com/small-2
Fresh Happy Nappy Pant Diaper S (4-8 kg),42 pcs,779,https://chaldal.com/small-2
Fresh Happy Nappy Pant Diaper S (4-8 kg),5 pcs,119,https://chaldal.com/small-2
Savlon Twinkle Baby Pant Diaper M 6-12 kg,40 pcs,869,https://chaldal.com/small-2
Savlon Twinkle Baby Pant Diaper S 8 kg,42 pcs,829,https://chaldal.com/small-2
Kidz Baby Diaper Belt New Born (0-4 kg),25 pcs,799,https://chaldal.com/small-2
Supermom Baby Diaper Belt S (3- 8 kg),5 pcs,139,https://chaldal.com/small-2
Kinder Comfy Fit Pants Diaper S (3-8 kg),42 pcs,799,https://chaldal.com/small-2
SMC Smile Baby Diaper Belt S (3-6 kg),5 pcs,89,https://chaldal.com/small-2
Savlon Twinkle Baby Pant Diaper S 8 kg,60 pcs,1089,https://chaldal.com/small-2
Standard Horlicks Health And Nutrition Drink Jar,250 gm,280,https://chaldal.com/milk-juice-drinks
Pran Mango Flavored Milk (Pouch),150 ml,25,https://chaldal.com/milk-juice-drinks
Pran Chocolate Flavored Milk (Pouch),150 ml,25,https://chaldal.com/milk-juice-drinks
Complan Chocolate Pack,350 gm,405,https://chaldal.com/milk-juice-drinks
Horlicks Chocolate Flavour Jar,500 gm,550,https://chaldal.com/milk-juice-drinks
Junior Horlicks Health And Nutrition Drink Container Stage-2,500 gm,550,https://chaldal.com/milk-juice-drinks
Standard Horlicks Health And Nutrition Drink Jar,500 gm,500,https://chaldal.com/milk-juice-drinks
Ovaltine Power 10 Chocolate Drink Jar,400 gm,1000,https://chaldal.com/milk-juice-drinks
Eldomilk 2+ Growing Up Milk Powder (2-3 Years),350 gm,495,https://chaldal.com/milk-juice-drinks
PediaSure Vanilla Delight,1 kg,3385,https://chaldal.com/milk-juice-drinks
Biomil 3 Follow Up Formula Milk Powder (1-2 Y),350 gm,645,https://chaldal.com/milk-juice-drinks
Biomil 2 Milk Powder (6-12 months),350 gm,645,https://chaldal.com/milk-juice-drinks
Biomil 1 Milk Powder (0-6 months),350 gm,625,https://chaldal.com/milk-juice-drinks
Parachute Just for Baby - Baby Shampoo,100 ml,199,https://chaldal.com/bath-skincare
Parachute Just For Baby - Baby Face Cream,100 gm,239,https://chaldal.com/bath-skincare
Kodomo Baby Lotion,180 ml,680,https://chaldal.com/bath-skincare
Baby Soft Baby Face Cream,50 ml,140,https://chaldal.com/bath-skincare
Baby Soft Baby Lotion,100 ml,190,https://chaldal.com/bath-skincare
Baby Soft Baby Wash,100 ml,190,https://chaldal.com/bath-skincare
Himalaya Baby Lotion,200 ml,300,https://chaldal.com/bath-skincare
Johnson's Baby Soap 50 gm (Buy 3 Get 1 Free),4 pcs,300,https://chaldal.com/bath-skincare
Johnson's Milk + Rice Baby Bath,500 ml,723,https://chaldal.com/bath-skincare
Parachute Just For Baby - Milky Glow Baby Face Cream,100 ml,285,https://chaldal.com/bath-skincare
Parachute Just For Baby - Milky Glow Baby Lotion,200 ml,415,https://chaldal.com/bath-skincare
Meril Baby Shampoo,200 ml,290,https://chaldal.com/bath-skincare
Parachute Just for Baby - Baby Shampoo,200 ml,325,https://chaldal.com/bath-skincare
Johnson's Baby Bath Milk + Rice,100 ml,175,https://chaldal.com/bath-skincare
Johnson's Baby Lotion Milk + Rice,50 gm,145,https://chaldal.com/bath-skincare
Johnson's Baby Powder Blossoms,200 gm,490,https://chaldal.com/bath-skincare
Johnson's Baby Lotion Milk + Rice,100 ml,286,https://chaldal.com/bath-skincare
Johnson's Baby Cream,50 gm,177,https://chaldal.com/bath-skincare
Johnson's Baby Soap,50 gm,114,https://chaldal.com/bath-skincare
Johnson's Baby Oil With Vitamin E,100 ml,357,https://chaldal.com/bath-skincare
Johnson's Baby Lotion With Coconut Oil,100 ml,276,https://chaldal.com/bath-skincare
Johnson's Baby Milk Soap,75 gm,140,https://chaldal.com/bath-skincare
Johnson's Baby Powder Blossoms,100 gm,260,https://chaldal.com/bath-skincare
Johnson's Baby Powder,200 gm,480,https://chaldal.com/bath-skincare
Johnson's Baby Powder,100 gm,240,https://chaldal.com/bath-skincare
Himalaya Baby Lotion,100 ml,220,https://chaldal.com/bath-skincare
Himalaya Gentle Baby Soap,75 gm,85,https://chaldal.com/bath-skincare
Himalaya Gentle Baby Shampoo,200 ml,320,https://chaldal.com/bath-skincare
Parachute Just For Baby - Baby Face Cream,50 gm,150,https://chaldal.com/bath-skincare
Parachute Just For Baby - Baby Oil,100 ml,210,https://chaldal.com/bath-skincare
Parachute Just For Baby - Baby Wash,100 ml,225,https://chaldal.com/bath-skincare
Parachute Just For Baby - Baby Soap,75 gm,95,https://chaldal.com/bath-skincare
Twinkle Baby Soap,75 gm,95,https://chaldal.com/bath-skincare
Johnson's Baby Powder,380 gm,790,https://chaldal.com/bath-skincare
Parachute Just For Baby - Baby Powder,200 gm,265,https://chaldal.com/bath-skincare
Johnson's Face Care For Normal Skin,150 ml,720,https://chaldal.com/bath-skincare
Parachute Just For Baby - Baby Lotion,200 ml,365,https://chaldal.com/bath-skincare
Parachute Just For Baby - Baby Wash,200 ml,325,https://chaldal.com/bath-skincare
Parachute Just For Baby - Baby Oil,200 ml,425,https://chaldal.com/bath-skincare
Dove Baby Sensitive Moisture Lotion,200 ml,550,https://chaldal.com/bath-skincare
Johnson's Baby Jelly Lightly Fragranced,100 ml,419,https://chaldal.com/bath-skincare
Johnson's Baby Jelly Lightly Fragranced,250 ml,900,https://chaldal.com/bath-skincare
Meril Baby Powder,100 gm,130,https://chaldal.com/bath-skincare
Johnson's Baby Oil,300 ml,850,https://chaldal.com/bath-skincare
Kodomo Baby Soap Moisturizer,75 gm,187,https://chaldal.com/bath-skincare
Kodomo Rice Milk Bath (Family),750 ml,1533,https://chaldal.com/bath-skincare
Johnson's Baby Soap,150 gm,380,https://chaldal.com/bath-skincare
Johnson's Baby Lotion Milk + Rice,200 ml,588,https://chaldal.com/bath-skincare
Kodomo Baby Powder (3+) Natural Soft Protection,180 gm,432,https://chaldal.com/bath-skincare
Kodomo Baby Bath Rice Milk Refill,650 ml,1000,https://chaldal.com/bath-skincare
Kinder Wet Wipes Jar,160 pcs,240,https://chaldal.com/wipes
Kinder Wet Wipes Jar,120 pcs,200,https://chaldal.com/wipes
Kinder Wet Wipes Pouch,120 pcs,235,https://chaldal.com/wipes
Supermom Premium Mild Baby Wipes,120 pcs,235,https://chaldal.com/wipes
Smart Care Baby Wet Wipes with Fliptop,120 pcs,220,https://chaldal.com/wipes
NeoCare Baby Wipes,120 pcs,235,https://chaldal.com/wipes
NeoCare Baby Wipes,180 pcs,260,https://chaldal.com/wipes
Comfort Baby Wet Wipes,120 pcs,185,https://chaldal.com/wipes
ACI Twinkle Baby Wipes Jar,120 pcs,200,https://chaldal.com/wipes
Savlon Baby Wipes Jar,160 pcs,230,https://chaldal.com/wipes
Dr Rhazes Sensitive Baby Wipes,120 pcs,220,https://chaldal.com/wipes
Bashundhara Baby Wipes (Sky Blue),120 pcs,180,https://chaldal.com/wipes
Smartcare Wet Wipes With Tube,160 pcs,220,https://chaldal.com/wipes
Freshmaker Baby Wet Wipes,120 pcs,335,https://chaldal.com/wipes
SMC Smile Baby Wipes,80 pcs,200,https://chaldal.com/wipes
Savlon Twinkle Baby Wipes,120 pcs,285,https://chaldal.com/wipes
Farlin Herbal Baby Wet Wipes,85 pcs,615,https://chaldal.com/wipes
Farlin Moisture Anti Rash Wet Wipes Pink,85 pcs,615,https://chaldal.com/wipes
Happy Fresh Wet Wipes (Rose),120 pcs,220,https://chaldal.com/wipes
Pozzy Premium Hygienic Baby Wet Towel Wipes,120 pcs,235,https://chaldal.com/wipes
ACI Savlon Baby Wipes (Antibacterial),120 pcs,285,https://chaldal.com/wipes
Farlin Baby Cotton Buds,200 pcs,400,https://chaldal.com/baby-accessories
SmartCare Baby Bottle and Accessories Liquid Wash,500 ml,550,https://chaldal.com/baby-accessories
Pur Going Out Cup (Green) 250 ml,each,529,https://chaldal.com/baby-accessories
Lion Bottle & Nipple Brush (Blue),each,170,https://chaldal.com/baby-accessories
All-Max Maximum Protection 3 layer Medical Mask,50 pcs,400,https://chaldal.com/baby-accessories
Birthday Celebration Balloon,20 pcs,150,https://chaldal.com/baby-accessories
Smartcare Silicon Baby Teether (6+ months),each,175,https://chaldal.com/baby-accessories
Smartcare Silicon Nipple (3+ Months ) M,each,50,https://chaldal.com/baby-accessories
Smartcare Silicon Nipple (6+ months) L,each,50,https://chaldal.com/baby-accessories
Smartcare Baby pacifier Medicine Feeder,10 ml,215,https://chaldal.com/baby-accessories
Smartcare Bottle & Nipple Brush Set,each,265,https://chaldal.com/baby-accessories
Kodomo Baby Bottle Cleanser Refill,700 ml,600,https://chaldal.com/baby-accessories
Farlin Baby Floss Toothpick,50 pcs,229,https://chaldal.com/baby-accessories
Farlin Milk Powder Container Mixed Color 4 layer,,345,https://chaldal.com/baby-accessories
Farlin Baby Hair Comb & Brush Set,each,580,https://chaldal.com/baby-accessories
Farlin Breast Pump Manual,each,472,https://chaldal.com/baby-accessories
"Farlin Baby Comfortable Cot Sheet (24""X36"")",each,558,https://chaldal.com/baby-accessories
Farlin Baby Feeding Bottle & Nipple Cleanser Refill,700 ml,708,https://chaldal.com/baby-accessories
Farlin Baby Clothing Detergent,500 ml,629,https://chaldal.com/baby-accessories
Angel Baby Feeding Bottle & Nipple Cleanser,500 ml,501,https://chaldal.com/baby-accessories
Farlin Baby Feeding Bottle & Nipple Cleanser,700 ml,892,https://chaldal.com/baby-accessories
"Farlin Air-Filled Rubber Cot Sheet (24""X36"")",each,1643,https://chaldal.com/baby-accessories
Angel Breast Pump Normal (BAA-22),each,386,https://chaldal.com/baby-accessories
Angel Feeding Bottle Brush (BR-1F3),each,279,https://chaldal.com/baby-accessories
Pur Baby Feeder & Nipple Brush (R.6104) 1 set,,480,https://chaldal.com/baby-accessories
Pur Baby Brush & Comb (Pink) 1 set,,479,https://chaldal.com/baby-accessories
Pur Baby Manicure Set (Paste),each,362,https://chaldal.com/baby-accessories
Pur Going Out Cup (Pink) 250 ml,each,554,https://chaldal.com/baby-accessories
Pur Baby Plastic Bib (Pink),each,300,https://chaldal.com/baby-accessories
Veet Pure Hair Removal Cream (Free Dettol Original Soap 75 gm),100 gm,350,https://chaldal.com/feminine-care
GSN1 Grace Wings Sanitary Napkin Regular Flow (Panty) 5 pads,,65,https://chaldal.com/feminine-care
QSN4 Queen Sanitary Napkin Panty Liner,25 pcs,245,https://chaldal.com/feminine-care
VSN1 Venus Premium Sanitary Napkin (Panty),8 pcs,250,https://chaldal.com/feminine-care
QSN2 Queen Plus Sanitary Napkin (Panty),10 pcs,150,https://chaldal.com/feminine-care
Veet Pure Hair Removal Cream Normal Skin With Organic Aloe Vera & Rose Extracts,25 gm,110,https://chaldal.com/feminine-care
Veet Pure Hair Removal Cream Normal Skin With Organic Aloe Vera & Rose Extracts,100 gm,350,https://chaldal.com/feminine-care
Veet Pure Hair Removal Cream Sensitive Skin With Aloe Vera Extract,25 gm,110,https://chaldal.com/feminine-care
C17 Fresh Anonna Sanitary Napkin Belt system 15 pads,,110,https://chaldal.com/feminine-care
AF2  SMC Joya All Night Wings,8 pcs,120,https://chaldal.com/feminine-care
Intimia Ultra Thin Peaceful Night XL Sanitary Napkin,6 pcs,200,https://chaldal.com/feminine-care
Veet Expert All-in-One Women's Trimmer,,3200,https://chaldal.com/feminine-care
Veet Pure Hair Removal Cream With Organic Aelo Vera and Rose Extract,50 gm,200,https://chaldal.com/feminine-care
Sirona Oxo-Biodegradable Tampon & Condom Disposal Bag,50 pcs,350,https://chaldal.com/feminine-care
SS3 Shokhi Sanitary Napkin (Panty),8 pcs,70,https://chaldal.com/feminine-care
SS1 Shokhi Sanitary Napkin (Belt),8 pcs,60,https://chaldal.com/feminine-care
SS2 Shokhi Sanitary Napkin (Belt),15 pcs,110,https://chaldal.com/feminine-care
SS4 Shokhi Sanitary Napkin (Panty),15 pcs,120,https://chaldal.com/feminine-care
Freedom Hair Removal Cream,25 gm,100,https://chaldal.com/feminine-care
T3 Whisper Ultra Softs Air Fresh Sanitary Napkin XL+,7 pcs,160,https://chaldal.com/feminine-care
T5 Whisper Ultra Softs Air Fresh Sanitary Napkins XL+,15 pcs,360,https://chaldal.com/feminine-care
VWash Intimate Hygiene Wash,100 ml,527,https://chaldal.com/feminine-care
L17 Laurier Panty liner Cleanfresh Non Perfumed,20 pcs,170,https://chaldal.com/feminine-care
Beauty Formulas Aloe Vera Wax Strips,36 pcs,189,https://chaldal.com/feminine-care
L11 Laurier Healthy Skin Wing Sanitary Napkin14 pcs,,350,https://chaldal.com/feminine-care
Beauty Formulas Vitamin E Wax Strips,20 pcs,680,https://chaldal.com/feminine-care
AF3  SMC Joya Sanitary Napkin (Belt),8 pcs,60,https://chaldal.com/feminine-care
C3 Senora Sanitary Napkin Regular Flow (Belt),10 pcs,100,https://chaldal.com/feminine-care
C5 Senora Sanitary Napkin (Belt),15 pcs,130,https://chaldal.com/feminine-care
C9 Senora Confidence Regular Flow (Panty System),10 pcs,120,https://chaldal.com/feminine-care
Veet Hair Removal Cream Normal Skin With Lotus Milk,50 gm,200,https://chaldal.com/feminine-care
A5 Freedom Panty System Sanitary Napkin 10 pads,,100,https://chaldal.com/feminine-care
GSN3 Grace Wings Sanitary Napkin Regular Flow (Panty) 15 pads,,150,https://chaldal.com/feminine-care
GSN2 Grace Wings Sanitary Napkin Regular Flow (Panty) 10 pads,,120,https://chaldal.com/feminine-care
VSN4 Venus Sanitary Napkin Panty Liner,25 pcs,245,https://chaldal.com/feminine-care
QSN1 Queen Sanitary Napkin (Panty),10 pcs,125,https://chaldal.com/feminine-care
C20 Fresh Anonna Sanitary Napkin Heavy Flow 290 Wings 8 pads,,110,https://chaldal.com/feminine-care
C16 Fresh Anonna Sanitary Napkin Belt system 8 pads,,60,https://chaldal.com/feminine-care
A11 Freedom Belt System Sanitary Napkin 15 pads,,130,https://chaldal.com/feminine-care
Comely Shower Gel (Sunshine Garden),350 ml,300,https://chaldal.com/womens-shower-gel
The Dermalix Rose Soothing Shower Gel,250 ml,350,https://chaldal.com/womens-shower-gel
Nivea Female Shower Gel Lemongrass & Oil,250 ml,700,https://chaldal.com/womens-shower-gel
Dettol Lasting Fresh Bodywash,250 ml,225,https://chaldal.com/womens-shower-gel
Dettol Skincare Bodywash,250 ml,225,https://chaldal.com/womens-shower-gel
Lux Body Wash French Rose & Almond Oil,245 ml,220,https://chaldal.com/womens-shower-gel
Dettol Aloe Vera Bodywash,250 ml,225,https://chaldal.com/womens-shower-gel
Dettol Cool Bodywash,250 ml,225,https://chaldal.com/womens-shower-gel
Dettol Skincare Bodywash Refill,170 ml,125,https://chaldal.com/womens-shower-gel
Dettol Lasting Fresh Bodywash Refill,170 ml,125,https://chaldal.com/womens-shower-gel
"Dettol Lasting Fresh Bodywash (Scan, Run & Win)",250 ml,225,https://chaldal.com/womens-shower-gel
YC Beautiful Day Body Shower Gel,400 ml,650,https://chaldal.com/womens-shower-gel
Palmolive Aroma Morning Tonic Shower Gel,250 ml,650,https://chaldal.com/womens-shower-gel
Palmolive Body Wash Luminous Oils,250 ml,650,https://chaldal.com/womens-shower-gel
Dettol Original Bodywash,250 ml,200,https://chaldal.com/womens-shower-gel
Dettol Fresh Antibacterial Bodywash Citrus & Orange Blossom,250 ml,350,https://chaldal.com/womens-shower-gel
Biore Mens Hygienic Energy Shower Gel,250 ml,750,https://chaldal.com/womens-shower-gel
Biore Mens Cool Energy Shower Gel,250 ml,750,https://chaldal.com/womens-shower-gel
St. Ives Sooting Oatmeal & Shea Butters Body Wash,400 ml,1550,https://chaldal.com/womens-shower-gel
St. Ives Fresh Skin Apricot Body Wash,400 ml,850,https://chaldal.com/womens-shower-gel
Lux Body Wash Bright Camellia,500 ml,1250,https://chaldal.com/womens-shower-gel
Lux Body Wash Soft Rose,500 ml,1250,https://chaldal.com/womens-shower-gel
Palmolive Aroma Alluring Love Body Wash For Women&Men,250 ml,650,https://chaldal.com/womens-shower-gel
Palmolive Aroma Sweet Delight Body Wash,250 ml,650,https://chaldal.com/womens-shower-gel
Radiant Raxoll Antibacterial Soap (Moisture),100 gm,75,https://chaldal.com/mens-soaps
Radiant Raxoll Antibacterial Soap (Moisture),75 gm,60,https://chaldal.com/mens-soaps
Radiant Raxoll Antibacterial Soap (Sport),100 gm,75,https://chaldal.com/mens-soaps
Dettol Soap Neem with Pure Neem Oil Shower Bar,125 gm,89,https://chaldal.com/mens-soaps
Dettol Soap Neem with Pure Neem Oil Shower Bar,75 gm,65,https://chaldal.com/mens-soaps
Dettol Original Germ Defence Soap,100 gm,80,https://chaldal.com/mens-soaps
ACI Savlon Soap Fresh 125 gm,3 pcs,225,https://chaldal.com/mens-soaps
Dettol Soap Fresh Bathing Bar Soap With Odour Protection,125 gm,95,https://chaldal.com/mens-soaps
Dettol Soap Fresh Bathing Bar Soap With Odour Protection,75 gm,65,https://chaldal.com/mens-soaps
Dettol Soap Bathing Bar Original Germ Defence 125 gm (Combo Pack),2 pcs,190,https://chaldal.com/mens-soaps
ACI Savlon Men Soap,100 gm,70,https://chaldal.com/mens-soaps
Lifebuoy Soap Bar Total,150 gm,80,https://chaldal.com/mens-soaps
Dettol Bathing Soap Bar Skincare,125 gm,95,https://chaldal.com/mens-soaps
Dettol Skincare Bodywash,250 ml,225,https://chaldal.com/mens-soaps
Lifebuoy Soap Bar Lemon Fresh,90 gm,55,https://chaldal.com/mens-soaps
Dettol Bathing Soap Bar Skincare,27 gm,15,https://chaldal.com/mens-soaps
Lifebuoy Soap Bar Mild Care 100 gm,2 pcs,94,https://chaldal.com/mens-soaps
Akij Health + Original Soap,100 gm,60,https://chaldal.com/mens-soaps
Lux Jasmine Soap Bar Bright Glow,75 gm,50,https://chaldal.com/mens-soaps
Dettol Soap Original Germ Defence Bathing Bar,50 gm,40,https://chaldal.com/mens-soaps
Dettol Fresh Soap 125 gm (25 gm Extra),150 gm,90,https://chaldal.com/mens-soaps
Dettol Cool Soap 125 gm (25 gm Extra),150 gm,90,https://chaldal.com/mens-soaps
Dettol Skincare With Moisturizers Soap,100 gm,75,https://chaldal.com/mens-soaps
Dettol Aloe Vera Shower Bar,100 gm,80,https://chaldal.com/mens-soaps
ACI Savlon Soap Fresh 100 gm,3 pcs,210,https://chaldal.com/mens-soaps
ACI Savlon Soap Mild 100 gm,3 pcs,210,https://chaldal.com/mens-soaps
ACI Savlon Soap Mild 125 gm,3 pcs,225,https://chaldal.com/mens-soaps
ACI Savlon Fresh Antiseptic Soap,125 gm,80,https://chaldal.com/mens-soaps
Irish Spring Original Body Wash,532 ml,1360,https://chaldal.com/mens-soaps
Irish Spring Aloe Soap,104.8 gm,270,https://chaldal.com/mens-soaps
Dr Davey Black Soap,100 gm,189,https://chaldal.com/mens-soaps
Lifebuoy Mild Care Antibacterial Body Wash,300 ml,450,https://chaldal.com/mens-soaps
Godrej No.1 Sandal Soap,100 gm,55,https://chaldal.com/mens-soaps
Himalaya Neem & Turmeric Soap 125 gm (Buy 3 Get 1 Free),4 pcs,240,https://chaldal.com/mens-soaps
Dettol Original Bodywash,250 ml,200,https://chaldal.com/mens-soaps
Dettol Fresh Antibacterial Bodywash Citrus & Orange Blossom,250 ml,350,https://chaldal.com/mens-soaps
Studio X Clean & Fresh Soap For Men,75 gm,60,https://chaldal.com/mens-soaps
Dettol Bathing Soap Bar Skincare 125 gm (Combo Pack),4 pcs,380,https://chaldal.com/mens-soaps
Dettol Soap Bathing Bar Original Germ Defence 125 gm (Combo Pack),4 pcs,380,https://chaldal.com/mens-soaps
Studio X Clean & Fresh Soap for Men,125 gm,90,https://chaldal.com/mens-soaps
Nivea Fresh Natural Body Spray,150 ml,525,https://chaldal.com/mens-soaps
Wild Stone Forest Spice Soap,125 gm,188,https://chaldal.com/mens-soaps
ACI Septex Deep Clean Antiseptic Bar,100 gm,55,https://chaldal.com/mens-soaps
ACI Septex Antiseptic Bar,100 gm,50,https://chaldal.com/mens-soaps
Cute Lemon Soap,125 gm,60,https://chaldal.com/mens-soaps
Dettol Soap Bathing Bar Aloe Vera,75 gm,65,https://chaldal.com/mens-soaps
ACI Neem Original Pure Neem Soap,100 gm,55,https://chaldal.com/mens-soaps
"Dettol Soap Bathing Bar Family Pack (Cool, Skincare & Original) 75 gm",3 pcs,195,https://chaldal.com/mens-soaps
Dettol Soap Bathing Bar Original Germ Defence 75 gm (Combo Pack),3 pcs,195,https://chaldal.com/mens-soaps
Camay Romantic Beauty Soap,170 gm,350,https://chaldal.com/mens-soaps
Head & Shoulders Smooth & Silky Anti Dandruff Shampoo,1 ltr,2799,https://chaldal.com/shampoo
Clear Men Shampoo Deep Cleanse,170 ml,270,https://chaldal.com/shampoo
Clear Shampoo Men Cool Sport Menthol Anti Dandruff,330 ml,500,https://chaldal.com/shampoo
Ujjwala Care Hair Protect Men Shampoo + Conditioner,200 ml,320,https://chaldal.com/shampoo
Clear Men Shampoo Deep Cleanse,330 ml,500,https://chaldal.com/shampoo
Herbal Essences White Strawberry & Sweet Mint Conditioner,400 ml,775,https://chaldal.com/shampoo
Herbal Essences Strength Whipped Cocoa Butter Conditioner,400 ml,775,https://chaldal.com/shampoo
Head & Shoulders Cool Menthol Anti Dandruff Shampoo,1 ltr,1800,https://chaldal.com/shampoo
Head & Shoulders Smooth & Silky Anti Dandruff Shampoo,340 ml,990,https://chaldal.com/shampoo
Head & Shoulders 2 in 1 Cool Menthol Anti Dandruff Shampoo + Conditioner,340 ml,1200,https://chaldal.com/shampoo
Head & Shoulders 2 in 1 Smooth & Silky Shampoo + Conditioner,180 ml,650,https://chaldal.com/shampoo
Head & Shoulders Cool Menthol Anti Dandruff Shampoo,180 ml,530,https://chaldal.com/shampoo
Head & Shoulders Silky Black Anti Dandruff Shampoo,340 ml,990,https://chaldal.com/shampoo
Sunsilk Lively Clean & Fresh Shampoo,300 ml,725,https://chaldal.com/shampoo
Clear Shampoo Complete Active Care Anti Dandruff,330 ml,400,https://chaldal.com/shampoo
Dove Shampoo Oxygen Moisture,330 ml,470,https://chaldal.com/shampoo
Dove Shampoo Intense Repair,170 ml,200,https://chaldal.com/shampoo
Dove Shampoo Intense Repair,330 ml,440,https://chaldal.com/shampoo
Dove Shampoo Nourishing Oil Care,170 ml,200,https://chaldal.com/shampoo
Dove Shampoo Nourishing Oil Care,330 ml,470,https://chaldal.com/shampoo
Sunsilk Shampoo Lusciously Thick & Long,330 ml,350,https://chaldal.com/shampoo
Clear Shampoo Men Cool Sport Menthol Anti Dandruff,170 ml,270,https://chaldal.com/shampoo
Clear Shampoo Complete Active Care Anti Dandruff,170 ml,240,https://chaldal.com/shampoo
Kool 2 In 1 After Shave Gel Cream,50 gm,140,https://chaldal.com/shaving-needs
Gillette Blue 2 Disposable Razor,each,55,https://chaldal.com/shaving-needs
Gillette Guard Cartridges Single Cartridge,each,30,https://chaldal.com/shaving-needs
Gillette Mach3 Turbo Men's Shaving Razor,each,665,https://chaldal.com/shaving-needs
Gillette Proglide Men's Grooming Razor With Flexible Technology,each,1090,https://chaldal.com/shaving-needs
Nivea Men Cool Kick Shaving Gel,200 ml,375,https://chaldal.com/shaving-needs
Kool After Shave Lotion,50 ml,200,https://chaldal.com/shaving-needs
Nivea Men Sensitive After Shave Lotion,100 ml,1250,https://chaldal.com/shaving-needs
Nivea Men Sensitive After Shave Lotion,100 ml,550,https://chaldal.com/shaving-needs
Kool Ultra Glide Shaving Foam,200 ml,350,https://chaldal.com/shaving-needs
Kool After Shave Lotion,100 ml,300,https://chaldal.com/shaving-needs
Gillette Mach3 New Blade Razor,each,655,https://chaldal.com/shaving-needs
Gillette Fusion Manual Razor,each,1090,https://chaldal.com/shaving-needs
Kool Frosty Shaving Cream,50 gm,55,https://chaldal.com/shaving-needs
Gillette Blue 2 Disposable Razor,each,55,https://chaldal.com/beard-grooming
Gillette Guard Cartridges Single Cartridge,each,30,https://chaldal.com/beard-grooming
Beardo Beard & Hair Growth Oil,50 ml,1599,https://chaldal.com/beard-grooming
Kool After Shave Lotion,50 ml,200,https://chaldal.com/beard-grooming
Aichun Beauty Beard Growth Beard Essential Oil,30 ml,450,https://chaldal.com/beard-grooming
Nivea Men Sensitive After Shave Lotion,100 ml,1250,https://chaldal.com/beard-grooming
Nivea Men Sensitive After Shave Lotion,100 ml,550,https://chaldal.com/beard-grooming
Kool Ultra Glide Shaving Foam,200 ml,350,https://chaldal.com/beard-grooming
Kool After Shave Lotion,100 ml,300,https://chaldal.com/beard-grooming
Gillette Mach3 New Blade Razor,each,655,https://chaldal.com/beard-grooming
Gillette Fusion Manual Razor,each,1090,https://chaldal.com/beard-grooming
Kool Frosty Shaving Cream,50 gm,55,https://chaldal.com/beard-grooming
Fogg Body spray Royal,120 ml,520,https://chaldal.com/deodorants
Nivea Fresh Natural Body Spray 150 ml & Energy Fresh Roll On 50 ml (Combo Pack),,604,https://chaldal.com/deodorants
Kool Deodorant Body Spray (Storm),150 ml,325,https://chaldal.com/deodorants
Layer'r Wottagirl Secret Crush Body Spray,135 ml,595,https://chaldal.com/deodorants
Layer'r Shot Red Stallion Body Spray,135 ml,595,https://chaldal.com/deodorants
Layer'r Shot Power Play Body Spray,135 ml,595,https://chaldal.com/deodorants
Yardley London Gentleman Roll On Body Spray,50 ml,279,https://chaldal.com/deodorants
Denim Musk Deodorant Body Spray,150 ml,625,https://chaldal.com/deodorants
Rasasi Relation Men Body Spray,200 ml,530,https://chaldal.com/deodorants
Lafz Kaveh Body Spray,100 ml,350,https://chaldal.com/deodorants
Beverly Hills Polo Club Eight Men's Body Spray,175 ml,750,https://chaldal.com/deodorants
Layer'r Shot Royal Jade Men's Body Spray,135 ml,595,https://chaldal.com/deodorants
Layer'r Shot Deep Desire Men's Body Spray,135 ml,595,https://chaldal.com/deodorants
Wild Stone Pocket Perfume (Charge),18 ml,150,https://chaldal.com/deodorants
Wild Stone Pocket Perfume (Blast),18 ml,150,https://chaldal.com/deodorants
Wild Stone Pocket Perfume (Fresh),18 ml,150,https://chaldal.com/deodorants
Fogg Scent Czar,30 ml,680,https://chaldal.com/deodorants
Fogg Body Spray Absolute,120 ml,530,https://chaldal.com/deodorants
Fogg Body Spray Fresh Fougere,120 ml,555,https://chaldal.com/deodorants
Clariss Note Men Perfume,120 ml,295,https://chaldal.com/deodorants
Nivea Men Whitening Roll On Deodorant,50 ml,260,https://chaldal.com/deodorants
Nivea Men Fresh Active Deodorant Roll On,50 ml,240,https://chaldal.com/deodorants
Axe Signature Intense Body Perfume Ticket,17 ml,220,https://chaldal.com/deodorants
Axe Signature Champion Body Perfume Ticket,17 ml,211,https://chaldal.com/deodorants
Eternal Love Xlouis Men Body Spray,200 ml,453,https://chaldal.com/deodorants
Eternal Love Men Body Spray For Men,200 ml,750,https://chaldal.com/deodorants
Nivea Fresh Natural Body Spray,150 ml,525,https://chaldal.com/deodorants
Wild Stone P.B.S Iron Perfume,120 ml,710,https://chaldal.com/deodorants
Wild Stone P.B.S Bronze Perfume,120 ml,710,https://chaldal.com/deodorants
Wild Stone P.B.S Chrome Perfume,120 ml,660,https://chaldal.com/deodorants
Red Hunt Savage Storm Body Spray,125 ml,500,https://chaldal.com/deodorants
Red Hunt Rain Forest Body Spray,125 ml,490,https://chaldal.com/deodorants
Red Hunt Wild Chase Body Spray,125 ml,402,https://chaldal.com/deodorants
Red Hunt Premium Alpha Tribe Body Spray,125 ml,490,https://chaldal.com/deodorants
Romano Roll On Attitude,50 ml,300,https://chaldal.com/deodorants
Colour Me Black Man Deo Spray,150 ml,590,https://chaldal.com/deodorants
HE Advanced Grooming Power Body Perfume,120 ml,500,https://chaldal.com/deodorants
Engage On Man Pocket Perfume (Classic Woody),18 ml,170,https://chaldal.com/deodorants
Fogg Scent Men Impressio,100 ml,1450,https://chaldal.com/deodorants
Fogg Body spray Victor,120 ml,520,https://chaldal.com/deodorants
HE Advanced Grooming Innovator Perfumed Body Spray,150 ml,400,https://chaldal.com/deodorants
Wild Stone Body Perfume Steel,120 ml,699,https://chaldal.com/deodorants
Wild Stone Body Perfume Titanium,120 ml,650,https://chaldal.com/deodorants
Denim Original Body Spray,150 ml,625,https://chaldal.com/deodorants
Wild Stone Legend Body Deodorant,150 ml,450,https://chaldal.com/deodorants
Wild Stone Forest Spice Deodorant,150 ml,650,https://chaldal.com/deodorants
Fogg Body Spray Fresh Spicy,120 ml,555,https://chaldal.com/deodorants
Fogg Body Spray Fresh Aqua,120 ml,555,https://chaldal.com/deodorants
Wild Stone Red Body Deodorant,150 ml,530,https://chaldal.com/deodorants
Kool Deodorant Body Spray (Blue),150 ml,325,https://chaldal.com/deodorants
Enchanteur Perfumed Body Lotion Charming Satin Smooth,500 ml,1700,https://chaldal.com/lotion-cream
Emami Fair And Handsome Fairness Cream,30 gm,200,https://chaldal.com/lotion-cream
Lafz Aqua Sunscreen,100 ml,750,https://chaldal.com/lotion-cream
Parachute SkinPure Aloe Vera Gel,100 ml,205,https://chaldal.com/lotion-cream
Parachute SkinPure Aloe Vera Gel,50 ml,120,https://chaldal.com/lotion-cream
Eunyul Tomato Soothing Gel,300 gm,1400,https://chaldal.com/lotion-cream
Garnier Body Bright Complete Serum Milk UV,400 ml,1480,https://chaldal.com/lotion-cream
Emami Fair And Handsome Fairness Cream,60 gm,350,https://chaldal.com/lotion-cream
Tibet Pomade,50 ml,70,https://chaldal.com/lotion-cream
Care:Nel Anti-Melasma Cica Cream,40 ml,1373,https://chaldal.com/lotion-cream
Simple Kind to Skin Hydrating Light Moisturiser,125 ml,887,https://chaldal.com/lotion-cream
YC Men Oil Control Face Wash,100 ml,624,https://chaldal.com/mens-facewash
Biore Men's Acne Bacterior Face Wash,100 gm,700,https://chaldal.com/mens-facewash
Himalaya Men Power Glow Licorice Face Wash,100 ml,250,https://chaldal.com/mens-facewash
Himalaya Men Acne Clear Neem Face Wash,100 ml,250,https://chaldal.com/mens-facewash
Biore Mens Acne Action Face Wash,100 gm,450,https://chaldal.com/mens-facewash
Garnier Men Power White Fairness Face Wash,100 gm,505,https://chaldal.com/mens-facewash
Biore Mans Bright Action Face Wash,100 gm,450,https://chaldal.com/mens-facewash
Men's Glow & Handsome Face Wash Rapid Action,100 gm,190,https://chaldal.com/mens-facewash
St. Ives Acne Control Apricot Scrub,283 gm,1050,https://chaldal.com/mens-facewash
Garnier Men Acno Fight Face Wash,100 gm,505,https://chaldal.com/mens-facewash
Nivea Men Protect & Care Face Wash,100 ml,500,https://chaldal.com/mens-facewash
Glow & Handsome Rapid Action Instant Brightness Facewash,50 gm,140,https://chaldal.com/mens-facewash
Himalaya Men Intense Oil Clear Lemon Face Wash,100 ml,250,https://chaldal.com/mens-facewash
Garnier Skin Active Micellar Cleansing Water,125 ml,549,https://chaldal.com/mens-facewash
Fresh Hand Towel (250X1 Ply),each,100,https://chaldal.com/tissue-wipes
Fresh Perfumed Facial Tissue (150 X 2) ply Box,each,100,https://chaldal.com/tissue-wipes
"Fresh Paper Napkins 13"" Perfumed (100X1 Ply)",each,75,https://chaldal.com/tissue-wipes
Fresh White Paper Napkin Non-Perfumed,100 pcs,75,https://chaldal.com/tissue-wipes
Partex Cleen Hand Towel (200X2 Ply),each,85,https://chaldal.com/tissue-wipes
"Bashundhara Paper Napkins 13"" Unscented",100 pcs,75,https://chaldal.com/tissue-wipes
Fresh Toilet Tissue (Family Value Pack),4 pcs,100,https://chaldal.com/tissue-wipes
Fay Facial Tissue Non-Perfume (150 X 2 ply) Box,each,105,https://chaldal.com/tissue-wipes
Bashundhara Toilet Tissue,4 pcs,112,https://chaldal.com/tissue-wipes
Fay Perfume Facial Tissue Perfume (150 X 2 ply) Box,each,105,https://chaldal.com/tissue-wipes
Fay Toilet Tissue White 180 Sheet,each,30,https://chaldal.com/tissue-wipes
Bashundhara Gold Toilet Tissue,each,38,https://chaldal.com/tissue-wipes
Fay Multi-fold Hand Towel 1 Ply,150 pcs,160,https://chaldal.com/tissue-wipes
Sensodyne Daily Protection Toothpaste,20 gm,55,https://chaldal.com/toothpastes
Closeup Toothpaste Menthol Fresh,145 gm,155,https://chaldal.com/toothpastes
Medident Sensitive Care Toothpaste,100 gm,120,https://chaldal.com/toothpastes
Medident-G Gum Care Toothpaste,140 gm,170,https://chaldal.com/toothpastes
Mediplus Toothpaste,70 gm,70,https://chaldal.com/toothpastes
Sensodyne Fresh Mint Toothpaste,40 gm,110,https://chaldal.com/toothpastes
Closeup Toothpaste Menthol Fresh,85 gm,105,https://chaldal.com/toothpastes
Mediplus DS Toothpaste,140 gm,135,https://chaldal.com/toothpastes
Colgate Max Fresh Blue Gel Toothpaste,150 gm,200,https://chaldal.com/toothpastes
Mediplus Fluoride Gel Toothpaste,100 gm,100,https://chaldal.com/toothpastes
Pepsodent Toothpaste Germi Check +,190 gm,170,https://chaldal.com/toothpastes
Pepsodent Toothpaste Germi Check +,140 gm,125,https://chaldal.com/toothpastes
Sensodyne Repair & Protect Toothpaste,100 gm,475,https://chaldal.com/toothpastes
Pepsodent Toothpaste Germi Check +,85 gm,95,https://chaldal.com/toothpastes
Parodontax ultra Clean Toothpaste,75 gm,250,https://chaldal.com/toothpastes
Parodntax Daily Flouride Toothpaste,75 gm,220,https://chaldal.com/toothpastes
Magic Herbal Toothpaste,100 gm,90,https://chaldal.com/toothpastes
Colgate Kids Premium Toothpaste (3-5 Years),80 gm,320,https://chaldal.com/toothpastes
Colgate Kids Premium Toothpaste (0-2 Years),70 gm,320,https://chaldal.com/toothpastes
Dabur Red Toothpaste,50 gm,45,https://chaldal.com/toothpastes
Dabur Red Toothpaste (Super Saver Pack),300 gm,155,https://chaldal.com/toothpastes
Pepsodent Awesome Orange Toothpaste,45 gm,85,https://chaldal.com/toothpastes
Sensodyne Fresh Gel Toothpaste (Free Brush 1 pcs),150 gm,350,https://chaldal.com/toothpastes
Sensodyne Fresh Mint Toothpaste (Free Brush 1 pcs),150 gm,350,https://chaldal.com/toothpastes
Sensodyne Rapid Relief Toothpaste,40 gm,180,https://chaldal.com/toothpastes
Sensodyne Repair and Protect Toothpaste,70 gm,360,https://chaldal.com/toothpastes
WhitePlus Toothpaste,200 gm,160,https://chaldal.com/toothpastes
Himalaya Complete Care Toothpaste,175 gm,280,https://chaldal.com/toothpastes
Pepsodent Toothpaste Sensitive Expert Gum Care,140 gm,250,https://chaldal.com/toothpastes
Sensodyne Deep Clean Toothpaste,70 gm,200,https://chaldal.com/toothpastes
Pepsodent Toothpaste Sensitive Expert Professional,140 gm,220,https://chaldal.com/toothpastes
WhitePlus Enamel Guard Toothpaste,100 gm,110,https://chaldal.com/toothpastes
BrushUp Fresh Alpine Mint Toothpaste,100 gm,70,https://chaldal.com/toothpastes
Sensodyne Rapid Relief Toothpaste,80 gm,330,https://chaldal.com/toothpastes
Colgate Total Advance Health Toothpaste,120 gm,320,https://chaldal.com/toothpastes
Sensodyne Fresh Mint Toothpaste,75 gm,200,https://chaldal.com/toothpastes
Zact Whitening Toothpaste,150 gm,347,https://chaldal.com/toothpastes
Sensodyne Fresh Gel Toothpaste,75 gm,200,https://chaldal.com/toothpastes
Sensodyne Fresh Gel Toothpaste,150 gm,350,https://chaldal.com/toothpastes
Colgate Anticavity Active Salt Toothpaste,190 gm,220,https://chaldal.com/toothpastes
Colgate Max Fresh Red Gel Toothpaste,150 gm,200,https://chaldal.com/toothpastes
Colgate Visible White Toothpaste,100 gm,350,https://chaldal.com/toothpastes
Zact Smokers' Toothpaste,150 gm,320,https://chaldal.com/toothpastes
Sensodyne Fresh Mint Toothpaste,150 gm,350,https://chaldal.com/toothpastes
Mediplus DS Toothpaste,90 gm,90,https://chaldal.com/toothpastes
Medident-G Gum Care 140 gm & Sensitive Care Toothpaste 40 gm (Combo),,170,https://chaldal.com/toothpastes
Colgate Herbal Toothpaste,200 gm,230,https://chaldal.com/toothpastes
Colgate Strong Teeth Toothpaste,190 gm,220,https://chaldal.com/toothpastes
Sensodyne Complete Protection Toothbrush (Buy 2 Get 1 Free),3 pcs,349,https://chaldal.com/toothbrushes
Sensodyne Sensitivity & Gum Toothbrush,each,169,https://chaldal.com/toothbrushes
Sensodyne Gentle Care (Buy 1 Get 1 Free),2 pcs,229,https://chaldal.com/toothbrushes
Sensodyne Expert Brush (Buy 2 Get 1 Free),3 pcs,329,https://chaldal.com/toothbrushes
Parodontax Toothbrush,each,179,https://chaldal.com/toothbrushes
ProDentalB Dynamite Toothbrush,each,219,https://chaldal.com/toothbrushes
Sensodyne Sensitivity & Gum Toothbrush (Buy 2 Get 1 Free),3 pcs,400,https://chaldal.com/toothbrushes
Sensodyne Expert Brush,each,210,https://chaldal.com/toothbrushes
Sensodyne Daily Care Toothbrush,each,70,https://chaldal.com/toothbrushes
Sensodyne Sensitive Toothbrush (Ultra Soft),each,110,https://chaldal.com/toothbrushes
Sensodyne Multicare Toothbrush,each,140,https://chaldal.com/toothbrushes
Sensodyne Deep Clean Toothbrush (Buy 2 Get 1 Free),3 pcs,280,https://chaldal.com/toothbrushes
Colgate 360 Whole Mouth Clean Toothbrush,each,212,https://chaldal.com/toothbrushes
Oral-B Crisscross Toothbrush,each,180,https://chaldal.com/toothbrushes
Trisa Toothbrush Pearl White Soft (Assorted colour),each,290,https://chaldal.com/toothbrushes
Trisa Toothbrush Pearl White Medium (Assorted colour),each,290,https://chaldal.com/toothbrushes
Trisa Toothbrush Perfect White Medium (Assorted colour),each,500,https://chaldal.com/toothbrushes
Trisa Tooth Brush Focus Pro Clean Soft (Assorted colour),each,200,https://chaldal.com/toothbrushes
Trisa Tooth Brush Focus Pro Clean Medium (Assorted colour),each,290,https://chaldal.com/toothbrushes
Trisa Junior Toothbrush 6+ Years (Assorted colour),each,370,https://chaldal.com/toothbrushes
Dr West Toothbrush Hard,each,169,https://chaldal.com/toothbrushes
Colgate Gentle Sensitive 4 pcs Promo Toothbrush,each,318,https://chaldal.com/toothbrushes
Colgate Gentle Sensitive Toothbrush,each,105,https://chaldal.com/toothbrushes
ProDentalB Rice Husk Toothbrush,2 pcs,495,https://chaldal.com/toothbrushes
Colgate Charcoal Gold 360 Toothbrush,each,212,https://chaldal.com/toothbrushes
Sensodyne Toothbrush Family Pack (Buy 2 Get 1 Free),3 pcs,220,https://chaldal.com/toothbrushes
ProDentalB Flexible Toothbrush,each,120,https://chaldal.com/toothbrushes
Sensodyne Complete Protection Toothbrush,each,179,https://chaldal.com/toothbrushes
Dr West Tooth Brush Soft,each,189,https://chaldal.com/toothbrushes
Colgate Slim Fit Charcoal Soft Toothbrush,each,160,https://chaldal.com/toothbrushes
Watson Dental Floss Picks Charcoal,50 pcs,269,https://chaldal.com/mouthwash-others
Colgate Mouthwash Plax Peppermint,500 ml,869,https://chaldal.com/mouthwash-others
Listerine Cool Mint Liquid Mouthwash,250 ml,370,https://chaldal.com/mouthwash-others
Listerine Original Liquid Mouthwash,250 ml,410,https://chaldal.com/mouthwash-others
Listerine Original Liquid Mouthwash,500 ml,553,https://chaldal.com/mouthwash-others
Listerine Cavity Fighter Liquid Mouthwash,500 ml,541,https://chaldal.com/mouthwash-others
Colgate Plax Peppermint Mouth Wash,750 ml,1160,https://chaldal.com/mouthwash-others
Colgate Plax Peppermint Mouth Wash,500 ml,585,https://chaldal.com/mouthwash-others
Colgate Plax Herbal Salt Mouth Wash,500 ml,1260,https://chaldal.com/mouthwash-others
Colgate Plax Freshmint Mouth Wash,750 ml,815,https://chaldal.com/mouthwash-others
Listerine Original Mouth Wash (Thai),250 ml,750,https://chaldal.com/mouthwash-others
Magic Tooth Powder,100 gm,58,https://chaldal.com/mouthwash-others
Colgate Plax Gentle Care Mouth Wash,250 ml,372,https://chaldal.com/mouthwash-others
Oral-B Essential Dental Floss 50 mtr,,600,https://chaldal.com/mouthwash-others
Listerine Cool Mint Mouth Wash (Thai),250 ml,595,https://chaldal.com/mouthwash-others
Toothpick,4 pcs,189,https://chaldal.com/mouthwash-others
Toothpick Local 1 box,,60,https://chaldal.com/mouthwash-others
ProDentalB Tongue Cleaner,each,210,https://chaldal.com/mouthwash-others
ProDentalB Dental Stain Remover,each,375,https://chaldal.com/mouthwash-others
ProDentalB Tooth Floss Pick,50 pcs,270,https://chaldal.com/mouthwash-others
Listerine Cool Mint Mouth Wash (Thai),500 ml,690,https://chaldal.com/mouthwash-others
Pepsodent Tooth Powder,95 gm,60,https://chaldal.com/mouthwash-others
Magic Tooth Powder,50 gm,35,https://chaldal.com/mouthwash-others
ProDentalB Cool Mint Mouthwash,250 ml,360,https://chaldal.com/mouthwash-others
Nivea Express Hydration Body Lotion,380 ml,1250,https://chaldal.com/lotions
Enchanteur Perfumed Body Lotion Charming Satin Smooth,500 ml,1700,https://chaldal.com/lotions
Vaseline Lotion Deep Restore,200 ml,270,https://chaldal.com/lotions
Garnier Body Bright Complete Serum Milk,400 gm,1480,https://chaldal.com/lotions
B. Tech Expert Virgin Moisturising Stretch Mark Lotion,100 ml,380,https://chaldal.com/lotions
B. Tech Expert Goat Milk Whitening Body Lotion,200 ml,265,https://chaldal.com/lotions
Vaseline Intensive Care Cocoa Radiant Lotion,200 ml,425,https://chaldal.com/lotions
Vaseline Intensive Care Advance Strength Lotion,400 ml,825,https://chaldal.com/lotions
Parachute SkinPure Skin Lotion Natural Moisture,200 ml,250,https://chaldal.com/lotions
Parachute SkinPure Skin Lotion Natural White,200 ml,260,https://chaldal.com/lotions
Parachute SkinPure Skin Lotion Natural Moisture,300 ml,340,https://chaldal.com/lotions
Parachute SkinPure Skin Lotion Natural White,100 ml,160,https://chaldal.com/lotions
Parachute SkinPure Skin Lotion Natural Moisture,100 ml,150,https://chaldal.com/lotions
Boots Cocoa Butter Body Lotion,390 ml,1550,https://chaldal.com/lotions
Dove Nourishing Body Care Intensive Body Lotion,400 ml,715,https://chaldal.com/lotions
Enchanteur Perfumed Body Lotion Gorgeous Satin Smooth,500 ml,1500,https://chaldal.com/lotions
Garnier Body Bright Complete Serum Milk UV,400 ml,1480,https://chaldal.com/lotions
Boroplus Moisturising Lotion Aloe Vera & Milk,300 ml,390,https://chaldal.com/lotions
Xpel Kids Spray & Lotion Twin Set,each,550,https://chaldal.com/lotions
Vaseline Intensive Care Body Lotion,400 ml,1250,https://chaldal.com/lotions
Enchanteur Perfumed Body Lotion Romantic Satin Smooth,500 ml,1150,https://chaldal.com/lotions
Revive Moisturizing Lotion,200 ml,260,https://chaldal.com/lotions
Vaseline Lotion Deep Restore,400 ml,850,https://chaldal.com/lotions
Vaseline Lotion Healthy Bright,100 ml,190,https://chaldal.com/lotions
Vaseline Lotion Healthy Bright,200 ml,300,https://chaldal.com/lotions
Vaseline Lotion Healthy Bright,300 ml,420,https://chaldal.com/lotions
Nivea Intensive Moisture Body Milk Lotion,250 ml,725,https://chaldal.com/lotions
Enchanteur Perfumed Body Lotion Enticing Satin Smooth,250 ml,900,https://chaldal.com/lotions
Parachute SkinPure Petroleum Jelly,15 ml,23,https://chaldal.com/petroleum-jelly
Comely Non Sticky Glycerin (Aloe vera),100 gm,150,https://chaldal.com/petroleum-jelly
Skin Secret Glycerin,125 ml,140,https://chaldal.com/petroleum-jelly
Vaseline Blueseal Cocoa Butter Jelly,250 ml,950,https://chaldal.com/petroleum-jelly
Vaseline Blueseal Vitamin E Jelly,50 ml,299,https://chaldal.com/petroleum-jelly
Vaseline Blueseal Original Petroleum Jelly,250 ml,880,https://chaldal.com/petroleum-jelly
Cute Refined Glycerine,60 ml,50,https://chaldal.com/petroleum-jelly
Cute Pomade,50 gm,70,https://chaldal.com/petroleum-jelly
Meril Petroleum Jelly Lemon Fresh,100 ml,110,https://chaldal.com/petroleum-jelly
Parachute SkinPure Petroleum Jelly,100 ml,110,https://chaldal.com/petroleum-jelly
Parachute SkinPure Petroleum Jelly,50 ml,65,https://chaldal.com/petroleum-jelly
Vaseline Petroleum Jelly,100 ml,250,https://chaldal.com/petroleum-jelly
Meril Glycerin,120 gm,115,https://chaldal.com/petroleum-jelly
Tibet Glycerin,125 gm,115,https://chaldal.com/petroleum-jelly
Vaseline Skin Protecting Jelly,5.5 ml,25,https://chaldal.com/petroleum-jelly
Vaseline Petroleum Jelly,50 ml,65,https://chaldal.com/petroleum-jelly
Meril Petroleum Jelly Lemon Fresh,50 ml,65,https://chaldal.com/petroleum-jelly
Meril Rose Water Glycerine,120 gm,200,https://chaldal.com/petroleum-jelly
Pond's Bright Beauty Anti-Spot-Formula Serum Cream,35 gm,180,https://chaldal.com/creams
Pond's Bright Beauty Anti-Spot-Formula Serum Cream,23 gm,130,https://chaldal.com/creams
Ligion Active Gold Mehedi,25 gm,50,https://chaldal.com/creams
Creme 21 Vitamin E Moisturizing Soft Cream,150 ml,605,https://chaldal.com/creams
Dove Silky Cream,300 ml,1450,https://chaldal.com/creams
Dove Intensive Cream,75 ml,495,https://chaldal.com/creams
Pond's White Beauty Day Cream,35 gm,240,https://chaldal.com/creams
Glow & Lovely Advanced Multivitamin Cream,100 gm,300,https://chaldal.com/creams
Beauty Formulas Intensive Foot Cream,100 ml,509,https://chaldal.com/creams
Sudocrem Antiseptic Healing Cream,125 gm,980,https://chaldal.com/creams
Fair And Lovely Cream Advanced Multivitamin,80 gm,400,https://chaldal.com/creams
Neutrogena Ultra Sheer Dry Touch Sunblock SPF,88 ml,1299,https://chaldal.com/creams
Glow & Lovely Face Cream Blemish Balm,40 gm,240,https://chaldal.com/creams
Glow & Lovely Advanced Multi Vitamin Cream,47 gm,165,https://chaldal.com/creams
Pond's Vanishing Cream,28 gm,60,https://chaldal.com/creams
Glow & Lovely Advanced Multi Vitamin Cream,23 gm,95,https://chaldal.com/creams
Pond's Bright Beauty Spot-less Glow Day Cream,23 gm,130,https://chaldal.com/creams
Olay Night Moisturiser Total Effects 7 in 1 Anti Ageing,50 gm,1470,https://chaldal.com/creams
Tibet Snow,50 gm,70,https://chaldal.com/creams
Glow & Lovely Winter Glow Face Cream,50 gm,170,https://chaldal.com/creams
Neutrogena Ultra Sheer Dry-Touch Sunblock SPF 50+,118 ml,930,https://chaldal.com/creams
Care:Nel Anti-Melasma Cica Cream,40 ml,1373,https://chaldal.com/creams
Simple Kind to Skin Hydrating Light Moisturiser,125 ml,887,https://chaldal.com/creams
Dove Beauty Cream,75 ml,449,https://chaldal.com/creams
Neutrogena Deep Clean Gel Wash,200 ml,1000,https://chaldal.com/face-wash-mask
Himalaya Purifying Neem Face Wash,150 ml,275,https://chaldal.com/face-wash-mask
Parachute SkinPure Aloe Vera Gel,100 ml,205,https://chaldal.com/face-wash-mask
Parachute SkinPure Aloe Vera Gel,200 ml,355,https://chaldal.com/face-wash-mask
Parachute SkinPure Aloe Vera Gel,50 ml,120,https://chaldal.com/face-wash-mask
Garnier Skin Naturals Light Complete Serum Mask,each,135,https://chaldal.com/face-wash-mask
Biore Mild Smooth Face Wash,100 gm,700,https://chaldal.com/face-wash-mask
Himalaya Fresh Start Oil Clear Face Wash Lemon,100 ml,199,https://chaldal.com/face-wash-mask
YC Peel Off Black Mask With Bamboo Charcoal,100 ml,650,https://chaldal.com/face-wash-mask
Himalaya Purifying Neem Face Wash,100 ml,230,https://chaldal.com/face-wash-mask
Pond's Face Wash Bright Beauty,100 gm,210,https://chaldal.com/face-wash-mask
Pond's Face Wash Daily,100 gm,150,https://chaldal.com/face-wash-mask
Simple Micellar Facial Wash,150 ml,649,https://chaldal.com/face-wash-mask
Godrej Permanent Liquid Hair Dye Black (Buy 1 Get 1 Free),40 ml,150,https://chaldal.com/hair-color
Godrej Expert Easy 5 Minute Shampoo Based Hair Color (Black),10 gm,30,https://chaldal.com/hair-color
Bigen Hair Color & Conditioner (Light Brown),80 gm,750,https://chaldal.com/hair-color
Bigen Hair Color & Conditioner (Natural Brown),80 gm,700,https://chaldal.com/hair-color
Bigen Hair Color & Conditioner (Dark Brown),80 gm,700,https://chaldal.com/hair-color
Bigen Hair Color & Conditioner (Natural Black),80 gm,700,https://chaldal.com/hair-color
Olympic Heavy Duty AAA Battery,2 pcs,30,https://chaldal.com/batteries
Sunlite Heavy Duty AAA Battery,2 pcs,30,https://chaldal.com/batteries
Olympic Heavy Duty AA Battery,2 pcs,36,https://chaldal.com/batteries
Sunlite Heavy Duty AA Battery,2 pcs,49,https://chaldal.com/batteries
Olympic Volt Remote Battery,2 pcs,30,https://chaldal.com/batteries
Olympic Volt Pencil Battery Metallic,each,18,https://chaldal.com/batteries
Maxell Alkaline LR44 (A76) Battery,2 pcs,139,https://chaldal.com/batteries
Energizer Recharge Power Plus Battery AA,2 pcs,675,https://chaldal.com/batteries
Olympic Gold Heavy Duty AA Battery,2 pcs,36,https://chaldal.com/batteries
Energizer Max Power Battery 1.5V AA,2 pcs,230,https://chaldal.com/batteries
Maxell Alkaline Battery Size: AA,2 pcs,255,https://chaldal.com/batteries
Sony AA Alkaline Batteries,2 pcs,299,https://chaldal.com/batteries
Deli Calculator 12 Digits (Black),each,700,https://chaldal.com/calculators
Citiplus Scientific Electronic Calculator (Sx-991 Es) Plus,each,1229,https://chaldal.com/calculators
Citiplus Scientific Electronic Calculator (Sx-991 Ms),each,729,https://chaldal.com/calculators
Casio Hand Held Calculator 8 Digit (HL-4A),25 gm,190,https://chaldal.com/calculators
Casio Scientific Calculator (FX 991ES Plus),each,1339,https://chaldal.com/calculators
Deli (M198) Basic Calculator 12 Digit,each,689,https://chaldal.com/calculators
Casio Calculator 12 Digit (MJ-120 D),each,780,https://chaldal.com/calculators
Mouse Pad,each,119,https://chaldal.com/organizing-accessories
Deli Colored Push Pins,100 pcs,99,https://chaldal.com/organizing-accessories
RFL Good Luck Sponge Damper,each,25,https://chaldal.com/organizing-accessories
RFL Good Luck Multiple Organizer,each,220,https://chaldal.com/organizing-accessories
Rubber Bands,100 gm,119,https://chaldal.com/organizing-accessories
Deli Office Pin 1 box,50 gm,40,https://chaldal.com/organizing-accessories
Deli Colored Paper Clips,100 pcs,69,https://chaldal.com/organizing-accessories
A4 Tech Optical USB Mouse,each,595,https://chaldal.com/organizing-accessories
"Binder Clip (1"")",12 pcs,90,https://chaldal.com/organizing-accessories
Board Duster,each,59,https://chaldal.com/organizing-accessories
ID Card Holder (T-014H),each,29,https://chaldal.com/organizing-accessories
Binding Needle,each,49,https://chaldal.com/organizing-accessories
Deli Clip Box,each,70,https://chaldal.com/organizing-accessories
ID Card Holder (T-014V),each,29,https://chaldal.com/organizing-accessories
Pin Holder,each,89,https://chaldal.com/organizing-accessories
Artline Stamp Pad 106×67 mm,each,99,https://chaldal.com/organizing-accessories
"Binder Clip (2"")",12 pcs,159,https://chaldal.com/organizing-accessories
Deli Fingertip Moistener,each,150,https://chaldal.com/organizing-accessories
Deli Student Ruler Compass Set Blue,each,125,https://chaldal.com/measuring
Deli Student Ruler Compass Set Pink,each,125,https://chaldal.com/measuring
Deli Compass With Lead Pencil (Pink),each,100,https://chaldal.com/measuring
Deli Compass With Lead Pencil (Blue),each,200,https://chaldal.com/measuring
RFL Good Luck Scale Super 30 cm,each,15,https://chaldal.com/measuring
RFL Good Luck Scale Scholar 30 cm,each,15,https://chaldal.com/measuring
Deli Orbit Classic Metal Compass Set,each,235,https://chaldal.com/measuring
Deli Compass Set,each,400,https://chaldal.com/measuring
Deli Correction Pen Cover Up (White) 8 ml,each,49,https://chaldal.com/pens
Matador i-teen Aroma Ball Pen Black Ink,6 pcs,73,https://chaldal.com/pens
Deli Correction Pen 7 ml,each,80,https://chaldal.com/pens
Econo Soft Grip Ball Pen,10 pcs,100,https://chaldal.com/pens
Linc Glycer Ball Pen Red,6 pcs,159,https://chaldal.com/pens
Matador I-Teen Pen,6 pcs,70,https://chaldal.com/pens
Red Leaf 707 Permanent Marker (Red),each,79,https://chaldal.com/highlighters
Red Leaf 707 Permanent Marker (Blue),each,79,https://chaldal.com/highlighters
Red Leaf White Board Marker Pen 737 (Black),each,139,https://chaldal.com/highlighters
Faber Castell Highlighter Marker (Nion Red),each,79,https://chaldal.com/highlighters
Deli Liquid Highlighter Chisel Tip (Yellow),each,35,https://chaldal.com/highlighters
Red Leaf 707 Permanent Marker (Black),each,109,https://chaldal.com/highlighters
Red Leaf 303 Flourescent Highlighter (Pink),each,59,https://chaldal.com/highlighters
Red Leaf 303 Flourescent Highlighter (Blue),each,59,https://chaldal.com/highlighters
Red Leaf 303 Flourescent Highlighter (Orange),each,59,https://chaldal.com/highlighters
Red Leaf 303 Flourescent Highlighter (Green),each,59,https://chaldal.com/highlighters
Faber Castell Highlighter Marker (Green),each,45,https://chaldal.com/highlighters
Faber Castell Highlighter Marker (Blue),each,45,https://chaldal.com/highlighters
Faber Castell Highlighter Marker (Yellow),each,45,https://chaldal.com/highlighters
Red Leaf White Board Marker Pen (Black),each,139,https://chaldal.com/highlighters
Horse Refill Ink For Stamp Pad 30 cc (Violet),each,71,https://chaldal.com/printer-ink
Horse Stamp Pad (UN-Ink),each,179,https://chaldal.com/printer-ink
Printex Laser Toner Cartridge (48A),each,2459,https://chaldal.com/printer-ink
Printex Laser Toner Cartridge (85A),each,999,https://chaldal.com/printer-ink
Printex Laser Toner Cartridge (79A),each,1209,https://chaldal.com/printer-ink
Visa Laser Toner Cartridge (48A),each,1999,https://chaldal.com/printer-ink
Visa Laser Toner Cartridge (79A),each,839,https://chaldal.com/printer-ink
Visa Laser Toner Cartridge (285A - P1102),each,929,https://chaldal.com/printer-ink
University khata 300 Pages,each,169,https://chaldal.com/notebook-diary
RFL Good Luck Kids Arabic Book,each,30,https://chaldal.com/notebook-diary
Register Book 150 pages,,90,https://chaldal.com/notebook-diary
Register Book 300 Page,each,179,https://chaldal.com/notebook-diary
University khata 300 Pages,each,169,https://chaldal.com/school-supplies
Pencil Bag (Yellow),each,40,https://chaldal.com/school-supplies
Pencil Box (Red),each,114,https://chaldal.com/school-supplies
Pencil Box (Pink),each,114,https://chaldal.com/school-supplies
Pencil Box (Purple),each,114,https://chaldal.com/school-supplies
Pencil Box (Blue),each,114,https://chaldal.com/school-supplies
Matador i-teen Aroma Ball Pen Black Ink,6 pcs,73,https://chaldal.com/school-supplies
Deli Compass Set,each,400,https://chaldal.com/school-supplies
Casio Scientific Calculator (FX 991ES Plus),each,1339,https://chaldal.com/school-supplies
Faber Castell HB pencil (with Eraser),12 pcs,249,https://chaldal.com/school-supplies
LCD Writing Tablet 8.5 Inches,each,299,https://chaldal.com/school-supplies
Titi Artists Oil pastel 12 Color,each,259,https://chaldal.com/color-pencil
Faber Castell Wax Crayons 90 mm 12 Color,each,140,https://chaldal.com/color-pencil
Faber Castell Oil Pastel 12 Color,each,115,https://chaldal.com/color-pencil
Deli Color Pencil,12 pcs,119,https://chaldal.com/color-pencil
Deli Felt Pen,24 pcs,125,https://chaldal.com/color-pencil
Deli Color Emotion Color Pencils,12 pcs,140,https://chaldal.com/color-pencil
Faber Castell Water Color Pencil,12 pcs,249,https://chaldal.com/color-pencil
Faber Castell Long Color Pencil Round Tin,12 pcs,369,https://chaldal.com/color-pencil
SmartHeart Creamy Treat Tuna,60 gm,279,https://chaldal.com/cat-food
Royal Canin Adult Persian,2 kg,3169,https://chaldal.com/cat-food
Foodinnova Toro Toro Cat Soup Tuna & Katsuobushi,75 gm,239,https://chaldal.com/cat-food
Foodinnova Toro Toro Cat Soup Tuna & Mix Seafood,75 gm,249,https://chaldal.com/cat-food
Foodinnova Toro Toro Cat Soup Tuna Fiber,75 gm,249,https://chaldal.com/cat-food
Foodinnova Toro Toro Cat Soup Chicken & Vegetable,75 gm,249,https://chaldal.com/cat-food
Foodinnova Cat Food Nekko Tuna In Gravy,70 gm,99,https://chaldal.com/cat-food
Foodinnova Cat Food Nekko Real Tuna In Jelly,70 gm,99,https://chaldal.com/cat-food
SmartHeart Adult Cat Food Seafood,3 kg,1649,https://chaldal.com/cat-food
SmartHeart Cat Food Adult Mackerel Flavor,3 kg,1969,https://chaldal.com/cat-food
Whiskas Adult Cat Food Tuna,80 gm,99,https://chaldal.com/cat-food
Whiskas Adult Cat Food Ocean Fish,80 gm,99,https://chaldal.com/cat-food
SmartHeart Adult Cat Food Sardine Chicken & Rice,85 gm,99,https://chaldal.com/cat-food
SmartHeart Puppy Dog Food Beef & Milk,500 gm,249,https://chaldal.com/dog-food
SmartHeart Adult Dog Chicken & Egg Flavor,500 gm,319,https://chaldal.com/dog-food
SmartHeart Puppy Food Beef & Milk,8 kg,2749,https://chaldal.com/dog-food
SmartHeart Puppy Food Chicken Egg & Milk,8 kg,2749,https://chaldal.com/dog-food
SmartHeart Adult Dog Food Smoked Liver Flavor,500 gm,219,https://chaldal.com/dog-food
Petslife Lorikeet Diet Bird Food,250 gm,599,https://chaldal.com/bird-food
Petslife Fruit Mix Pellets For Parrots,150 gm,350,https://chaldal.com/bird-food
Gold Wings Premium Budgies Mix,1 kg,529,https://chaldal.com/bird-food
SmartHeart Rabbit Food Veggies & Cereals,200 gm,99,https://chaldal.com/bird-food
Varsele Laga Nutri A19 Bird Food,800 gm,1799,https://chaldal.com/bird-food
Versele Laga Rabbit Food Crock Complete (Carrot),50 gm,359,https://chaldal.com/bird-food
Singapore Math Book 1B,each,450,https://chaldal.com/toys-sports
Deer Football (Size 5),each,909,https://chaldal.com/toys-sports
Bear Hug Me Soft Toy,each,1375,https://chaldal.com/toys-sports
Hello Kitty Big Love soft Toy,each,1090,https://chaldal.com/toys-sports
Taddy Bear Galice Soft Toy,each,870,https://chaldal.com/toys-sports
Pooh Bear Size M,each,990,https://chaldal.com/toys-sports
Birthday Celebration Balloon,20 pcs,150,https://chaldal.com/toys-sports
Golden Wings Badminton Shuttlecock,12 pcs,500,https://chaldal.com/toys-sports
Happy Anniversary Foil (Golden) 16 Letters,,195,https://chaldal.com/toys-sports
LCD Writing Tablet 8.5 Inches,each,299,https://chaldal.com/toys-sports
Golden Wing G10 Badminton Shuttlecock,6 pcs,399,https://chaldal.com/toys-sports
Pierre Cardin Natural Look Foundation,30 ml,1250,https://chaldal.com/beauty
Lipsilk Lip Balm Strawberry,7 gm,210,https://chaldal.com/beauty
Zayn & Myza Breathable Nail Enamel Strawberry Jelly,6 ml,390,https://chaldal.com/beauty
Zayn & Myza Breathable Nail Enamel Red Velvet,6 ml,390,https://chaldal.com/beauty
Zayn & Myza Breathable Nail Enamel Pink Popsicle,6 ml,390,https://chaldal.com/beauty
Zayn & Myza Breathable Nail Enamel Mauve Cheesecake,6 ml,390,https://chaldal.com/beauty
Lafz Lip Color Valley Of Roses,5.5 ml,990,https://chaldal.com/beauty
Ligion Face Magic Gold,50 gm,200,https://chaldal.com/beauty
Ligion Ladies Uptan,70 gm,70,https://chaldal.com/beauty
Woman's World Uptan,150 gm,100,https://chaldal.com/beauty
Mobil Delvac MX 15W-40,5 ltr,2900,https://chaldal.com/vehicle-essentials
Alex Car Wash,500 ml,345,https://chaldal.com/vehicle-essentials
Petronas Mach 5 Plus 20w-50 (API SJ),4 ltr,1480,https://chaldal.com/vehicle-essentials
Super V Multi Grade Engine Oil 20W-50,1 ltr,689,https://chaldal.com/vehicle-essentials
Godrej Aer Cool Surf Blue Click Gel AC Vent Car Freshener,each,399,https://chaldal.com/vehicle-essentials
Alex Car Shampoo & Wax,500 ml,495,https://chaldal.com/vehicle-essentials
Mobil Super Moto 10W-30,1 ltr,625,https://chaldal.com/vehicle-essentials
Mobil Super Moto 20W-40,1 ltr,625,https://chaldal.com/vehicle-essentials
"Forged Steel Wrench (300 mm X 12"")",each,449,https://chaldal.com/vehicle-essentials
Dettol Fresh Liquid Handwash Refill,170 ml,80,https://chaldal.com/handwash-handrub
Dettol Fresh Liquid Handwash Pump,200 ml,110,https://chaldal.com/handwash-handrub
Dettol Handwash Original Liquid Refill,170 ml,80,https://chaldal.com/handwash-handrub
Dettol Handwash Original Liquid Pump,200 ml,110,https://chaldal.com/handwash-handrub
ACI Savlon Ocean Blue Antiseptic Handwash Refill,170 ml,80,https://chaldal.com/handwash-handrub
Dettol Handwash Skincare Liquid Refill,170 ml,80,https://chaldal.com/handwash-handrub
Dettol Handwash Re-Energize Liquid Refill,750 ml,270,https://chaldal.com/handwash-handrub
Savlon Instant Hand Sanitizer,200 ml,200,https://chaldal.com/handwash-handrub
Savlon Hand Sanitizer,50 ml,80,https://chaldal.com/handwash-handrub
Dettol Handwash Re-Energize Liquid,5 ltr,1400,https://chaldal.com/handwash-handrub
Hexisol Hand Rub,50 ml,55,https://chaldal.com/handwash-handrub
Hexisol Hand Rub,250 ml,140,https://chaldal.com/handwash-handrub
Sepnil Instant Hand Sanitizer,40 ml,80,https://chaldal.com/handwash-handrub
Dettol Handwash Aloe Vera Liquid Pump,200 ml,110,https://chaldal.com/handwash-handrub
Dettol Handwash Aloe Vera Liquid Refill,170 ml,80,https://chaldal.com/handwash-handrub
Sepnil Instant Hand Sanitizer,200 ml,250,https://chaldal.com/handwash-handrub
Dettol Handwash Cool Liquid Refill,170 ml,80,https://chaldal.com/handwash-handrub
Dettol Handwash Cool Liquid Pump,200 ml,110,https://chaldal.com/handwash-handrub
Dettol Handwash Skincare Liquid Pump,200 ml,110,https://chaldal.com/handwash-handrub
Lifebuoy Handwash Total Pump,200 ml,120,https://chaldal.com/handwash-handrub
Sagudana,200 gm,45,https://chaldal.com/herbal-products
Psyllium Husk (Isubgul Vushi),100 gm,159,https://chaldal.com/herbal-products
ACI Fruit Sal Tasty Saline 1 Box,20 pcs,140,https://chaldal.com/herbal-products
Eno Digestive Orange Flavour 30 pcs,150 gm,450,https://chaldal.com/herbal-products
Eno Digestive Lemon Flavour 30 pcs,150 gm,450,https://chaldal.com/herbal-products
Farmer's Gold Rose Petal Powder,25 gm,150,https://chaldal.com/herbal-products
Hajmola Borhani 100 Tablets,74 gm,110,https://chaldal.com/herbal-products
Eno Orange Flavor,5 pcs,75,https://chaldal.com/herbal-products
Sajeeb Pure Psyllium Husk (Isubgul Vushi),75 gm,175,https://chaldal.com/herbal-products
Hajmola Regular 90 Tablets,68 gm,110,https://chaldal.com/herbal-products
Dabur Chyawanprash Awaleha,500 gm,600,https://chaldal.com/herbal-products
Sepnil Face Mask (Black Colour),50 pcs,320,https://chaldal.com/face-masks-safety
Savlon Face Mask 1 Box,50 pcs,320,https://chaldal.com/face-masks-safety
Mop Cap,100 pcs,280,https://chaldal.com/face-masks-safety
Home Crafts Mr. & Mrs. Couple Mask Black & White (4 Ply),2 pcs,250,https://chaldal.com/face-masks-safety
Germnil Surgical Face Mask,50 pcs,500,https://chaldal.com/face-masks-safety
Sepnil Face Mask 1 Box,50 pcs,320,https://chaldal.com/face-masks-safety
Protective Safety Goggles,each,199,https://chaldal.com/face-masks-safety
KS5 Kamasutra LongLast Condom,3 pcs,65,https://chaldal.com/family-planning
T1 Hero 3S Condom,3 pcs,20,https://chaldal.com/family-planning
M2 Sensation Strawberry Dotted Condoms,3 pcs,40,https://chaldal.com/family-planning
M1 Sensation Classic Dotted Condoms,3 pcs,40,https://chaldal.com/family-planning
K1 U & ME Long Love Condoms,3 pcs,70,https://chaldal.com/family-planning
J2 Xtreme Ultra Thin Premium Condom,3 pcs,90,https://chaldal.com/family-planning
KS4 Kamasutra Mango Flavoured Dotted Condom,3 pcs,60,https://chaldal.com/family-planning
KS3 Kamasutra Strawberry Flavoured Dotted Condom,3 pcs,60,https://chaldal.com/family-planning
KS2 Kamasutra Chocolate Flavoured Dotted Condom,3 pcs,60,https://chaldal.com/family-planning
KS1 Kamasutra Dotted Condom,3 pcs,60,https://chaldal.com/family-planning
Sirona Oxo-Biodegradable Tampon & Condom Disposal Bag,50 pcs,350,https://chaldal.com/family-planning
MN3 Manforce Strawberry Condom,10 pcs,319,https://chaldal.com/family-planning
MN2 Manforce Chocolate Condom,10 pcs,189,https://chaldal.com/family-planning
DC1 Durex Extra Dotted Condom,10 pcs,629,https://chaldal.com/family-planning
L3 Coral Long Lasting Condom (Width 52 ± 2 mm),3 pcs,60,https://chaldal.com/family-planning
L7 Coral Extra Dotted Condom (Width 52 ± 2 mm),3 pcs,60,https://chaldal.com/family-planning
L1 Coral Ultra Thin Extra Time Condom,3 pcs,70,https://chaldal.com/family-planning
L5 Coral Long Lasting Condom (Width 52 ± 2 mm),3 pcs,60,https://chaldal.com/family-planning
J1 Xtreme 3 in 1 Premium Condom,3 pcs,90,https://chaldal.com/family-planning
K3 U & ME Anatomic Condoms,3 pcs,70,https://chaldal.com/family-planning
G2 Durex Strawberry Condom,3 pcs,99,https://chaldal.com/family-planning
H7 Moods Dotted Condom,3 pcs,99,https://chaldal.com/family-planning
I1 Panther Doted Condom,3 pcs,25,https://chaldal.com/family-planning
Thai Adult Pant Diaper M Waist Size 27-45 Inch,10 pcs,679,https://chaldal.com/adult-diapers
SmartCare Adult Diaper M 60-110 cm,10 pcs,920,https://chaldal.com/adult-diapers
Thai Adult Pant Diaper L Waist Size 30-55 Inch,10 pcs,739,https://chaldal.com/adult-diapers
Aspire Adult Diaper Belt M 76- 116 cm,8 pcs,719,https://chaldal.com/adult-diapers
Glory Adult Diaper Large (110-150 cm),8 pcs,839,https://chaldal.com/adult-diapers
SmartCare Disposable Underpads XL (60 X 90 cm),10 pcs,649,https://chaldal.com/adult-diapers
Aspire Premium Adult Wet Towel,80 pcs,400,https://chaldal.com/adult-diapers
Safe-Accu Blood Glucose Monitor Device Kit,,1500,https://chaldal.com/medical-devices
Hot Water Bottle With Flees Cover (Assorted Color),2000 ml,299,https://chaldal.com/medical-devices
Digital Thermometer,each,189,https://chaldal.com/medical-devices
Safe-Accu Blood Glucose Test Strip In Foil Pack,25 pcs,520,https://chaldal.com/medical-devices
Safe-Accu Blood Glucose Test Strip In Foil Pack,50 pcs,1000,https://chaldal.com/medical-devices
Safe-Accu Blood Glucose Monitor Device Kit (Free Sir 750 ml),,1500,https://chaldal.com/medical-devices
Rohs Fingertip Pulse Oximeter,each,819,https://chaldal.com/medical-devices
Digital Thermometer with Beeper,each,849,https://chaldal.com/medical-devices
