Item Name,Quantity/Volume,Price (BDT),Link
Banana Chompa (Ready To Eat),4 pcs,29,https://chaldal.com/fresh-fruit
Shagor Kola (Banana Sagor),4 pcs,55,https://chaldal.com/fresh-fruit
Guava Premium (± 50 gm),1 kg,119,https://chaldal.com/fresh-fruit
Bangla Kola,4 pcs,45,https://chaldal.com/fresh-fruit
Malta ± 50 gm,1 kg,319,https://chaldal.com/fresh-fruit
Daab (Green Coconut),each,149,https://chaldal.com/fresh-fruit
Dalim (Pomegranate),2 pcs,269,https://chaldal.com/fresh-fruit
China Fuji Apple ± 50 gm,1 kg,399,https://chaldal.com/fresh-fruit
Paka Pape ± 50 gm,1 kg,179,https://chaldal.com/fresh-fruit
Shada Nashpati ± 50 gm (Pear White),2 pcs,179,https://chaldal.com/fresh-fruit
Komola (Orange) Imported ± 50 gm,1 kg,359,https://chaldal.com/fresh-fruit
Gala Apple ± 50 gm,1 kg,479,https://chaldal.com/fresh-fruit
Anaros (Pineapple),each,79,https://chaldal.com/fresh-fruit
Bel (Wood Apple),each,149,https://chaldal.com/fresh-fruit
Narikel (Coconut),each,169,https://chaldal.com/fresh-fruit
Pomegranate Peeled (± 50 gm),300 gm,439,https://chaldal.com/fresh-fruit
Banana Sobri,4 pcs,55,https://chaldal.com/fresh-fruit
Sobuj Angur (Green Grapes) ± 12 gm,250 gm,159,https://chaldal.com/fresh-fruit
Watermelon Large 5 kg + (Tormuj),each,359,https://chaldal.com/fresh-fruit
Green Apple ± 50 gm,1 kg,499,https://chaldal.com/fresh-fruit
Lychee Premium,50 pcs,279,https://chaldal.com/fresh-fruit
Dragon Fruit Local (± 50 gm),1 kg,229,https://chaldal.com/fresh-fruit
Jamrul (Java Apple Red),1 kg,179,https://chaldal.com/fresh-fruit
Koromcha Fruit,500 gm,99,https://chaldal.com/fresh-fruit
Jamrul (Java Apple White),500 gm,79,https://chaldal.com/fresh-fruit
Broiler Whole Chicken Leg Skin On (± 50 gm),1 kg,519,https://chaldal.com/chicken-poultry
Broiler Chicken Skin Off ± 50 gm,1 kg,359,https://chaldal.com/chicken-poultry
Broiler Chicken Skin On ± 50 gm,1 kg,319,https://chaldal.com/chicken-poultry
Broiler Chicken Skin Off ± 50 gm,1.4 kg,489,https://chaldal.com/chicken-poultry
Chicken Liver (Kolija) ± 25 gm,500 gm,199,https://chaldal.com/chicken-poultry
Bengal Meat Chicken Thigh Keema ± 50 gm,1 kg,635,https://chaldal.com/chicken-poultry
Broiler Chicken Breast Boneless ± 50 gm,1 kg,589,https://chaldal.com/chicken-poultry
Broiler Chicken Thigh Boneless ± 50 gm,1 kg,499,https://chaldal.com/chicken-poultry
Bengal Meat Whole Chicken Curry Cut ± 50 gm,1 kg,465,https://chaldal.com/chicken-poultry
Broiler Chicken Breast Boneless ± 25 gm,500 gm,319,https://chaldal.com/chicken-poultry
Broiler Chicken Drumsticks ± 25 gm (6-8 pcs),500 gm,249,https://chaldal.com/chicken-poultry
Broiler Chicken Thigh Boneless ± 25 gm,500 gm,239,https://chaldal.com/chicken-poultry
Broiler Chicken Skin On ± 50 gm,1.4 kg,459,https://chaldal.com/chicken-poultry
Chicken Liver Gizzard Mix,1 kg,239,https://chaldal.com/chicken-poultry
Chicken Keema (Net Weight ± 50 gm),1 kg,699,https://chaldal.com/chicken-poultry
Broiler Chicken Wings (± 50 gm),1 kg,459,https://chaldal.com/chicken-poultry
Broiler Chicken Breast With Bone (± 50 gm),1 kg,499,https://chaldal.com/chicken-poultry
Broiler Chicken Drumsticks ± 50 gm (9-12 pcs),1 kg,499,https://chaldal.com/chicken-poultry
Live Cock Chicken (Processed) ± 25 gm,500 gm,319,https://chaldal.com/chicken-poultry
Beijing Duck Meat (Net Weight ± 50 gm),1500 gm,999,https://chaldal.com/chicken-poultry
Achari Shrimp Balachao,400 gm,670,https://chaldal.com/dried-fish
Kazi Farms Kitchen Shrimp Small Dried Fish,125 gm,260,https://chaldal.com/dried-fish
Kazi Farms Kitchen Kechki Dried Fish,125 gm,280,https://chaldal.com/dried-fish
Kazi Farms Kitchen Churi Dried Fish,125 gm,340,https://chaldal.com/dried-fish
Balachaw (Dry Prawn Chutney),250 gm,330,https://chaldal.com/dried-fish
Golden Grain Cumin (Jira),100 gm,120,https://chaldal.com/spices
Golden Grain Poppy Seed (Posto Dana),50 gm,195,https://chaldal.com/spices
Golden Grain Dried Chillies (Shukna Morich),100 gm,70,https://chaldal.com/spices
Golden Grain Black Pepper (Gol Morich) Whole,100 gm,195,https://chaldal.com/spices
Golden Grain Black Cumin (Kalo Jira),100 gm,100,https://chaldal.com/spices
Golden Grain Coriander (Dhonia),100 gm,45,https://chaldal.com/spices
Golden Grain Cardamom (Elachi) Whole,50 gm,350,https://chaldal.com/spices
Golden Grain Bay Leaf (Tejpata),100 gm,55,https://chaldal.com/spices
Golden Grain Clove (Lobongo),50 gm,145,https://chaldal.com/spices
Golden Grain Mix Spice (Pach Foron),100 gm,60,https://chaldal.com/spices
Golden Grain Mustard Seed (Red),100 gm,35,https://chaldal.com/spices
Cinnamon (Daruchini) Whole,100 gm,75,https://chaldal.com/spices
Radhuni Chilli (Morich) Powder,100 gm,75,https://chaldal.com/spices
Radhuni Cumin (Jira) Powder,100 gm,160,https://chaldal.com/spices
Radhuni Coriander (Dhonia) Powder,100 gm,60,https://chaldal.com/spices
Fenugreek (Methi) Seed,100 gm,25,https://chaldal.com/spices
Mustard Seed (Yellow),100 gm,25,https://chaldal.com/spices
Radhuni Garam Masala,15 gm,40,https://chaldal.com/spices
Radhuni Turmeric (Holud) Powder,50 gm,40,https://chaldal.com/spices
Ramisa Tokma,100 gm,60,https://chaldal.com/spices
Betel Nut (Shupari),250 gm,169,https://chaldal.com/spices
Fresh Chilli Powder,200 gm,125,https://chaldal.com/spices
Mustard Seed (Red),100 gm,25,https://chaldal.com/spices
Walnuts (Akhrot),100 gm,179,https://chaldal.com/spices
Cumin (Jira),100 gm,85,https://chaldal.com/spices
Cardamom (Elachi) Whole,25 gm,139,https://chaldal.com/spices
Dried Chillies (Shukna Morich),100 gm,45,https://chaldal.com/spices
Radhuni Turmeric (Holud) Powder,200 gm,145,https://chaldal.com/spices
Radhuni Chilli (Morich) Powder,200 gm,140,https://chaldal.com/spices
Radhuni Turmeric (Holud) Powder,100 gm,75,https://chaldal.com/spices
Radhuni Garam Masala,40 gm,95,https://chaldal.com/spices
Radhuni Coriander (Dhonia) Powder,200 gm,110,https://chaldal.com/spices
Clove (Lobongo),50 gm,89,https://chaldal.com/spices
Bay Leaf (Tejpata),100 gm,29,https://chaldal.com/spices
Radhuni Cumin (Jira) Powder,50 gm,85,https://chaldal.com/spices
Radhuni Cumin (Jira) Powder,200 gm,310,https://chaldal.com/spices
Cardamom (Elachi) Whole,50 gm,269,https://chaldal.com/spices
Radhuni Chilli (Morich) Powder,500 gm,345,https://chaldal.com/spices
Radhuni Panch Phoran,50 gm,30,https://chaldal.com/spices
Black Cumin (Kalo Jira),100 gm,69,https://chaldal.com/spices
Black Pepper (Gol Morich) Whole,50 gm,79,https://chaldal.com/spices
Radhuni Turmeric (Holud) Powder,500 gm,335,https://chaldal.com/spices
Chia Seed,100 gm,59,https://chaldal.com/spices
Fennel (Mouri),100 gm,45,https://chaldal.com/spices
Radhuni Chilli (Morich) Powder,50 gm,38,https://chaldal.com/spices
Alu Bukhara,100 gm,119,https://chaldal.com/spices
Black Cardamom (Kalo Elachi) Whole,50 gm,199,https://chaldal.com/spices
Coriander (Dhonia),100 gm,35,https://chaldal.com/spices
Mix Spice (Pach Foron),100 gm,35,https://chaldal.com/spices
Green Cardamom (Sobuj Elachi) Whole,50 gm,299,https://chaldal.com/spices
ACI Pure Salt,1 kg,42,https://chaldal.com/salt-sugar
Fresh Super Premium (Vacuum) Salt,1 kg,42,https://chaldal.com/salt-sugar
AJI-NO-MOTO Monosodium Glutamate,200 gm,95,https://chaldal.com/salt-sugar
Fresh Refined Sugar,1 kg,110,https://chaldal.com/salt-sugar
Teer Sugar,1 kg,110,https://chaldal.com/salt-sugar
ACI Pure Salt,500 gm,22,https://chaldal.com/salt-sugar
Starship Refined Sugar,1 kg,110,https://chaldal.com/salt-sugar
Sugar Candy (Tal Misri),200 gm,39,https://chaldal.com/salt-sugar
Rock Salt (Bit Lobon),100 gm,55,https://chaldal.com/salt-sugar
ACI Sprinkle Salt & Pepper Mix,100 gm,125,https://chaldal.com/salt-sugar
AJI-NO-MOTO Monosodium Glutamate,40 gm,20,https://chaldal.com/salt-sugar
Saad Bit Salt,100 gm,50,https://chaldal.com/salt-sugar
Pran Iodized Salt,1 kg,42,https://chaldal.com/salt-sugar
Sis White Icing Sugar,500 gm,359,https://chaldal.com/salt-sugar
AJI-NO-MOTO Monosodium Glutamate,100 gm,50,https://chaldal.com/salt-sugar
Sis Brown Sugar,800 gm,759,https://chaldal.com/salt-sugar
Sis White Sugar Cube,454 gm,500,https://chaldal.com/salt-sugar
Golden Grain Premium Mug Dal,500 gm,100,https://chaldal.com/dal-or-lentil
Fresh Premium Moshur Dal,1 kg,175,https://chaldal.com/dal-or-lentil
Mashkolai Dal Peeled,500 gm,95,https://chaldal.com/dal-or-lentil
Moshur Dal (Imported),250 gm,29,https://chaldal.com/dal-or-lentil
Mix Dal,250 gm,39,https://chaldal.com/dal-or-lentil
Mug Dal,500 gm,89,https://chaldal.com/dal-or-lentil
Moshur Dal (Imported),1 kg,109,https://chaldal.com/dal-or-lentil
Moshur Dal (Deshi),1 kg,159,https://chaldal.com/dal-or-lentil
Boot Dal,500 gm,59,https://chaldal.com/dal-or-lentil
Teer Red Lentil (Moshur) Dal,1 kg,130,https://chaldal.com/dal-or-lentil
Moshur Dal (Imported),500 gm,55,https://chaldal.com/dal-or-lentil
Chola Boot (Chick Peas),1 kg,109,https://chaldal.com/dal-or-lentil
Dubli Boot,500 gm,39,https://chaldal.com/dal-or-lentil
Khosha Chara Chola Boot (Peeled Chick Pea),500 gm,65,https://chaldal.com/dal-or-lentil
Pran Moshur Dal (Deshi),1 kg,185,https://chaldal.com/dal-or-lentil
Mug Dal,250 gm,45,https://chaldal.com/dal-or-lentil
White Chick Peas (Kabuli Boot),500 gm,129,https://chaldal.com/dal-or-lentil
Pran Mug Dal,500 gm,100,https://chaldal.com/dal-or-lentil
Anchor Boot Dal,500 gm,39,https://chaldal.com/dal-or-lentil
Kangaroo Lentil (Moshur Dal),1 kg,179,https://chaldal.com/dal-or-lentil
Mixed Dal,500 gm,75,https://chaldal.com/dal-or-lentil
Pran Moshur Dal (Deshi),500 gm,95,https://chaldal.com/dal-or-lentil
Split Pea (Motor Dal),500 gm,79,https://chaldal.com/dal-or-lentil
Aarong Natural Moshur Dal,1 kg,185,https://chaldal.com/dal-or-lentil
Kheshari Dal,500 gm,59,https://chaldal.com/dal-or-lentil
Farina Laccha Shemai,500 gm,140,https://chaldal.com/shemai-suji
Farina Chutki Shemai,200 gm,40,https://chaldal.com/shemai-suji
Rahul Vermicelli Chikon Shemai,200 gm,40,https://chaldal.com/shemai-suji
Kolson Cock Vermicelli (Shemai),200 gm,45,https://chaldal.com/shemai-suji
Teer Semolina Suji,500 gm,48,https://chaldal.com/shemai-suji
Banoful Lashcha Shemai,200 gm,50,https://chaldal.com/shemai-suji
Bombay Sweets Instant Laccha Shemai,180 gm,60,https://chaldal.com/shemai-suji
ACI Pure Suji,500 gm,48,https://chaldal.com/shemai-suji
Rahul Vermicelli Chikon Shemai,500 gm,90,https://chaldal.com/shemai-suji
Olympic Lascha Shemai,200 gm,50,https://chaldal.com/shemai-suji
Banoful Vermicelli Shemai,200 gm,45,https://chaldal.com/shemai-suji
Dekko Laccha Shemai,180 gm,50,https://chaldal.com/shemai-suji
Pran Vermicelli Shemai,200 gm,45,https://chaldal.com/shemai-suji
Dekko Shahi Shemai,180 gm,45,https://chaldal.com/shemai-suji
Thai Choice Rice Noodles,200 gm,350,https://chaldal.com/shemai-suji
Fresh Suji,500 gm,48,https://chaldal.com/shemai-suji
Radhuni Shemai,200 gm,45,https://chaldal.com/shemai-suji
Kolson Special Lascha Semai,180 gm,50,https://chaldal.com/shemai-suji
Rahul Pure Mustard Oil,1 ltr,355,https://chaldal.com/oil
Farmer's Gold Flaxseed Oil,100 ml,165,https://chaldal.com/oil
La Espanola Extra Virgin Olive Oil,500 ml,1350,https://chaldal.com/oil
Fresh Fortified Soyabean Oil,5 ltr,975,https://chaldal.com/oil
Teer Fortified Soyabean Oil,1 ltr,199,https://chaldal.com/oil
Teer Fortified Soyabean Oil,2 ltr,398,https://chaldal.com/oil
Fresh Fortified Soyabean Oil,2 ltr,398,https://chaldal.com/oil
Radhuni Pure Mustard Oil,500 ml,200,https://chaldal.com/oil
Radhuni Pure Mustard Oil,1 ltr,380,https://chaldal.com/oil
Pusti Fortified Soyabean Oil,1 ltr,199,https://chaldal.com/oil
Fresh Mustard Oil,1 ltr,330,https://chaldal.com/oil
Fresh Rice Bran Oil,5 ltr,1080,https://chaldal.com/oil
Fresh Mustard Oil,500 ml,180,https://chaldal.com/oil
King's Sunflower Oil Pet,5 ltr,2100,https://chaldal.com/oil
ACI Nutrilife Rice Bran Oil,5 ltr,1160,https://chaldal.com/oil
Fortune Fortified Rice Bran Oil,5 ltr,1210,https://chaldal.com/oil
Orkide Sunflower Oil,5 ltr,2100,https://chaldal.com/oil
Ecorganic Fortified Sunflower Oil Pet,5 ltr,2125,https://chaldal.com/oil
Foodela Mustard Oil,1 ltr,360,https://chaldal.com/oil
Foodela Mustard Oil,500 ml,180,https://chaldal.com/oil
Radhuni Pure Mustard Oil,2 ltr,750,https://chaldal.com/oil
Starship Fortified Soyabean Oil,2 ltr,398,https://chaldal.com/oil
Farmer's Gold Peanut oil,100 ml,345,https://chaldal.com/oil
Olio Orolio Olive Oil,3 ltr,4100,https://chaldal.com/oil
Olio Orolio Extra Virgin Olive Oil,5 ltr,10800,https://chaldal.com/oil
Olitalia Italian Pomace Olive Oil,250 ml,750,https://chaldal.com/oil
Sunshine Mustard Oil,1 ltr,360,https://chaldal.com/oil
Olio Orolio Olive Oil,1 ltr,1565,https://chaldal.com/oil
Olio Orolio Olive Oil,750 ml,1190,https://chaldal.com/oil
Olio Orolio Olive Oil,500 ml,900,https://chaldal.com/oil
Olio Orolio Extra Virgin Olive Oil,1 ltr,2300,https://chaldal.com/oil
Olio Orolio Extra Virgin Olive Oil,500 ml,1195,https://chaldal.com/oil
Clariss Olive Oil Pomace Glass Bottle,250 ml,495,https://chaldal.com/oil
Ceylon Organic Extra Virgin Coconut Oil,200 ml,600,https://chaldal.com/oil
Luglio Extra Virgin Olive Oil,1 ltr,1950,https://chaldal.com/oil
Golden Drop Sunflower Oil,5 ltr,2150,https://chaldal.com/oil
Ceylon Organic Extra Virgin Coconut Oil,500 ml,1590,https://chaldal.com/oil
Naturel Organic Extra Virgin Coconut Oil,500 ml,1525,https://chaldal.com/oil
Orkide Extra Virgin Olive Oil,500 ml,675,https://chaldal.com/oil
Pran Mustard Oil,1 ltr,340,https://chaldal.com/oil
Saffola Active Plus Edible Oil,5 ltr,2000,https://chaldal.com/oil
YO WE Fragrance Sesame Oil,630 ml,1045,https://chaldal.com/oil
Pran Mustard Oil,500 ml,170,https://chaldal.com/oil
Ambassador Spanish Olive Oil Can,150 ml,550,https://chaldal.com/oil
Tiara Food Color (Green),28 ml,90,https://chaldal.com/colors-flavours
Bragg Organic Apple Cider Vinegar,946 ml,1499,https://chaldal.com/colors-flavours
Hershey's Chocolate Syrup,623 gm,1029,https://chaldal.com/colors-flavours
Kikkoman Premium Soy Sauce,600 ml,679,https://chaldal.com/colors-flavours
Pran Synthetic Vinegar,650 ml,55,https://chaldal.com/colors-flavours
Kewra Jal (Screwpine Water),200 ml,29,https://chaldal.com/colors-flavours
Ahmed White Vinegar,500 ml,70,https://chaldal.com/colors-flavours
Radhuni Kasundi,285 ml,65,https://chaldal.com/colors-flavours
Tiara Food Color (Red),28 ml,90,https://chaldal.com/colors-flavours
Foster Clark's Culinary Essence Orange,28 ml,160,https://chaldal.com/colors-flavours
Foster Clark's Food Color Orange,28 ml,140,https://chaldal.com/colors-flavours
American Garden Pizza Sauce Classic,397 ml,670,https://chaldal.com/colors-flavours
Hosen Gherkins Original Flavour Jar,680 gm,529,https://chaldal.com/colors-flavours
Foster Clark's Culinary Essence Rose,28 ml,140,https://chaldal.com/colors-flavours
Maggi Seasoning Sauce,680 ml,439,https://chaldal.com/colors-flavours
Saporito Red Grape Vinegar,500 ml,619,https://chaldal.com/colors-flavours
French's Classic Yellow Mustard,255 gm,460,https://chaldal.com/colors-flavours
Ahmed White Vinegar,325 ml,58,https://chaldal.com/colors-flavours
Foster Clark's Culinary Essence Strawberry,28 ml,140,https://chaldal.com/colors-flavours
Foster Clark's Culinary Essence Vanilla,28 ml,140,https://chaldal.com/colors-flavours
Hershey's Strawberry Syrup,623 gm,939,https://chaldal.com/colors-flavours
Foster Clark's Food Colour (Red),28 ml,140,https://chaldal.com/colors-flavours
Foodela Ghee,400 gm,785,https://chaldal.com/ghee
Foodela Ghee,200 gm,390,https://chaldal.com/ghee
Foodela Ghee,100 gm,215,https://chaldal.com/ghee
Aarong Dairy Pure Ghee,200 gm,390,https://chaldal.com/ghee
Aarong Dairy Pure Ghee,450 gm,825,https://chaldal.com/ghee
Radhuni Premium Ghee,200 gm,415,https://chaldal.com/ghee
Radhuni Premium Ghee,100 gm,230,https://chaldal.com/ghee
Ultra Ghee,900 gm,1450,https://chaldal.com/ghee
Meena sweets Ghee,500 gm,1075,https://chaldal.com/ghee
Pran Premium Ghee,200 gm,350,https://chaldal.com/ghee
Pran Premium Ghee,100 gm,190,https://chaldal.com/ghee
Pran Premium Ghee,400 gm,760,https://chaldal.com/ghee
Aarong Dairy Pure Ghee,900 gm,1735,https://chaldal.com/ghee
Pran Tomato Sauce,340 gm,125,https://chaldal.com/tomato-sauces
Pran Tomato Sauce,1 kg,320,https://chaldal.com/tomato-sauces
Saad Hot Tomato Sauce,340 gm,120,https://chaldal.com/tomato-sauces
Ahmed Tomato Sauce,340 gm,115,https://chaldal.com/tomato-sauces
Ahmed Tomato Ketchup,340 gm,115,https://chaldal.com/tomato-sauces
Best's Tomato Ketchup,330 ml,182,https://chaldal.com/tomato-sauces
Ruchi Hot Tomato Sauce,350 gm,125,https://chaldal.com/tomato-sauces
Pran Hot Tomato Sauce Mini 8 gm,10 pcs,30,https://chaldal.com/tomato-sauces
Best's Tomato Puree,400 gm,174,https://chaldal.com/tomato-sauces
Ruchi Hot Tomato Sauce,200 gm,80,https://chaldal.com/tomato-sauces
Chef Le Tomato Paste,400 gm,136,https://chaldal.com/tomato-sauces
Sajeeb Hot Tomato Sauce,340 gm,115,https://chaldal.com/tomato-sauces
Ruchi Tomato Ketchup,350 gm,125,https://chaldal.com/tomato-sauces
Shezan Tomato Ketchup,340 gm,115,https://chaldal.com/tomato-sauces
Pran Tomato Ketchup,340 gm,125,https://chaldal.com/tomato-sauces
Chachi's Chawk Sweet Sour Chutney,200 ml,165,https://chaldal.com/pickles
Ruchi Boroi Pickle,450 gm,220,https://chaldal.com/pickles
Parboti Local Garlic Pickle,180 gm,150,https://chaldal.com/pickles
Aafi Olive Pickle,400 gm,170,https://chaldal.com/pickles
Aafi Mango Pickle,400 gm,170,https://chaldal.com/pickles
ACME Olive Pickle,400 gm,150,https://chaldal.com/pickles
Kishwan Mango Pickle,400 gm,180,https://chaldal.com/pickles
Ruchi Chalta Pickle,400 gm,200,https://chaldal.com/pickles
Nicobena Tamarind Pickle,325 gm,185,https://chaldal.com/pickles
Nicobena Naga Bombay Chilli Pickle,120 gm,350,https://chaldal.com/pickles
Pran Jugol Chutney,300 gm,190,https://chaldal.com/pickles
Natcha Sweet Tamarind (Tetul),225 gm,399,https://chaldal.com/pickles
Nicobena Garlic Pickle,220 gm,275,https://chaldal.com/pickles
Ahmed Mixed Pickle,400 gm,180,https://chaldal.com/pickles
BD Food Olive Pickle,400 gm,200,https://chaldal.com/pickles
Balachaw (Dry Prawn Chutney),250 gm,330,https://chaldal.com/pickles
American Garden Jalapeno Pepper Sliced,454 gm,475,https://chaldal.com/pickles
BD Food Tatul Chutney,500 gm,170,https://chaldal.com/pickles
Pran Mixed Pickle,400 gm,200,https://chaldal.com/pickles
BD Food Garlic Pickle,400 gm,300,https://chaldal.com/pickles
Ruchi Chutney Tetul 15 gm,12 pcs,60,https://chaldal.com/pickles
Ruchi Mixed Pickle,400 gm,200,https://chaldal.com/pickles
Ruchi Olive Pickle,400 gm,210,https://chaldal.com/pickles
Ruchi Mixed Chutney,450 gm,160,https://chaldal.com/pickles
Ruchi Mango Pickle,400 gm,200,https://chaldal.com/pickles
Ruchi Mango Pickle,200 gm,120,https://chaldal.com/pickles
Ruchi Garlic Pickle,200 gm,165,https://chaldal.com/pickles
Pran Olive Pickle,400 gm,200,https://chaldal.com/pickles
Pran Garlic Pickle,300 gm,240,https://chaldal.com/pickles
Pran Naga Chilli Pickle,300 gm,320,https://chaldal.com/pickles
BD Food Mango Pickle,400 gm,200,https://chaldal.com/pickles
Pran Mango Pickle,400 gm,200,https://chaldal.com/pickles
Pran Boroi Sweet Pickle,350 gm,180,https://chaldal.com/pickles
Ching's Red Chilli Sauce,200 gm,160,https://chaldal.com/other-sauces
Ching's Green Chilli Sauce,680 gm,350,https://chaldal.com/other-sauces
Ching's Green Chilli Sauce,190 gm,150,https://chaldal.com/other-sauces
Ching's Chilli Sauce,680 gm,350,https://chaldal.com/other-sauces
Saad Sweet Chilli Sauce,340 gm,150,https://chaldal.com/other-sauces
Ruchi Sweet Chilli Sauce,350 gm,130,https://chaldal.com/other-sauces
Ahmed Hot Chilli Sauce,340 gm,129,https://chaldal.com/other-sauces
Ahmed Green Chilli Sauce,340 gm,115,https://chaldal.com/other-sauces
Pran Chilli Sauce,340 gm,150,https://chaldal.com/other-sauces
Nando's Peri Peri Hot Sauce,250 gm,549,https://chaldal.com/other-sauces
Teo Tak Seng Silver Pomfret Fish Sauce 750 cc,,495,https://chaldal.com/other-sauces
Ahmed Sweet Chilli Sauce,340 gm,140,https://chaldal.com/other-sauces
Ruchi Sweet Chili Sauce,200 gm,90,https://chaldal.com/other-sauces
Ruchi BBQ Sauce,200 gm,150,https://chaldal.com/other-sauces
Pran Green Chilli Sauce,340 gm,130,https://chaldal.com/other-sauces
Kishwan Hot Chilli Sauce,340 gm,120,https://chaldal.com/other-sauces
Mr. Hung Sweet Chilli Sauce,700 ml,500,https://chaldal.com/other-sauces
Sriracha Hot Chilli Sauce,482 gm,1200,https://chaldal.com/other-sauces
ACME Sweet Chilli Sauce,340 gm,120,https://chaldal.com/other-sauces
Barilla Pasta Sauce Jar Napoletana,400 gm,599,https://chaldal.com/other-sauces
Barilla Pasta Sauce Jar Arrabbiata,400 gm,599,https://chaldal.com/other-sauces
Barilla Pasta Sauce Jar Basilico,400 gm,599,https://chaldal.com/other-sauces
Ahmed Tamarind Sauce,340 gm,130,https://chaldal.com/other-sauces
Ahmed Garlic Sauce,340 gm,140,https://chaldal.com/other-sauces
Ahmed Chilli Sauce,340 gm,150,https://chaldal.com/other-sauces
Nando's Peri Peri Mild Sauce,250 gm,579,https://chaldal.com/other-sauces
Ruchi Red Chilli Sauce,360 gm,150,https://chaldal.com/other-sauces
Nando's Pepper Sauce X-mild,250 gm,550,https://chaldal.com/other-sauces
Nando's Extra Extra Hot Peri Peri Sauce,250 gm,550,https://chaldal.com/other-sauces
Nando's Peri Peri Wild Herb Sauce,250 gm,549,https://chaldal.com/other-sauces
Nando's Garlic Sauce,250 gm,550,https://chaldal.com/other-sauces
Umami BBQ Sauce,300 ml,275,https://chaldal.com/other-sauces
King Bell Chilli Sauce,300 ml,190,https://chaldal.com/other-sauces
Life Oriental Barbecue Sauce,250 gm,223,https://chaldal.com/other-sauces
American Garden BBQ Sauce Original,510 gm,639,https://chaldal.com/other-sauces
Suree Sweet Chilli Sauce,295 ml,375,https://chaldal.com/other-sauces
Remia Garlic Sauce,250 ml,299,https://chaldal.com/other-sauces
Best's Chilli & Garlic Sauce,320 gm,210,https://chaldal.com/other-sauces
Chicken Eggs (Layer),12 pcs,145,https://chaldal.com/eggs
Chicken Eggs Layer (White),12 pcs,135,https://chaldal.com/eggs
Chicken Eggs (Deshi),6 pcs,119,https://chaldal.com/eggs
Duck Eggs (Hasher Dim),6 pcs,115,https://chaldal.com/eggs
Chicken Eggs (Layer),6 pcs,75,https://chaldal.com/eggs
Quail Eggs,20 pcs,89,https://chaldal.com/eggs
Chicken Eggs Layer (White),6 pcs,69,https://chaldal.com/eggs
Paragon Omega 3+ Eggs,12 pcs,265,https://chaldal.com/eggs
Aarong Dairy Low Fat Yogurt (Sour),500 gm,110,https://chaldal.com/yogurt
Aarong Dairy Sour Curd,500 gm,120,https://chaldal.com/yogurt
Aarong Dairy Sweetened Yogurt,500 gm,150,https://chaldal.com/yogurt
Pran Sour Curd,500 ml,120,https://chaldal.com/yogurt
Shokti+ Mishti Doi,75 gm,25,https://chaldal.com/yogurt
Pran Drinking Yogurt,200 ml,30,https://chaldal.com/yogurt
Pran Sweetened Yogurt,100 gm,30,https://chaldal.com/yogurt
Aarong Dairy Pantoa,600 gm,210,https://chaldal.com/yogurt
Aarong Dairy Roshogolla,600 gm,200,https://chaldal.com/yogurt
Aarong Dairy Roshogolla (20±2 pcs),1 kg,350,https://chaldal.com/yogurt
Aarong Dairy Austagram Cheese,200 gm,190,https://chaldal.com/cheeses
Aarong Dairy Paneer,200 gm,200,https://chaldal.com/cheeses
Puck Cheese Triangles 240 gm,16 pcs,605,https://chaldal.com/cheeses
Puck Cheese Triangles 120 gm,8 pcs,305,https://chaldal.com/cheeses
Lactima Slice Cheese (12 Slice),200 gm,510,https://chaldal.com/cheeses
Eru Slice Cheese Cheddar Herb (8 Slice),150 gm,790,https://chaldal.com/cheeses
American Garden Popcorn Cheese,273 gm,400,https://chaldal.com/cheeses
Aarong Dairy Cheese Spread Garlic,180 gm,300,https://chaldal.com/cheeses
Aarong Dairy Cheese Spread Pizza,180 gm,260,https://chaldal.com/cheeses
Aarong Dairy Cheese Spread Classic,180 gm,290,https://chaldal.com/cheeses
Almarai spreadable Cream Cheese,500 gm,1290,https://chaldal.com/cheeses
Kraft Processed Cheddar Cheese Tin,190 gm,470,https://chaldal.com/cheeses
Almarai Spreadable Cream Cheese,200 gm,619,https://chaldal.com/cheeses
Mozzarella Cheese,250 gm,270,https://chaldal.com/cheeses
Aarong Dairy Butter,200 gm,270,https://chaldal.com/butter-sour-cream
Milk Vita Butter,200 gm,270,https://chaldal.com/butter-sour-cream
Vivo Ambient Whip Topping with Vegetable Fat,1100 gm,736,https://chaldal.com/butter-sour-cream
Pran Butter (Fresco Container),200 gm,280,https://chaldal.com/butter-sour-cream
Lurpak Butter Unsalted,200 gm,880,https://chaldal.com/butter-sour-cream
Lurpak Salted Spreadable Butter,250 gm,990,https://chaldal.com/butter-sour-cream
Bread Pit White Bread,500 gm,110,https://chaldal.com/breads
White Bread,500 gm,70,https://chaldal.com/breads
Bread Pit Burger Bun,4 pcs,90,https://chaldal.com/breads
Bread Pit Milk Bread,300 gm,120,https://chaldal.com/breads
Bread Pit Multigrain Bread,300 gm,149,https://chaldal.com/breads
Tata Tea Premium,400 gm,149,https://chaldal.com/tea-coffee-2
Dilmah Ceylon Moroccan Mint Green Tea,40 gm,549,https://chaldal.com/tea-coffee-2
Ispahani Mirzapore Best Leaf Tea,500 gm,270,https://chaldal.com/tea-coffee-2
Dilmah Premium Ceylon Tea 50 gm,25 pcs,480,https://chaldal.com/tea-coffee-2
Nestle Nescafe 3 in 1 Iced Frappe Cold Coffee Mix,30 gm,50,https://chaldal.com/tea-coffee-2
Sylhet Golden Premium Black Tea,400 gm,210,https://chaldal.com/tea-coffee-2
Tetley Green Tea Bag Masala Cha 25 pcs,35 gm,160,https://chaldal.com/tea-coffee-2
Dilmah Ceylon Green Tea With Cardamom,40 gm,715,https://chaldal.com/tea-coffee-2
Fresh Premium Tea Bag,100 gm,95,https://chaldal.com/tea-coffee-2
Lipton Green Tea Bag Honey and Lemon,25 pcs,170,https://chaldal.com/tea-coffee-2
Tetley Green Tea Bag Pure and Original 25 pcs,32.5 gm,140,https://chaldal.com/tea-coffee-2
Fresh Coffee 3 in 1,15 gm,10,https://chaldal.com/tea-coffee-2
AMA Coffee 3 In 1,15 gm,10,https://chaldal.com/tea-coffee-2
Seylon Instant Milk Tea 3 in 1,15 gm,10,https://chaldal.com/tea-coffee-2
Ispahani Mirzapore Tea Bag,50 pcs,100,https://chaldal.com/tea-coffee-2
Ispahani Mirzapore Best Leaf Tea,400 gm,230,https://chaldal.com/tea-coffee-2
Ispahani Mirzapore Best Leaf Tea,200 gm,116,https://chaldal.com/tea-coffee-2
Brooke Bond Taaza Black Tea,400 gm,250,https://chaldal.com/tea-coffee-2
Nestle Nescafe Classic Instant Coffee Jar,45 gm,275,https://chaldal.com/tea-coffee-2
Seylon Gold Tea,500 gm,240,https://chaldal.com/tea-coffee-2
Nestle Coffee Mate Coffee Creamer Box,450 gm,380,https://chaldal.com/tea-coffee-2
Nestle Nescafe Classic Instant Coffee Jar,90 gm,475,https://chaldal.com/tea-coffee-2
Kazi & Kazi Organic Green Tea 40 pcs,60 gm,215,https://chaldal.com/tea-coffee-2
MacCoffee Instant Coffee Pouch,200 gm,850,https://chaldal.com/tea-coffee-2
Tora Bika Cappuccino 25 gm,6 pcs,300,https://chaldal.com/tea-coffee-2
Brooke Bond Taaza Black Tea,200 gm,130,https://chaldal.com/tea-coffee-2
Dilmah Geen Tea with Jasmine 40 gm,20 pcs,595,https://chaldal.com/tea-coffee-2
Dilmah Green Tea with Camomile 30 gm,20 pcs,630,https://chaldal.com/tea-coffee-2
Dilmah Darjeeling Tea 50 gm,25 pcs,790,https://chaldal.com/tea-coffee-2
Seylon Instant Milk Tea 3 in 1 Stick Pouch,25 pcs,250,https://chaldal.com/tea-coffee-2
Seylon Instant Milk Tea,150 gm,100,https://chaldal.com/tea-coffee-2
Tetley Green Tea Bag Lemon & Honey 25 pcs,35 gm,170,https://chaldal.com/tea-coffee-2
Halda Valley Red Robe Oolong Tea,45 gm,245,https://chaldal.com/tea-coffee-2
Revival Karak Masala Tea,200 gm,220,https://chaldal.com/tea-coffee-2
Dr. H&H Slimming Tea Bags 30 pcs,60 gm,400,https://chaldal.com/tea-coffee-2
Kericho Gold Round Tea Bag 50 pcs,100 gm,329,https://chaldal.com/tea-coffee-2
MacCoffee Coffee And Creamer 2 in 1 12 gm x 20,,425,https://chaldal.com/tea-coffee-2
ACME Tea Premium Gold,200 gm,110,https://chaldal.com/tea-coffee-2
Dilmah Ginger & Honey Black Tea,30 gm,405,https://chaldal.com/tea-coffee-2
MacCoffee Original Jar,200 gm,1100,https://chaldal.com/tea-coffee-2
Moccona Select Instant Coffee,190 gm,1420,https://chaldal.com/tea-coffee-2
Kazi & Kazi Organic Tea Turmeric Infusion 40 pcs,60 gm,295,https://chaldal.com/tea-coffee-2
Nestle Nescafe Creamy Latte Coffee Mix Sachet 18 gm,12 pcs,240,https://chaldal.com/tea-coffee-2
Halda Valley Golden Eyebrow Black Tea,50 gm,500,https://chaldal.com/tea-coffee-2
Dilmah Ceylon Green Tea With Ceylon Cinnamon,40 gm,715,https://chaldal.com/tea-coffee-2
Ispahani Blender's Choice Premium Green Tea Bag 70 gm,50 pcs,205,https://chaldal.com/tea-coffee-2
Kopiko Brown Coffee 20 gm,6 pcs,279,https://chaldal.com/tea-coffee-2
Kazi & Kazi Organic Green Mint Tea 25 pcs,37.5 gm,295,https://chaldal.com/tea-coffee-2
Paragon Hajinagar PD Tea,500 gm,225,https://chaldal.com/tea-coffee-2
Paragon Hajinagar BOP Tea,500 gm,220,https://chaldal.com/tea-coffee-2
Dabur Honey,250 gm,250,https://chaldal.com/honey
ACI Pure Multifloral Honey,250 gm,230,https://chaldal.com/honey
Dabur Sundarbans Honey,500 gm,600,https://chaldal.com/honey
Allah Shafi Natural Honey,500 gm,975,https://chaldal.com/honey
Palermo Natural Honeycomb,500 gm,1109,https://chaldal.com/honey
Dabur Honey,400 gm,400,https://chaldal.com/honey
Dabur Honey,50 gm,70,https://chaldal.com/honey
Saffola Honey,100 gm,120,https://chaldal.com/honey
Buram Black Forest Honey,250 gm,855,https://chaldal.com/honey
Buram Acacia Honey,300 gm,960,https://chaldal.com/honey
Shefa'a Honey,500 gm,810,https://chaldal.com/honey
Clariss Acacia Honey,500 gm,950,https://chaldal.com/honey
Saffola Honey,500 gm,430,https://chaldal.com/honey
Saffola Honey,250 gm,230,https://chaldal.com/honey
Hosen Pure Honey,500 gm,789,https://chaldal.com/honey
Alshifa Acacia Honey,500 gm,2095,https://chaldal.com/honey
Alshifa Acacia Honey,250 gm,1095,https://chaldal.com/honey
Alshifa Black Forest Honey,500 gm,2095,https://chaldal.com/honey
Alshifa Natural Floral Honey,500 gm,1050,https://chaldal.com/honey
Dabur Honey,500 gm,465,https://chaldal.com/honey
Hershey's Chocolate Syrup,623 gm,1029,https://chaldal.com/spreads-syrups
Milk Vita Butter,200 gm,270,https://chaldal.com/spreads-syrups
American Garden Strawberry Pie Filling,595 gm,1360,https://chaldal.com/spreads-syrups
American Garden Blueberry Pie Filling,595 gm,1360,https://chaldal.com/spreads-syrups
Aarong Dairy Cream Cheese Spread,180 gm,500,https://chaldal.com/spreads-syrups
Naples Mayonnaise,475 ml,275,https://chaldal.com/spreads-syrups
Naples Mayonnaise,170 ml,140,https://chaldal.com/spreads-syrups
Nucella+ Chocolate Bread Spread Cocoa & Almond,230 gm,380,https://chaldal.com/spreads-syrups
American Garden Pancake Syrup Original,710 ml,1215,https://chaldal.com/spreads-syrups
Nocilla Two Flavor Cocoa Spread,190 gm,750,https://chaldal.com/spreads-syrups
Herman Garlic Mayonnaise,500 gm,520,https://chaldal.com/spreads-syrups
American Garden Real Mayonnaise,473 ml,965,https://chaldal.com/spreads-syrups
Nutella Hazelnut Cocoa Spread,750 gm,2200,https://chaldal.com/spreads-syrups
Almarai spreadable Cream Cheese,500 gm,1290,https://chaldal.com/spreads-syrups
Almarai Spreadable Cream Cheese,200 gm,619,https://chaldal.com/spreads-syrups
Lurpak Butter Unsalted,200 gm,880,https://chaldal.com/spreads-syrups
Nutella Hazelnut Cocoa Spread,350 gm,1150,https://chaldal.com/spreads-syrups
Ruchi Orange Jam,500 gm,220,https://chaldal.com/spreads-syrups
Lurpak Salted Spreadable Butter,250 gm,990,https://chaldal.com/spreads-syrups
Crown Peanut Butter Smooth & Creamy,510 gm,850,https://chaldal.com/spreads-syrups
Crown Peanut Butter Chunky,510 gm,750,https://chaldal.com/spreads-syrups
Alfa Mayonnaise,473 ml,335,https://chaldal.com/spreads-syrups
Ahmed Mixed Fruit Jelly,500 gm,180,https://chaldal.com/jams-jellies
Shezan Mixed Fruit Jam,440 gm,180,https://chaldal.com/jams-jellies
Pran Mango Jam,350 gm,165,https://chaldal.com/jams-jellies
Pran Apple Jelly,500 gm,185,https://chaldal.com/jams-jellies
Ahmed Pineapple Jam,500 gm,180,https://chaldal.com/jams-jellies
Ahmed Mango Jam,500 gm,195,https://chaldal.com/jams-jellies
Ahmed Mixed Fruit Jam,500 gm,195,https://chaldal.com/jams-jellies
Ahmed Apple Jam,500 gm,195,https://chaldal.com/jams-jellies
Ahmed Pineapple Jelly,500 gm,180,https://chaldal.com/jams-jellies
Ahmed Sugar Free Orange Jelly,500 gm,265,https://chaldal.com/jams-jellies
Stute Thick Cut Orange Marmalade Jam,340 gm,619,https://chaldal.com/jams-jellies
Kishwan Orange Jelly,500 gm,185,https://chaldal.com/jams-jellies
ACI Pure Mixed Fruit Jam,500 gm,130,https://chaldal.com/jams-jellies
Ruchi Mixed Fruit Jam,500 gm,220,https://chaldal.com/jams-jellies
Best's Blueberry Fruit Jam Conserve,450 gm,648,https://chaldal.com/jams-jellies
Best's Mixed Fruit Jam Conserve,450 gm,648,https://chaldal.com/jams-jellies
Best's Orange Marmalade Jam Conserve,450 gm,648,https://chaldal.com/jams-jellies
ST-Dalfour Jam Wild Blueberry,284 gm,920,https://chaldal.com/jams-jellies
ST-Dalfour Jam Four Fruits,284 gm,769,https://chaldal.com/jams-jellies
ST-Dalfour Jam Orange,284 gm,639,https://chaldal.com/jams-jellies
Stute Apricot Conserve Extra Jam,340 gm,569,https://chaldal.com/jams-jellies
BD Food Orange Jelly,500 gm,165,https://chaldal.com/jams-jellies
Foster Clark's Dundee Marmalade Jam,450 gm,625,https://chaldal.com/jams-jellies
Ruchi Orange Jam,500 gm,220,https://chaldal.com/jams-jellies
Shezan Apple Jelly,440 gm,180,https://chaldal.com/jams-jellies
Pran Sugar Free Orange Jelly,450 gm,270,https://chaldal.com/jams-jellies
Foster Clark's Jam Strawberry,450 gm,715,https://chaldal.com/jams-jellies
Foster Clark's Cherry Jelly,80 gm,160,https://chaldal.com/jams-jellies
Pran Orange Jelly,500 gm,185,https://chaldal.com/jams-jellies
Pran Orange Jelly,350 gm,165,https://chaldal.com/jams-jellies
Ahmed Orange Jelly,500 gm,180,https://chaldal.com/jams-jellies
Erko Mallow World Mmas,180 gm,395,https://chaldal.com/chocolates
Kinder Joy (Girls),20 gm,120,https://chaldal.com/chocolates
Cadbury Dairy Milk Chocolate Bar,12 gm,45,https://chaldal.com/chocolates
Kinder Joy (Boys),20 gm,120,https://chaldal.com/chocolates
Cadbury Dairy Milk Silk Plain Chocolate,40 gm,180,https://chaldal.com/chocolates
Ferrero Rocher Collection Pralines 269.4 gm,24 pcs,1800,https://chaldal.com/chocolates
Cadbury Dairy Milk Silk Roast Almond Chocolate Bar,143 gm,550,https://chaldal.com/chocolates
Divino Chocolate Little Angel,120 gm,160,https://chaldal.com/chocolates
Kind Salted Caramel Dark Chocolate,40 gm,295,https://chaldal.com/chocolates
Cadbury Celebrations,230 gm,850,https://chaldal.com/chocolates
First Choice Whipped Topping Mixed,72 gm,250,https://chaldal.com/chocolates
Bluebell Premium Dark Compound Baking Chocolate,500 gm,360,https://chaldal.com/chocolates
Erko Mallow World Blue & White Mallow,100 gm,209,https://chaldal.com/chocolates
Erko Mallow Plus Twist Mallow,180 gm,395,https://chaldal.com/chocolates
Cadbury Dairy Milk Silk Chocolate Family Pack,123 gm,500,https://chaldal.com/chocolates
Cadbury Dairy Milk Silk Fruit & Nut Chocolate Bar,137 gm,580,https://chaldal.com/chocolates
Cadbury Dairy Milk Silk Roast Almond Chocolate Bar,52 gm,250,https://chaldal.com/chocolates
Cadbury Dairy Milk Silk Plain Chocolate Bar,140 gm,580,https://chaldal.com/chocolates
Cadbury Dairy Milk Silk Fruit & Nut Chocolate Bar,51 gm,240,https://chaldal.com/chocolates
Cadbury Dairy Milk Silk Bubbly Chocolate,120 gm,550,https://chaldal.com/chocolates
Amul Happy Birthday Milk Chocolate,150 gm,555,https://chaldal.com/chocolates
Amul I love You Fruit N Nut Chocolate,150 gm,470,https://chaldal.com/chocolates
Amul Dark Chocolate Minis Gable Pouch,100 gm,469,https://chaldal.com/chocolates
Amul Dark Chocolate,150 gm,570,https://chaldal.com/chocolates
Cadbury Dairy Milk Silk Plain Chocolate,60 gm,249,https://chaldal.com/chocolates
Amul Dark Chocolate Bar,125 gm,459,https://chaldal.com/chocolates
Munchy's Oat Krunch Dark Chocolate Cookies,208 gm,480,https://chaldal.com/chocolates
Cavendish & Harvey Mango Kiwi Drops,200 gm,399,https://chaldal.com/chocolates
Cadbury Dairy Milk Silk Fruit & Nut,55 gm,240,https://chaldal.com/chocolates
Ferrero Rocher Premium Chocolates 16 Pcs,200 gm,1100,https://chaldal.com/chocolates
Cadbury Dairy Milk Silk Chocolate,60 gm,240,https://chaldal.com/chocolates
Cocola Chocolate Wafer Roll Jar,170 gm,70,https://chaldal.com/wafers
Nestle KitKat 2 Finger Chocolate Covered Wafer Bar (Dubai),17.7 gm,60,https://chaldal.com/wafers
Nestle KitKat Chunky Milk Chocolate Wafer Bar,40 gm,120,https://chaldal.com/wafers
Nestle KitKat 2 Finger Chocolate Wafer (India),19 gm,50,https://chaldal.com/wafers
Nestle KitKat 4 Finger Chocolate Wafer (India),36.5 gm,80,https://chaldal.com/wafers
Tic Tac Mint Mouth Freshener,13 gm,50,https://chaldal.com/mints-mouth-fresheners
Sargam Royal Crispy Mouth Freshener,40 gm,100,https://chaldal.com/mints-mouth-fresheners
Eclipse Sugar Free Winterfrost Mints,35 gm,290,https://chaldal.com/mints-mouth-fresheners
Eclipse Sugar Free Mints Spearmint Flavor,35 gm,370,https://chaldal.com/mints-mouth-fresheners
Mentos Pure Fresh Chewing Sugarfree Gum B.Lime Mint,29.7 gm,200,https://chaldal.com/mints-mouth-fresheners
Erko Mallow World Mmas,180 gm,395,https://chaldal.com/halal-marshmallows
Erko Mallow World Blue & White Mallow,100 gm,209,https://chaldal.com/halal-marshmallows
Erko Marshmallow Plus Stick 2 pcs,40 gm,109,https://chaldal.com/halal-marshmallows
Erko Mallow Plus Twist Mallow,180 gm,395,https://chaldal.com/halal-marshmallows
Alpenliebe Juzt Jelly Chutney,170 pcs,340,https://chaldal.com/halal-marshmallows
Olympic Lexus Vegetable Crackers Biscuits,216 gm,100,https://chaldal.com/cookies-2
Fresh Fantasy Chocolate Filled Cookies Biscuit,175 gm,150,https://chaldal.com/cookies-2
Haque Mr. Cookie Butter Coconut Biscuit,175 gm,50,https://chaldal.com/cookies-2
Haque La Kokonat Cookies Biscuit,100 gm,30,https://chaldal.com/cookies-2
Kishwan Ovaltine Biscuit,250 gm,70,https://chaldal.com/cookies-2
Ifad Nutri Bite Vegetable Crackers Biscuit,180 gm,100,https://chaldal.com/cookies-2
Haque Mr. Cookie Butter Coconut Biscuit,35 gm,10,https://chaldal.com/cookies-2
Fresh Butter Cookies Biscuit Jar,750 gm,200,https://chaldal.com/cookies-2
Danish Lexus Vegetable Cracker Biscuit,180 gm,100,https://chaldal.com/cookies-2
Dekko Kheer Cookies Biscuit Family Pack,265 gm,70,https://chaldal.com/cookies-2
Kishwan Magica Choco Filled Cookies,180 gm,150,https://chaldal.com/cookies-2
Kishwan Horlicks Biscuit,250 gm,70,https://chaldal.com/cookies-2
All Time Roma Chocolate Cookies,150 gm,150,https://chaldal.com/cookies-2
Kishwan Butter Cookies Biscuit,200 gm,60,https://chaldal.com/cookies-2
Dekko Bhalobasa Chocolate Milk Cookies,88 gm,50,https://chaldal.com/cookies-2
Dekko Chocomalt Chocolate Cookies Biscuit,235 gm,70,https://chaldal.com/cookies-2
Dekko Honey & Kalo Zeera Biscuit,150 gm,50,https://chaldal.com/cookies-2
Meena Sweets Butter Shortbread cookies,250 gm,340,https://chaldal.com/cookies-2
Bakeman's Coconut Craze Cookies Biscuit,185 gm,60,https://chaldal.com/cookies-2
Bakeman's Bahtar Butter Cookies,185 gm,50,https://chaldal.com/cookies-2
Dan Cake Danish Butter Cookies,150 gm,170,https://chaldal.com/cookies-2
Dan Cake Oats Cookies,150 gm,170,https://chaldal.com/cookies-2
Bakeman's Ovaltine Cookies Biscuit,250 gm,60,https://chaldal.com/cookies-2
Munchy's Oat Krunch Nutty Chocolate Cookies,208 gm,550,https://chaldal.com/cookies-2
Iko Sugar Free Oat Bran Crackers,220 gm,730,https://chaldal.com/cookies-2
Olympic Hilux Vegetable Crackers Biscuits,216 gm,100,https://chaldal.com/cookies-2
Olympic Hello Cookies Biscuits,165 gm,50,https://chaldal.com/cookies-2
Olympic Biscotti Cookies Biscuit,160 gm,50,https://chaldal.com/cookies-2
Dekko Pick Star Cookies Biscuit,175 gm,60,https://chaldal.com/cookies-2
Weetabix Original Biscuit,215 gm,725,https://chaldal.com/cookies-2
Iko Sugar Free Pumpkin Cookies,178 gm,610,https://chaldal.com/cookies-2
Fit Masala Biscuit,60 gm,20,https://chaldal.com/cookies-2
Goldmark Original Fruit Cookies,200 gm,60,https://chaldal.com/cookies-2
Goldmark Butter Cookies,210 gm,60,https://chaldal.com/cookies-2
Cocola Champion Chocolate Cream Biscuit,65 gm,20,https://chaldal.com/cream-biscuits
Bisk Club Shero Cream Biscuit,85 gm,30,https://chaldal.com/cream-biscuits
Haque Milk Chocolate Digestive Biscuit,137 gm,40,https://chaldal.com/cream-biscuits
Fresh Fantasy Chocolate Filled Cookies Biscuit,175 gm,150,https://chaldal.com/cream-biscuits
Olympic Pineapple Cream Biscuits,40 gm,10,https://chaldal.com/cream-biscuits
Olympic Tim Tim Orange Biscuit,40 gm,10,https://chaldal.com/cream-biscuits
Fresh Fun Fill Sandwich Chocolate Cream Biscuit,34 gm,10,https://chaldal.com/cream-biscuits
Tiffany Crunch 'n' Cream Vanilla Wafers,135 gm,320,https://chaldal.com/cream-biscuits
Munchy's Topmix Assorted Biscuits,295 gm,580,https://chaldal.com/cream-biscuits
Munchy's Lexus Cheese Cream Sandwich Cracker Biscuit,225 gm,490,https://chaldal.com/cream-biscuits
Tiffany Delights Bourbon Creams,200 gm,470,https://chaldal.com/cream-biscuits
Parle Hide & Seek Black Bourbon Choco Creme Biscuit,100 gm,195,https://chaldal.com/cream-biscuits
Ifad Butter Delight Biscuit,150 gm,50,https://chaldal.com/cream-biscuits
Ifad Orange Delight Biscuit,140 gm,40,https://chaldal.com/cream-biscuits
Munchy's Lexus Choco Coated Chocolate Cream Biscuit,200 gm,480,https://chaldal.com/cream-biscuits
Munchy's Topmix Assorted Biscuits Tin,700 gm,1870,https://chaldal.com/cream-biscuits
Kolson Macaroni Pasta Screw,400 gm,85,https://chaldal.com/pasta-macaroni
Kolson Macaroni Shell,400 gm,85,https://chaldal.com/pasta-macaroni
Farina Macaroni Premium Quality,500 gm,110,https://chaldal.com/pasta-macaroni
Farina Macaroni,400 gm,90,https://chaldal.com/pasta-macaroni
Farina Macaroni,200 gm,50,https://chaldal.com/pasta-macaroni
Kolson Macaroni Bamboo,400 gm,85,https://chaldal.com/pasta-macaroni
Mr. Pasta Macaroni Shells,400 gm,90,https://chaldal.com/pasta-macaroni
Farmer's Gold Pasta,400 gm,180,https://chaldal.com/pasta-macaroni
Barilla Classic Spaghettoni N.7 Pasta,500 gm,395,https://chaldal.com/pasta-macaroni
Emirates Macaroni Penne Rigate Pasta,400 gm,195,https://chaldal.com/pasta-macaroni
Emirates Macaroni Corni Corrugated Pasta,400 gm,195,https://chaldal.com/pasta-macaroni
Reggia Pasta Penne Mez,500 gm,265,https://chaldal.com/pasta-macaroni
Barilla Fusilli N.98 Pasta,500 gm,449,https://chaldal.com/pasta-macaroni
Barilla Spaghetti N.5 Pasta,500 gm,449,https://chaldal.com/pasta-macaroni
Barilla Angel Hair N.1 Pasta,500 gm,360,https://chaldal.com/pasta-macaroni
Barilla Pasta Sauce Jar Napoletana,400 gm,599,https://chaldal.com/pasta-macaroni
Barilla Pasta Sauce Jar Arrabbiata,400 gm,599,https://chaldal.com/pasta-macaroni
Barilla Pasta Sauce Jar Basilico,400 gm,599,https://chaldal.com/pasta-macaroni
Pastiano Spiralli Pasta,500 gm,240,https://chaldal.com/pasta-macaroni
Pastiano Penne Pasta,500 gm,240,https://chaldal.com/pasta-macaroni
Barilla Farfalle Pasta (436),500 gm,449,https://chaldal.com/pasta-macaroni
Barilla Penne Rigate Pasta (N.437),500 gm,449,https://chaldal.com/pasta-macaroni
Dekko Oyster Pasta,200 gm,60,https://chaldal.com/pasta-macaroni
Hat Macaroni Penne Pasta,500 gm,235,https://chaldal.com/pasta-macaroni
Kolson Macaroni Assorted Pack,500 gm,120,https://chaldal.com/pasta-macaroni
Olympic First Choice Salted Biscuits,80 gm,20,https://chaldal.com/salted-biscuits
Bangas Grand Choice Salted Biscuit,70 gm,20,https://chaldal.com/salted-biscuits
Olympic Tip Crispy Salted Biscuits,60 gm,15,https://chaldal.com/salted-biscuits
Fresh Healthy Choice Salted Biscuit,80 gm,20,https://chaldal.com/salted-biscuits
Funtastic Nimok Halal Salted Biscuit,200 gm,50,https://chaldal.com/salted-biscuits
Olympic Saltes Biscuit,200 gm,60,https://chaldal.com/salted-biscuits
Nestle Nescafe Creamy Latte,18 gm,20,https://chaldal.com/coffees
Fresh Coffee 3 in 1,15 gm,10,https://chaldal.com/coffees
AMA Coffee 3 In 1,15 gm,10,https://chaldal.com/coffees
Nestle Nescafe Classic Instant Coffee Jar,45 gm,275,https://chaldal.com/coffees
Nestle Coffee Mate Coffee Creamer Box,450 gm,380,https://chaldal.com/coffees
Nestle Nescafe Classic Instant Coffee Jar,90 gm,475,https://chaldal.com/coffees
MacCoffee Instant Coffee Pouch,200 gm,850,https://chaldal.com/coffees
Tora Bika Cappuccino 25 gm,6 pcs,300,https://chaldal.com/coffees
MacCoffee Coffee And Creamer 2 in 1 12 gm x 20,,425,https://chaldal.com/coffees
MacCoffee Original Jar,200 gm,1100,https://chaldal.com/coffees
Moccona Select Instant Coffee,190 gm,1420,https://chaldal.com/coffees
Nestle Nescafe Creamy Latte Coffee Mix Sachet 18 gm,12 pcs,240,https://chaldal.com/coffees
Kopiko Brown Coffee 20 gm,6 pcs,279,https://chaldal.com/coffees
MacCoffee Gold Jar,100 gm,850,https://chaldal.com/coffees
MacCoffee Gold Jar,50 gm,475,https://chaldal.com/coffees
MacCoffee Original Jar,50 gm,350,https://chaldal.com/coffees
Bru Pure Instant Coffee Jar,200 gm,1495,https://chaldal.com/coffees
Tora Bika Creamy Latte 25 gm,6 pcs,300,https://chaldal.com/coffees
Nestle Coffee Mate Creamer,1 kg,850,https://chaldal.com/coffees
Nestle Coffee Mate Coffee Creamer Jar,400 gm,400,https://chaldal.com/coffees
MacCoffee Original Jar,100 gm,675,https://chaldal.com/coffees
SMC Plus Lemon Electrolyte Drink 250 ml (Combo Pack),6 pcs,270,https://chaldal.com/juice
Bruvana Sports+ Electrolyte Beverage (Mango Flavor),250 ml,40,https://chaldal.com/juice
Malee Lychee Juice,1 ltr,630,https://chaldal.com/juice
SMC Plus Orange Electrolyte Drink 250 ml (Combo Pack),6 pcs,270,https://chaldal.com/juice
Pran Drinko Litchi Juice,250 ml,30,https://chaldal.com/juice
Pran Frooto Mango Fruit Drink,250 ml,25,https://chaldal.com/juice
Pran Frooto Mango Fruit Drink,500 ml,45,https://chaldal.com/juice
Frutika Mango Juice,1 ltr,90,https://chaldal.com/juice
Sunquick Orange Fruit Drink,1 ltr,140,https://chaldal.com/juice
Sunquick Mango Fruit Drink,1 ltr,120,https://chaldal.com/juice
Malee 100% Pomegranate & Mixed Fruit Juice,1 ltr,630,https://chaldal.com/juice
Malee 100% Pineapple Juice,1 ltr,630,https://chaldal.com/juice
Mr. Shammi Strawberry Juice,250 ml,190,https://chaldal.com/juice
Bruvana Sports+ Electrolyte Beverage (Pineapple Flavor),250 ml,40,https://chaldal.com/juice
Pran Pomegranate Fruit Drinks,200 ml,25,https://chaldal.com/juice
Sunquick Apple-Drink Concentrate,300 ml,375,https://chaldal.com/juice
Sunquick Pink Guava & Strawberry-Drink Concentrate,300 ml,495,https://chaldal.com/juice
Sunquick Fruit Cocktail-Drink Concentrate,300 ml,450,https://chaldal.com/juice
Frutika Mango Drinks,250 ml,30,https://chaldal.com/juice
Latina 100 % Juice (Mango),1 ltr,200,https://chaldal.com/juice
Nutrilife Guava Juice,160 ml,45,https://chaldal.com/juice
Nutrilife Orange Juice,160 ml,45,https://chaldal.com/juice
Nutrilife Apple Juice,160 ml,45,https://chaldal.com/juice
Fontana Mango Juice,1 ltr,550,https://chaldal.com/juice
Pran Drinko Mango Juice,250 ml,30,https://chaldal.com/juice
Nestle Fruita Vitals Chaunsa Mango Juice,1 ltr,354,https://chaldal.com/juice
Nestle Fruita Vitals Apple Juice,1 ltr,354,https://chaldal.com/juice
Cyprina Mango Nectar,1 ltr,560,https://chaldal.com/juice
Aaram Juice Orange,1 ltr,415,https://chaldal.com/juice
Aaram Juice Apple,1 ltr,415,https://chaldal.com/juice
Aaram Juice Mango,1 ltr,415,https://chaldal.com/juice
Nutrilife Orange Juice,1 ltr,295,https://chaldal.com/juice
Nutrilife Guava Juice,1 ltr,295,https://chaldal.com/juice
Pran Drinko Pineapple Juice,250 ml,30,https://chaldal.com/juice
Shezan Mango Fruit Drink,500 ml,45,https://chaldal.com/juice
Ribena Blackcurrant Juice,850 ml,1075,https://chaldal.com/juice
Sunquick Blackcurrant Juice,700 ml,750,https://chaldal.com/juice
Shezan Mango Fruit Drinks,1 ltr,85,https://chaldal.com/juice
Nutrilife Pomegranate Juice,1 ltr,350,https://chaldal.com/juice
Nutrilife Apple Juice,1 ltr,295,https://chaldal.com/juice
Sunquick Orange-Drink Concentrate,700 ml,890,https://chaldal.com/juice
Frutika Mango Juice,500 ml,55,https://chaldal.com/juice
Latina 100 % Juice (Orange),1 ltr,285,https://chaldal.com/juice
Latina 100 % Juice (Apple),1 ltr,285,https://chaldal.com/juice
Cyprina Grape Juice,1 ltr,560,https://chaldal.com/juice
Sammi Orange Juice Can,240 ml,180,https://chaldal.com/juice
Masafi Orange Juice,2 ltr,1120,https://chaldal.com/juice
Sammi Strawberry Juice Can,250 ml,190,https://chaldal.com/juice
Fontana Grape Juice,1 ltr,639,https://chaldal.com/juice
Fontana Apple Juice,1 ltr,475,https://chaldal.com/juice
Ion Alkaline Drinking Water,650 ml,65,https://chaldal.com/water
Ion Alkaline Drinking Water,330 ml,35,https://chaldal.com/water
Aquafina Drinking Water,1 ltr,30,https://chaldal.com/water
Mum Drinking Water,500 ml,20,https://chaldal.com/water
Super Fresh Drinking Water,500 ml,20,https://chaldal.com/water
Mum Drinking Water,5 ltr,100,https://chaldal.com/water
Mum Drinking Water,2 ltr,45,https://chaldal.com/water
Aquafina Drinking Water,500 ml,20,https://chaldal.com/water
Pureit Classic Germ Kill Kit,1500 ltr,800,https://chaldal.com/water
Mum Drinking Water,330 ml,15,https://chaldal.com/water
Muskan Drinking Water,500 ml,20,https://chaldal.com/water
Muskan Drinking Water,2 ltr,40,https://chaldal.com/water
Kinley Drinking Water,500 ml,20,https://chaldal.com/water
Perrier Mineral Water,750 ml,550,https://chaldal.com/water
Mum Drinking Water,1.5 ltr,35,https://chaldal.com/water
Golden Grain White Sesame Seed (Til),100 gm,85,https://chaldal.com/nuts-dried-fruits
Raisins (Kishmish),100 gm,99,https://chaldal.com/nuts-dried-fruits
Mazzak Badam Roasted Peanut,170 gm,150,https://chaldal.com/nuts-dried-fruits
Mazzak Badam Almond Roasted & Light Salt,40 gm,149,https://chaldal.com/nuts-dried-fruits
Mazzak Badam Cashews Roasted & Salt,40 gm,149,https://chaldal.com/nuts-dried-fruits
Mazzak Badam Pistachio Roasted & Light Salt,40 gm,169,https://chaldal.com/nuts-dried-fruits
Mazzak Sunflower Seeds Roasted & Light Salt,165 gm,259,https://chaldal.com/nuts-dried-fruits
Al Barakah Premium Dates,250 gm,190,https://chaldal.com/nuts-dried-fruits
Royal Gardens Salted Cashews,100 gm,435,https://chaldal.com/nuts-dried-fruits
Almonds (Kath Badam),100 gm,159,https://chaldal.com/nuts-dried-fruits
Walnuts (Akhrot),100 gm,179,https://chaldal.com/nuts-dried-fruits
Peanut Peeled (Vaja Cheena Badam),100 gm,45,https://chaldal.com/nuts-dried-fruits
Cashew Nut (Kaju Badam),100 gm,189,https://chaldal.com/nuts-dried-fruits
Medjool Dates (Khejur),500 gm,759,https://chaldal.com/nuts-dried-fruits
White Sesame Seed (Til),100 gm,49,https://chaldal.com/nuts-dried-fruits
Mazzak Pumpkin Seeds Roasted & Light Salt,165 gm,240,https://chaldal.com/nuts-dried-fruits
Ruchi Spicy Cashew Nut,150 gm,650,https://chaldal.com/nuts-dried-fruits
Ruchi Spicy Cashew Nut,40 gm,185,https://chaldal.com/nuts-dried-fruits
Blossoms Dried Mixed Plum,220 gm,300,https://chaldal.com/nuts-dried-fruits
Blossoms Dried Sakura Plum,220 gm,365,https://chaldal.com/nuts-dried-fruits
Royal Gardens Masala Cashews,150 gm,695,https://chaldal.com/nuts-dried-fruits
Farmer's Gold Mixed Nut,250 gm,380,https://chaldal.com/nuts-dried-fruits
Blue Diamond Almonds Bold Habanero BBQ,170 gm,850,https://chaldal.com/nuts-dried-fruits
Blue Diamond Almonds Honey Roasted,170 gm,850,https://chaldal.com/nuts-dried-fruits
Blue Diamond Almonds Bold Wasabi & Soy Sauce,170 gm,850,https://chaldal.com/nuts-dried-fruits
Fit Food Honey Roasted Almond,125 gm,260,https://chaldal.com/nuts-dried-fruits
BPM White Till,200 gm,90,https://chaldal.com/nuts-dried-fruits
Noi Salted Peanuts,110 gm,352,https://chaldal.com/nuts-dried-fruits
Nut Candy Salted Cashew Nuts (Kaju Badam),140 gm,989,https://chaldal.com/nuts-dried-fruits
Nut Candy Salted Peanuts,150 gm,490,https://chaldal.com/nuts-dried-fruits
Tong Garden Salted Almonds,35 gm,239,https://chaldal.com/nuts-dried-fruits
Tong Garden Japanese Rice Cracker Mixed Coated Peanut,150 gm,675,https://chaldal.com/nuts-dried-fruits
Crunchos Assorted Mix Nuts Tin,350 gm,1619,https://chaldal.com/nuts-dried-fruits
Khurma Dry Dates (Khejur) ± 30 gm,500 gm,179,https://chaldal.com/nuts-dried-fruits
Tong Garden Salted Pistachio (Pesta Badam),130 gm,995,https://chaldal.com/nuts-dried-fruits
Tong Garden Salted Almonds,140 gm,995,https://chaldal.com/nuts-dried-fruits
Tong Garden Salted Peanuts Can,150 gm,695,https://chaldal.com/nuts-dried-fruits
Tong Garden Salted Cocktail Nuts,160 gm,995,https://chaldal.com/nuts-dried-fruits
Tong Garden Salted Cashew Nuts Can,150 gm,995,https://chaldal.com/nuts-dried-fruits
Pistachio (Pesta Badam),100 gm,399,https://chaldal.com/nuts-dried-fruits
Goalini Plus Condensed Milk,400 gm,105,https://chaldal.com/baking-ingredients
Foster Clark's Corn Flour,400 gm,360,https://chaldal.com/baking-ingredients
Hershey's Chocolate Syrup,623 gm,1029,https://chaldal.com/baking-ingredients
Baking Soda,100 gm,25,https://chaldal.com/baking-ingredients
Anchor Yeast,35 gm,60,https://chaldal.com/baking-ingredients
Sugar Candy (Tal Misri),200 gm,39,https://chaldal.com/baking-ingredients
Chocolate Chips Dark,250 gm,439,https://chaldal.com/baking-ingredients
Chocolate Chips White,250 gm,429,https://chaldal.com/baking-ingredients
Silver Edible Paper (Tobok),25 gm,549,https://chaldal.com/baking-ingredients
Golden Edible Paper (Tobok),25 gm,549,https://chaldal.com/baking-ingredients
Sweet Ball Golden,150 gm,520,https://chaldal.com/baking-ingredients
Sweet Ball White,150 gm,375,https://chaldal.com/baking-ingredients
Saad Monosodium Glutamate,50 gm,25,https://chaldal.com/baking-ingredients
Vivo Ambient Whip Topping with Vegetable Fat,1100 gm,736,https://chaldal.com/baking-ingredients
Foster Clark's Culinary Essence Rose,28 ml,140,https://chaldal.com/baking-ingredients
Bread Crumbs Loose,200 gm,45,https://chaldal.com/baking-ingredients
Hershey's Strawberry Syrup,623 gm,939,https://chaldal.com/baking-ingredients
Sis White Sugar Cube,454 gm,500,https://chaldal.com/baking-ingredients
Foster Clark's Food Colour (Red),28 ml,140,https://chaldal.com/baking-ingredients
Silicon Spatula,2 pcs,219,https://chaldal.com/baking-tools
Silicone Chocolate Mould,each,269,https://chaldal.com/baking-tools
Lacy's Baking & Cooking Paper 10 m,each,649,https://chaldal.com/baking-tools
Wooden Silicone Spatula,each,379,https://chaldal.com/baking-tools
"Transparent Disposable Piping Bags (8.5""x12.5"")",100 pcs,719,https://chaldal.com/baking-tools
Cake Muffin Tin,each,379,https://chaldal.com/baking-tools
Heart Shaped Cake Pan,each,299,https://chaldal.com/baking-tools
Round Cake Pan,each,409,https://chaldal.com/baking-tools
Russian Flower Nozzle Set,7 pcs,480,https://chaldal.com/baking-tools
Cake Decoration Nozzle Set,12 pcs,179,https://chaldal.com/baking-tools
Pizza Cutter,each,250,https://chaldal.com/baking-tools
Small Whisk,each,159,https://chaldal.com/baking-tools
Boutique Straw,4 pcs,400,https://chaldal.com/baking-tools
Orange Medium Measurement Mug,each,359,https://chaldal.com/baking-tools
Foster Clark's Custard Powder Pack,200 gm,395,https://chaldal.com/baking-mixes
Foster Clark's Gelatin Jelly Dessert Lemon Flavour,80 gm,160,https://chaldal.com/baking-mixes
Foster Clark's Custard Powder Tin,300 gm,395,https://chaldal.com/baking-mixes
Foster Clark's Baking Powder,225 gm,360,https://chaldal.com/baking-mixes
Golden Harvest Frozen Chicken Meat Ball,400 gm,300,https://chaldal.com/chicken-snacks
Kazi Farms Kitchen Chicken Sausage 10 pcs,340 gm,260,https://chaldal.com/chicken-snacks
Golden Harvest Mini Chicken Nuggets,300 gm,240,https://chaldal.com/chicken-snacks
Golden Harvest Chicken Sausage,340 gm,260,https://chaldal.com/chicken-snacks
Kazi Farms Kitchen Spicy Chicken Nuggets,250 gm,200,https://chaldal.com/chicken-snacks
Jhatpot Chicken Nuggets 20 pcs,300 gm,240,https://chaldal.com/chicken-snacks
Golden Harvest Chicken Shami Kabab,200 gm,250,https://chaldal.com/chicken-snacks
Country Natural Chicken Samosa,300 gm,250,https://chaldal.com/chicken-snacks
Country Natural Chicken Spicy Lollipop,400 gm,350,https://chaldal.com/chicken-snacks
Jhatpot Chicken Strips,250 gm,280,https://chaldal.com/chicken-snacks
Quality Chicken Spring Roll 25 pcs,250 gm,230,https://chaldal.com/chicken-snacks
Quality Chicken Meatball,250 gm,210,https://chaldal.com/chicken-snacks
Quality Chicken Smoked Sausage,350 gm,290,https://chaldal.com/chicken-snacks
AG Food Chicken Burger Patty 4 pcs,200 gm,200,https://chaldal.com/chicken-snacks
AG Food Chicken Mini Spring Roll,250 gm,230,https://chaldal.com/chicken-snacks
AG Food Chicken Mini Samosa,250 gm,230,https://chaldal.com/chicken-snacks
AG Food Spicy Chicken Sausage,340 gm,275,https://chaldal.com/chicken-snacks
Paragon Chicken Spring Roll 400 gm,10 pcs,320,https://chaldal.com/chicken-snacks
Paragon Chicken Popcorn,250 gm,265,https://chaldal.com/chicken-snacks
Kazi Farms Kitchen Chicken Spring Roll (23-25 pcs),250 gm,215,https://chaldal.com/chicken-snacks
Kazi Farms Kitchen Chicken Spicy Meat Ball,250 gm,195,https://chaldal.com/chicken-snacks
Jhatpot Chicken Mini Spring Roll,200 gm,200,https://chaldal.com/chicken-snacks
Kazi Farms Kitchen Chicken Samosa (22-23 pcs),250 gm,215,https://chaldal.com/chicken-snacks
Golden Harvest Spicy Chicken Sausage 340 gm,10 pcs,275,https://chaldal.com/chicken-snacks
Golden Harvest Mini Chicken Spring Roll 15 pcs,300 gm,235,https://chaldal.com/chicken-snacks
Golden Harvest Frozen Chicken Samosa 25 pcs,250 gm,215,https://chaldal.com/chicken-snacks
Golden Harvest Mini Singara 20 pcs,300 gm,125,https://chaldal.com/vegetable-snacks
AG Food Vegetable Spring Roll 10 pcs,400 gm,120,https://chaldal.com/vegetable-snacks
Kazi Farms Kitchen Vegetable Spring Roll 10 pcs,400 gm,145,https://chaldal.com/vegetable-snacks
Jhatpot Aloo Puri 454 gm,10 pcs,140,https://chaldal.com/vegetable-snacks
Jhatpot Vegetables Spring Roll 360 gm,9 pcs,140,https://chaldal.com/vegetable-snacks
Jhatpot Vegetables Singara 400 gm,10 pcs,125,https://chaldal.com/vegetable-snacks
Kazi Farms Kitchen Dal Puri 10 pcs,450 gm,145,https://chaldal.com/vegetable-snacks
Country Natural Beef Sausage,300 gm,465,https://chaldal.com/beef-snacks
Quality Canadian Beef Bacon,200 gm,320,https://chaldal.com/beef-snacks
Quality Beef Italian Sausage,280 gm,370,https://chaldal.com/beef-snacks
Quality Beef Burger Patty,240 gm,330,https://chaldal.com/beef-snacks
Golden Harvest Frozen Tehari,400 gm,300,https://chaldal.com/beef-snacks
Welcome Light Meat Tuna In Sunflower Oil (Flake),170 gm,190,https://chaldal.com/fish-cans
King Bell Tuna Salad Vegetables,170 gm,320,https://chaldal.com/fish-cans
King Bell Tuna Salad In Tomato Sauce,170 gm,310,https://chaldal.com/fish-cans
Nautilus Lite Sandwich Tuna In Spring Water,165 gm,429,https://chaldal.com/fish-cans
Nautilus Sandwich Tuna In Soybean Oil,165 gm,319,https://chaldal.com/fish-cans
Nautilus Lite Tuna Chunk Soybean Oil,165 gm,319,https://chaldal.com/fish-cans
Roja Crumbly Crumbly Shrimp Tempura,224 gm,495,https://chaldal.com/fish-snacks
OceanRia Lobster Ball,500 gm,830,https://chaldal.com/fish-snacks
OceanRia Imitation Crab Stick,500 gm,800,https://chaldal.com/fish-snacks
OceanRia Fish Sandwich,500 gm,850,https://chaldal.com/fish-snacks
OceanRia Crab Nugget,500 gm,800,https://chaldal.com/fish-snacks
OceanRia Vegie Fish Ball,500 gm,800,https://chaldal.com/fish-snacks
OceanRia Fried Fish Ball,500 gm,499,https://chaldal.com/fish-snacks
Roja Shrimp Samosa 19-21 pcs,240 gm,240,https://chaldal.com/fish-snacks
Roja Cheezy Cheezy Fish Kieves,240 gm,320,https://chaldal.com/fish-snacks
Roja Peri Peri Fish Nugget,240 gm,235,https://chaldal.com/fish-snacks
Roja Peri Peri Fish Stick,240 gm,265,https://chaldal.com/fish-snacks
Roja Kids Shrimp Nuggets,240 gm,245,https://chaldal.com/fish-snacks
Watteh Greens Red Amaranth Microgreen,25 gm,399,https://chaldal.com/diabetic-food
Watteh Greens Radish Microgreen,25 gm,149,https://chaldal.com/diabetic-food
Watteh Greens Mustard Microgreen,25 gm,149,https://chaldal.com/diabetic-food
Ahmed Sugar Free Orange Jelly,500 gm,265,https://chaldal.com/diabetic-food
ACI Nutrilife Brown Flour (Atta),1 kg,70,https://chaldal.com/diabetic-food
ACI Nutrilife Brown Atta,2 kg,140,https://chaldal.com/diabetic-food
Zero Cal Box 150 Sachets,,400,https://chaldal.com/diabetic-food
Teer Whole Wheat Flour (Atta),2 kg,140,https://chaldal.com/diabetic-food
Zero Cal Sugar 200 Tablets,each,200,https://chaldal.com/diabetic-food
ACI Nutrilife Rice Bran Oil,5 ltr,1160,https://chaldal.com/diabetic-food
Zero Cal Stevia Natural Sugar Substitute Sachets,30 pcs,120,https://chaldal.com/diabetic-food
Kellogg's Oats Cereal,400 gm,360,https://chaldal.com/diabetic-food
Trident Sugar Free Gum Spearmint Flavor,26.6 gm,140,https://chaldal.com/diabetic-food
Zerova Tablets,100 pcs,300,https://chaldal.com/diabetic-food
Sugar Free Natura Diet Sugar,80 gm,410,https://chaldal.com/diabetic-food
Eclipse Sugar Free Winterfrost Mints,35 gm,290,https://chaldal.com/diabetic-food
Iko Sugar Free Oat Bran Crackers,220 gm,730,https://chaldal.com/diabetic-food
Kellogg's Oats Cereal (Free Container),400 gm,360,https://chaldal.com/diabetic-food
Virginia White Oats,400 gm,500,https://chaldal.com/diabetic-food
Eclipse Sugar Free Mints Spearmint Flavor,35 gm,370,https://chaldal.com/diabetic-food
Iko Sugar Free Pumpkin Cookies,178 gm,610,https://chaldal.com/diabetic-food
Canderel Sucralose Jar,75 gm,790,https://chaldal.com/diabetic-food
Zero Cal Box 75 Sachets 1 box,,250,https://chaldal.com/diabetic-food
Zero Cal Sugar 100 tablets,each,120,https://chaldal.com/diabetic-food
Pran Sugar Free Orange Jelly,450 gm,270,https://chaldal.com/diabetic-food
Zero Cal Sugar Sachets,25 pcs,100,https://chaldal.com/diabetic-food
Quaker White Oats,500 gm,599,https://chaldal.com/diabetic-food
Wheel Washing Powder 2 in 1 Clean & Fresh,1 kg,155,https://chaldal.com/laundry
Wheel Washing Laundry Bar,125 gm,30,https://chaldal.com/laundry
Wheel Washing Powder 2 in 1 Clean & Fresh,500 gm,80,https://chaldal.com/laundry
Rin Advanced Detergent Powder,500 gm,100,https://chaldal.com/laundry
Tibet 570 Laundry Soap,125 gm,27,https://chaldal.com/laundry
Tibet Rose & Lemon Detergent Powder,500 gm,70,https://chaldal.com/laundry
Surf Excel Matic Liquid Detergent Top Load,1 ltr,400,https://chaldal.com/laundry
Ujjal Synthetic Laundry Detergent Powder,500 gm,70,https://chaldal.com/laundry
Ujjal Synthetic Laundry Detergent Powder,1 kg,140,https://chaldal.com/laundry
Redy Synthetic Detergent Powder,1 kg,185,https://chaldal.com/laundry
Redy Synthetic Detergent Powder,200 gm,40,https://chaldal.com/laundry
Nirala Ball Laundry Soap,125 gm,26,https://chaldal.com/laundry
Mine Synthetic Detergent Powder,500 gm,90,https://chaldal.com/laundry
Jet Classic Detergent Powder Poly Pack,200 gm,60,https://chaldal.com/laundry
Surf Excel Matic Liquid Detergent Top Load,500 ml,210,https://chaldal.com/laundry
ACI Supreme Antibacterial Detergent Powder,1 kg,180,https://chaldal.com/laundry
ACI Supreme Antibacterial Detergent Powder,500 gm,90,https://chaldal.com/laundry
ACI Smart Detergent Powder,500 gm,75,https://chaldal.com/laundry
Tibet Ball Soap,125 gm,26,https://chaldal.com/laundry
Rin Advanced Detergent Powder,1 kg,195,https://chaldal.com/laundry
Wheel Washing Powder 2 in 1 Clean & Fresh,2 kg,280,https://chaldal.com/laundry
Chaka Advanced Ball Soap,125 gm,26,https://chaldal.com/laundry
Surf Excel Washing Powder,1 kg,235,https://chaldal.com/laundry
Surf Excel Washing Powder,500 gm,120,https://chaldal.com/laundry
Jet Aroma+ Detergent Powder Paper Pack,1 kg,320,https://chaldal.com/laundry
Rin Advanced Detergent Powder,2 kg,370,https://chaldal.com/laundry
Rin Washing Liquid,800 ml,220,https://chaldal.com/laundry
Jet Classic Detergent Powder Paper Pack,1 kg,300,https://chaldal.com/laundry
Tibet Laundry Soap Blue,125 gm,27,https://chaldal.com/laundry
ACI Smart Detergent Powder,1 kg,145,https://chaldal.com/laundry
Chaka All-In-1 Washing Powder,1 kg,145,https://chaldal.com/laundry
Fast Wash Detergent Powder,1 kg,180,https://chaldal.com/laundry
Jet Classic Detergent Powder Paper Pack,500 gm,150,https://chaldal.com/laundry
Fast Wash Detergent Powder,500 gm,90,https://chaldal.com/laundry
Jet Improved Formula Liquid Detergent,1000 ml,600,https://chaldal.com/laundry
Chaka All-In-1 Washing Powder,500 gm,75,https://chaldal.com/laundry
Nirala White Detergent Powder,200 gm,40,https://chaldal.com/laundry
Nirala White Detergent Powder,500 gm,90,https://chaldal.com/laundry
Godrej Fab Liquid Detergent Pouch,1 ltr,250,https://chaldal.com/laundry
Finis Fin Power White Washing Powder,500 gm,90,https://chaldal.com/laundry
Shuvro Fabric Brightener,100 ml,35,https://chaldal.com/laundry
Rok Shuvro Detergent Laundry Wash,1 kg,190,https://chaldal.com/laundry
Vanish All in One Liquid Detergent Booster,400 ml,250,https://chaldal.com/laundry
Chaka Super White Premium Detergent Powder,1 kg,180,https://chaldal.com/laundry
Ariel Matic Detergent Washing Powder Front Load,1 kg,300,https://chaldal.com/laundry
Ujala,100 ml,40,https://chaldal.com/laundry
Cocorex Bleach Colours Floral Fresh,1 ltr,750,https://chaldal.com/laundry
Comfort Fabric Conditioner Kiss Of Flowers,2 ltr,1176,https://chaldal.com/laundry
Comfort Fabric Conditioner Touch Of Love,2 ltr,1100,https://chaldal.com/laundry
Jet Baby Liquid Detergent,1000 ml,600,https://chaldal.com/laundry
Harpic Liquid Toilet Cleaner Original,1 ltr,235,https://chaldal.com/toilet-cleaning
Rok Disinfectant Bleaching Powder,500 gm,65,https://chaldal.com/toilet-cleaning
Harpic Liquid Toilet Cleaner Original,250 ml,70,https://chaldal.com/toilet-cleaning
Finis Stable Bleaching Powder,500 gm,65,https://chaldal.com/toilet-cleaning
Finis Perfume Finyle Toilet & Floor Cleaner,1 ltr,165,https://chaldal.com/toilet-cleaning
Harpic Flushmatic Marine In-Cistern Toilet Cleaner Block 50 gm,each,165,https://chaldal.com/toilet-cleaning
Harpic All-In-One Toilet & Bathroom Cleaning Powder,400 gm,105,https://chaldal.com/toilet-cleaning
Harpic All-In-One Toilet & Bathroom Cleaning Powder,200 gm,60,https://chaldal.com/toilet-cleaning
Harpic Liquid Toilet Cleaner Original,500 ml,135,https://chaldal.com/toilet-cleaning
Harpic Liquid Toilet Cleaner Original,750 ml,180,https://chaldal.com/toilet-cleaning
Harpic Liquid Toilet Cleaner Power Plus Original,750 ml,180,https://chaldal.com/toilet-cleaning
Harpic All-in-1 Toilet & Bathroom Cleaning Powder,1 kg,210,https://chaldal.com/toilet-cleaning
Domex Toilet Cleaning Liquid Ocean Fresh,500 ml,130,https://chaldal.com/toilet-cleaning
Finis Phenyle Extra Strong Toilet & Floor Cleaner,3 ltr,185,https://chaldal.com/toilet-cleaning
Harpic Bathroom Cleaning Liquid Rose,500 ml,140,https://chaldal.com/toilet-cleaning
ACI Shinex Tiles & Ceramic Cleaner,1 ltr,170,https://chaldal.com/toilet-cleaning
Harpic Drain Xpert Powder 50 gm,20 pcs,1000,https://chaldal.com/toilet-cleaning
Harpic Flushmatic Citrus In-Cistern Toilet Cleaner Blocks 50 gm,2 pcs,310,https://chaldal.com/toilet-cleaning
Harpic Flushmatic Lavender In-Cistern Toilet Cleaner Blocks 50 gm,3 pcs,450,https://chaldal.com/toilet-cleaning
Harpic Flushmatic Lavender In-Cistern Toilet Cleaner Blocks 50 gm,2 pcs,310,https://chaldal.com/toilet-cleaning
Harpic Flushmatic Lavender In-Cistern Toilet Cleaner Block 50 gm,each,165,https://chaldal.com/toilet-cleaning
Harpic Flushmatic Citrus In-Cistern Toilet Cleaner Blocks 50 gm,3 pcs,465,https://chaldal.com/toilet-cleaning
Harpic Flushmatic Marine In-Cistern Toilet Cleaner Blocks 50 gm,3 pcs,465,https://chaldal.com/toilet-cleaning
Unik Xtreme Toilet Cleaner,500 ml,130,https://chaldal.com/toilet-cleaning
RokSol Tiles & Bathroom Cleaner,500 ml,99,https://chaldal.com/toilet-cleaning
Magiclean Toilet Cleaner Forest Fresh,650 ml,550,https://chaldal.com/toilet-cleaning
Magiclean Bathroom Cleaner Yellow,500 ml,580,https://chaldal.com/toilet-cleaning
Goodmaid Furniture Polish,400 ml,750,https://chaldal.com/toilet-cleaning
Harpic Flushmatic Marine In-Cistern Toilet Cleaner Blocks 50 gm,2 pcs,330,https://chaldal.com/toilet-cleaning
Pledge Furniture Polish,330 gm,739,https://chaldal.com/toilet-cleaning
Unik Power Toilet Cleaner,500 ml,120,https://chaldal.com/toilet-cleaning
Swift Liquid Toilet Cleaner,500 ml,115,https://chaldal.com/toilet-cleaning
Kelly's Leather Care,500 ml,190,https://chaldal.com/toilet-cleaning
Clorox Original,2 ltr,759,https://chaldal.com/toilet-cleaning
Fresh Hand Towel (250X1 Ply),each,100,https://chaldal.com/paper-products
Bashundhara Kitchen Towel Rolls,2 pcs,160,https://chaldal.com/paper-products
Fresh Perfumed Facial Tissue (150 X 2) ply Box,each,100,https://chaldal.com/paper-products
"Fresh Paper Napkins 13"" Perfumed (100X1 Ply)",each,75,https://chaldal.com/paper-products
Bashundhara Kitchen Towel Rolls,each,85,https://chaldal.com/paper-products
Fresh kitchen Towel Roll,each,85,https://chaldal.com/paper-products
Partex Cleen Toilet Tissue,4 pcs,95,https://chaldal.com/paper-products
Bashundhara Toilet Tissue White Extra Savings Pack,4 pcs,100,https://chaldal.com/paper-products
"Bashundhara Paper Napkins 13"" Unscented",100 pcs,75,https://chaldal.com/paper-products
Fresh Toilet Tissue (Family Value Pack),4 pcs,100,https://chaldal.com/paper-products
Bashundhara Facial Tissue Perfumed (120 X 2) ply,each,85,https://chaldal.com/paper-products
Fay Toilet Tissue White 180 Sheet,each,30,https://chaldal.com/paper-products
Fresh hand towel 200 Sheet,each,95,https://chaldal.com/paper-products
Fresh hand towel 250 Sheet,each,110,https://chaldal.com/paper-products
Bashundhara Hand Towel White (200 X 1) ply Box,each,100,https://chaldal.com/paper-products
Partex Cleen Toilet Tissue,2 pcs,46,https://chaldal.com/paper-products
Partex Cleen Toilet Tissue,12 pcs,285,https://chaldal.com/paper-products
Partex Cleen Toilet Tissue,each,28,https://chaldal.com/paper-products
Bashundhara Gold Toilet Tissue,each,38,https://chaldal.com/paper-products
Saf1 Lavender Floor Cleaner,1 ltr,250,https://chaldal.com/floor-glass-cleaners
Rok Glazeo Scented Glass Cleaner Refill (Free 100 ml + Scrubber),250 ml,120,https://chaldal.com/floor-glass-cleaners
Shinex Floor Cleaner Natural,1000 ml,270,https://chaldal.com/floor-glass-cleaners
Shinex Glass Cleaner Spray,350 ml,140,https://chaldal.com/floor-glass-cleaners
Finis Perfume Finyle Toilet & Floor Cleaner,1 ltr,165,https://chaldal.com/floor-glass-cleaners
Saf1 Pink Dream Floor Cleaner,1 ltr,250,https://chaldal.com/floor-glass-cleaners
Lizol Disinfectant Surface & Floor Cleaner Citrus,500 ml,160,https://chaldal.com/floor-glass-cleaners
Lizol Floor Cleaner Citrus Disinfectant Surface,1 ltr,300,https://chaldal.com/floor-glass-cleaners
Mr. Brasso Glass & Multisurface Cleaner Refill,500 ml,190,https://chaldal.com/floor-glass-cleaners
Lizol Disinfectant Surface & Floor Cleaner Lavender,500 ml,160,https://chaldal.com/floor-glass-cleaners
Finis Phenyle Extra Strong Toilet & Floor Cleaner,3 ltr,185,https://chaldal.com/floor-glass-cleaners
Mr. Brasso Glass & Multisurface Cleaner Spray,500 ml,230,https://chaldal.com/floor-glass-cleaners
Rok Pine Disinfectant Floor Cleaner,1 ltr,288,https://chaldal.com/floor-glass-cleaners
Lizol Floor Cleaner Floral Disinfectant Surface,1 ltr,300,https://chaldal.com/floor-glass-cleaners
Savlon Shinex Liquid Floor Cleaner Natural (Free Leona Soap 100 gm ),1 ltr,270,https://chaldal.com/floor-glass-cleaners
Sparkbliss Screen Cleaner,200 ml,170,https://chaldal.com/floor-glass-cleaners
Sparkbliss Spring Glass Cleaner,450 ml,160,https://chaldal.com/floor-glass-cleaners
Mr. Brasso Glass & Multisurface Cleaner Refill,250 ml,100,https://chaldal.com/floor-glass-cleaners
Lizol Disinfectant Surface Cleaner Neem,500 ml,160,https://chaldal.com/floor-glass-cleaners
Lizol Disinfectant Surface Cleaner Neem,1 ltr,300,https://chaldal.com/floor-glass-cleaners
Rok Lemon Disinfectant Floor Cleaner,1 ltr,295,https://chaldal.com/floor-glass-cleaners
Amana Citrus Disinfectant Surface & Floor Cleaner,1 ltr,295,https://chaldal.com/floor-glass-cleaners
Amana Glass & Household Cleaner,5 ltr,650,https://chaldal.com/floor-glass-cleaners
Rok Glazeo Scented Glass Cleaner Spray,750 ml,255,https://chaldal.com/floor-glass-cleaners
Rok Citrus Floor Cleaner,1 ltr,295,https://chaldal.com/floor-glass-cleaners
RFL Glass Cleaner Wiper,each,65,https://chaldal.com/floor-glass-cleaners
Mysol Glass Cleaner,500 ml,200,https://chaldal.com/floor-glass-cleaners
Finex Floor Cleaner Lime Fresh,1 ltr,250,https://chaldal.com/floor-glass-cleaners
Rok Rose Disinfectant Floor Cleaner,1 ltr,295,https://chaldal.com/floor-glass-cleaners
Rok Lemon Disinfectant Floor Cleaner,500 ml,155,https://chaldal.com/floor-glass-cleaners
Rok Pine Disinfectant Floor Cleaner,500 ml,155,https://chaldal.com/floor-glass-cleaners
Lizol Disinfectant Surface & Floor Cleaner Citrus,5 ltr,1250,https://chaldal.com/floor-glass-cleaners
Lizol Disinfectant Surface & Floor Cleaner Floral,5 ltr,1250,https://chaldal.com/floor-glass-cleaners
Shinex Floor Cleaner Floral,1 ltr,285,https://chaldal.com/floor-glass-cleaners
Shinex Floor Cleaner Citrus,1 ltr,300,https://chaldal.com/floor-glass-cleaners
Finis Wood Preservative Tin,480 ml,150,https://chaldal.com/floor-glass-cleaners
Glitter Glass & Surface Cleaner,500 ml,135,https://chaldal.com/floor-glass-cleaners
Lizol Disinfectant Surface & Floor Cleaner Floral,500 ml,160,https://chaldal.com/floor-glass-cleaners
Shinex Glass Cleaner Refill,350 ml,115,https://chaldal.com/floor-glass-cleaners
Lizol Disinfectant Surface & Floor Cleaner Jasmine,500 ml,160,https://chaldal.com/floor-glass-cleaners
Comode Long Handle Clean Brush,each,179,https://chaldal.com/cleaning-accessories
Rok Dishwashing Steel Scourer,each,35,https://chaldal.com/cleaning-accessories
Dishwashing Stainless Steel Scrubber,4 pcs,150,https://chaldal.com/cleaning-accessories
ACI Wonder Stainless Steel Scrubber,each,25,https://chaldal.com/cleaning-accessories
Dish Washing Scrubbing Pad,each,50,https://chaldal.com/cleaning-accessories
"Trash Bag Black - 20"" x 30""",12 pcs,283,https://chaldal.com/cleaning-accessories
Flower Broom (Ful Jharu) Large,each,159,https://chaldal.com/cleaning-accessories
RFL China Bed Jharu (Lime Green),each,109,https://chaldal.com/cleaning-accessories
RFL Magic Clean Bucket With Mop (Green),each,2000,https://chaldal.com/cleaning-accessories
RFL Dust Pan Small (Red),each,40,https://chaldal.com/cleaning-accessories
RFL Flat Floor Mop,each,270,https://chaldal.com/cleaning-accessories
RFL Supreme Floor Mop,each,220,https://chaldal.com/cleaning-accessories
RFL Elegant Floor Mop,each,290,https://chaldal.com/cleaning-accessories
RFL Long Handle Floor Brush,each,230,https://chaldal.com/cleaning-accessories
RFL Super Premium Floor Mop,each,315,https://chaldal.com/cleaning-accessories
RFL Toilet Brush Economy 51 cm,each,65,https://chaldal.com/cleaning-accessories
RFL Glass Cleaner Wiper,each,65,https://chaldal.com/cleaning-accessories
Scotch-Brite Floor Cotton Mop,each,990,https://chaldal.com/cleaning-accessories
Planet Large Sweeping Broom,each,75,https://chaldal.com/cleaning-accessories
Npoly Dust Pan (Red) 8 x 6 inch,each,60,https://chaldal.com/cleaning-accessories
Plastic Dust Pan,each,106,https://chaldal.com/cleaning-accessories
Magic Fiber Twist Floor Steel Mop (China),each,399,https://chaldal.com/cleaning-accessories
SS Long Handle Cotton Mop China,each,540,https://chaldal.com/cleaning-accessories
Cloth Pin 4 Color,16 pcs,119,https://chaldal.com/cleaning-accessories
Sponge Mop Pva Refill 11 inch (Yellow),each,235,https://chaldal.com/cleaning-accessories
Lacy's Chefwrap 45 cm X 300 mtr,each,1159,https://chaldal.com/cleaning-accessories
"Plastic Red Broom (62"") Handle Jhul Jharu (China)",each,249,https://chaldal.com/cleaning-accessories
Flower Broom (Ful Jharu) Medium,each,125,https://chaldal.com/cleaning-accessories
"Floor Hand Brush 6"" Local",each,200,https://chaldal.com/cleaning-accessories
"Comod Pump Local 17"" (Red)",each,145,https://chaldal.com/cleaning-accessories
"Comode Handle Box Brush 23""",each,244,https://chaldal.com/cleaning-accessories
"Big Broom 31"" (Shola)",each,145,https://chaldal.com/cleaning-accessories
Basin Curve Clean Brush,each,119,https://chaldal.com/cleaning-accessories
"Trash Bag White - 20"" x 30""",10 pcs,230,https://chaldal.com/cleaning-accessories
Odonil Air Freshener Block Jasmine Mist,48 gm,65,https://chaldal.com/air-freshners
Godrej Aer Power Pocket Bathroom Fragrance Sea Breeze,10 gm,75,https://chaldal.com/air-freshners
Godrej Aer Power Pocket Bathroom Fragrance Rose Fresh Blossom,10 gm,75,https://chaldal.com/air-freshners
Odonil Air Freshener Block Lavender Meadows,48 gm,65,https://chaldal.com/air-freshners
Odonil Air Freshener Block Orchid Dew,48 gm,65,https://chaldal.com/air-freshners
Godrej Aer Room Air Freshener Spray Cool Surf Blue,300 ml,300,https://chaldal.com/air-freshners
Odonil Air Freshener Block Mystic Rose,48 gm,65,https://chaldal.com/air-freshners
Ermani Air Freshener (Lemon),300 ml,290,https://chaldal.com/air-freshners
Go Fresh Air Freshener Anti Tobacco,300 ml,195,https://chaldal.com/air-freshners
Go Fresh Air Freshener Strawberry,300 ml,195,https://chaldal.com/air-freshners
Bashundhara Air Freshener Orchid,300 ml,290,https://chaldal.com/air-freshners
Bashundhara Air Freshener Lotus,300 ml,240,https://chaldal.com/air-freshners
Fresh N Garden Air Freshener Orange,300 ml,220,https://chaldal.com/air-freshners
Godrej Aer Room Air Freshener Spray Monsoon Refresh,220 ml,240,https://chaldal.com/air-freshners
Godrej Aer Power Bathroom Fragrance Assorted (Buy 4 Get 1 Free),10 gm,300,https://chaldal.com/air-freshners
Fresh N Garden Oudh Air Freshener,300 ml,220,https://chaldal.com/air-freshners
Fantastik Air Freshener Natural Orchid,300 ml,280,https://chaldal.com/air-freshners
Shalimar Chandan Incense Sticks (Agarbatti),150 gm,170,https://chaldal.com/air-freshners
Fresh N Garden Air Freshener Lemon,300 ml,220,https://chaldal.com/air-freshners
Godrej Aer Room Air Freshener Spray Violet Valley Bloom,300 ml,300,https://chaldal.com/air-freshners
Odonil Air Freshener Room Spray Jasmin Fresh,300 ml,320,https://chaldal.com/air-freshners
Odonil Air Freshener Room Spray Citrus Fresh,300 ml,300,https://chaldal.com/air-freshners
Godrej Aer Power Pocket Bathroom Fragrance Fresh Blossom,10 gm,70,https://chaldal.com/air-freshners
Godrej Aer Power Pocket Bathroom Fragrance Lavender Bloom,10 gm,75,https://chaldal.com/air-freshners
Wave Air Freshener (Anti Tobacco),300 ml,290,https://chaldal.com/air-freshners
Armaf Enchanted Lemon Air Freshener,300 ml,440,https://chaldal.com/air-freshners
Spring Anti Tobacco Wild Pine Air Freshener,300 ml,300,https://chaldal.com/air-freshners
Wave Air Freshener (Lemongrass),300 ml,290,https://chaldal.com/air-freshners
Wave Air Freshener (Rojonigondha),300 ml,290,https://chaldal.com/air-freshners
Wave Air Freshener (Jasmine),300 ml,290,https://chaldal.com/air-freshners
Fresh N Fresh Air Freshener Jasmine,300 ml,400,https://chaldal.com/air-freshners
Fresh N Fresh Air Freshener Lemon,300 ml,450,https://chaldal.com/air-freshners
Fresh N Fresh Air Freshener Rose,300 ml,350,https://chaldal.com/air-freshners
Godrej Aer Cool Surf Blue Click Gel AC Vent Car Freshener,each,399,https://chaldal.com/air-freshners
Godrej Aer Twist Dashboard Car Freshener Cool Surf (Blue),45 gm,599,https://chaldal.com/air-freshners
Godrej Aer Room Air Freshener Spray Fresh Lush Green,300 ml,300,https://chaldal.com/air-freshners
Fay Air Freshener Lily 3 in 1,300 ml,320,https://chaldal.com/air-freshners
Fay Air Freshener Orchid 3 In 1,300 ml,320,https://chaldal.com/air-freshners
Fay Air Freshener Lime 3 in 1,300 ml,320,https://chaldal.com/air-freshners
Fay Air Freshener Jasmine 3 in 1,300 ml,340,https://chaldal.com/air-freshners
Fay Air Freshener Magnolia 3 in 1,300 ml,340,https://chaldal.com/air-freshners
Fay Air Freshener Rose 3 in 1,300 ml,340,https://chaldal.com/air-freshners
Fay Air Freshener Narcissus 3 in1,300 ml,320,https://chaldal.com/air-freshners
Spring Air Freshener Orange Fresh,300 ml,320,https://chaldal.com/air-freshners
Fay Air Freshener Lavender 3 in 1,300 ml,340,https://chaldal.com/air-freshners
Spring Air Freshener Lemon Fresh,300 ml,320,https://chaldal.com/air-freshners
Spring Air Freshener Floral Fresh,300 ml,320,https://chaldal.com/air-freshners
"Trash Bag Black (18"" x 24"")",10 pcs,230,https://chaldal.com/trash-bags
"Trash Bag Black - 20"" x 30""",12 pcs,283,https://chaldal.com/trash-bags
"Trash Bag White (18"" x 24"")",10 pcs,242,https://chaldal.com/trash-bags
"Trash Bag Black (32"" x 42"")",10 pcs,299,https://chaldal.com/trash-bags
"Transparent Disposable Piping Bags (8.5""x12.5"")",100 pcs,719,https://chaldal.com/trash-bags
Disposable Shoe Cover 25 pairs,,609,https://chaldal.com/trash-bags
Disposable Head Cover,100 pcs,489,https://chaldal.com/trash-bags
Net Bag,150 pcs,289,https://chaldal.com/trash-bags
"Trash Bag White - 20"" x 30""",10 pcs,230,https://chaldal.com/trash-bags
Fresh Hand Towel (250X1 Ply),each,100,https://chaldal.com/kitchen-accessories
Bashundhara Kitchen Towel Rolls,2 pcs,160,https://chaldal.com/kitchen-accessories
"Fresh Paper Napkins 13"" Perfumed (100X1 Ply)",each,75,https://chaldal.com/kitchen-accessories
Bashundhara Kitchen Towel Rolls,each,85,https://chaldal.com/kitchen-accessories
Fresh kitchen Towel Roll,each,85,https://chaldal.com/kitchen-accessories
RFL Stainless Steel Net Spoon 33 cm,each,105,https://chaldal.com/kitchen-accessories
RFL Vegetable Washing Net 37 cm (Red),each,115,https://chaldal.com/kitchen-accessories
Npoly Vegetable Washing Net (Red) 36 cm,each,70,https://chaldal.com/kitchen-accessories
RFL Plastic Dala Big (Red),each,240,https://chaldal.com/kitchen-accessories
"Bashundhara Paper Napkins 13"" Unscented",100 pcs,75,https://chaldal.com/kitchen-accessories
Rok Dishwashing Steel Scourer,each,35,https://chaldal.com/kitchen-accessories
Match Box,12 pcs,35,https://chaldal.com/kitchen-accessories
Dishwashing Stainless Steel Scrubber,4 pcs,150,https://chaldal.com/kitchen-accessories
Partex Cleen Kitchen Towel Roll,each,85,https://chaldal.com/kitchen-accessories
Dish Washing Scrubbing Pad,each,50,https://chaldal.com/kitchen-accessories
Partex Cleen Kitchen Towel Roll,2 pcs,160,https://chaldal.com/kitchen-accessories
BBQ Portable machine 17 inch,each,1489,https://chaldal.com/kitchen-accessories
BBQ Grill Tin Maker With 5 Stick Silver,each,599,https://chaldal.com/kitchen-accessories
BBQ Net Holder Clip Silver,each,929,https://chaldal.com/kitchen-accessories
Blossoms Quality Wax Paper (10 m X 30 cm),each,429,https://chaldal.com/kitchen-accessories
Spoon Stand Round,each,269,https://chaldal.com/kitchen-accessories
Stainless Steel Roncfa Knife,each,215,https://chaldal.com/kitchen-accessories
Stainless Steel Vegetable Peeler,each,269,https://chaldal.com/kitchen-accessories
BBQ Brush (Red),each,119,https://chaldal.com/kitchen-accessories
RFL Super Hero Tiffin Box,each,100,https://chaldal.com/kitchen-accessories
RFL Winner Tiffin Box Rectangular,each,150,https://chaldal.com/kitchen-accessories
RFL Modern Pen Holder Light Blue,each,65,https://chaldal.com/kitchen-accessories
RFL Two Color Magic Stool Medium Exclusive,each,375,https://chaldal.com/kitchen-accessories
RFL Two Color Magic Stool High Exclusive,each,475,https://chaldal.com/kitchen-accessories
RFL Dispo knife Trans Set,50 pcs,160,https://chaldal.com/kitchen-accessories
RFL English Dish Rack Red,each,670,https://chaldal.com/kitchen-accessories
RFL Deluxe Bowl Red 8 ltr,each,140,https://chaldal.com/kitchen-accessories
RFL Smart Kitchen Rack Mini Two Color,each,480,https://chaldal.com/kitchen-accessories
RFL Deluxe Bowl Red 3 ltr,each,80,https://chaldal.com/kitchen-accessories
RFL Caino Stool Medium Eagle Brown,each,300,https://chaldal.com/kitchen-accessories
RFL Chef Chopping Board,each,350,https://chaldal.com/kitchen-accessories
RFL Hefty Chopping Board (Lime Green),each,125,https://chaldal.com/kitchen-accessories
RFL Salad Cutting Board (Orange),each,275,https://chaldal.com/kitchen-accessories
RFL Oval Washing Net Sm Blue 32 cm,each,75,https://chaldal.com/kitchen-accessories
RFL Flower Cloth Clip Set,12 pcs,150,https://chaldal.com/kitchen-accessories
RFL Rice Washing Net Cyan Blue 40 cm,each,160,https://chaldal.com/kitchen-accessories
RFL Rice Washing Net Red 40 cm,each,160,https://chaldal.com/kitchen-accessories
RFL Apple Jug Trans 2.5 ltr,each,200,https://chaldal.com/kitchen-accessories
RFL Roman Wall Rack (Light Blue),each,330,https://chaldal.com/kitchen-accessories
RFL Rtg Spice Tray (Red),each,150,https://chaldal.com/kitchen-accessories
RFL Cherry Container Trans Set,3 pcs,310,https://chaldal.com/kitchen-accessories
RFL Family Basket,each,520,https://chaldal.com/kitchen-accessories
RFL Glass Stand Red,each,130,https://chaldal.com/kitchen-accessories
RFL Popular Chopping Board White 34 cm,each,260,https://chaldal.com/kitchen-accessories
RFL Classic Round Container Trans Set,5 pcs,190,https://chaldal.com/kitchen-accessories
Philips Deco LED Candle Bulb Yellow 0.5 Watt (Pin),each,85,https://chaldal.com/lights
Philips Ace Saver LED Bulb 2.7 Watt (Pin),each,175,https://chaldal.com/lights
Transtec Led Luster Blue Light (Screw),each,60,https://chaldal.com/lights
Transtec Backup CDL LED Bulb (Pin) 12 Watt,each,825,https://chaldal.com/lights
Transtec Bright CDL B22 LED Bulb (Pin) 18 Watt,each,355,https://chaldal.com/lights
Transtec Bright WW Led Bulb (Screw) 15 Watt,each,300,https://chaldal.com/lights
Transtec Bright CDL Led Bulb (Screw) 15 Watt,each,300,https://chaldal.com/lights
Transtec Green WW LED Bulb (Screw) 15 Watt,,400,https://chaldal.com/lights
Transtec Green CDL LED Bulb (Pin) 15 Watt,,400,https://chaldal.com/lights
Super Star LED Light White 18 W (Screw),each,525,https://chaldal.com/lights
Super Star LED Light White 15 W (Pin),each,440,https://chaldal.com/lights
Super Star LED Light White 18 W (Pin),each,525,https://chaldal.com/lights
Weidasi Multifunction Electric Mosquito Swatter With Led Light And Charger (Orange),each,719,https://chaldal.com/mosquito-swatter
Black Hit Anti Mosquito Swatter Racquet,each,650,https://chaldal.com/mosquito-swatter
Yage Electronic Mosquito Swatter (White & Blue),each,799,https://chaldal.com/mosquito-swatter
Vision Electronic Iron Multi-Color (VIS-DEI-011),each,1400,https://chaldal.com/electronics
Vision Electric Heavy Iron (VIS-DEI-012),each,1350,https://chaldal.com/electronics
Vision Room Comforter Wall Mount,each,5900,https://chaldal.com/electronics
Vision Room Heater Fire with Smooth Moving System,each,3600,https://chaldal.com/electronics
Icon In-Ear Earphone 5D Sound Effects White (IEP-105),each,200,https://chaldal.com/electronics
"Icon Power Bank 10,000 mAh Fabric Ash (IPB-100)",each,1075,https://chaldal.com/electronics
Icon Genuine Earphone Type - C White (IEP-201),each,269,https://chaldal.com/electronics
RFL Click Room Heater (Black),each,1750,https://chaldal.com/electronics
Jackly Hardware Tools,each,249,https://chaldal.com/tools-hardware
Quality Clipper Nail Cutter,each,122,https://chaldal.com/tools-hardware
Stainless Steel Windbreak Clip,20 pcs,155,https://chaldal.com/tools-hardware
Portable Digital Weight Scale,,439,https://chaldal.com/tools-hardware
Glue Gun Stick 11 inch White,5 pcs,100,https://chaldal.com/tools-hardware
Can & Bottle Opener,each,269,https://chaldal.com/tools-hardware
Cutting Pliers (Red & Black),each,426,https://chaldal.com/tools-hardware
Feather Paint Brush,each,139,https://chaldal.com/tools-hardware
Nail Cutter,each,199,https://chaldal.com/tools-hardware
Mobaj Premium 7 Levers Lock,each,899,https://chaldal.com/tools-hardware
Stainless Steel Rice Spoon,each,197,https://chaldal.com/tools-hardware
RFL Super Hero Tiffin Box,each,100,https://chaldal.com/box-container
RFL Winner Tiffin Box Rectangular,each,150,https://chaldal.com/box-container
RFL Cherry Container Trans Set,3 pcs,310,https://chaldal.com/box-container
RFL Classic Round Container Trans Set,5 pcs,190,https://chaldal.com/box-container
Npoly Round Food Box,3 pcs,255,https://chaldal.com/box-container
Npoly Printed Container (Tr Pink) 15 ltr,each,270,https://chaldal.com/box-container
Npoly Printed Container (Tr Pink) 10 ltr,each,195,https://chaldal.com/box-container
Malik Seeds Mishti Kumra Beej (Rongila),each,60,https://chaldal.com/gardening
Malik Seeds Lau Beej (Pallabi),each,60,https://chaldal.com/gardening
Malik Seeds Chichinga Beej (Asha),each,60,https://chaldal.com/gardening
Malik Seeds Jhinga Beej (Raman),each,60,https://chaldal.com/gardening
Malik Seeds Begun Beej (Pritam),each,60,https://chaldal.com/gardening
Malik Seeds Begun Beej (Lalita),each,60,https://chaldal.com/gardening
Malik Seeds Tok Tomato Beej (Sour Round),each,60,https://chaldal.com/gardening
RFL RTG Flower Tub Small (Sandal Wood),each,99,https://chaldal.com/gardening
RFL RTG Flower Tub Big (Sandal Wood),each,200,https://chaldal.com/gardening
RFL RTG Flower Tub Big (Tulip Green),each,200,https://chaldal.com/gardening
RFL TEL Square Flower Tub (Sandal Wood) 12 inch,each,260,https://chaldal.com/gardening
RFL TEL Square Flower Tub (Rose Wood) 12 inch,each,260,https://chaldal.com/gardening
RFL TEL Flower Tub With Tray (Fanta Orange) 14 inch,each,180,https://chaldal.com/gardening
RFL TEL Hanging Flower Tub Small (Red) 6 inch,each,60,https://chaldal.com/gardening
RFL TEL Hanging Flower Tub Small (Brown) 6 inch,each,60,https://chaldal.com/gardening
RFL TEL Modern Flower Tub With Tray (Rose Wood) 8 inch,each,80,https://chaldal.com/gardening
RFL TEL Modern Flower Tub With Tray (Rose Wood) 6 inch,each,50,https://chaldal.com/gardening
RFL TEL Modern Flower Tub With Tray (Brown) 6 inch,each,50,https://chaldal.com/gardening
RFL Grill Mounted Flower Tub (Orange) 6 inch,each,62,https://chaldal.com/gardening
RFL Grill Mounted Flower Tub (Lime Green) 6 inch,each,62,https://chaldal.com/gardening
RFL English Dish Rack Red,each,670,https://chaldal.com/rack-organizer
RFL Smart Kitchen Rack Mini Two Color,each,480,https://chaldal.com/rack-organizer
RFL Flower Cloth Clip Set,12 pcs,150,https://chaldal.com/rack-organizer
RFL Heavy Rehal Red,each,200,https://chaldal.com/rack-organizer
RFL Roman Wall Rack (Light Blue),each,330,https://chaldal.com/rack-organizer
RFL Wall Hanger 10 Hooks (SM Blue),each,120,https://chaldal.com/rack-organizer
RFL Standard Mini Rack (Red & White),each,220,https://chaldal.com/rack-organizer
RFL Mini Rack (SM Blue),each,260,https://chaldal.com/rack-organizer
RFL Shoe Rack 4 Step (Red),each,550,https://chaldal.com/rack-organizer
Npoly Round Cloth Hanger (Red),each,200,https://chaldal.com/rack-organizer
"Steel Wire (22""x6"") Wall 6 Hook Hanger (China)",each,299,https://chaldal.com/rack-organizer
Areca Leaf Square Bowl,6 pcs,105,https://chaldal.com/disposables
One Time Plastic Fork Spoon,100 pcs,239,https://chaldal.com/disposables
Areca Leaf Lunch Container,6 pcs,155,https://chaldal.com/disposables
Areca Leaf Heart Shape Plate,6 pcs,185,https://chaldal.com/disposables
Areca Leaf Food Container with Lid,6 pcs,185,https://chaldal.com/disposables
One Time Plastic Spoon,100 pcs,189,https://chaldal.com/disposables
One Time Plastic Glass,100 pcs,249,https://chaldal.com/disposables
One Time Packaging Tray,100 pcs,299,https://chaldal.com/disposables
Shankar Umbrella With Box Black Colour (10 Spoke),each,449,https://chaldal.com/fashion-lifestyle
Savlon Travel Pouch,each,450,https://chaldal.com/fashion-lifestyle
Fabric Lagbe Cotton Lungi (JL-01),each,850,https://chaldal.com/fashion-lifestyle
LT3 Livingtex Men's Boxer XL 3 pcs,each,490,https://chaldal.com/fashion-lifestyle
LT1 Livingtex Men's Boxer M 3 pcs,each,650,https://chaldal.com/fashion-lifestyle
Moon Umbrella Blue Color,each,550,https://chaldal.com/fashion-lifestyle
Men's Black Sock 1 Pair,,120,https://chaldal.com/fashion-lifestyle
"Farlin Baby Comfortable Cot Sheet (24""X36"")",each,558,https://chaldal.com/fashion-lifestyle
Kinder Comfy Fit Pants Diaper M (6-12 kg),5 pcs,129,https://chaldal.com/small-2
Good Care Baby Diaper 3 M Midi (4-9 kg),40 pcs,1170,https://chaldal.com/small-2
Avonee Baby Diaper Pants S (4-8 kg),5 pcs,119,https://chaldal.com/small-2
Comfort Baby Diaper Pant M (7-12 kg),40 pcs,639,https://chaldal.com/small-2
Comfort Baby Diaper Pant S (3-8 kg),42 pcs,699,https://chaldal.com/small-2
NeoCare Premium Baby Diaper Belt L (7-18 kg),50 pcs,1339,https://chaldal.com/small-2
NeoCare Premium Baby Diaper Belt S (3-6 kg),50 pcs,939,https://chaldal.com/small-2
Fresh Happy Nappy Pant Diaper S (4-8 kg),42 pcs,779,https://chaldal.com/small-2
Fresh Happy Nappy Pant Diaper S (4-8 kg),5 pcs,119,https://chaldal.com/small-2
Savlon Twinkle Baby Pant Diaper M 6-12 kg,40 pcs,869,https://chaldal.com/small-2
Savlon Twinkle Baby Pant Diaper S 8 kg,42 pcs,829,https://chaldal.com/small-2
Kidz Baby Diaper Belt New Born (0-4 kg),25 pcs,799,https://chaldal.com/small-2
Supermom Baby Diaper Belt S (3- 8 kg),5 pcs,139,https://chaldal.com/small-2
Standard Horlicks Health And Nutrition Drink Jar,250 gm,280,https://chaldal.com/milk-juice-drinks
Pran Mango Flavored Milk (Pouch),150 ml,25,https://chaldal.com/milk-juice-drinks
Pran Chocolate Flavored Milk (Pouch),150 ml,25,https://chaldal.com/milk-juice-drinks
Complan Chocolate Pack,350 gm,405,https://chaldal.com/milk-juice-drinks
Horlicks Chocolate Flavour Jar,500 gm,550,https://chaldal.com/milk-juice-drinks
Junior Horlicks Health And Nutrition Drink Container Stage-2,500 gm,550,https://chaldal.com/milk-juice-drinks
Standard Horlicks Health And Nutrition Drink Jar,500 gm,500,https://chaldal.com/milk-juice-drinks
Ovaltine Power 10 Chocolate Drink Jar,400 gm,1000,https://chaldal.com/milk-juice-drinks
Eldomilk 2+ Growing Up Milk Powder (2-3 Years),350 gm,495,https://chaldal.com/milk-juice-drinks
PediaSure Vanilla Delight,1 kg,3385,https://chaldal.com/milk-juice-drinks
Biomil 3 Follow Up Formula Milk Powder (1-2 Y),350 gm,645,https://chaldal.com/milk-juice-drinks
Biomil 2 Milk Powder (6-12 months),350 gm,645,https://chaldal.com/milk-juice-drinks
Biomil 1 Milk Powder (0-6 months),350 gm,625,https://chaldal.com/milk-juice-drinks
Nestle Cerelac 1 Wheat & Three Fruits (6 M+),350 gm,420,https://chaldal.com/toddler-food
Nestlé Cerelac Wheat & 4 Fruits With Milk Tin (10-24 Months),400 gm,720,https://chaldal.com/toddler-food
Baby Meal Wheat & 3 Fruits Cereal Jar (6 -12 Month),400 gm,410,https://chaldal.com/toddler-food
Similac Infant Formula 2 (After 6 Months),400 gm,1099,https://chaldal.com/toddler-food
Nestle Cerelac Honey & Wheat (12 M+),400 gm,989,https://chaldal.com/toddler-food
Heinz Pumpkin & Potato + Beef (4 months+),110 gm,350,https://chaldal.com/toddler-food
Gerber MultiGrain Cereal,227 gm,1230,https://chaldal.com/toddler-food
Gerber Whole Wheat Cereal,227 gm,750,https://chaldal.com/toddler-food
Nestle Cerelac Rice & Milk (6 months +) Tin,400 gm,1249,https://chaldal.com/toddler-food
Nestle Cerelac Mixed Fruits & Wheat With Milk (7 M+),1 kg,2699,https://chaldal.com/toddler-food
Nestle Cerelac Honey & Wheat With Milk (12 months +) Tin,1 kg,2799,https://chaldal.com/toddler-food
Cow & Gate Growing Up Milk 4 (From 2-3 Years),800 gm,4000,https://chaldal.com/toddler-food
Baby Meal Milk Wheat & 3 Fruits Cereal (6-24 M),350 gm,410,https://chaldal.com/toddler-food
Biomil 3 Follow-Up Milk Formula Powder (1-2 Y),400 gm,830,https://chaldal.com/toddler-food
Mother's Smile Cereal Rice & Milk Tin,400 gm,620,https://chaldal.com/toddler-food
Heinz Apple Pureed (4 Months+),110 gm,350,https://chaldal.com/toddler-food
Nestle Cerelac 2 Apple & Cherry Baby Food (8 M+),350 gm,450,https://chaldal.com/toddler-food
PediaSure Vanilla Delight,1 kg,3385,https://chaldal.com/toddler-food
Nestle Cerelac 1 Wheat & Milk (6 M+),350 gm,400,https://chaldal.com/toddler-food
Nestle NAN 1 OPTIPRO Formula (0 to 6 months) Tin (UAE),800 gm,4099,https://chaldal.com/formula
Nestle Lactogen 4 Infant Formula Milk Powder (2-5 Y),350 gm,620,https://chaldal.com/formula
Nestle Cerelac 1 Wheat & Three Fruits (6 M+),350 gm,420,https://chaldal.com/formula
Nestle Nan Optipro 2 Formula Milk Powder (6 M+),800 gm,2375,https://chaldal.com/formula
Nestle Nan Optipro 1 Formula Milk Powder (0-6 M),800 gm,2375,https://chaldal.com/formula
Nestle Nan Optipro 2 Formula Milk Powder (6 M+),350 gm,920,https://chaldal.com/formula
Eldobaby 3 Follow Up Formula Jar (1-2 Years),350 gm,515,https://chaldal.com/formula
Nestle NAN 2 OPTIPRO Formula 6-12 months Tin (UAE),800 gm,3999,https://chaldal.com/formula
Similac Infant Formula 2 (After 6 Months),400 gm,1099,https://chaldal.com/formula
Eldobaby 3 Follow Up Formula (1-2 Years),350 gm,650,https://chaldal.com/formula
Cow & Gate Growing Up Milk 4 (From 2-3 Years),800 gm,4000,https://chaldal.com/formula
Eldomilk 2+ Growing Up Milk Powder (2-3 Years),350 gm,495,https://chaldal.com/formula
Biomil 3 Follow-Up Milk Formula Powder (1-2 Y),400 gm,830,https://chaldal.com/formula
Biomil 2 Milk (6-12 months) Tin,1 kg,1950,https://chaldal.com/formula
Mother's Smile Prima 1 Milk Tin (0-6 months),400 gm,850,https://chaldal.com/formula
Nestle Lactogen 1 Formula Milk Powder (0-6 M),350 gm,650,https://chaldal.com/formula
Nestle Nan Optipro 1 Formula Milk Powder (0-6 M),400 gm,1100,https://chaldal.com/formula
Nestle Lactogen 1 Formula Milk Powder (0-6 M),400 gm,840,https://chaldal.com/formula
Nestle NAN AL 110 Formula Milk Powder (0-6 M+),400 gm,1450,https://chaldal.com/formula
Biomil 3 Follow Up Formula Milk Powder (1-2 Y),350 gm,645,https://chaldal.com/formula
Biomil 2 Milk Powder (6-12 months),350 gm,645,https://chaldal.com/formula
Biomil 1 Milk Powder (0-6 months),350 gm,625,https://chaldal.com/formula
Kinder Wet Wipes Jar,160 pcs,240,https://chaldal.com/wipes
Kinder Wet Wipes Jar,120 pcs,200,https://chaldal.com/wipes
Kinder Wet Wipes Pouch,120 pcs,235,https://chaldal.com/wipes
Supermom Premium Mild Baby Wipes,120 pcs,235,https://chaldal.com/wipes
Smart Care Baby Wet Wipes with Fliptop,120 pcs,220,https://chaldal.com/wipes
NeoCare Baby Wipes,180 pcs,260,https://chaldal.com/wipes
Comfort Baby Wet Wipes,120 pcs,185,https://chaldal.com/wipes
ACI Twinkle Baby Wipes Jar,120 pcs,200,https://chaldal.com/wipes
Savlon Baby Wipes Jar,160 pcs,230,https://chaldal.com/wipes
Dr Rhazes Sensitive Baby Wipes,120 pcs,220,https://chaldal.com/wipes
Bashundhara Baby Wipes (Sky Blue),120 pcs,180,https://chaldal.com/wipes
Smartcare Wet Wipes With Tube,160 pcs,220,https://chaldal.com/wipes
Freshmaker Baby Wet Wipes,120 pcs,335,https://chaldal.com/wipes
SMC Smile Baby Wipes,80 pcs,200,https://chaldal.com/wipes
NeoCare Baby Wipes,120 pcs,235,https://chaldal.com/wipes
Savlon Twinkle Baby Wipes,120 pcs,285,https://chaldal.com/wipes
Farlin Herbal Baby Wet Wipes,85 pcs,615,https://chaldal.com/wipes
Farlin Moisture Anti Rash Wet Wipes Pink,85 pcs,615,https://chaldal.com/wipes
Happy Fresh Wet Wipes (Rose),120 pcs,220,https://chaldal.com/wipes
Pozzy Premium Hygienic Baby Wet Towel Wipes,120 pcs,235,https://chaldal.com/wipes
Pepsodent Toothpaste Kids Strawbery,45 gm,90,https://chaldal.com/baby-oral-care
Pepsodent Awesome Orange Toothpaste,45 gm,85,https://chaldal.com/baby-oral-care
Aquafresh Baby Paste (6-8 years),50 ml,325,https://chaldal.com/baby-oral-care
Parachute Just For Baby Toothpaste (Mix Fruit),45 gm,100,https://chaldal.com/baby-oral-care
Farlin Baby Floss Toothpick,50 pcs,229,https://chaldal.com/baby-oral-care
Colgate Baby Strawberry Toothpaste (0-2 years),50 ml,368,https://chaldal.com/baby-oral-care
Meril Baby Toothbrush,each,70,https://chaldal.com/baby-oral-care
Meril Baby Gel Strawberry Toothpaste,45 gm,100,https://chaldal.com/baby-oral-care
Meril Baby Gel Orange Toothpaste,45 gm,100,https://chaldal.com/baby-oral-care
Aquafresh Little Teeth Toothpaste (3-5 Years),50 ml,440,https://chaldal.com/baby-oral-care
Kodomo Baby Toothpaste Strawberry Flavor,40 gm,133,https://chaldal.com/baby-oral-care
Smart Care Ultra Thin Baby Diaper Belt New Born (2-5 kg),25 pcs,850,https://chaldal.com/newborn-essentials
Lion Nipple (S),each,40,https://chaldal.com/newborn-essentials
NeoCare Baby Wipes,120 pcs,235,https://chaldal.com/newborn-essentials
Kidz Baby Diaper Belt New Born (0-4 kg),25 pcs,799,https://chaldal.com/newborn-essentials
Angel Silicon Nipple (0-3 Months),each,55,https://chaldal.com/newborn-essentials
Farlin Herbal Baby Wet Wipes,85 pcs,615,https://chaldal.com/newborn-essentials
Angel Baby Feeding Bottle & Nipple Cleanser,500 ml,501,https://chaldal.com/newborn-essentials
Pur Baby New Born Feeder S,70 ml,350,https://chaldal.com/newborn-essentials
Supermom Baby Diaper Belt S (3- 8 kg),5 pcs,139,https://chaldal.com/newborn-essentials
Farlin Baby Cotton Buds,200 pcs,400,https://chaldal.com/baby-accessories
SmartCare Baby Bottle and Accessories Liquid Wash,500 ml,550,https://chaldal.com/baby-accessories
Pur Going Out Cup (Green) 250 ml,each,529,https://chaldal.com/baby-accessories
Lion Bottle & Nipple Brush (Blue),each,170,https://chaldal.com/baby-accessories
All-Max Maximum Protection 3 layer Medical Mask,50 pcs,400,https://chaldal.com/baby-accessories
Birthday Celebration Balloon,20 pcs,150,https://chaldal.com/baby-accessories
Smartcare Silicon Baby Teether (6+ months),each,175,https://chaldal.com/baby-accessories
Smartcare Silicon Nipple (3+ Months ) M,each,50,https://chaldal.com/baby-accessories
Smartcare Silicon Nipple (6+ months) L,each,50,https://chaldal.com/baby-accessories
Smartcare Baby pacifier Medicine Feeder,10 ml,215,https://chaldal.com/baby-accessories
Smartcare Bottle & Nipple Brush Set,each,265,https://chaldal.com/baby-accessories
Kodomo Baby Bottle Cleanser Refill,700 ml,600,https://chaldal.com/baby-accessories
Farlin Baby Floss Toothpick,50 pcs,229,https://chaldal.com/baby-accessories
Farlin Milk Powder Container Mixed Color 4 layer,,345,https://chaldal.com/baby-accessories
Farlin Baby Hair Comb & Brush Set,each,580,https://chaldal.com/baby-accessories
Farlin Breast Pump Manual,each,472,https://chaldal.com/baby-accessories
"Farlin Baby Comfortable Cot Sheet (24""X36"")",each,558,https://chaldal.com/baby-accessories
Farlin Baby Feeding Bottle & Nipple Cleanser Refill,700 ml,708,https://chaldal.com/baby-accessories
Farlin Baby Clothing Detergent,500 ml,629,https://chaldal.com/baby-accessories
Angel Baby Feeding Bottle & Nipple Cleanser,500 ml,501,https://chaldal.com/baby-accessories
Farlin Baby Feeding Bottle & Nipple Cleanser,700 ml,892,https://chaldal.com/baby-accessories
"Farlin Air-Filled Rubber Cot Sheet (24""X36"")",each,1643,https://chaldal.com/baby-accessories
Angel Breast Pump Normal (BAA-22),each,386,https://chaldal.com/baby-accessories
Angel Feeding Bottle Brush (BR-1F3),each,279,https://chaldal.com/baby-accessories
Pur Baby Feeder & Nipple Brush (R.6104) 1 set,,480,https://chaldal.com/baby-accessories
Pur Baby Brush & Comb (Pink) 1 set,,479,https://chaldal.com/baby-accessories
Pur Baby Manicure Set (Paste),each,362,https://chaldal.com/baby-accessories
Pur Going Out Cup (Pink) 250 ml,each,554,https://chaldal.com/baby-accessories
Pur Baby Plastic Bib (Pink),each,300,https://chaldal.com/baby-accessories
Farlin Glass Feeding Bottle S 120 cc,each,772,https://chaldal.com/feeders
Twinkle PP Baby Feeder,120 ml,150,https://chaldal.com/feeders
Smartcare Spoon Food Feeder,180 ml,530,https://chaldal.com/feeders
SmartCare PP Bottle Feeder L (6+ Months),240 ml,290,https://chaldal.com/feeders
Lion Nipple (S),each,40,https://chaldal.com/feeders
Smartcare Borosilicate Blue Glass Bottle M (3+ Month),120 ml,500,https://chaldal.com/feeders
Smartcare Borosilicate Pink Glass Bottle S (0+ Months),60 ml,460,https://chaldal.com/feeders
Smartcare Spoon Food Feeder,120 ml,430,https://chaldal.com/feeders
Angel Orthodontic Silicone Pacifier (P2A-S) 6M+,each,257,https://chaldal.com/feeders
Farlin Glass Feeding Bottle S 60 cc,each,772,https://chaldal.com/feeders
Angel Silicon Nipple (3-6 Months) M,each,55,https://chaldal.com/feeders
Angel Silicon Nipple (0-3 Months),each,55,https://chaldal.com/feeders
Farlin Milk Powder Container Mixed Color 4 layer,,345,https://chaldal.com/feeders
Farlin Standard Neck Feeding Bottle M 200 cc,each,659,https://chaldal.com/feeders
Angel Baby Feeding Bottle & Nipple Cleanser,300 ml,365,https://chaldal.com/feeders
Angel Drinking Cup (6M+) (DCA-06),200 ml,329,https://chaldal.com/feeders
Pur Baby New Born Feeder S,70 ml,350,https://chaldal.com/feeders
Meril Milk & Beli Soap Bar,100 gm,60,https://chaldal.com/womens-soaps
Radiant Raxoll Antibacterial Soap (Moisture),100 gm,75,https://chaldal.com/womens-soaps
Radiant Raxoll Antibacterial Soap (Moisture),75 gm,60,https://chaldal.com/womens-soaps
Radiant Raxoll Antibacterial Soap (Sport),100 gm,75,https://chaldal.com/womens-soaps
Dettol Soap Neem with Pure Neem Oil Shower Bar,125 gm,89,https://chaldal.com/womens-soaps
Dettol Soap Neem with Pure Neem Oil Shower Bar,75 gm,65,https://chaldal.com/womens-soaps
Dettol Original Germ Defence Soap,100 gm,80,https://chaldal.com/womens-soaps
ACI Savlon Soap Fresh 125 gm,3 pcs,225,https://chaldal.com/womens-soaps
"Dettol Soap Summer Pack (Cool, Fresh & Original) 75 gm",3 pcs,195,https://chaldal.com/womens-soaps
Dettol Soap Fresh Bathing Bar Soap With Odour Protection,125 gm,95,https://chaldal.com/womens-soaps
Dettol Soap Fresh Bathing Bar Soap With Odour Protection,75 gm,65,https://chaldal.com/womens-soaps
Pears Transparent Soap With Lemon Flower Extracts,125 gm,345,https://chaldal.com/womens-soaps
Dettol Soap Bathing Bar Original Germ Defence 125 gm (Combo Pack),2 pcs,190,https://chaldal.com/womens-soaps
ACI Neem Original (Olive & Aloe Vera) Soap,75 gm,45,https://chaldal.com/womens-soaps
ACI Savlon Mild Antiseptic Soap,125 gm,80,https://chaldal.com/womens-soaps
ACI Savlon Mild Antiseptic Soap,100 gm,70,https://chaldal.com/womens-soaps
Lifebuoy Soap Bar Care,150 gm,80,https://chaldal.com/womens-soaps
Lux Soap Bar Bright Glow,150 gm,90,https://chaldal.com/womens-soaps
Lux Soap Bar Flawless Glow,150 gm,90,https://chaldal.com/womens-soaps
Lux Soap Bar Flawless Glow,90 gm,60,https://chaldal.com/womens-soaps
Sandalina Sandal & Moisturiser Soap,100 gm,60,https://chaldal.com/womens-soaps
Lux Soap Bar Flawless Glow,25 gm,15,https://chaldal.com/womens-soaps
Sandalina Sandal & Rose Soap,150 gm,90,https://chaldal.com/womens-soaps
Lux Soap Bar Flawless Glow 90 gm,2 pcs,110,https://chaldal.com/womens-soaps
Lifebuoy Soap Bar Mild Care 100 gm,2 pcs,94,https://chaldal.com/womens-soaps
Akij Health + Original Soap,100 gm,60,https://chaldal.com/womens-soaps
Lux Jasmine Soap Bar Bright Glow,75 gm,50,https://chaldal.com/womens-soaps
Dettol Soap Original Germ Defence Bathing Bar,50 gm,40,https://chaldal.com/womens-soaps
Dettol Fresh Soap 125 gm (25 gm Extra),150 gm,90,https://chaldal.com/womens-soaps
Dettol Cool Soap 125 gm (25 gm Extra),150 gm,90,https://chaldal.com/womens-soaps
Dettol Skincare With Moisturizers Soap,100 gm,75,https://chaldal.com/womens-soaps
Dettol Aloe Vera Shower Bar,100 gm,80,https://chaldal.com/womens-soaps
ACI Savlon Soap Fresh 100 gm,3 pcs,210,https://chaldal.com/womens-soaps
ACI Savlon Soap Mild 100 gm,3 pcs,210,https://chaldal.com/womens-soaps
ACI Savlon Soap Mild 125 gm,3 pcs,225,https://chaldal.com/womens-soaps
Boroplus Neem Antibacterial Moisturising Soap 100 gm,3 pcs,210,https://chaldal.com/womens-soaps
Meril Milk & Kiwi Soap Bar,150 gm,80,https://chaldal.com/womens-soaps
Meril Milk & Beli Soap Bar,150 gm,90,https://chaldal.com/womens-soaps
Himalaya Neem & Turmeric Soap,75 gm,50,https://chaldal.com/womens-soaps
Godrej No.1 Jasmine Soap,75 gm,40,https://chaldal.com/womens-soaps
Godrej No.1 Lime Soap,75 gm,40,https://chaldal.com/womens-soaps
Ribana Saffron Goat's Milk Soap,110 gm,950,https://chaldal.com/womens-soaps
Dr Davey Black Soap,100 gm,189,https://chaldal.com/womens-soaps
Godrej No.1 Sandal Soap,100 gm,55,https://chaldal.com/womens-soaps
Himalaya Neem & Turmeric Soap 125 gm (Buy 3 Get 1 Free),4 pcs,240,https://chaldal.com/womens-soaps
Lux Soap Bar Velvet Glow,75 gm,50,https://chaldal.com/womens-soaps
Lux Soap Bar Bright Glow,90 gm,60,https://chaldal.com/womens-soaps
Lux Soap Bar Soft Glow,150 gm,90,https://chaldal.com/womens-soaps
Dettol Bathing Soap Bar Skincare 125 gm (Combo Pack),4 pcs,380,https://chaldal.com/womens-soaps
Dettol Soap Bathing Bar Original Germ Defence 125 gm (Combo Pack),4 pcs,380,https://chaldal.com/womens-soaps
Nihar Naturals Shanti Badam Amla Hair Oil,175 ml,175,https://chaldal.com/hair-care
Gondhraj Perfume Hair Oil,350 ml,320,https://chaldal.com/hair-care
Well's Almond Oil,70 ml,299,https://chaldal.com/hair-care
Parachute Advansed Beliphool Coconut Hair Oil,300 ml,310,https://chaldal.com/hair-care
Well's Castor Oil,70 ml,500,https://chaldal.com/hair-care
Parachute Coconut Oil (Extra 15 ml),175 ml,200,https://chaldal.com/hair-care
Parachute Coconut Oil,95 ml,110,https://chaldal.com/hair-care
Parachute Coconut Oil,500 ml,450,https://chaldal.com/hair-care
Jui Coconut Oil,200 ml,200,https://chaldal.com/hair-care
Ujjwala Care Anti Hairfall Herbal Shampoo,200 ml,320,https://chaldal.com/hair-care
Ujjwala Care Anti Hairfall Herbal Hair Oil,100 ml,200,https://chaldal.com/hair-care
Ujjwala Care Anti Hairfall Herbal Shampoo,350 ml,480,https://chaldal.com/hair-care
Natura Grow Hair Oil,200 ml,230,https://chaldal.com/hair-care
Dove Shampoo Intense Repair,450 ml,580,https://chaldal.com/hair-care
Parachute Naturale Shampoo Advanced Hair Fall Control,320 ml,265,https://chaldal.com/hair-care
Farmer's Gold Sweet Pumpkin Seed Oil,30 ml,450,https://chaldal.com/hair-care
Parachute Advansed Onion Enriched Coconut Hair Growth Oil,200 ml,215,https://chaldal.com/hair-care
B. Tech Expert Pure Herbal Hair Care Oil (Gold),200 ml,210,https://chaldal.com/hair-care
Farmer's Gold Onion Oil,30 ml,250,https://chaldal.com/hair-care
Farmer's Gold Neem Oil,100 ml,255,https://chaldal.com/hair-care
Dabur Amla Hair Oil (Extra 50 ml ),400 ml,440,https://chaldal.com/hair-care
Himalaya Anti Hair Fall Shampoo,180 ml,270,https://chaldal.com/hair-care
Sesa Herbal Hair Oil,100 ml,250,https://chaldal.com/hair-care
Ceylon Organic Extra Virgin Coconut Oil,200 ml,600,https://chaldal.com/hair-care
Agrilife Extra Virgin Coconut Oil,450 ml,1089,https://chaldal.com/hair-care
Dabur Amla Hair Oil,300 ml,290,https://chaldal.com/hair-care
Indulekha Bringha Ayurvedic Hair Oil,50 ml,549,https://chaldal.com/hair-care
My Organic BD Shikakai Powder,100 gm,85,https://chaldal.com/hair-care
Herbal Essences White Strawberry & Sweet Mint Shampoo,400 ml,1800,https://chaldal.com/hair-care
Dabur Amla Hair Oil,100 ml,110,https://chaldal.com/hair-care
Kumarika Spilt & Control Hair Oil,200 ml,200,https://chaldal.com/hair-care
Kumarika Anti Dandruff Control Hair Oil,200 ml,240,https://chaldal.com/hair-care
Parachute Advansed Coconut Hair Oil,275 ml,210,https://chaldal.com/hair-care
Emami 7 Oils In One Non Sticky Hair Oil,300 ml,380,https://chaldal.com/hair-care
Bigen Hair Color & Conditioner (Light Brown),80 gm,750,https://chaldal.com/hair-care
Bigen Hair Color & Conditioner (Natural Brown),80 gm,700,https://chaldal.com/hair-care
Bigen Hair Color & Conditioner (Dark Brown),80 gm,700,https://chaldal.com/hair-care
Bigen Hair Color & Conditioner (Natural Black),80 gm,700,https://chaldal.com/hair-care
Jui Coconut Oil Can,350 ml,340,https://chaldal.com/hair-care
Ceylon Organic Extra Virgin Coconut Oil,500 ml,1590,https://chaldal.com/hair-care
Naturel Organic Extra Virgin Coconut Oil,500 ml,1525,https://chaldal.com/hair-care
Disposable Head Cover,100 pcs,489,https://chaldal.com/hair-care
Dabur Vatika Enriched Coconut Hair Oil,150 ml,210,https://chaldal.com/hair-care
Dabur Methi Amla Hair Oil,200 ml,170,https://chaldal.com/hair-care
Parachute Advansed Beliphool Coconut Hair Oil,400 ml,410,https://chaldal.com/hair-care
Parachute Advansed Beliphool Coconut Hair Oil,200 ml,220,https://chaldal.com/hair-care
Bajaj Cool Almond Drops,95 ml,150,https://chaldal.com/hair-care
Sesa Herbal Hair Oil,200 ml,490,https://chaldal.com/hair-care
Emami 7 Oils In One Pumpkin Plus Hair Oil,200 ml,280,https://chaldal.com/hair-care
Clear Shampoo Anti Hairfall Anti Dandruff,330 ml,400,https://chaldal.com/hair-care
Head & Shoulders Smooth & Silky Anti Dandruff Shampoo,1 ltr,2799,https://chaldal.com/female-shampoo
Dove Shampoo Hair Fall Rescue,330 ml,440,https://chaldal.com/female-shampoo
Parachute Naturale Nourishing Care Shampoo (5.25 ml X 12 pcs),63 ml,24,https://chaldal.com/female-shampoo
Sunsilk Shampoo Stunning Black Shine,340 ml,350,https://chaldal.com/female-shampoo
Sunsilk Shampoo Stunning Black Shine,170 ml,180,https://chaldal.com/female-shampoo
Ujjwala Care Anti Hairfall Herbal Shampoo,200 ml,320,https://chaldal.com/female-shampoo
Ujjwala Care Anti Hairfall Herbal Shampoo,350 ml,480,https://chaldal.com/female-shampoo
Sunsilk Shampoo Stunning Black Shine,450 ml,550,https://chaldal.com/female-shampoo
Meril Tangerine Orange Shampoo,250 ml,300,https://chaldal.com/female-shampoo
Parachute Naturale Advanced Hair Fall Control Shampoo (Onion & Coconut Milk),175 ml,150,https://chaldal.com/female-shampoo
Sunsilk Lusciously Thick & Long Shampoo (Free Scalp Massager),650 ml,700,https://chaldal.com/female-shampoo
Herbal Essences White Strawberry & Sweet Mint Conditioner,400 ml,775,https://chaldal.com/female-shampoo
Herbal Essences Strength Whipped Cocoa Butter Conditioner,400 ml,775,https://chaldal.com/female-shampoo
Pantene Advanced Hair Fall Solution Anti-Dandruff Shampoo,180 ml,530,https://chaldal.com/female-shampoo
Head & Shoulders Cool Menthol Anti Dandruff Shampoo,1 ltr,1800,https://chaldal.com/female-shampoo
Pantene Hairfall Control Shampoo,340 ml,950,https://chaldal.com/female-shampoo
Head & Shoulders Smooth & Silky Anti Dandruff Shampoo,340 ml,990,https://chaldal.com/female-shampoo
Head & Shoulders 2 in 1 Cool Menthol Anti Dandruff Shampoo + Conditioner,340 ml,1200,https://chaldal.com/female-shampoo
Head & Shoulders 2 in 1 Smooth & Silky Shampoo + Conditioner,180 ml,650,https://chaldal.com/female-shampoo
Tresemmé Shampoo Color Revitalise,580 ml,850,https://chaldal.com/female-shampoo
Tresemmé Shampoo Keratin Smooth,340 ml,550,https://chaldal.com/female-shampoo
Herbal Essences White Strawberry & Sweet Mint Shampoo,400 ml,1800,https://chaldal.com/female-shampoo
Head & Shoulders Neem Anti Dandruff Shampoo,180 ml,650,https://chaldal.com/female-shampoo
Parachute Naturale Shampoo Hijab Fresh,340 ml,390,https://chaldal.com/female-shampoo
Sunsilk Shampoo Volume,375 ml,420,https://chaldal.com/female-shampoo
Parachute Naturale Anti Hair Fall Shampoo,160 ml,140,https://chaldal.com/female-shampoo
Parachute Naturale Damage Repair Shampoo,160 ml,140,https://chaldal.com/female-shampoo
Parachute Naturale Nourishing Care Shampoo,160 ml,140,https://chaldal.com/female-shampoo
Parachute Naturale Anti Hair Fall Shampoo,320 ml,265,https://chaldal.com/female-shampoo
Parachute Naturale Damage Repair Shampoo,320 ml,265,https://chaldal.com/female-shampoo
Parachute Naturale Nourishing Care Shampoo,320 ml,265,https://chaldal.com/female-shampoo
Head & Shoulders Cool Menthol Anti Dandruff Shampoo,340 ml,990,https://chaldal.com/female-shampoo
Head & Shoulders Anti Hairfall Anti Dandruff Shampoo,340 ml,990,https://chaldal.com/female-shampoo
Dove Shampoo Healthy Grow,330 ml,470,https://chaldal.com/female-shampoo
Dove Shampoo Healthy Grow,170 ml,200,https://chaldal.com/female-shampoo
Sunsilk Shampoo Lusciously Thick & Long,650 ml,700,https://chaldal.com/female-shampoo
Tresemmé Shampoo Hair Fall Defense,580 ml,850,https://chaldal.com/female-shampoo
Sunsilk Shampoo Hijab Recharge,330 ml,420,https://chaldal.com/female-shampoo
Biotique Natural Black & Shine Shampoo 12 pcs,3 ml,12,https://chaldal.com/female-shampoo
Sunsilk Shampoo Hair Fall Solution,170 ml,180,https://chaldal.com/female-shampoo
Tresemmé Shampoo Keratin Smooth,185 ml,350,https://chaldal.com/female-shampoo
Select Plus Ketoconazole Shampoo,75 ml,200,https://chaldal.com/female-shampoo
Tresemmé Shampoo Keratin Smooth,580 ml,850,https://chaldal.com/female-shampoo
Sunsilk Shampoo Lusciously Thick & Long,170 ml,180,https://chaldal.com/female-shampoo
Dove Shampoo Hairfall Rescue,650 ml,740,https://chaldal.com/female-shampoo
Sunsilk Shampoo Hair Fall Solution,340 ml,350,https://chaldal.com/female-shampoo
Veet Pure Hair Removal Cream (Free Dettol Original Soap 75 gm),100 gm,350,https://chaldal.com/feminine-care
GSN1 Grace Wings Sanitary Napkin Regular Flow (Panty) 5 pads,,65,https://chaldal.com/feminine-care
QSN4 Queen Sanitary Napkin Panty Liner,25 pcs,245,https://chaldal.com/feminine-care
VSN1 Venus Premium Sanitary Napkin (Panty),8 pcs,250,https://chaldal.com/feminine-care
QSN2 Queen Plus Sanitary Napkin (Panty),10 pcs,150,https://chaldal.com/feminine-care
Veet Pure Hair Removal Cream Normal Skin With Organic Aloe Vera & Rose Extracts,25 gm,110,https://chaldal.com/feminine-care
Veet Pure Hair Removal Cream Normal Skin With Organic Aloe Vera & Rose Extracts,100 gm,350,https://chaldal.com/feminine-care
Veet Pure Hair Removal Cream Sensitive Skin With Aloe Vera Extract,25 gm,110,https://chaldal.com/feminine-care
C17 Fresh Anonna Sanitary Napkin Belt system 15 pads,,110,https://chaldal.com/feminine-care
AF2  SMC Joya All Night Wings,8 pcs,120,https://chaldal.com/feminine-care
Intimia Ultra Thin Peaceful Night XL Sanitary Napkin,6 pcs,200,https://chaldal.com/feminine-care
Veet Expert All-in-One Women's Trimmer,,3200,https://chaldal.com/feminine-care
Veet Pure Hair Removal Cream With Organic Aelo Vera and Rose Extract,50 gm,200,https://chaldal.com/feminine-care
Sirona Oxo-Biodegradable Tampon & Condom Disposal Bag,50 pcs,350,https://chaldal.com/feminine-care
SS3 Shokhi Sanitary Napkin (Panty),8 pcs,70,https://chaldal.com/feminine-care
SS1 Shokhi Sanitary Napkin (Belt),8 pcs,60,https://chaldal.com/feminine-care
SS2 Shokhi Sanitary Napkin (Belt),15 pcs,110,https://chaldal.com/feminine-care
SS4 Shokhi Sanitary Napkin (Panty),15 pcs,120,https://chaldal.com/feminine-care
Freedom Hair Removal Cream,25 gm,100,https://chaldal.com/feminine-care
T3 Whisper Ultra Softs Air Fresh Sanitary Napkin XL+,7 pcs,160,https://chaldal.com/feminine-care
T5 Whisper Ultra Softs Air Fresh Sanitary Napkins XL+,15 pcs,360,https://chaldal.com/feminine-care
VWash Intimate Hygiene Wash,100 ml,527,https://chaldal.com/feminine-care
L17 Laurier Panty liner Cleanfresh Non Perfumed,20 pcs,170,https://chaldal.com/feminine-care
Beauty Formulas Aloe Vera Wax Strips,36 pcs,189,https://chaldal.com/feminine-care
L11 Laurier Healthy Skin Wing Sanitary Napkin14 pcs,,350,https://chaldal.com/feminine-care
Beauty Formulas Vitamin E Wax Strips,20 pcs,680,https://chaldal.com/feminine-care
AF3  SMC Joya Sanitary Napkin (Belt),8 pcs,60,https://chaldal.com/feminine-care
C3 Senora Sanitary Napkin Regular Flow (Belt),10 pcs,100,https://chaldal.com/feminine-care
C5 Senora Sanitary Napkin (Belt),15 pcs,130,https://chaldal.com/feminine-care
C9 Senora Confidence Regular Flow (Panty System),10 pcs,120,https://chaldal.com/feminine-care
Veet Hair Removal Cream Normal Skin With Lotus Milk,50 gm,200,https://chaldal.com/feminine-care
A5 Freedom Panty System Sanitary Napkin 10 pads,,100,https://chaldal.com/feminine-care
Layer'r Wottagirl Secret Crush Body Spray,135 ml,595,https://chaldal.com/female-deo
Layer'r Shot Red Stallion Body Spray,135 ml,595,https://chaldal.com/female-deo
Layer'r Shot Power Play Body Spray,135 ml,595,https://chaldal.com/female-deo
Colour Me Women's Body Spray Pink,150 ml,775,https://chaldal.com/female-deo
Lafz Premium Body Spray Dariush,120 ml,390,https://chaldal.com/female-deo
Fa Roll On Aqua Auatic Fresh,50 ml,289,https://chaldal.com/female-deo
Fa Roll On Sport,50 ml,279,https://chaldal.com/female-deo
Fa Roll On Caribbean Lemon,50 ml,299,https://chaldal.com/female-deo
CA Active Women Body Spray,200 ml,680,https://chaldal.com/female-deo
Lafz Ibadet Body Spray,90 ml,300,https://chaldal.com/female-deo
Lafz Gul Wissal Body Spray,100 ml,294,https://chaldal.com/female-deo
Enchanteur Pocket Perfume Romantic,18 ml,350,https://chaldal.com/female-deo
Enchanteur Pocket Perfume Charming,18 ml,300,https://chaldal.com/female-deo
Enchanteur Perfumed Deo Roll On Alluring,50 ml,500,https://chaldal.com/female-deo
Royal Mirage Sport Perfume,120 ml,1750,https://chaldal.com/female-deo
Royal Mirage Sport Body Spray,150 ml,620,https://chaldal.com/female-deo
Eternal Love Xlouis Women Body Spray,200 ml,780,https://chaldal.com/female-deo
Layer'r Wottagirl Pure Paradise Body Spray,135 ml,545,https://chaldal.com/female-deo
Layer'r Wottagirl Pink Angel Body Spray,135 ml,595,https://chaldal.com/female-deo
Ossum Body Spray Teaser,120 ml,550,https://chaldal.com/female-deo
Ossum Body Spray Desire,120 ml,550,https://chaldal.com/female-deo
Ossum Body Spray Cherish,120 ml,550,https://chaldal.com/female-deo
Ossum Body Spray Appeal,120 ml,550,https://chaldal.com/female-deo
Ossum Body Mist Pleasere,115 ml,580,https://chaldal.com/female-deo
Ossum Body Mist Blossom,115 ml,670,https://chaldal.com/female-deo
Enchanteur Perfumed Deo Spary Gorgeous,150 ml,400,https://chaldal.com/female-deo
Enchanteur Perfumed Deo Spary Charming,150 ml,400,https://chaldal.com/female-deo
Colour Me Perfume Volt,50 ml,625,https://chaldal.com/female-deo
Ossum Perfumed Body Mist Delight,115 ml,750,https://chaldal.com/female-deo
Ossum Perfumed Body Mist Romance,115 ml,750,https://chaldal.com/female-deo
Fogg Scent Women (I Am Queen),100 ml,900,https://chaldal.com/female-deo
Layer'r Wattagirl Fresh Citrus Body Spray,135 ml,699,https://chaldal.com/female-deo
Nivea Female Roll On Fresh Natural Deodorant,50 ml,240,https://chaldal.com/female-deo
Enchanteur Perfumed Deo Spary Romantic,150 ml,450,https://chaldal.com/female-deo
Enchanteur Perfumed Deo Roll On Romantic,50 ml,319,https://chaldal.com/female-deo
Go Fresh pocket Perfume Red Hot Fragrance,17 ml,130,https://chaldal.com/womens-perfume
Go Fresh Pocket Perfume Miracle Fragrance,17 ml,130,https://chaldal.com/womens-perfume
Go Fresh Pocket Perfume player Fragrance,17 ml,130,https://chaldal.com/womens-perfume
Go Fresh Pocket Perfume Wild Game Fragrance,17 ml,130,https://chaldal.com/womens-perfume
Go Fresh Pocket Perfume Secret Fragrance,17 ml,130,https://chaldal.com/womens-perfume
Layer'r Wottagirl Secret Crush Body Spray,135 ml,595,https://chaldal.com/womens-perfume
Layer'r Shot Red Stallion Body Spray,135 ml,595,https://chaldal.com/womens-perfume
Layer'r Shot Power Play Body Spray,135 ml,595,https://chaldal.com/womens-perfume
Colour Me Women's Body Spray Pink,150 ml,775,https://chaldal.com/womens-perfume
Lafz Premium Body Spray Dariush,120 ml,390,https://chaldal.com/womens-perfume
Fa Roll On Aqua Auatic Fresh,50 ml,289,https://chaldal.com/womens-perfume
Fa Roll On Sport,50 ml,279,https://chaldal.com/womens-perfume
Fa Roll On Caribbean Lemon,50 ml,299,https://chaldal.com/womens-perfume
CA Active Women Body Spray,200 ml,680,https://chaldal.com/womens-perfume
Lafz Ibadet Body Spray,90 ml,300,https://chaldal.com/womens-perfume
Lafz Gul Wissal Body Spray,100 ml,294,https://chaldal.com/womens-perfume
Enchanteur Pocket Perfume Romantic,18 ml,350,https://chaldal.com/womens-perfume
Enchanteur Pocket Perfume Charming,18 ml,300,https://chaldal.com/womens-perfume
Enchanteur Perfumed Deo Roll On Alluring,50 ml,500,https://chaldal.com/womens-perfume
Royal Mirage Sport Perfume,120 ml,1750,https://chaldal.com/womens-perfume
Royal Mirage Sport Body Spray,150 ml,620,https://chaldal.com/womens-perfume
Eternal Love Xlouis Women Body Spray,200 ml,780,https://chaldal.com/womens-perfume
Layer'r Wottagirl Pure Paradise Body Spray,135 ml,545,https://chaldal.com/womens-perfume
Layer'r Wottagirl Pink Angel Body Spray,135 ml,595,https://chaldal.com/womens-perfume
Ossum Body Spray Teaser,120 ml,550,https://chaldal.com/womens-perfume
Ossum Body Spray Desire,120 ml,550,https://chaldal.com/womens-perfume
Ossum Body Spray Cherish,120 ml,550,https://chaldal.com/womens-perfume
Ossum Body Spray Appeal,120 ml,550,https://chaldal.com/womens-perfume
Ossum Body Mist Pleasere,115 ml,580,https://chaldal.com/womens-perfume
Ossum Body Mist Blossom,115 ml,670,https://chaldal.com/womens-perfume
Enchanteur Perfumed Deo Spary Gorgeous,150 ml,400,https://chaldal.com/womens-perfume
Enchanteur Perfumed Deo Spary Charming,150 ml,400,https://chaldal.com/womens-perfume
Colour Me Perfume Volt,50 ml,625,https://chaldal.com/womens-perfume
Ossum Perfumed Body Mist Delight,115 ml,750,https://chaldal.com/womens-perfume
Ossum Perfumed Body Mist Romance,115 ml,750,https://chaldal.com/womens-perfume
Fogg Scent Women (I Am Queen),100 ml,900,https://chaldal.com/womens-perfume
Layer'r Wattagirl Fresh Citrus Body Spray,135 ml,699,https://chaldal.com/womens-perfume
Enchanteur Perfumed Deo Spary Romantic,150 ml,450,https://chaldal.com/womens-perfume
Enchanteur Perfumed Deo Roll On Romantic,50 ml,319,https://chaldal.com/womens-perfume
Comely Shower Gel (Sunshine Garden),350 ml,300,https://chaldal.com/womens-shower-gel
The Dermalix Rose Soothing Shower Gel,250 ml,350,https://chaldal.com/womens-shower-gel
Nivea Female Shower Gel Lemongrass & Oil,250 ml,700,https://chaldal.com/womens-shower-gel
Dettol Lasting Fresh Bodywash,250 ml,225,https://chaldal.com/womens-shower-gel
Dettol Skincare Bodywash,250 ml,225,https://chaldal.com/womens-shower-gel
Lux Body Wash French Rose & Almond Oil,245 ml,220,https://chaldal.com/womens-shower-gel
Dettol Aloe Vera Bodywash,250 ml,225,https://chaldal.com/womens-shower-gel
Dettol Cool Bodywash,250 ml,225,https://chaldal.com/womens-shower-gel
Dettol Skincare Bodywash Refill,170 ml,125,https://chaldal.com/womens-shower-gel
Dettol Lasting Fresh Bodywash Refill,170 ml,125,https://chaldal.com/womens-shower-gel
"Dettol Lasting Fresh Bodywash (Scan, Run & Win)",250 ml,225,https://chaldal.com/womens-shower-gel
YC Beautiful Day Body Shower Gel,400 ml,650,https://chaldal.com/womens-shower-gel
Palmolive Aroma Morning Tonic Shower Gel,250 ml,650,https://chaldal.com/womens-shower-gel
Palmolive Body Wash Luminous Oils,250 ml,650,https://chaldal.com/womens-shower-gel
Dettol Original Bodywash,250 ml,200,https://chaldal.com/womens-shower-gel
Dettol Fresh Antibacterial Bodywash Citrus & Orange Blossom,250 ml,350,https://chaldal.com/womens-shower-gel
Biore Mens Hygienic Energy Shower Gel,250 ml,750,https://chaldal.com/womens-shower-gel
Biore Mens Cool Energy Shower Gel,250 ml,750,https://chaldal.com/womens-shower-gel
St. Ives Sooting Oatmeal & Shea Butters Body Wash,400 ml,1550,https://chaldal.com/womens-shower-gel
St. Ives Fresh Skin Apricot Body Wash,400 ml,850,https://chaldal.com/womens-shower-gel
Lux Body Wash Bright Camellia,500 ml,1250,https://chaldal.com/womens-shower-gel
Lux Body Wash Soft Rose,500 ml,1250,https://chaldal.com/womens-shower-gel
Radiant Raxoll Antibacterial Soap (Moisture),100 gm,75,https://chaldal.com/mens-soaps
Radiant Raxoll Antibacterial Soap (Moisture),75 gm,60,https://chaldal.com/mens-soaps
Radiant Raxoll Antibacterial Soap (Sport),100 gm,75,https://chaldal.com/mens-soaps
Dettol Soap Neem with Pure Neem Oil Shower Bar,125 gm,89,https://chaldal.com/mens-soaps
Dettol Soap Neem with Pure Neem Oil Shower Bar,75 gm,65,https://chaldal.com/mens-soaps
Dettol Original Germ Defence Soap,100 gm,80,https://chaldal.com/mens-soaps
ACI Savlon Soap Fresh 125 gm,3 pcs,225,https://chaldal.com/mens-soaps
Dettol Soap Fresh Bathing Bar Soap With Odour Protection,125 gm,95,https://chaldal.com/mens-soaps
Dettol Soap Fresh Bathing Bar Soap With Odour Protection,75 gm,65,https://chaldal.com/mens-soaps
Dettol Soap Bathing Bar Original Germ Defence 125 gm (Combo Pack),2 pcs,190,https://chaldal.com/mens-soaps
ACI Savlon Men Soap,100 gm,70,https://chaldal.com/mens-soaps
Lifebuoy Soap Bar Total,150 gm,80,https://chaldal.com/mens-soaps
Dettol Bathing Soap Bar Skincare,125 gm,95,https://chaldal.com/mens-soaps
Dettol Skincare Bodywash,250 ml,225,https://chaldal.com/mens-soaps
Lifebuoy Soap Bar Lemon Fresh,90 gm,55,https://chaldal.com/mens-soaps
Lifebuoy Soap Bar Mild Care 100 gm,2 pcs,94,https://chaldal.com/mens-soaps
Akij Health + Original Soap,100 gm,60,https://chaldal.com/mens-soaps
Lux Jasmine Soap Bar Bright Glow,75 gm,50,https://chaldal.com/mens-soaps
Dettol Soap Original Germ Defence Bathing Bar,50 gm,40,https://chaldal.com/mens-soaps
Dettol Fresh Soap 125 gm (25 gm Extra),150 gm,90,https://chaldal.com/mens-soaps
Dettol Cool Soap 125 gm (25 gm Extra),150 gm,90,https://chaldal.com/mens-soaps
Dettol Skincare With Moisturizers Soap,100 gm,75,https://chaldal.com/mens-soaps
Dettol Aloe Vera Shower Bar,100 gm,80,https://chaldal.com/mens-soaps
ACI Savlon Soap Fresh 100 gm,3 pcs,210,https://chaldal.com/mens-soaps
ACI Savlon Soap Mild 100 gm,3 pcs,210,https://chaldal.com/mens-soaps
ACI Savlon Soap Mild 125 gm,3 pcs,225,https://chaldal.com/mens-soaps
ACI Savlon Fresh Antiseptic Soap,125 gm,80,https://chaldal.com/mens-soaps
Irish Spring Original Body Wash,532 ml,1360,https://chaldal.com/mens-soaps
Irish Spring Aloe Soap,104.8 gm,270,https://chaldal.com/mens-soaps
Dr Davey Black Soap,100 gm,189,https://chaldal.com/mens-soaps
Lifebuoy Mild Care Antibacterial Body Wash,300 ml,450,https://chaldal.com/mens-soaps
Godrej No.1 Sandal Soap,100 gm,55,https://chaldal.com/mens-soaps
Himalaya Neem & Turmeric Soap 125 gm (Buy 3 Get 1 Free),4 pcs,240,https://chaldal.com/mens-soaps
Dettol Original Bodywash,250 ml,200,https://chaldal.com/mens-soaps
Dettol Fresh Antibacterial Bodywash Citrus & Orange Blossom,250 ml,350,https://chaldal.com/mens-soaps
Studio X Clean & Fresh Soap For Men,75 gm,60,https://chaldal.com/mens-soaps
Dettol Bathing Soap Bar Skincare 125 gm (Combo Pack),4 pcs,380,https://chaldal.com/mens-soaps
Dettol Soap Bathing Bar Original Germ Defence 125 gm (Combo Pack),4 pcs,380,https://chaldal.com/mens-soaps
Studio X Clean & Fresh Soap for Men,125 gm,90,https://chaldal.com/mens-soaps
Nivea Fresh Natural Body Spray,150 ml,525,https://chaldal.com/mens-soaps
Wild Stone Forest Spice Soap,125 gm,188,https://chaldal.com/mens-soaps
ACI Septex Deep Clean Antiseptic Bar,100 gm,55,https://chaldal.com/mens-soaps
ACI Septex Antiseptic Bar,100 gm,50,https://chaldal.com/mens-soaps
Cute Lemon Soap,125 gm,60,https://chaldal.com/mens-soaps
Dettol Soap Bathing Bar Aloe Vera,75 gm,65,https://chaldal.com/mens-soaps
Dettol Bathing Soap Bar Skincare,27 gm,15,https://chaldal.com/mens-soaps
ACI Neem Original Pure Neem Soap,100 gm,55,https://chaldal.com/mens-soaps
"Dettol Soap Bathing Bar Family Pack (Cool, Skincare & Original) 75 gm",3 pcs,195,https://chaldal.com/mens-soaps
Dettol Soap Bathing Bar Original Germ Defence 75 gm (Combo Pack),3 pcs,195,https://chaldal.com/mens-soaps
Camay Romantic Beauty Soap,170 gm,350,https://chaldal.com/mens-soaps
Go Fresh pocket Perfume Red Hot Fragrance,17 ml,130,https://chaldal.com/mens-perfume
Go Fresh Pocket Perfume Miracle Fragrance,17 ml,130,https://chaldal.com/mens-perfume
Go Fresh Pocket Perfume player Fragrance,17 ml,130,https://chaldal.com/mens-perfume
Go Fresh Pocket Perfume Wild Game Fragrance,17 ml,130,https://chaldal.com/mens-perfume
Fogg Body spray Royal,120 ml,520,https://chaldal.com/mens-perfume
Go Fresh Pocket Perfume Secret Fragrance,17 ml,130,https://chaldal.com/mens-perfume
Kool Deodorant Body Spray (Storm),150 ml,325,https://chaldal.com/mens-perfume
Layer'r Shot Red Stallion Body Spray,135 ml,595,https://chaldal.com/mens-perfume
Layer'r Shot Power Play Body Spray,135 ml,595,https://chaldal.com/mens-perfume
Denim Musk Deodorant Body Spray,150 ml,625,https://chaldal.com/mens-perfume
Rasasi Relation Men Body Spray,200 ml,530,https://chaldal.com/mens-perfume
Lafz Kaveh Body Spray,100 ml,350,https://chaldal.com/mens-perfume
Beverly Hills Polo Club Eight Men's Body Spray,175 ml,750,https://chaldal.com/mens-perfume
Layer'r Shot Royal Jade Men's Body Spray,135 ml,595,https://chaldal.com/mens-perfume
Layer'r Shot Deep Desire Men's Body Spray,135 ml,595,https://chaldal.com/mens-perfume
Wild Stone Pocket Perfume (Charge),18 ml,150,https://chaldal.com/mens-perfume
Wild Stone Pocket Perfume (Blast),18 ml,150,https://chaldal.com/mens-perfume
Wild Stone Pocket Perfume (Fresh),18 ml,150,https://chaldal.com/mens-perfume
Fogg Scent Czar,30 ml,680,https://chaldal.com/mens-perfume
Fogg Body Spray Absolute,120 ml,530,https://chaldal.com/mens-perfume
Fogg Body Spray Fresh Fougere,120 ml,555,https://chaldal.com/mens-perfume
Clariss Note Men Perfume,120 ml,295,https://chaldal.com/mens-perfume
Axe Signature Intense Body Perfume Ticket,17 ml,220,https://chaldal.com/mens-perfume
Axe Signature Champion Body Perfume Ticket,17 ml,211,https://chaldal.com/mens-perfume
Eternal Love Xlouis Men Body Spray,200 ml,453,https://chaldal.com/mens-perfume
Eternal Love Men Body Spray For Men,200 ml,750,https://chaldal.com/mens-perfume
Nivea Fresh Natural Body Spray,150 ml,525,https://chaldal.com/mens-perfume
Wild Stone P.B.S Iron Perfume,120 ml,710,https://chaldal.com/mens-perfume
Wild Stone P.B.S Bronze Perfume,120 ml,710,https://chaldal.com/mens-perfume
Wild Stone P.B.S Chrome Perfume,120 ml,660,https://chaldal.com/mens-perfume
Red Hunt Savage Storm Body Spray,125 ml,500,https://chaldal.com/mens-perfume
Red Hunt Rain Forest Body Spray,125 ml,490,https://chaldal.com/mens-perfume
Red Hunt Wild Chase Body Spray,125 ml,402,https://chaldal.com/mens-perfume
Red Hunt Premium Alpha Tribe Body Spray,125 ml,490,https://chaldal.com/mens-perfume
Colour Me Black Man Deo Spray,150 ml,590,https://chaldal.com/mens-perfume
HE Advanced Grooming Power Body Perfume,120 ml,500,https://chaldal.com/mens-perfume
Engage On Man Pocket Perfume (Classic Woody),18 ml,170,https://chaldal.com/mens-perfume
Fogg Scent Men Impressio,100 ml,1450,https://chaldal.com/mens-perfume
Fogg Body spray Victor,120 ml,520,https://chaldal.com/mens-perfume
HE Advanced Grooming Innovator Perfumed Body Spray,150 ml,400,https://chaldal.com/mens-perfume
Wild Stone Body Perfume Steel,120 ml,699,https://chaldal.com/mens-perfume
Wild Stone Body Perfume Titanium,120 ml,650,https://chaldal.com/mens-perfume
Denim Original Body Spray,150 ml,625,https://chaldal.com/mens-perfume
Wild Stone Legend Body Deodorant,150 ml,450,https://chaldal.com/mens-perfume
Wild Stone Forest Spice Deodorant,150 ml,650,https://chaldal.com/mens-perfume
Fogg Body Spray Fresh Spicy,120 ml,555,https://chaldal.com/mens-perfume
Fogg Body Spray Fresh Aqua,120 ml,555,https://chaldal.com/mens-perfume
Wild Stone Red Body Deodorant,150 ml,530,https://chaldal.com/mens-perfume
Kool Deodorant Body Spray (Blue),150 ml,325,https://chaldal.com/mens-perfume
Kool Classic Deodorant Body Spray,150 ml,325,https://chaldal.com/mens-perfume
Gillette Blue 2 Disposable Razor,each,55,https://chaldal.com/beard-grooming
Gillette Guard Cartridges Single Cartridge,each,30,https://chaldal.com/beard-grooming
Beardo Beard & Hair Growth Oil,50 ml,1599,https://chaldal.com/beard-grooming
Kool After Shave Lotion,50 ml,200,https://chaldal.com/beard-grooming
Aichun Beauty Beard Growth Beard Essential Oil,30 ml,450,https://chaldal.com/beard-grooming
Nivea Men Sensitive After Shave Lotion,100 ml,1250,https://chaldal.com/beard-grooming
Nivea Men Sensitive After Shave Lotion,100 ml,550,https://chaldal.com/beard-grooming
Kool Ultra Glide Shaving Foam,200 ml,350,https://chaldal.com/beard-grooming
Kool After Shave Lotion,100 ml,300,https://chaldal.com/beard-grooming
Gillette Mach3 New Blade Razor,each,655,https://chaldal.com/beard-grooming
Gillette Fusion Manual Razor,each,1090,https://chaldal.com/beard-grooming
Kool Frosty Shaving Cream,50 gm,55,https://chaldal.com/beard-grooming
Fogg Body spray Royal,120 ml,520,https://chaldal.com/deodorants
Nivea Fresh Natural Body Spray 150 ml & Energy Fresh Roll On 50 ml (Combo Pack),,604,https://chaldal.com/deodorants
Kool Deodorant Body Spray (Storm),150 ml,325,https://chaldal.com/deodorants
Layer'r Wottagirl Secret Crush Body Spray,135 ml,595,https://chaldal.com/deodorants
Layer'r Shot Red Stallion Body Spray,135 ml,595,https://chaldal.com/deodorants
Layer'r Shot Power Play Body Spray,135 ml,595,https://chaldal.com/deodorants
Yardley London Gentleman Roll On Body Spray,50 ml,279,https://chaldal.com/deodorants
Denim Musk Deodorant Body Spray,150 ml,625,https://chaldal.com/deodorants
Rasasi Relation Men Body Spray,200 ml,530,https://chaldal.com/deodorants
Lafz Kaveh Body Spray,100 ml,350,https://chaldal.com/deodorants
Beverly Hills Polo Club Eight Men's Body Spray,175 ml,750,https://chaldal.com/deodorants
Layer'r Shot Royal Jade Men's Body Spray,135 ml,595,https://chaldal.com/deodorants
Layer'r Shot Deep Desire Men's Body Spray,135 ml,595,https://chaldal.com/deodorants
Wild Stone Pocket Perfume (Charge),18 ml,150,https://chaldal.com/deodorants
Wild Stone Pocket Perfume (Blast),18 ml,150,https://chaldal.com/deodorants
Wild Stone Pocket Perfume (Fresh),18 ml,150,https://chaldal.com/deodorants
Fogg Scent Czar,30 ml,680,https://chaldal.com/deodorants
Fogg Body Spray Absolute,120 ml,530,https://chaldal.com/deodorants
Fogg Body Spray Fresh Fougere,120 ml,555,https://chaldal.com/deodorants
Clariss Note Men Perfume,120 ml,295,https://chaldal.com/deodorants
Nivea Men Whitening Roll On Deodorant,50 ml,260,https://chaldal.com/deodorants
Nivea Men Fresh Active Deodorant Roll On,50 ml,240,https://chaldal.com/deodorants
Axe Signature Intense Body Perfume Ticket,17 ml,220,https://chaldal.com/deodorants
Axe Signature Champion Body Perfume Ticket,17 ml,211,https://chaldal.com/deodorants
Eternal Love Xlouis Men Body Spray,200 ml,453,https://chaldal.com/deodorants
Eternal Love Men Body Spray For Men,200 ml,750,https://chaldal.com/deodorants
Nivea Fresh Natural Body Spray,150 ml,525,https://chaldal.com/deodorants
Wild Stone P.B.S Iron Perfume,120 ml,710,https://chaldal.com/deodorants
Wild Stone P.B.S Bronze Perfume,120 ml,710,https://chaldal.com/deodorants
Wild Stone P.B.S Chrome Perfume,120 ml,660,https://chaldal.com/deodorants
Red Hunt Savage Storm Body Spray,125 ml,500,https://chaldal.com/deodorants
Red Hunt Rain Forest Body Spray,125 ml,490,https://chaldal.com/deodorants
Red Hunt Wild Chase Body Spray,125 ml,402,https://chaldal.com/deodorants
Red Hunt Premium Alpha Tribe Body Spray,125 ml,490,https://chaldal.com/deodorants
Romano Roll On Attitude,50 ml,300,https://chaldal.com/deodorants
Colour Me Black Man Deo Spray,150 ml,590,https://chaldal.com/deodorants
HE Advanced Grooming Power Body Perfume,120 ml,500,https://chaldal.com/deodorants
Engage On Man Pocket Perfume (Classic Woody),18 ml,170,https://chaldal.com/deodorants
Fogg Scent Men Impressio,100 ml,1450,https://chaldal.com/deodorants
Fogg Body spray Victor,120 ml,520,https://chaldal.com/deodorants
HE Advanced Grooming Innovator Perfumed Body Spray,150 ml,400,https://chaldal.com/deodorants
Wild Stone Body Perfume Steel,120 ml,699,https://chaldal.com/deodorants
Wild Stone Body Perfume Titanium,120 ml,650,https://chaldal.com/deodorants
Denim Original Body Spray,150 ml,625,https://chaldal.com/deodorants
Wild Stone Legend Body Deodorant,150 ml,450,https://chaldal.com/deodorants
Wild Stone Forest Spice Deodorant,150 ml,650,https://chaldal.com/deodorants
Fogg Body Spray Fresh Spicy,120 ml,555,https://chaldal.com/deodorants
Fogg Body Spray Fresh Aqua,120 ml,555,https://chaldal.com/deodorants
Wild Stone Red Body Deodorant,150 ml,530,https://chaldal.com/deodorants
Kool Deodorant Body Spray (Blue),150 ml,325,https://chaldal.com/deodorants
Comely Shower Gel (Sunshine Garden),350 ml,300,https://chaldal.com/mens-shower-gels
The Dermalix Rose Soothing Shower Gel,250 ml,350,https://chaldal.com/mens-shower-gels
Dettol Skincare Bodywash,250 ml,225,https://chaldal.com/mens-shower-gels
Lux Body Wash French Rose & Almond Oil,245 ml,220,https://chaldal.com/mens-shower-gels
Dettol Aloe Vera Bodywash,250 ml,225,https://chaldal.com/mens-shower-gels
Dettol Cool Bodywash,250 ml,225,https://chaldal.com/mens-shower-gels
Dettol Skincare Bodywash Refill,170 ml,125,https://chaldal.com/mens-shower-gels
Dettol Lasting Fresh Bodywash Refill,170 ml,125,https://chaldal.com/mens-shower-gels
Dettol Original Bodywash,250 ml,200,https://chaldal.com/mens-shower-gels
Dettol Fresh Antibacterial Bodywash Citrus & Orange Blossom,250 ml,350,https://chaldal.com/mens-shower-gels
Nivea Men Shower Gel Power Fresh,250 ml,700,https://chaldal.com/mens-shower-gels
Nivea Men Pure Impact Shower Gel,250 ml,650,https://chaldal.com/mens-shower-gels
Biore Mens Hygienic Energy Shower Gel,250 ml,750,https://chaldal.com/mens-shower-gels
Biore Mens Cool Energy Shower Gel,250 ml,750,https://chaldal.com/mens-shower-gels
St. Ives Fresh Skin Apricot Body Wash,400 ml,850,https://chaldal.com/mens-shower-gels
Fiama Gel Bar Soap Patchouli & Macadamia,125 gm,245,https://chaldal.com/mens-shower-gels
Nivea Men Shower Gel Active Clean,250 ml,650,https://chaldal.com/mens-shower-gels
Nivea Men Energy Shower Gel,250 ml,650,https://chaldal.com/mens-shower-gels
Nivea Men Cool Kick Shower Gel,250 ml,650,https://chaldal.com/mens-shower-gels
Lifebuoy Handwash Total Refill,170 ml,90,https://chaldal.com/liquid-handwash
Dettol Fresh Liquid Handwash Refill,170 ml,80,https://chaldal.com/liquid-handwash
Dettol Fresh Liquid Handwash Pump,200 ml,110,https://chaldal.com/liquid-handwash
Savlon Handwash Lemon Burst,170 ml,80,https://chaldal.com/liquid-handwash
Lifebuoy Handwash Care Refill,170 ml,90,https://chaldal.com/liquid-handwash
ACI Savlon Iris Herbal Liquid Handwash Refill,170 ml,80,https://chaldal.com/liquid-handwash
Lifebuoy Handwash Lemon Fresh Pump,200 ml,115,https://chaldal.com/liquid-handwash
ACI Savlon Herbal Iris Handwash,500 ml,200,https://chaldal.com/liquid-handwash
Dettol Handwash Original Liquid Refill,170 ml,80,https://chaldal.com/liquid-handwash
ACI Savlon Aloe Vera Antiseptic Handwash Refill,170 ml,80,https://chaldal.com/liquid-handwash
Dettol Handwash Original Liquid Pump,200 ml,110,https://chaldal.com/liquid-handwash
Dettol Handwash Skincare Liquid Refill,170 ml,80,https://chaldal.com/liquid-handwash
ACI Savlon Ocean Blue Antiseptic Handwash Refill,170 ml,80,https://chaldal.com/liquid-handwash
Sepnil Sanitizing Hand Wash Marigold (Refill),170 ml,80,https://chaldal.com/liquid-handwash
ACI Savlon Lavender Handwash Refill,170 ml,80,https://chaldal.com/liquid-handwash
ACI Savlon Ocean Blue Handwash,1 ltr,380,https://chaldal.com/liquid-handwash
Dettol Handwash Re-Energize Liquid Refill,750 ml,270,https://chaldal.com/liquid-handwash
Godrej Magic Handwash Refill Lime & Aloevera 9 gm,4 pcs,124,https://chaldal.com/liquid-handwash
Sepnil Extra Mild Tea Oil Handwash Refill,170 ml,75,https://chaldal.com/liquid-handwash
Lifebuoy Handwash Total Bottle,1 ltr,400,https://chaldal.com/liquid-handwash
Sparkbliss Lavender Liquid Handwash,250 ml,115,https://chaldal.com/liquid-handwash
Sparkbliss Lemon Green Liquid Handwash,250 ml,115,https://chaldal.com/liquid-handwash
Sparkbliss Lemon Yellow Liquid Handwash,250 ml,115,https://chaldal.com/liquid-handwash
Sparkbliss Moisturizing Antibacterial Aloe Vera Liquid Handwash,250 ml,120,https://chaldal.com/liquid-handwash
Sparkbliss Aquriaum Liquid Handwash,250 ml,115,https://chaldal.com/liquid-handwash
Sparkbliss Japanese Cherry Blossom Liquid Handwash,250 ml,115,https://chaldal.com/liquid-handwash
Godrej Magic Handwash Refill Lime & Aloevera,9 gm,30,https://chaldal.com/liquid-handwash
Godrej Magic Handwash Refill Neem & Aloevera 9 gm,4 pcs,120,https://chaldal.com/liquid-handwash
Rok Handwash Apple,175 ml,84,https://chaldal.com/liquid-handwash
Lifebuoy Handwash Lemon Fresh Refill Multipack 170 ml,4 pcs,300,https://chaldal.com/liquid-handwash
Lifebuoy Handwash Care Refill Multipack 170 ml,4 pcs,300,https://chaldal.com/liquid-handwash
Original Source Hand Wash Coconut,300 ml,310,https://chaldal.com/liquid-handwash
Dettol Handwash Re-Energize Liquid,5 ltr,1400,https://chaldal.com/liquid-handwash
Lifebuoy Handwash Lemon Fresh,1 ltr,400,https://chaldal.com/liquid-handwash
Dettol Handwash Aloe Vera Bottle With Push-Pull Cap,200 ml,110,https://chaldal.com/liquid-handwash
Biore Anti Bacterial Guard Hand Soap Bottle,250 ml,660,https://chaldal.com/liquid-handwash
ACI Savlon Herbal Iris Handwash,1 ltr,380,https://chaldal.com/liquid-handwash
Dettol Handwash Aloe Vera Liquid Pump,200 ml,110,https://chaldal.com/liquid-handwash
Dettol Handwash Aloe Vera Liquid Refill,170 ml,80,https://chaldal.com/liquid-handwash
Godrej Magic Handwash Refill Pack,9 gm,30,https://chaldal.com/liquid-handwash
Lifebuoy Handwash Lemon Fresh Refill,170 ml,90,https://chaldal.com/liquid-handwash
ACI Savlon Active Antiseptic Handwash,5 ltr,1400,https://chaldal.com/liquid-handwash
Lifebuoy Handwash Total,5 ltr,1400,https://chaldal.com/liquid-handwash
Dettol Handwash Cool Liquid Refill,170 ml,80,https://chaldal.com/liquid-handwash
Dettol Handwash Cool Liquid Pump,200 ml,110,https://chaldal.com/liquid-handwash
Dettol Handwash Skincare Liquid Pump,200 ml,110,https://chaldal.com/liquid-handwash
ACI Savlon Herbal Marigold Handwash,500 ml,200,https://chaldal.com/liquid-handwash
ACI Savlon Herbal Lavender Handwash,500 ml,200,https://chaldal.com/liquid-handwash
Sepnil Sanitizing Hand Wash Marigold,200 ml,110,https://chaldal.com/liquid-handwash
ACI Savlon Aloe Vera Antiseptic Handwash Bottle,200 ml,110,https://chaldal.com/liquid-handwash
Germnil Hand Sanitizer With Dispenser,250 ml,220,https://chaldal.com/hand-sanitizer
D-Care Instant Hand Sanitizer,5 ltr,2525,https://chaldal.com/hand-sanitizer
Savlon Instant Hand Sanitizer,200 ml,200,https://chaldal.com/hand-sanitizer
Savlon Hand Sanitizer,50 ml,80,https://chaldal.com/hand-sanitizer
Savlon Hand Rub,250 ml,130,https://chaldal.com/hand-sanitizer
Sepnil Instant Hand Sanitizer,40 ml,80,https://chaldal.com/hand-sanitizer
Sepnil Instant Hand Sanitizer,200 ml,250,https://chaldal.com/hand-sanitizer
Fresh Hand Towel (250X1 Ply),each,100,https://chaldal.com/tissue-wipes
Fresh Perfumed Facial Tissue (150 X 2) ply Box,each,100,https://chaldal.com/tissue-wipes
"Fresh Paper Napkins 13"" Perfumed (100X1 Ply)",each,75,https://chaldal.com/tissue-wipes
Fresh White Paper Napkin Non-Perfumed,100 pcs,75,https://chaldal.com/tissue-wipes
Partex Cleen Hand Towel (200X2 Ply),each,85,https://chaldal.com/tissue-wipes
"Bashundhara Paper Napkins 13"" Unscented",100 pcs,75,https://chaldal.com/tissue-wipes
Fresh Toilet Tissue (Family Value Pack),4 pcs,100,https://chaldal.com/tissue-wipes
Fay Facial Tissue Non-Perfume (150 X 2 ply) Box,each,105,https://chaldal.com/tissue-wipes
Bashundhara Toilet Tissue,4 pcs,112,https://chaldal.com/tissue-wipes
Fay Perfume Facial Tissue Perfume (150 X 2 ply) Box,each,105,https://chaldal.com/tissue-wipes
Fay Toilet Tissue White 180 Sheet,each,30,https://chaldal.com/tissue-wipes
Fay Multi-fold Hand Towel 1 Ply,150 pcs,160,https://chaldal.com/tissue-wipes
Bashundhara Gold Toilet Tissue,each,38,https://chaldal.com/tissue-wipes
Watson Dental Floss Picks Charcoal,50 pcs,269,https://chaldal.com/mouthwash-others
Colgate Mouthwash Plax Peppermint,500 ml,869,https://chaldal.com/mouthwash-others
Listerine Cool Mint Liquid Mouthwash,250 ml,370,https://chaldal.com/mouthwash-others
Listerine Original Liquid Mouthwash,250 ml,410,https://chaldal.com/mouthwash-others
Listerine Original Liquid Mouthwash,500 ml,553,https://chaldal.com/mouthwash-others
Listerine Cavity Fighter Liquid Mouthwash,500 ml,541,https://chaldal.com/mouthwash-others
Colgate Plax Peppermint Mouth Wash,750 ml,1160,https://chaldal.com/mouthwash-others
Colgate Plax Peppermint Mouth Wash,500 ml,585,https://chaldal.com/mouthwash-others
Colgate Plax Herbal Salt Mouth Wash,500 ml,1260,https://chaldal.com/mouthwash-others
Colgate Plax Freshmint Mouth Wash,750 ml,815,https://chaldal.com/mouthwash-others
Listerine Original Mouth Wash (Thai),250 ml,750,https://chaldal.com/mouthwash-others
Magic Tooth Powder,100 gm,58,https://chaldal.com/mouthwash-others
Colgate Plax Gentle Care Mouth Wash,250 ml,372,https://chaldal.com/mouthwash-others
Oral-B Essential Dental Floss 50 mtr,,600,https://chaldal.com/mouthwash-others
Listerine Cool Mint Mouth Wash (Thai),250 ml,595,https://chaldal.com/mouthwash-others
Toothpick,4 pcs,189,https://chaldal.com/mouthwash-others
Toothpick Local 1 box,,60,https://chaldal.com/mouthwash-others
ProDentalB Tongue Cleaner,each,210,https://chaldal.com/mouthwash-others
ProDentalB Dental Stain Remover,each,375,https://chaldal.com/mouthwash-others
ProDentalB Tooth Floss Pick,50 pcs,270,https://chaldal.com/mouthwash-others
Listerine Cool Mint Mouth Wash (Thai),500 ml,690,https://chaldal.com/mouthwash-others
Pepsodent Tooth Powder,95 gm,60,https://chaldal.com/mouthwash-others
Magic Tooth Powder,50 gm,35,https://chaldal.com/mouthwash-others
Meril Milk & Beli Soap Bar,100 gm,60,https://chaldal.com/soaps
Radiant Raxoll Antibacterial Soap (Moisture),100 gm,75,https://chaldal.com/soaps
Radiant Raxoll Antibacterial Soap (Moisture),75 gm,60,https://chaldal.com/soaps
Radiant Raxoll Antibacterial Soap (Sport),100 gm,75,https://chaldal.com/soaps
Tibet Luxury Pink Soap Natural Glow,100 gm,55,https://chaldal.com/soaps
Lux Jasmine Soap Bar Bright Glow,75 gm,50,https://chaldal.com/soaps
Meril Milk & Kiwi Soap Bar,150 gm,80,https://chaldal.com/soaps
"Dettol Bathing Soap (Original, Skincare, Cool & Fresh) 75 gm",4 pcs,260,https://chaldal.com/soaps
Dettol Soap Bathing Bar Aloe Vera,125 gm,95,https://chaldal.com/soaps
Dettol Bathing Soap Bar Skincare 125 gm (Combo Pack),4 pcs,380,https://chaldal.com/soaps
Dettol Soap Bathing Bar Original Germ Defence 125 gm (Combo Pack),4 pcs,380,https://chaldal.com/soaps
Wild Stone Forest Spice Soap,125 gm,188,https://chaldal.com/soaps
Dettol Soap Bathing Bar Original Germ Defence,125 gm,95,https://chaldal.com/soaps
Dettol Soap Bathing Bar Original Germ Defence,75 gm,65,https://chaldal.com/soaps
Neutrogena Deep Clean Gel Wash,200 ml,1000,https://chaldal.com/face-wash-mask
Himalaya Purifying Neem Face Wash,150 ml,275,https://chaldal.com/face-wash-mask
Parachute SkinPure Aloe Vera Gel,100 ml,205,https://chaldal.com/face-wash-mask
Parachute SkinPure Aloe Vera Gel,200 ml,355,https://chaldal.com/face-wash-mask
Parachute SkinPure Aloe Vera Gel,50 ml,120,https://chaldal.com/face-wash-mask
Garnier Skin Naturals Light Complete Serum Mask,each,135,https://chaldal.com/face-wash-mask
Biore Mild Smooth Face Wash,100 gm,700,https://chaldal.com/face-wash-mask
Himalaya Fresh Start Oil Clear Face Wash Lemon,100 ml,199,https://chaldal.com/face-wash-mask
YC Peel Off Black Mask With Bamboo Charcoal,100 ml,650,https://chaldal.com/face-wash-mask
Himalaya Purifying Neem Face Wash,100 ml,230,https://chaldal.com/face-wash-mask
Pond's Face Wash Bright Beauty,100 gm,210,https://chaldal.com/face-wash-mask
Pond's Face Wash Daily,100 gm,150,https://chaldal.com/face-wash-mask
Vaseline Lip Therapy Original,4.8 gm,225,https://chaldal.com/lipsticks-lip-balm
Vaseline Lip Therapy Rosy Lips,20 gm,350,https://chaldal.com/lipsticks-lip-balm
Meril Lip Balm Lemon,4.8 gm,50,https://chaldal.com/lipsticks-lip-balm
Vaseline Lip Therapy Original,20 gm,259,https://chaldal.com/lipsticks-lip-balm
Vaseline Lip Therapy Aloe Vera,20 gm,309,https://chaldal.com/lipsticks-lip-balm
Lilac Lip Balm Rose,30 gm,200,https://chaldal.com/lipsticks-lip-balm
Lipsilk Lip Balm Strawberry,7 gm,210,https://chaldal.com/lipsticks-lip-balm
Nivea Soft Rose Lip Care,4.8 gm,500,https://chaldal.com/lipsticks-lip-balm
Meril Lip Balm Strawberry,4.8 gm,50,https://chaldal.com/lipsticks-lip-balm
Glow & Lovely Face Cream Blemish Balm,40 gm,240,https://chaldal.com/lipsticks-lip-balm
Vaseline Lip Therapy Rose & Almond Oil,20 gm,350,https://chaldal.com/lipsticks-lip-balm
Keya Lipgel Tube,6 gm,18,https://chaldal.com/lipsticks-lip-balm
Meril Lipgel,each,50,https://chaldal.com/lipsticks-lip-balm
Kangaro Stapler Pin No.10 Small 1000 staples,,39,https://chaldal.com/stapler-punch
Deli Stapler Machine (Green),each,90,https://chaldal.com/stapler-punch
Deli Stapler Machine (Blue),each,90,https://chaldal.com/stapler-punch
Kangaro Punch Machine (Light Yellow Green),each,179,https://chaldal.com/stapler-punch
Kangaro Pin Remover (Red),each,109,https://chaldal.com/stapler-punch
Kangaro Pin Remover (Black),each,149,https://chaldal.com/stapler-punch
Deli Stapler Machine (White),each,80,https://chaldal.com/stapler-punch
Deli Pin Remover,each,79,https://chaldal.com/stapler-punch
Deli Stapler Machine,each,215,https://chaldal.com/stapler-punch
Kangaro Stapler Machine Medium,each,189,https://chaldal.com/stapler-punch
Kangaro Punch Machine,each,169,https://chaldal.com/stapler-punch
Kangaro Pin Remover,each,99,https://chaldal.com/stapler-punch
Mouse Pad,each,119,https://chaldal.com/organizing-accessories
Deli Colored Push Pins,100 pcs,99,https://chaldal.com/organizing-accessories
RFL Good Luck Sponge Damper,each,25,https://chaldal.com/organizing-accessories
RFL Good Luck Multiple Organizer,each,220,https://chaldal.com/organizing-accessories
Rubber Bands,100 gm,119,https://chaldal.com/organizing-accessories
Deli Office Pin 1 box,50 gm,40,https://chaldal.com/organizing-accessories
Deli Colored Paper Clips,100 pcs,69,https://chaldal.com/organizing-accessories
A4 Tech Optical USB Mouse,each,595,https://chaldal.com/organizing-accessories
"Binder Clip (1"")",12 pcs,90,https://chaldal.com/organizing-accessories
Board Duster,each,59,https://chaldal.com/organizing-accessories
ID Card Holder (T-014H),each,29,https://chaldal.com/organizing-accessories
Binding Needle,each,49,https://chaldal.com/organizing-accessories
Deli Clip Box,each,70,https://chaldal.com/organizing-accessories
ID Card Holder (T-014V),each,29,https://chaldal.com/organizing-accessories
Pin Holder,each,89,https://chaldal.com/organizing-accessories
Artline Stamp Pad 106×67 mm,each,99,https://chaldal.com/organizing-accessories
"Binder Clip (2"")",12 pcs,159,https://chaldal.com/organizing-accessories
Deli Fingertip Moistener,each,150,https://chaldal.com/organizing-accessories
Deli Anti Cutter (Blue),each,159,https://chaldal.com/cutting-2
Deli Scissors (Pink),each,60,https://chaldal.com/cutting-2
Deli Anti Cutter (E2091),each,180,https://chaldal.com/cutting-2
Deli Stainless Steel Multi Purpose Scissors 7 Inch,each,100,https://chaldal.com/cutting-2
Deli Stainless Steel Scissors 7.5 inch,each,199,https://chaldal.com/cutting-2
Deli Anti Cutter (E2041),each,129,https://chaldal.com/cutting-2
Deli Cutter (E2056),each,198,https://chaldal.com/cutting-2
Deli Anti Cutter Knife Blade Small,10 pcs,45,https://chaldal.com/cutting-2
Bili Management File A4 (Purple),each,39,https://chaldal.com/file-folder
Bili Management File A4 (Blue),each,39,https://chaldal.com/file-folder
Bili Management File A4 (Green),each,39,https://chaldal.com/file-folder
Transparent File Folder,each,39,https://chaldal.com/file-folder
Court File (Orange),each,79,https://chaldal.com/file-folder
Court File (Blue),each,79,https://chaldal.com/file-folder
Court File (Yellow),each,69,https://chaldal.com/file-folder
RFL Good Luck Three Station File Organizer,each,300,https://chaldal.com/file-folder
Deli Management File,each,35,https://chaldal.com/file-folder
Bag File,each,649,https://chaldal.com/file-folder
Court File,each,49,https://chaldal.com/file-folder
Red Leaf 707 Permanent Marker (Red),each,79,https://chaldal.com/highlighters
Red Leaf 707 Permanent Marker (Blue),each,79,https://chaldal.com/highlighters
Red Leaf White Board Marker Pen 737 (Black),each,139,https://chaldal.com/highlighters
Faber Castell Highlighter Marker (Nion Red),each,79,https://chaldal.com/highlighters
Deli Liquid Highlighter Chisel Tip (Yellow),each,35,https://chaldal.com/highlighters
Red Leaf 707 Permanent Marker (Black),each,109,https://chaldal.com/highlighters
Red Leaf 303 Flourescent Highlighter (Pink),each,59,https://chaldal.com/highlighters
Red Leaf 303 Flourescent Highlighter (Blue),each,59,https://chaldal.com/highlighters
Red Leaf 303 Flourescent Highlighter (Orange),each,59,https://chaldal.com/highlighters
Red Leaf 303 Flourescent Highlighter (Green),each,59,https://chaldal.com/highlighters
Faber Castell Highlighter Marker (Green),each,45,https://chaldal.com/highlighters
Faber Castell Highlighter Marker (Blue),each,45,https://chaldal.com/highlighters
Faber Castell Highlighter Marker (Yellow),each,45,https://chaldal.com/highlighters
Red Leaf White Board Marker Pen (Black),each,139,https://chaldal.com/highlighters
Faber Castell Pencil 7420 HB,12 pcs,125,https://chaldal.com/pencils
Faber Castell Pencil HB (Gold Faber),12 pcs,320,https://chaldal.com/pencils
Faber Castell Red Matt Pencil HB,12 pcs,156,https://chaldal.com/pencils
Fresh Campus 4B Pencil 66 gm,12 pcs,120,https://chaldal.com/pencils
Fresh Campus 2B Pencil 68 gm,12 pcs,120,https://chaldal.com/pencils
Faber Castell HB pencil (with Eraser),12 pcs,249,https://chaldal.com/pencils
Deli Whiteboard Eraser (Grey),each,50,https://chaldal.com/erasers-correction-fluid
RFL Good Luck Duster Blue,each,35,https://chaldal.com/erasers-correction-fluid
RFL Good Luck Duster Red,each,30,https://chaldal.com/erasers-correction-fluid
Deli Correction Pen Quick Drying 8 ml,each,55,https://chaldal.com/erasers-correction-fluid
Pencil Sharpner (94529),each,19,https://chaldal.com/erasers-correction-fluid
Paw Paw Kitten Dry Cat Food Chicken,1.5 kg,699,https://chaldal.com/kitten-food
Bonacibo Cat Food Kitten Chicken With Anchovy & Rice,1.5 kg,1139,https://chaldal.com/kitten-food
Foodinnova Nekko Kitten Chicken Mousse,70 gm,99,https://chaldal.com/kitten-food
Foodinnova Nekko Kitten Tuna Mousse with Goat Milk,70 gm,99,https://chaldal.com/kitten-food
SmartHeart Kitten Food Tuna,85 gm,119,https://chaldal.com/kitten-food
Whiskas Junior Cat Food Mackerel,80 gm,99,https://chaldal.com/kitten-food
Whiskas Cat Food Junior Tuna Kitten,80 gm,99,https://chaldal.com/kitten-food
SmartHeart Puppy Dog Food Beef & Milk,500 gm,249,https://chaldal.com/dog-food
SmartHeart Adult Dog Chicken & Egg Flavor,500 gm,319,https://chaldal.com/dog-food
SmartHeart Puppy Food Beef & Milk,8 kg,2749,https://chaldal.com/dog-food
SmartHeart Puppy Food Chicken Egg & Milk,8 kg,2749,https://chaldal.com/dog-food
SmartHeart Adult Dog Food Smoked Liver Flavor,500 gm,219,https://chaldal.com/dog-food
RFL Pakhir Basha (Bird Nest),each,400,https://chaldal.com/pet-grooming-cleaning
Bearing Tick And Flea Dog Shampoo Short Hair,300 ml,549,https://chaldal.com/pet-grooming-cleaning
Bearing Tick & Flea Dog Spray,250 ml,1795,https://chaldal.com/pet-grooming-cleaning
Versele Laga Cat Attract,200 ml,1519,https://chaldal.com/pet-grooming-cleaning
Versele Laga Oropharme Oral Spary,150 ml,579,https://chaldal.com/pet-grooming-cleaning
Versele Laga Cat Dry Shampoo,150 ml,1049,https://chaldal.com/pet-grooming-cleaning
Petme Oral +Plus Gel,30 gm,469,https://chaldal.com/pet-grooming-cleaning
Petslife Lorikeet Diet Bird Food,250 gm,599,https://chaldal.com/bird-food
Petslife Fruit Mix Pellets For Parrots,150 gm,350,https://chaldal.com/bird-food
Gold Wings Premium Budgies Mix,1 kg,529,https://chaldal.com/bird-food
SmartHeart Rabbit Food Veggies & Cereals,200 gm,99,https://chaldal.com/bird-food
Varsele Laga Nutri A19 Bird Food,800 gm,1799,https://chaldal.com/bird-food
Versele Laga Rabbit Food Crock Complete (Carrot),50 gm,359,https://chaldal.com/bird-food
Singapore Math Book 1B,each,450,https://chaldal.com/toys-sports
Deer Football (Size 5),each,909,https://chaldal.com/toys-sports
Bear Hug Me Soft Toy,each,1375,https://chaldal.com/toys-sports
Hello Kitty Big Love soft Toy,each,1090,https://chaldal.com/toys-sports
Taddy Bear Galice Soft Toy,each,870,https://chaldal.com/toys-sports
Pooh Bear Size M,each,990,https://chaldal.com/toys-sports
Birthday Celebration Balloon,20 pcs,150,https://chaldal.com/toys-sports
Golden Wings Badminton Shuttlecock,12 pcs,500,https://chaldal.com/toys-sports
Mobil Delvac MX 15W-40,5 ltr,2900,https://chaldal.com/vehicle-essentials
Alex Car Wash,500 ml,345,https://chaldal.com/vehicle-essentials
Petronas Mach 5 Plus 20w-50 (API SJ),4 ltr,1480,https://chaldal.com/vehicle-essentials
Super V Multi Grade Engine Oil 20W-50,1 ltr,689,https://chaldal.com/vehicle-essentials
Godrej Aer Cool Surf Blue Click Gel AC Vent Car Freshener,each,399,https://chaldal.com/vehicle-essentials
Alex Car Shampoo & Wax,500 ml,495,https://chaldal.com/vehicle-essentials
Golden Grain Chia Seed,100 gm,95,https://chaldal.com/keto-food
Golden Grain White Sesame Seed (Til),100 gm,85,https://chaldal.com/keto-food
Lomba Lebu (Long Lemon),4 pcs,29,https://chaldal.com/keto-food
Aarong Dairy Sour Curd,500 gm,120,https://chaldal.com/keto-food
Duck Eggs (Hasher Dim),6 pcs,115,https://chaldal.com/keto-food
Quail Eggs,20 pcs,89,https://chaldal.com/keto-food
Bengal Meat Beef Keema ± 50 gm,1 kg,1050,https://chaldal.com/keto-food
Aarong Dairy Austagram Cheese,200 gm,190,https://chaldal.com/keto-food
Best's Mushroom Choice Whole Tin,425 gm,182,https://chaldal.com/keto-food
Koral Fish After Cutting ± 50 gm,1 kg,1059,https://chaldal.com/keto-food
Walnuts (Akhrot),100 gm,179,https://chaldal.com/keto-food
Peanut Peeled (Vaja Cheena Badam),100 gm,45,https://chaldal.com/keto-food
Cashew Nut (Kaju Badam),100 gm,189,https://chaldal.com/keto-food
Brooke Bond Taaza Black Tea,400 gm,250,https://chaldal.com/keto-food
Nestle Nescafe Classic Instant Coffee Jar,45 gm,275,https://chaldal.com/keto-food
Chia Seed,100 gm,59,https://chaldal.com/keto-food
Kazi & Kazi Organic Green Tea 40 pcs,60 gm,215,https://chaldal.com/keto-food
White Sesame Seed (Til),100 gm,49,https://chaldal.com/keto-food
Clariss Olive Oil Pomace Glass Bottle,250 ml,495,https://chaldal.com/keto-food
Luglio Pomace Olive Oil,500 ml,475,https://chaldal.com/keto-food
Amul Dark Chocolate Minis Gable Pouch,100 gm,469,https://chaldal.com/keto-food
Vivo Ambient Whip Topping with Vegetable Fat,1100 gm,736,https://chaldal.com/keto-food
Saffola Honey,500 gm,430,https://chaldal.com/keto-food
Grand'Or UHT Cooking Cream,1000 gm,1550,https://chaldal.com/keto-food
Lactima Slice Cheese (12 Slice),200 gm,510,https://chaldal.com/keto-food
Eru Slice Cheese Cheddar Herb (8 Slice),150 gm,790,https://chaldal.com/keto-food
Ispahani Blender's Choice Premium Green Tea Bag 70 gm,50 pcs,205,https://chaldal.com/keto-food
Ceylon Organic Extra Virgin Coconut Oil,500 ml,1590,https://chaldal.com/keto-food
Hibiscus Premium Whole Baby Corn In Brine,425 gm,360,https://chaldal.com/keto-food
Welcome Light Meat Tuna In Sunflower Oil (Flake),170 gm,190,https://chaldal.com/keto-food
BPM White Till,200 gm,90,https://chaldal.com/keto-food
Nut Candy Wasabi Coated Green Peas,180 gm,550,https://chaldal.com/keto-food
Lipton Green Tea Bag Honey and Lemon,50 pcs,150,https://chaldal.com/keto-food
Aarong Dairy Cheese Spread Garlic,180 gm,300,https://chaldal.com/keto-food
Aarong Dairy Cheese Spread Classic,180 gm,290,https://chaldal.com/keto-food
Hosen Mushroom Choice Whole Can,425 gm,350,https://chaldal.com/keto-food
Hosen Green Peas Choice Whole Can,397 gm,200,https://chaldal.com/keto-food
Ispahani Blender's Choice Premium Green Tea 35 gm,25 pcs,110,https://chaldal.com/keto-food
Almarai Spreadable Cream Cheese,200 gm,619,https://chaldal.com/keto-food
Twinings Green Tea & Lemon 25 Tea bags,each,850,https://chaldal.com/keto-food
Figaro Pitted Black Olive,340 gm,395,https://chaldal.com/keto-food
Mozzarella Cheese,250 gm,270,https://chaldal.com/keto-food
Tong Garden Salted Peanuts Can,150 gm,695,https://chaldal.com/keto-food
Nautilus Lite Tuna Chunk Soybean Oil,165 gm,319,https://chaldal.com/keto-food
Hibiscus Mushrooms Choice Whole Can,425 gm,229,https://chaldal.com/keto-food
Aarong Dairy Pure Ghee,900 gm,1735,https://chaldal.com/keto-food
Dettol Fresh Liquid Handwash Refill,170 ml,80,https://chaldal.com/handwash-handrub
Dettol Fresh Liquid Handwash Pump,200 ml,110,https://chaldal.com/handwash-handrub
Dettol Handwash Original Liquid Refill,170 ml,80,https://chaldal.com/handwash-handrub
Dettol Handwash Original Liquid Pump,200 ml,110,https://chaldal.com/handwash-handrub
Dettol Handwash Skincare Liquid Refill,170 ml,80,https://chaldal.com/handwash-handrub
ACI Savlon Ocean Blue Antiseptic Handwash Refill,170 ml,80,https://chaldal.com/handwash-handrub
Dettol Handwash Re-Energize Liquid Refill,750 ml,270,https://chaldal.com/handwash-handrub
Savlon Instant Hand Sanitizer,200 ml,200,https://chaldal.com/handwash-handrub
Savlon Hand Sanitizer,50 ml,80,https://chaldal.com/handwash-handrub
Dettol Handwash Re-Energize Liquid,5 ltr,1400,https://chaldal.com/handwash-handrub
Hexisol Hand Rub,50 ml,55,https://chaldal.com/handwash-handrub
Hexisol Hand Rub,250 ml,140,https://chaldal.com/handwash-handrub
Sepnil Instant Hand Sanitizer,40 ml,80,https://chaldal.com/handwash-handrub
Dettol Handwash Aloe Vera Liquid Pump,200 ml,110,https://chaldal.com/handwash-handrub
Dettol Handwash Aloe Vera Liquid Refill,170 ml,80,https://chaldal.com/handwash-handrub
Sepnil Instant Hand Sanitizer,200 ml,250,https://chaldal.com/handwash-handrub
Dettol Handwash Cool Liquid Refill,170 ml,80,https://chaldal.com/handwash-handrub
Dettol Handwash Cool Liquid Pump,200 ml,110,https://chaldal.com/handwash-handrub
Dettol Handwash Skincare Liquid Pump,200 ml,110,https://chaldal.com/handwash-handrub
Lifebuoy Handwash Total Pump,200 ml,120,https://chaldal.com/handwash-handrub
Sagudana,200 gm,49,https://chaldal.com/herbal-products
ACI Fruit Sal Tasty Saline 1 Box,20 pcs,140,https://chaldal.com/herbal-products
Eno Digestive Orange Flavour 30 pcs,150 gm,450,https://chaldal.com/herbal-products
Eno Digestive Lemon Flavour 30 pcs,150 gm,450,https://chaldal.com/herbal-products
Farmer's Gold Rose Petal Powder,25 gm,150,https://chaldal.com/herbal-products
Hajmola Borhani 100 Tablets,74 gm,110,https://chaldal.com/herbal-products
Eno Orange Flavor,5 pcs,75,https://chaldal.com/herbal-products
Sajeeb Pure Psyllium Husk (Isubgul Vushi),75 gm,175,https://chaldal.com/herbal-products
Hajmola Regular 90 Tablets,68 gm,110,https://chaldal.com/herbal-products
Psyllium Husk (Isubgul Vushi),100 gm,159,https://chaldal.com/herbal-products
Dabur Chyawanprash Awaleha,500 gm,600,https://chaldal.com/herbal-products
KS5 Kamasutra LongLast Condom,3 pcs,65,https://chaldal.com/family-planning
T1 Hero 3S Condom,3 pcs,20,https://chaldal.com/family-planning
M2 Sensation Strawberry Dotted Condoms,3 pcs,40,https://chaldal.com/family-planning
M1 Sensation Classic Dotted Condoms,3 pcs,40,https://chaldal.com/family-planning
K1 U & ME Long Love Condoms,3 pcs,70,https://chaldal.com/family-planning
J2 Xtreme Ultra Thin Premium Condom,3 pcs,90,https://chaldal.com/family-planning
KS4 Kamasutra Mango Flavoured Dotted Condom,3 pcs,60,https://chaldal.com/family-planning
KS3 Kamasutra Strawberry Flavoured Dotted Condom,3 pcs,60,https://chaldal.com/family-planning
KS2 Kamasutra Chocolate Flavoured Dotted Condom,3 pcs,60,https://chaldal.com/family-planning
KS1 Kamasutra Dotted Condom,3 pcs,60,https://chaldal.com/family-planning
Sirona Oxo-Biodegradable Tampon & Condom Disposal Bag,50 pcs,350,https://chaldal.com/family-planning
MN3 Manforce Strawberry Condom,10 pcs,319,https://chaldal.com/family-planning
MN2 Manforce Chocolate Condom,10 pcs,189,https://chaldal.com/family-planning
DC1 Durex Extra Dotted Condom,10 pcs,629,https://chaldal.com/family-planning
L3 Coral Long Lasting Condom (Width 52 ± 2 mm),3 pcs,60,https://chaldal.com/family-planning
L7 Coral Extra Dotted Condom (Width 52 ± 2 mm),3 pcs,60,https://chaldal.com/family-planning
L1 Coral Ultra Thin Extra Time Condom,3 pcs,70,https://chaldal.com/family-planning
L5 Coral Long Lasting Condom (Width 52 ± 2 mm),3 pcs,60,https://chaldal.com/family-planning
J1 Xtreme 3 in 1 Premium Condom,3 pcs,90,https://chaldal.com/family-planning
K3 U & ME Anatomic Condoms,3 pcs,70,https://chaldal.com/family-planning
G2 Durex Strawberry Condom,3 pcs,99,https://chaldal.com/family-planning
H7 Moods Dotted Condom,3 pcs,99,https://chaldal.com/family-planning
I1 Panther Doted Condom,3 pcs,25,https://chaldal.com/family-planning
Thai Adult Pant Diaper M Waist Size 27-45 Inch,10 pcs,679,https://chaldal.com/adult-diapers
SmartCare Adult Diaper M 60-110 cm,10 pcs,920,https://chaldal.com/adult-diapers
Thai Adult Pant Diaper L Waist Size 30-55 Inch,10 pcs,739,https://chaldal.com/adult-diapers
Aspire Adult Diaper Belt M 76- 116 cm,8 pcs,719,https://chaldal.com/adult-diapers
Glory Adult Diaper Large (110-150 cm),8 pcs,839,https://chaldal.com/adult-diapers
Safe-Accu Blood Glucose Monitor Device Kit,,1500,https://chaldal.com/medical-devices
Hot Water Bottle With Flees Cover (Assorted Color),2000 ml,299,https://chaldal.com/medical-devices
Digital Thermometer,each,189,https://chaldal.com/medical-devices
Safe-Accu Blood Glucose Test Strip In Foil Pack,25 pcs,520,https://chaldal.com/medical-devices
Safe-Accu Blood Glucose Test Strip In Foil Pack,50 pcs,1000,https://chaldal.com/medical-devices
Safe-Accu Blood Glucose Monitor Device Kit (Free Sir 750 ml),,1500,https://chaldal.com/medical-devices
Rohs Fingertip Pulse Oximeter,each,819,https://chaldal.com/medical-devices
Digital Thermometer with Beeper,each,849,https://chaldal.com/medical-devices
